tau,delay,p,q,mean_final_epidemic_fraction,std_final_epidemic_fraction
3,0.0,0.0,0.0,0.8300000000000001,0.14566657131957214
3,0.0,0.0,0.02631578947368421,0.89,0.0907434570644077
3,0.0,0.0,0.05263157894736842,0.7975000000000001,0.10947317022905656
3,0.0,0.0,0.07894736842105263,0.8099999999999999,0.10658036873646103
3,0.0,0.0,0.10526315789473684,0.6325000000000001,0.12857390870623792
3,0.0,0.0,0.13157894736842105,0.63,0.12202714861865781
3,0.0,0.0,0.15789473684210525,0.595,0.16969642011545205
3,0.0,0.0,0.18421052631578946,0.5375,0.1231107225224513
3,0.0,0.0,0.21052631578947367,0.5725,0.1526843148460247
3,0.0,0.0,0.23684210526315788,0.5775,0.14561292868423462
3,0.0,0.0,0.2631578947368421,0.5025000000000001,0.10054538776095101
3,0.0,0.0,0.2894736842105263,0.48999999999999994,0.09287087810503354
3,0.0,0.0,0.3157894736842105,0.4625,0.07342087577794205
3,0.0,0.0,0.3421052631578947,0.48,0.08177713616898061
3,0.0,0.0,0.3684210526315789,0.47750000000000004,0.08723173161183947
3,0.0,0.0,0.39473684210526316,0.41,0.1013194206457972
3,0.0,0.0,0.42105263157894735,0.45499999999999996,0.1033047675569719
3,0.0,0.0,0.4473684210526315,0.4175,0.0699330036534968
3,0.0,0.0,0.47368421052631576,0.38500000000000006,0.04088856808449031
3,0.0,0.0,0.5,0.36,0.08263246940519205
3,0.0,0.05263157894736842,0.0,0.8300000000000001,0.14566657131957214
3,0.0,0.05263157894736842,0.02631578947368421,0.89,0.0907434570644077
3,0.0,0.05263157894736842,0.05263157894736842,0.8174999999999999,0.08129806270754548
3,0.0,0.05263157894736842,0.07894736842105263,0.8074999999999999,0.11131318430446593
3,0.0,0.05263157894736842,0.10526315789473684,0.66,0.13032411518978365
3,0.0,0.05263157894736842,0.13157894736842105,0.6425,0.12826973532365302
3,0.0,0.05263157894736842,0.15789473684210525,0.58,0.20109077552190208
3,0.0,0.05263157894736842,0.18421052631578946,0.5425,0.1501561687044525
3,0.0,0.05263157894736842,0.21052631578947367,0.525,0.15181197251863898
3,0.0,0.05263157894736842,0.23684210526315788,0.57,0.14295978455495795
3,0.0,0.05263157894736842,0.2631578947368421,0.5075000000000001,0.1017810149291114
3,0.0,0.05263157894736842,0.2894736842105263,0.475,0.08926785535678562
3,0.0,0.05263157894736842,0.3157894736842105,0.51,0.10947317022905656
3,0.0,0.05263157894736842,0.3421052631578947,0.46749999999999997,0.11339918430041726
3,0.0,0.05263157894736842,0.3684210526315789,0.4325,0.08596874432024698
3,0.0,0.05263157894736842,0.39473684210526316,0.45500000000000007,0.10990052320166634
3,0.0,0.05263157894736842,0.42105263157894735,0.39249999999999996,0.06033759193073586
3,0.0,0.05263157894736842,0.4473684210526315,0.38500000000000006,0.0916003548028063
3,0.0,0.05263157894736842,0.47368421052631576,0.34500000000000003,0.08081614937622307
3,0.0,0.05263157894736842,0.5,0.36,0.07256462636849995
3,0.0,0.10526315789473684,0.0,0.8300000000000001,0.14566657131957214
3,0.0,0.10526315789473684,0.02631578947368421,0.8975,0.09937303457175896
3,0.0,0.10526315789473684,0.05263157894736842,0.8174999999999999,0.08129806270754548
3,0.0,0.10526315789473684,0.07894736842105263,0.7775000000000001,0.13902562713399283
3,0.0,0.10526315789473684,0.10526315789473684,0.6525,0.14399435752834208
3,0.0,0.10526315789473684,0.13157894736842105,0.645,0.13098186897429734
3,0.0,0.10526315789473684,0.15789473684210525,0.5825,0.20283151875386626
3,0.0,0.10526315789473684,0.18421052631578946,0.5399999999999999,0.1485345077751295
3,0.0,0.10526315789473684,0.21052631578947367,0.49250000000000005,0.10023410098364727
3,0.0,0.10526315789473684,0.23684210526315788,0.5425000000000001,0.12704575947271912
3,0.0,0.10526315789473684,0.2631578947368421,0.5175,0.11060910902814469
3,0.0,0.10526315789473684,0.2894736842105263,0.48250000000000004,0.09544304584410535
3,0.0,0.10526315789473684,0.3157894736842105,0.5149999999999999,0.10911576421397595
3,0.0,0.10526315789473684,0.3421052631578947,0.475,0.12778155187663046
3,0.0,0.10526315789473684,0.3684210526315789,0.4025,0.10285001215362105
3,0.0,0.10526315789473684,0.39473684210526316,0.445,0.11812334654927452
3,0.0,0.10526315789473684,0.42105263157894735,0.40750000000000003,0.08366600265340755
3,0.0,0.10526315789473684,0.4473684210526315,0.35250000000000004,0.08215838362577492
3,0.0,0.10526315789473684,0.47368421052631576,0.34500000000000003,0.07685213074469699
3,0.0,0.10526315789473684,0.5,0.36,0.07725768570181221
3,0.0,0.15789473684210525,0.0,0.8300000000000001,0.14566657131957214
3,0.0,0.15789473684210525,0.02631578947368421,0.8975,0.09937303457175896
3,0.0,0.15789473684210525,0.05263157894736842,0.8274999999999999,0.0872317316118395
3,0.0,0.15789473684210525,0.07894736842105263,0.72,0.16095418602819872
3,0.0,0.15789473684210525,0.10526315789473684,0.6375,0.15129648046137756
3,0.0,0.15789473684210525,0.13157894736842105,0.6,0.13578475614000268
3,0.0,0.15789473684210525,0.15789473684210525,0.5650000000000001,0.21257351669481314
3,0.0,0.15789473684210525,0.18421052631578946,0.5225,0.15572411502397437
3,0.0,0.15789473684210525,0.21052631578947367,0.465,0.0903119593409422
3,0.0,0.15789473684210525,0.23684210526315788,0.5425000000000001,0.12704575947271912
3,0.0,0.15789473684210525,0.2631578947368421,0.5275000000000001,0.1338726073549029
3,0.0,0.15789473684210525,0.2894736842105263,0.495,0.1130541905459501
3,0.0,0.15789473684210525,0.3157894736842105,0.5,0.14252192813739223
3,0.0,0.15789473684210525,0.3421052631578947,0.4875,0.13375584099395435
3,0.0,0.15789473684210525,0.3684210526315789,0.4525,0.11401754250991379
3,0.0,0.15789473684210525,0.39473684210526316,0.4325,0.10918733900961228
3,0.0,0.15789473684210525,0.42105263157894735,0.34500000000000003,0.09544304584410536
3,0.0,0.15789473684210525,0.4473684210526315,0.38500000000000006,0.10398317171542713
3,0.0,0.15789473684210525,0.47368421052631576,0.375,0.08569568250501305
3,0.0,0.15789473684210525,0.5,0.3,0.08196798155377501
3,0.0,0.21052631578947367,0.0,0.8300000000000001,0.14566657131957214
3,0.0,0.21052631578947367,0.02631578947368421,0.875,0.09354143466934854
3,0.0,0.21052631578947367,0.05263157894736842,0.86,0.08856494791959175
3,0.0,0.21052631578947367,0.07894736842105263,0.725,0.17500000000000002
3,0.0,0.21052631578947367,0.10526315789473684,0.64,0.195935257164197
3,0.0,0.21052631578947367,0.13157894736842105,0.6475,0.1477434431709238
3,0.0,0.21052631578947367,0.15789473684210525,0.48250000000000004,0.09706634329158588
3,0.0,0.21052631578947367,0.18421052631578946,0.5325000000000001,0.15776762975971972
3,0.0,0.21052631578947367,0.21052631578947367,0.5575000000000001,0.20398376160861434
3,0.0,0.21052631578947367,0.23684210526315788,0.535,0.1206751838614717
3,0.0,0.21052631578947367,0.2631578947368421,0.465,0.16163229875244614
3,0.0,0.21052631578947367,0.2894736842105263,0.48250000000000004,0.18679032362518141
3,0.0,0.21052631578947367,0.3157894736842105,0.4074999999999999,0.17175564037317667
3,0.0,0.21052631578947367,0.3421052631578947,0.385,0.17352053192634007
3,0.0,0.21052631578947367,0.3684210526315789,0.3725,0.16826318670463838
3,0.0,0.21052631578947367,0.39473684210526316,0.31,0.10435815732370898
3,0.0,0.21052631578947367,0.42105263157894735,0.30500000000000005,0.09168560410446125
3,0.0,0.21052631578947367,0.4473684210526315,0.31500000000000006,0.11435963011482679
3,0.0,0.21052631578947367,0.47368421052631576,0.29,0.07416198487095663
3,0.0,0.21052631578947367,0.5,0.2825,0.0793528512405194
3,0.0,0.2631578947368421,0.0,0.8300000000000001,0.14566657131957214
3,0.0,0.2631578947368421,0.02631578947368421,0.8775000000000001,0.08944271909999162
3,0.0,0.2631578947368421,0.05263157894736842,0.86,0.08856494791959175
3,0.0,0.2631578947368421,0.07894736842105263,0.6975,0.1036068289255105
3,0.0,0.2631578947368421,0.10526315789473684,0.7224999999999999,0.1755348968154196
3,0.0,0.2631578947368421,0.13157894736842105,0.7525,0.11124297730643494
3,0.0,0.2631578947368421,0.15789473684210525,0.5950000000000001,0.22301205124387333
3,0.0,0.2631578947368421,0.18421052631578946,0.575,0.17343046156889508
3,0.0,0.2631578947368421,0.21052631578947367,0.5925,0.19153981309377954
3,0.0,0.2631578947368421,0.23684210526315788,0.515,0.11367442544389658
3,0.0,0.2631578947368421,0.2631578947368421,0.53,0.1059186008215743
3,0.0,0.2631578947368421,0.2894736842105263,0.5549999999999999,0.15502015997927496
3,0.0,0.2631578947368421,0.3157894736842105,0.4725,0.14125553086516646
3,0.0,0.2631578947368421,0.3421052631578947,0.4699999999999999,0.13480309714542912
3,0.0,0.2631578947368421,0.3684210526315789,0.3925,0.10554915916292275
3,0.0,0.2631578947368421,0.39473684210526316,0.40750000000000003,0.13566963551215133
3,0.0,0.2631578947368421,0.42105263157894735,0.31500000000000006,0.11435963011482679
3,0.0,0.2631578947368421,0.4473684210526315,0.30250000000000005,0.08450221890577786
3,0.0,0.2631578947368421,0.47368421052631576,0.27249999999999996,0.05405437077609913
3,0.0,0.2631578947368421,0.5,0.27249999999999996,0.05405437077609913
3,0.0,0.3157894736842105,0.0,0.8300000000000001,0.14566657131957214
3,0.0,0.3157894736842105,0.02631578947368421,0.8775000000000001,0.08944271909999162
3,0.0,0.3157894736842105,0.05263157894736842,0.8699999999999999,0.09503288904374106
3,0.0,0.3157894736842105,0.07894736842105263,0.75,0.07180703308172538
3,0.0,0.3157894736842105,0.10526315789473684,0.7849999999999999,0.15293993919182788
3,0.0,0.3157894736842105,0.13157894736842105,0.755,0.10774680969754974
3,0.0,0.3157894736842105,0.15789473684210525,0.71,0.20451925337239032
3,0.0,0.3157894736842105,0.18421052631578946,0.635,0.11159357060332821
3,0.0,0.3157894736842105,0.21052631578947367,0.5925,0.19153981309377954
3,0.0,0.3157894736842105,0.23684210526315788,0.5725,0.16283619069482066
3,0.0,0.3157894736842105,0.2631578947368421,0.5625,0.21668669779199642
3,0.0,0.3157894736842105,0.2894736842105263,0.485,0.13532368602724357
3,0.0,0.3157894736842105,0.3157894736842105,0.4025,0.16941996635579884
3,0.0,0.3157894736842105,0.3421052631578947,0.4125,0.22690168575839187
3,0.0,0.3157894736842105,0.3684210526315789,0.3675,0.16168062654505022
3,0.0,0.3157894736842105,0.39473684210526316,0.33999999999999997,0.11263880326068809
3,0.0,0.3157894736842105,0.42105263157894735,0.3625,0.13806701271484076
3,0.0,0.3157894736842105,0.4473684210526315,0.36249999999999993,0.14114487238295267
3,0.0,0.3157894736842105,0.47368421052631576,0.25,0.03644344934278313
3,0.0,0.3157894736842105,0.5,0.25,0.03644344934278313
3,0.0,0.3684210526315789,0.0,0.8300000000000001,0.14566657131957214
3,0.0,0.3684210526315789,0.02631578947368421,0.8474999999999999,0.12067518386147172
3,0.0,0.3684210526315789,0.05263157894736842,0.8525,0.11904568450809129
3,0.0,0.3684210526315789,0.07894736842105263,0.79,0.0981866844332774
3,0.0,0.3684210526315789,0.10526315789473684,0.8625,0.10752906583803284
3,0.0,0.3684210526315789,0.13157894736842105,0.7925,0.09379165741152036
3,0.0,0.3684210526315789,0.15789473684210525,0.7699999999999999,0.13422229695546115
3,0.0,0.3684210526315789,0.18421052631578946,0.6900000000000001,0.09074345706440769
3,0.0,0.3684210526315789,0.21052631578947367,0.615,0.17664406301939503
3,0.0,0.3684210526315789,0.23684210526315788,0.5900000000000001,0.15944238771418345
3,0.0,0.3684210526315789,0.2631578947368421,0.5775,0.22280176166269422
3,0.0,0.3684210526315789,0.2894736842105263,0.5075000000000001,0.20263884129159443
3,0.0,0.3684210526315789,0.3157894736842105,0.445,0.13908181045701123
3,0.0,0.3684210526315789,0.3421052631578947,0.4525,0.2435736541582443
3,0.0,0.3684210526315789,0.3684210526315789,0.375,0.158607219255619
3,0.0,0.3684210526315789,0.39473684210526316,0.36749999999999994,0.13738631664034084
3,0.0,0.3684210526315789,0.42105263157894735,0.34500000000000003,0.13157697366940765
3,0.0,0.3684210526315789,0.4473684210526315,0.3449999999999999,0.13767034902258363
3,0.0,0.3684210526315789,0.47368421052631576,0.25999999999999995,0.049529031890397375
3,0.0,0.3684210526315789,0.5,0.25,0.03644344934278313
3,0.0,0.42105263157894735,0.0,0.8300000000000001,0.14566657131957214
3,0.0,0.42105263157894735,0.02631578947368421,0.86,0.11571786811033119
3,0.0,0.42105263157894735,0.05263157894736842,0.825,0.1118033988749895
3,0.0,0.42105263157894735,0.07894736842105263,0.7675000000000001,0.08129806270754548
3,0.0,0.42105263157894735,0.10526315789473684,0.7625,0.11110243021644486
3,0.0,0.42105263157894735,0.13157894736842105,0.7350000000000001,0.09329054078522646
3,0.0,0.42105263157894735,0.15789473684210525,0.76,0.17993054215446583
3,0.0,0.42105263157894735,0.18421052631578946,0.5449999999999999,0.11712706775122478
3,0.0,0.42105263157894735,0.21052631578947367,0.575,0.13891319231808044
3,0.0,0.42105263157894735,0.23684210526315788,0.5750000000000001,0.15737097890017715
3,0.0,0.42105263157894735,0.2631578947368421,0.5,0.13169567191065923
3,0.0,0.42105263157894735,0.2894736842105263,0.48500000000000004,0.10510411504788954
3,0.0,0.42105263157894735,0.3157894736842105,0.4774999999999999,0.08023403267940607
3,0.0,0.42105263157894735,0.3421052631578947,0.3725,0.16803087513906484
3,0.0,0.42105263157894735,0.3684210526315789,0.335,0.1487972613995298
3,0.0,0.42105263157894735,0.39473684210526316,0.3275,0.15672428018657478
3,0.0,0.42105263157894735,0.42105263157894735,0.315,0.1032291141103129
3,0.0,0.42105263157894735,0.4473684210526315,0.255,0.04201934078492902
3,0.0,0.42105263157894735,0.47368421052631576,0.26499999999999996,0.05822907349426057
3,0.0,0.42105263157894735,0.5,0.25999999999999995,0.06212386819894588
3,0.0,0.47368421052631576,0.0,0.8300000000000001,0.14566657131957214
3,0.0,0.47368421052631576,0.02631578947368421,0.86,0.11571786811033119
3,0.0,0.47368421052631576,0.05263157894736842,0.8,0.08385254915624211
3,0.0,0.47368421052631576,0.07894736842105263,0.75,0.10933034802834937
3,0.0,0.47368421052631576,0.10526315789473684,0.715,0.07256462636849997
3,0.0,0.47368421052631576,0.13157894736842105,0.6599999999999999,0.07675040716504372
3,0.0,0.47368421052631576,0.15789473684210525,0.6275,0.1519148610241934
3,0.0,0.47368421052631576,0.18421052631578946,0.5775,0.1890353802863369
3,0.0,0.47368421052631576,0.21052631578947367,0.6025,0.1863296809421408
3,0.0,0.47368421052631576,0.23684210526315788,0.6125,0.19445436482630055
3,0.0,0.47368421052631576,0.2631578947368421,0.4875,0.11692679333668567
3,0.0,0.47368421052631576,0.2894736842105263,0.5700000000000001,0.1330530909073517
3,0.0,0.47368421052631576,0.3157894736842105,0.48500000000000004,0.08263246940519205
3,0.0,0.47368421052631576,0.3421052631578947,0.4125,0.14921670482891652
3,0.0,0.47368421052631576,0.3684210526315789,0.3675,0.1273528562695003
3,0.0,0.47368421052631576,0.39473684210526316,0.33,0.0912585612422199
3,0.0,0.47368421052631576,0.42105263157894735,0.37249999999999994,0.14399435752834208
3,0.0,0.47368421052631576,0.4473684210526315,0.31999999999999995,0.10701927396501996
3,0.0,0.47368421052631576,0.47368421052631576,0.275,0.06903350635742038
3,0.0,0.47368421052631576,0.5,0.24,0.03686970300938156
3,0.0,0.5263157894736842,0.0,0.8300000000000001,0.14566657131957214
3,0.0,0.5263157894736842,0.02631578947368421,0.86,0.11571786811033119
3,0.0,0.5263157894736842,0.05263157894736842,0.7975,0.0835725732522339
3,0.0,0.5263157894736842,0.07894736842105263,0.7799999999999999,0.12826973532365304
3,0.0,0.5263157894736842,0.10526315789473684,0.7150000000000001,0.10435815732370902
3,0.0,0.5263157894736842,0.13157894736842105,0.6775,0.08357257325223387
3,0.0,0.5263157894736842,0.15789473684210525,0.6925,0.11544749889018815
3,0.0,0.5263157894736842,0.18421052631578946,0.6125,0.14169730060943292
3,0.0,0.5263157894736842,0.21052631578947367,0.6575,0.15973611050729888
3,0.0,0.5263157894736842,0.23684210526315788,0.6174999999999999,0.20927702931760092
3,0.0,0.5263157894736842,0.2631578947368421,0.5675000000000001,0.17910367109582093
3,0.0,0.5263157894736842,0.2894736842105263,0.54,0.16988047268594467
3,0.0,0.5263157894736842,0.3157894736842105,0.4525,0.20221430463743162
3,0.0,0.5263157894736842,0.3421052631578947,0.42750000000000005,0.16568984579629498
3,0.0,0.5263157894736842,0.3684210526315789,0.4125,0.18853878911247945
3,0.0,0.5263157894736842,0.39473684210526316,0.2825,0.09295496221289104
3,0.0,0.5263157894736842,0.42105263157894735,0.2825,0.09295496221289104
3,0.0,0.5263157894736842,0.4473684210526315,0.31999999999999995,0.13157697366940768
3,0.0,0.5263157894736842,0.47368421052631576,0.25,0.05796011559684814
3,0.0,0.5263157894736842,0.5,0.24,0.03686970300938156
3,0.0,0.5789473684210527,0.0,0.8300000000000001,0.14566657131957214
3,0.0,0.5789473684210527,0.02631578947368421,0.845,0.14323276510631217
3,0.0,0.5789473684210527,0.05263157894736842,0.8025,0.07675040716504375
3,0.0,0.5789473684210527,0.07894736842105263,0.8,0.12022115038544591
3,0.0,0.5789473684210527,0.10526315789473684,0.8300000000000001,0.12580987640086133
3,0.0,0.5789473684210527,0.13157894736842105,0.6925,0.03601215072721985
3,0.0,0.5789473684210527,0.15789473684210525,0.7300000000000001,0.10368220676663858
3,0.0,0.5789473684210527,0.18421052631578946,0.615,0.10510411504788955
3,0.0,0.5789473684210527,0.21052631578947367,0.6100000000000001,0.1143596301148268
3,0.0,0.5789473684210527,0.23684210526315788,0.4575,0.1769092281369177
3,0.0,0.5789473684210527,0.2631578947368421,0.465,0.20144012758137342
3,0.0,0.5789473684210527,0.2894736842105263,0.465,0.1823029758396719
3,0.0,0.5789473684210527,0.3157894736842105,0.37,0.18234582528810467
3,0.0,0.5789473684210527,0.3421052631578947,0.3975,0.200273250834953
3,0.0,0.5789473684210527,0.3684210526315789,0.34249999999999997,0.11544749889018818
3,0.0,0.5789473684210527,0.39473684210526316,0.315,0.11838760492551574
3,0.0,0.5789473684210527,0.42105263157894735,0.27249999999999996,0.09329054078522646
3,0.0,0.5789473684210527,0.4473684210526315,0.25749999999999995,0.07426725388756475
3,0.0,0.5789473684210527,0.47368421052631576,0.24,0.03686970300938156
3,0.0,0.5789473684210527,0.5,0.24,0.03686970300938156
3,0.0,0.631578947368421,0.0,0.8300000000000001,0.14566657131957214
3,0.0,0.631578947368421,0.02631578947368421,0.845,0.14323276510631217
3,0.0,0.631578947368421,0.05263157894736842,0.8,0.07705517503711219
3,0.0,0.631578947368421,0.07894736842105263,0.7949999999999999,0.11746009960833509
3,0.0,0.631578947368421,0.10526315789473684,0.8225,0.08767838958375089
3,0.0,0.631578947368421,0.13157894736842105,0.6925,0.04558645632202615
3,0.0,0.631578947368421,0.15789473684210525,0.705,0.12393294557945436
3,0.0,0.631578947368421,0.18421052631578946,0.6225,0.05332682251925388
3,0.0,0.631578947368421,0.21052631578947367,0.55,0.20444284042245156
3,0.0,0.631578947368421,0.23684210526315788,0.5375,0.17611253504506713
3,0.0,0.631578947368421,0.2631578947368421,0.6075,0.2507177197567017
3,0.0,0.631578947368421,0.2894736842105263,0.4525,0.2219234102117215
3,0.0,0.631578947368421,0.3157894736842105,0.33,0.1957757007393921
3,0.0,0.631578947368421,0.3421052631578947,0.33,0.1957757007393921
3,0.0,0.631578947368421,0.3684210526315789,0.33999999999999997,0.18079684731764542
3,0.0,0.631578947368421,0.39473684210526316,0.25999999999999995,0.07974568953868291
3,0.0,0.631578947368421,0.42105263157894735,0.24,0.03686970300938156
3,0.0,0.631578947368421,0.4473684210526315,0.24,0.03686970300938156
3,0.0,0.631578947368421,0.47368421052631576,0.24,0.03686970300938156
3,0.0,0.631578947368421,0.5,0.24,0.03686970300938156
3,0.0,0.6842105263157894,0.0,0.8300000000000001,0.14566657131957214
3,0.0,0.6842105263157894,0.02631578947368421,0.8400000000000001,0.13675936896607852
3,0.0,0.6842105263157894,0.05263157894736842,0.775,0.081967981553775
3,0.0,0.6842105263157894,0.07894736842105263,0.7775000000000001,0.12574776339959293
3,0.0,0.6842105263157894,0.10526315789473684,0.8200000000000001,0.04808846015417836
3,0.0,0.6842105263157894,0.13157894736842105,0.7825,0.1506755620530416
3,0.0,0.6842105263157894,0.15789473684210525,0.7899999999999999,0.16163229875244614
3,0.0,0.6842105263157894,0.18421052631578946,0.6399999999999999,0.23274852308876204
3,0.0,0.6842105263157894,0.21052631578947367,0.5025,0.2264536376391424
3,0.0,0.6842105263157894,0.23684210526315788,0.39,0.15395819237702166
3,0.0,0.6842105263157894,0.2631578947368421,0.29500000000000004,0.11201283408609924
3,0.0,0.6842105263157894,0.2894736842105263,0.2875,0.11284668803292368
3,0.0,0.6842105263157894,0.3157894736842105,0.25999999999999995,0.07974568953868291
3,0.0,0.6842105263157894,0.3421052631578947,0.25749999999999995,0.07426725388756475
3,0.0,0.6842105263157894,0.3684210526315789,0.24,0.03686970300938156
3,0.0,0.6842105263157894,0.39473684210526316,0.24,0.03686970300938156
3,0.0,0.6842105263157894,0.42105263157894735,0.24,0.03686970300938156
3,0.0,0.6842105263157894,0.4473684210526315,0.24,0.03686970300938156
3,0.0,0.6842105263157894,0.47368421052631576,0.24,0.03686970300938156
3,0.0,0.6842105263157894,0.5,0.24,0.03686970300938156
3,0.0,0.7368421052631579,0.0,0.8300000000000001,0.14566657131957214
3,0.0,0.7368421052631579,0.02631578947368421,0.8400000000000001,0.13675936896607852
3,0.0,0.7368421052631579,0.05263157894736842,0.775,0.081967981553775
3,0.0,0.7368421052631579,0.07894736842105263,0.8450000000000001,0.09295496221289104
3,0.0,0.7368421052631579,0.10526315789473684,0.7725000000000001,0.0945383520059452
3,0.0,0.7368421052631579,0.13157894736842105,0.7699999999999999,0.11544749889018818
3,0.0,0.7368421052631579,0.15789473684210525,0.7024999999999999,0.05405437077609913
3,0.0,0.7368421052631579,0.18421052631578946,0.7125000000000001,0.19304306514350628
3,0.0,0.7368421052631579,0.21052631578947367,0.5475,0.2597173944887019
3,0.0,0.7368421052631579,0.23684210526315788,0.6224999999999999,0.2706185045409866
3,0.0,0.7368421052631579,0.2631578947368421,0.3275,0.15944238771418348
3,0.0,0.7368421052631579,0.2894736842105263,0.3325,0.16168062654505025
3,0.0,0.7368421052631579,0.3157894736842105,0.24,0.03686970300938156
3,0.0,0.7368421052631579,0.3421052631578947,0.24,0.03686970300938156
3,0.0,0.7368421052631579,0.3684210526315789,0.24,0.03686970300938156
3,0.0,0.7368421052631579,0.39473684210526316,0.24,0.03686970300938156
3,0.0,0.7368421052631579,0.42105263157894735,0.24,0.03686970300938156
3,0.0,0.7368421052631579,0.4473684210526315,0.24,0.03686970300938156
3,0.0,0.7368421052631579,0.47368421052631576,0.24,0.03686970300938156
3,0.0,0.7368421052631579,0.5,0.24,0.03686970300938156
3,0.0,0.7894736842105263,0.0,0.8300000000000001,0.14566657131957214
3,0.0,0.7894736842105263,0.02631578947368421,0.8074999999999999,0.15222310928370897
3,0.0,0.7894736842105263,0.05263157894736842,0.8299999999999998,0.11510864433221339
3,0.0,0.7894736842105263,0.07894736842105263,0.8425,0.09746794344808965
3,0.0,0.7894736842105263,0.10526315789473684,0.7775,0.09370832406995658
3,0.0,0.7894736842105263,0.13157894736842105,0.6675,0.22683281288208723
3,0.0,0.7894736842105263,0.15789473684210525,0.715,0.10767427733679015
3,0.0,0.7894736842105263,0.18421052631578946,0.715,0.16872685026396958
3,0.0,0.7894736842105263,0.21052631578947367,0.5499999999999999,0.2807634680652025
3,0.0,0.7894736842105263,0.23684210526315788,0.505,0.30447187883284066
3,0.0,0.7894736842105263,0.2631578947368421,0.4125,0.2632429961081586
3,0.0,0.7894736842105263,0.2894736842105263,0.40750000000000003,0.25473638334560694
3,0.0,0.7894736842105263,0.3157894736842105,0.24,0.03686970300938156
3,0.0,0.7894736842105263,0.3421052631578947,0.24,0.03686970300938156
3,0.0,0.7894736842105263,0.3684210526315789,0.24,0.03686970300938156
3,0.0,0.7894736842105263,0.39473684210526316,0.24,0.03686970300938156
3,0.0,0.7894736842105263,0.42105263157894735,0.24,0.03686970300938156
3,0.0,0.7894736842105263,0.4473684210526315,0.24,0.03686970300938156
3,0.0,0.7894736842105263,0.47368421052631576,0.24,0.03686970300938156
3,0.0,0.7894736842105263,0.5,0.24,0.03686970300938156
3,0.0,0.8421052631578947,0.0,0.8300000000000001,0.14566657131957214
3,0.0,0.8421052631578947,0.02631578947368421,0.8074999999999999,0.15222310928370897
3,0.0,0.8421052631578947,0.05263157894736842,0.885,0.11805718953117594
3,0.0,0.8421052631578947,0.07894736842105263,0.8300000000000001,0.13936238732168735
3,0.0,0.8421052631578947,0.10526315789473684,0.8324999999999999,0.07786205751198716
3,0.0,0.8421052631578947,0.13157894736842105,0.6775,0.23508642027986218
3,0.0,0.8421052631578947,0.15789473684210525,0.6625,0.20785361435394864
3,0.0,0.8421052631578947,0.18421052631578946,0.63,0.17866693874357392
3,0.0,0.8421052631578947,0.21052631578947367,0.5,0.16886570107632867
3,0.0,0.8421052631578947,0.23684210526315788,0.4750000000000001,0.25109136783250835
3,0.0,0.8421052631578947,0.2631578947368421,0.29999999999999993,0.1479019945774904
3,0.0,0.8421052631578947,0.2894736842105263,0.25749999999999995,0.07426725388756475
3,0.0,0.8421052631578947,0.3157894736842105,0.24,0.03686970300938156
3,0.0,0.8421052631578947,0.3421052631578947,0.24,0.03686970300938156
3,0.0,0.8421052631578947,0.3684210526315789,0.24,0.03686970300938156
3,0.0,0.8421052631578947,0.39473684210526316,0.24,0.03686970300938156
3,0.0,0.8421052631578947,0.42105263157894735,0.24,0.03686970300938156
3,0.0,0.8421052631578947,0.4473684210526315,0.24,0.03686970300938156
3,0.0,0.8421052631578947,0.47368421052631576,0.24,0.03686970300938156
3,0.0,0.8421052631578947,0.5,0.24,0.03686970300938156
3,0.0,0.894736842105263,0.0,0.8300000000000001,0.14566657131957214
3,0.0,0.894736842105263,0.02631578947368421,0.8074999999999999,0.15222310928370897
3,0.0,0.894736842105263,0.05263157894736842,0.885,0.11805718953117594
3,0.0,0.894736842105263,0.07894736842105263,0.8300000000000001,0.13936238732168735
3,0.0,0.894736842105263,0.10526315789473684,0.8324999999999999,0.07786205751198716
3,0.0,0.894736842105263,0.13157894736842105,0.6775,0.23508642027986218
3,0.0,0.894736842105263,0.15789473684210525,0.6549999999999999,0.2051295322473095
3,0.0,0.894736842105263,0.18421052631578946,0.63,0.17866693874357392
3,0.0,0.894736842105263,0.21052631578947367,0.4125,0.19999999999999998
3,0.0,0.894736842105263,0.23684210526315788,0.46749999999999997,0.23874672772626646
3,0.0,0.894736842105263,0.2631578947368421,0.5225000000000001,0.2946661246224275
3,0.0,0.894736842105263,0.2894736842105263,0.25749999999999995,0.07426725388756475
3,0.0,0.894736842105263,0.3157894736842105,0.24,0.03686970300938156
3,0.0,0.894736842105263,0.3421052631578947,0.24,0.03686970300938156
3,0.0,0.894736842105263,0.3684210526315789,0.24,0.03686970300938156
3,0.0,0.894736842105263,0.39473684210526316,0.24,0.03686970300938156
3,0.0,0.894736842105263,0.42105263157894735,0.24,0.03686970300938156
3,0.0,0.894736842105263,0.4473684210526315,0.24,0.03686970300938156
3,0.0,0.894736842105263,0.47368421052631576,0.24,0.03686970300938156
3,0.0,0.894736842105263,0.5,0.24,0.03686970300938156
3,0.0,0.9473684210526315,0.0,0.8300000000000001,0.14566657131957214
3,0.0,0.9473684210526315,0.02631578947368421,0.8025,0.14721370520437285
3,0.0,0.9473684210526315,0.05263157894736842,0.9,0.09762812094883319
3,0.0,0.9473684210526315,0.07894736842105263,0.7925000000000001,0.1567741209511315
3,0.0,0.9473684210526315,0.10526315789473684,0.7949999999999999,0.10216408370851272
3,0.0,0.9473684210526315,0.13157894736842105,0.7999999999999999,0.11180339887498948
3,0.0,0.9473684210526315,0.15789473684210525,0.6074999999999999,0.18255992166957125
3,0.0,0.9473684210526315,0.18421052631578946,0.5774999999999999,0.22970769469044783
3,0.0,0.9473684210526315,0.21052631578947367,0.40750000000000003,0.29680591301387516
3,0.0,0.9473684210526315,0.23684210526315788,0.5125000000000001,0.2797878660699924
3,0.0,0.9473684210526315,0.2631578947368421,0.375,0.25464435984329203
3,0.0,0.9473684210526315,0.2894736842105263,0.24,0.03686970300938156
3,0.0,0.9473684210526315,0.3157894736842105,0.24,0.03686970300938156
3,0.0,0.9473684210526315,0.3421052631578947,0.24,0.03686970300938156
3,0.0,0.9473684210526315,0.3684210526315789,0.24,0.03686970300938156
3,0.0,0.9473684210526315,0.39473684210526316,0.24,0.03686970300938156
3,0.0,0.9473684210526315,0.42105263157894735,0.24,0.03686970300938156
3,0.0,0.9473684210526315,0.4473684210526315,0.24,0.03686970300938156
3,0.0,0.9473684210526315,0.47368421052631576,0.24,0.03686970300938156
3,0.0,0.9473684210526315,0.5,0.24,0.03686970300938156
3,0.0,1.0,0.0,0.8300000000000001,0.14566657131957214
3,0.0,1.0,0.02631578947368421,0.8025,0.14721370520437285
3,0.0,1.0,0.05263157894736842,0.8699999999999999,0.08642193008721803
3,0.0,1.0,0.07894736842105263,0.85,0.125
3,0.0,1.0,0.10526315789473684,0.7375,0.1600781059358212
3,0.0,1.0,0.13157894736842105,0.71,0.17079776052396003
3,0.0,1.0,0.15789473684210525,0.655,0.1913357650832693
3,0.0,1.0,0.18421052631578946,0.4875,0.27386127875258304
3,0.0,1.0,0.21052631578947367,0.41500000000000004,0.29227020888212335
3,0.0,1.0,0.23684210526315788,0.24499999999999997,0.033773140215265736
3,0.0,1.0,0.2631578947368421,0.24,0.03686970300938156
3,0.0,1.0,0.2894736842105263,0.24,0.03686970300938156
3,0.0,1.0,0.3157894736842105,0.24,0.03686970300938156
3,0.0,1.0,0.3421052631578947,0.24,0.03686970300938156
3,0.0,1.0,0.3684210526315789,0.24,0.03686970300938156
3,0.0,1.0,0.39473684210526316,0.24,0.03686970300938156
3,0.0,1.0,0.42105263157894735,0.24,0.03686970300938156
3,0.0,1.0,0.4473684210526315,0.24,0.03686970300938156
3,0.0,1.0,0.47368421052631576,0.24,0.03686970300938156
3,0.0,1.0,0.5,0.24,0.03686970300938156
3,0.5,0.0,0.0,0.8300000000000001,0.14566657131957214
3,0.5,0.0,0.02631578947368421,0.89,0.0907434570644077
3,0.5,0.0,0.05263157894736842,0.7975000000000001,0.10947317022905656
3,0.5,0.0,0.07894736842105263,0.8099999999999999,0.10658036873646103
3,0.5,0.0,0.10526315789473684,0.6325000000000001,0.12857390870623792
3,0.5,0.0,0.13157894736842105,0.63,0.12202714861865781
3,0.5,0.0,0.15789473684210525,0.595,0.16969642011545205
3,0.5,0.0,0.18421052631578946,0.5375,0.1231107225224513
3,0.5,0.0,0.21052631578947367,0.5725,0.1526843148460247
3,0.5,0.0,0.23684210526315788,0.5775,0.14561292868423462
3,0.5,0.0,0.2631578947368421,0.5025000000000001,0.10054538776095101
3,0.5,0.0,0.2894736842105263,0.48999999999999994,0.09287087810503354
3,0.5,0.0,0.3157894736842105,0.4625,0.07342087577794205
3,0.5,0.0,0.3421052631578947,0.48,0.08177713616898061
3,0.5,0.0,0.3684210526315789,0.47750000000000004,0.08723173161183947
3,0.5,0.0,0.39473684210526316,0.41,0.1013194206457972
3,0.5,0.0,0.42105263157894735,0.45499999999999996,0.1033047675569719
3,0.5,0.0,0.4473684210526315,0.4175,0.0699330036534968
3,0.5,0.0,0.47368421052631576,0.38500000000000006,0.04088856808449031
3,0.5,0.0,0.5,0.36,0.08263246940519205
3,0.5,0.05263157894736842,0.0,0.8300000000000001,0.14566657131957214
3,0.5,0.05263157894736842,0.02631578947368421,0.89,0.0907434570644077
3,0.5,0.05263157894736842,0.05263157894736842,0.7975000000000001,0.10947317022905656
3,0.5,0.05263157894736842,0.07894736842105263,0.8150000000000001,0.09738775590391226
3,0.5,0.05263157894736842,0.10526315789473684,0.6725000000000001,0.11470069746954462
3,0.5,0.05263157894736842,0.13157894736842105,0.645,0.0921106671347027
3,0.5,0.05263157894736842,0.15789473684210525,0.5449999999999999,0.13710169583196263
3,0.5,0.05263157894736842,0.18421052631578946,0.5325,0.1504160895649132
3,0.5,0.05263157894736842,0.21052631578947367,0.57,0.1621631123282974
3,0.5,0.05263157894736842,0.23684210526315788,0.5725,0.16568984579629495
3,0.5,0.05263157894736842,0.2631578947368421,0.5225000000000001,0.10803645218165947
3,0.5,0.05263157894736842,0.2894736842105263,0.4625,0.08882919002219934
3,0.5,0.05263157894736842,0.3157894736842105,0.45999999999999996,0.08723173161183949
3,0.5,0.05263157894736842,0.3421052631578947,0.47750000000000004,0.10208758494547708
3,0.5,0.05263157894736842,0.3684210526315789,0.4375,0.07551903733496605
3,0.5,0.05263157894736842,0.39473684210526316,0.45999999999999996,0.10054538776095101
3,0.5,0.05263157894736842,0.42105263157894735,0.40499999999999997,0.086421930087218
3,0.5,0.05263157894736842,0.4473684210526315,0.3975,0.10658036873646103
3,0.5,0.05263157894736842,0.47368421052631576,0.34249999999999997,0.07531185165696033
3,0.5,0.05263157894736842,0.5,0.3375,0.049999999999999996
3,0.5,0.10526315789473684,0.0,0.8300000000000001,0.14566657131957214
3,0.5,0.10526315789473684,0.02631578947368421,0.89,0.0907434570644077
3,0.5,0.10526315789473684,0.05263157894736842,0.7975000000000001,0.10947317022905656
3,0.5,0.10526315789473684,0.07894736842105263,0.7575000000000001,0.17822913622637573
3,0.5,0.10526315789473684,0.10526315789473684,0.6249999999999999,0.20175015489461215
3,0.5,0.10526315789473684,0.13157894736842105,0.6124999999999999,0.19605483926697653
3,0.5,0.10526315789473684,0.15789473684210525,0.6699999999999999,0.1840516231930596
3,0.5,0.10526315789473684,0.18421052631578946,0.5974999999999999,0.11124297730643494
3,0.5,0.10526315789473684,0.21052631578947367,0.6224999999999999,0.08263246940519205
3,0.5,0.10526315789473684,0.23684210526315788,0.5525,0.16474411977366596
3,0.5,0.10526315789473684,0.2631578947368421,0.5475000000000001,0.14180752800891777
3,0.5,0.10526315789473684,0.2894736842105263,0.4925,0.1432327651063122
3,0.5,0.10526315789473684,0.3157894736842105,0.46499999999999997,0.10875718367078104
3,0.5,0.10526315789473684,0.3421052631578947,0.465,0.12196310917650469
3,0.5,0.10526315789473684,0.3684210526315789,0.49749999999999994,0.13732943966972266
3,0.5,0.10526315789473684,0.39473684210526316,0.5075,0.14832396974191325
3,0.5,0.10526315789473684,0.42105263157894735,0.38999999999999996,0.07468684623144828
3,0.5,0.10526315789473684,0.4473684210526315,0.37499999999999994,0.09882117688026185
3,0.5,0.10526315789473684,0.47368421052631576,0.33249999999999996,0.03377314021526574
3,0.5,0.10526315789473684,0.5,0.33999999999999997,0.03235544776386197
3,0.5,0.15789473684210525,0.0,0.8300000000000001,0.14566657131957214
3,0.5,0.15789473684210525,0.02631578947368421,0.8975,0.09937303457175896
3,0.5,0.15789473684210525,0.05263157894736842,0.8074999999999999,0.1161222416249359
3,0.5,0.15789473684210525,0.07894736842105263,0.7875,0.131991950512143
3,0.5,0.15789473684210525,0.10526315789473684,0.7075,0.15451537140362442
3,0.5,0.15789473684210525,0.13157894736842105,0.7175,0.12202714861865782
3,0.5,0.15789473684210525,0.15789473684210525,0.6875,0.17047727121232317
3,0.5,0.15789473684210525,0.18421052631578946,0.655,0.18298736295165302
3,0.5,0.15789473684210525,0.21052631578947367,0.5974999999999999,0.13270032027090214
3,0.5,0.15789473684210525,0.23684210526315788,0.5499999999999999,0.1693277148018008
3,0.5,0.15789473684210525,0.2631578947368421,0.5475000000000001,0.14180752800891777
3,0.5,0.15789473684210525,0.2894736842105263,0.5125,0.16747201258717825
3,0.5,0.15789473684210525,0.3157894736842105,0.44000000000000006,0.14561292868423462
3,0.5,0.15789473684210525,0.3421052631578947,0.43,0.08272696053887148
3,0.5,0.15789473684210525,0.3684210526315789,0.4149999999999999,0.12292019768939522
3,0.5,0.15789473684210525,0.39473684210526316,0.3975,0.12067518386147169
3,0.5,0.15789473684210525,0.42105263157894735,0.34249999999999997,0.06410440702479044
3,0.5,0.15789473684210525,0.4473684210526315,0.3375,0.04841229182759273
3,0.5,0.15789473684210525,0.47368421052631576,0.3325,0.047269176002972604
3,0.5,0.15789473684210525,0.5,0.3325,0.047269176002972604
3,0.5,0.21052631578947367,0.0,0.8300000000000001,0.14566657131957214
3,0.5,0.21052631578947367,0.02631578947368421,0.875,0.09354143466934854
3,0.5,0.21052631578947367,0.05263157894736842,0.8,0.10532687216470447
3,0.5,0.21052631578947367,0.07894736842105263,0.7825000000000001,0.13008410740747697
3,0.5,0.21052631578947367,0.10526315789473684,0.72,0.1418626095911111
3,0.5,0.21052631578947367,0.13157894736842105,0.7499999999999999,0.16606662819483028
3,0.5,0.21052631578947367,0.15789473684210525,0.7175,0.18277376726434238
3,0.5,0.21052631578947367,0.18421052631578946,0.7150000000000001,0.17125456198303154
3,0.5,0.21052631578947367,0.21052631578947367,0.6599999999999999,0.1466820541170596
3,0.5,0.21052631578947367,0.23684210526315788,0.5925,0.1869993315496074
3,0.5,0.21052631578947367,0.2631578947368421,0.4625,0.1403121520040228
3,0.5,0.21052631578947367,0.2894736842105263,0.52,0.20455744914326635
3,0.5,0.21052631578947367,0.3157894736842105,0.5225,0.1420827223838282
3,0.5,0.21052631578947367,0.3421052631578947,0.44749999999999995,0.10131942064579719
3,0.5,0.21052631578947367,0.3684210526315789,0.45499999999999996,0.10774680969754974
3,0.5,0.21052631578947367,0.39473684210526316,0.39,0.1407013681525521
3,0.5,0.21052631578947367,0.42105263157894735,0.3125,0.0723489806424389
3,0.5,0.21052631578947367,0.4473684210526315,0.305,0.0676618430136218
3,0.5,0.21052631578947367,0.47368421052631576,0.30249999999999994,0.06336895927818288
3,0.5,0.21052631578947367,0.5,0.32999999999999996,0.06590713163232034
3,0.5,0.2631578947368421,0.0,0.8300000000000001,0.14566657131957214
3,0.5,0.2631578947368421,0.02631578947368421,0.8925000000000001,0.06937218462755805
3,0.5,0.2631578947368421,0.05263157894736842,0.8574999999999999,0.08505512918101998
3,0.5,0.2631578947368421,0.07894736842105263,0.7575,0.07426725388756475
3,0.5,0.2631578947368421,0.10526315789473684,0.6875,0.10383279828647597
3,0.5,0.2631578947368421,0.13157894736842105,0.8074999999999999,0.13767034902258368
3,0.5,0.2631578947368421,0.15789473684210525,0.7825,0.10774680969754973
3,0.5,0.2631578947368421,0.18421052631578946,0.7175,0.04558645632202617
3,0.5,0.2631578947368421,0.21052631578947367,0.6900000000000001,0.13902562713399283
3,0.5,0.2631578947368421,0.23684210526315788,0.5925,0.17779025563849105
3,0.5,0.2631578947368421,0.2631578947368421,0.45499999999999996,0.16384062377810943
3,0.5,0.2631578947368421,0.2894736842105263,0.5075000000000001,0.20244598044910647
3,0.5,0.2631578947368421,0.3157894736842105,0.5075,0.11408604209104635
3,0.5,0.2631578947368421,0.3421052631578947,0.4525,0.12729149618100968
3,0.5,0.2631578947368421,0.3684210526315789,0.4225,0.11298506538476669
3,0.5,0.2631578947368421,0.39473684210526316,0.35,0.09519716382329886
3,0.5,0.2631578947368421,0.42105263157894735,0.33999999999999997,0.09858372076565176
3,0.5,0.2631578947368421,0.4473684210526315,0.33,0.08081614937622307
3,0.5,0.2631578947368421,0.47368421052631576,0.3175,0.07634215742301236
3,0.5,0.2631578947368421,0.5,0.3025,0.05822907349426059
3,0.5,0.3157894736842105,0.0,0.8300000000000001,0.14566657131957214
3,0.5,0.3157894736842105,0.02631578947368421,0.8925000000000001,0.06937218462755805
3,0.5,0.3157894736842105,0.05263157894736842,0.8675,0.09211066713470269
3,0.5,0.3157894736842105,0.07894736842105263,0.7725,0.0957699065468898
3,0.5,0.3157894736842105,0.10526315789473684,0.6824999999999999,0.09905806378079478
3,0.5,0.3157894736842105,0.13157894736842105,0.8175000000000001,0.1353814056656231
3,0.5,0.3157894736842105,0.15789473684210525,0.7,0.2112093156089475
3,0.5,0.3157894736842105,0.18421052631578946,0.6599999999999999,0.1969295559330798
3,0.5,0.3157894736842105,0.21052631578947367,0.6199999999999999,0.17220990099294525
3,0.5,0.3157894736842105,0.23684210526315788,0.5775,0.1390256271339928
3,0.5,0.3157894736842105,0.2631578947368421,0.4425,0.0912585612422199
3,0.5,0.3157894736842105,0.2894736842105263,0.48500000000000004,0.16826318670463838
3,0.5,0.3157894736842105,0.3157894736842105,0.40499999999999997,0.13936238732168735
3,0.5,0.3157894736842105,0.3421052631578947,0.3375,0.06555055301063449
3,0.5,0.3157894736842105,0.3684210526315789,0.35,0.10077822185373188
3,0.5,0.3157894736842105,0.39473684210526316,0.37,0.11845357740482133
3,0.5,0.3157894736842105,0.42105263157894735,0.35250000000000004,0.12605802235478708
3,0.5,0.3157894736842105,0.4473684210526315,0.3525,0.13761358944522886
3,0.5,0.3157894736842105,0.47368421052631576,0.28750000000000003,0.06434768838116876
3,0.5,0.3157894736842105,0.5,0.28750000000000003,0.06434768838116876
3,0.5,0.3684210526315789,0.0,0.8300000000000001,0.14566657131957214
3,0.5,0.3684210526315789,0.02631578947368421,0.905,0.06531175238806566
3,0.5,0.3684210526315789,0.05263157894736842,0.8725000000000002,0.08723173161183949
3,0.5,0.3684210526315789,0.07894736842105263,0.7725,0.0957699065468898
3,0.5,0.3684210526315789,0.10526315789473684,0.725,0.1259340104975618
3,0.5,0.3684210526315789,0.13157894736842105,0.6599999999999999,0.2018275873115467
3,0.5,0.3684210526315789,0.15789473684210525,0.615,0.16709839915451016
3,0.5,0.3684210526315789,0.18421052631578946,0.6025,0.21017106128104315
3,0.5,0.3684210526315789,0.21052631578947367,0.5625,0.1711632992203644
3,0.5,0.3684210526315789,0.23684210526315788,0.55,0.13778379803155377
3,0.5,0.3684210526315789,0.2631578947368421,0.5775,0.20471016095934272
3,0.5,0.3684210526315789,0.2894736842105263,0.42250000000000004,0.13151758437562638
3,0.5,0.3684210526315789,0.3157894736842105,0.42750000000000005,0.13387260735490292
3,0.5,0.3684210526315789,0.3421052631578947,0.4074999999999999,0.14431952397371603
3,0.5,0.3684210526315789,0.3684210526315789,0.42750000000000005,0.14984366853491005
3,0.5,0.3684210526315789,0.39473684210526316,0.37750000000000006,0.11970014619874113
3,0.5,0.3684210526315789,0.42105263157894735,0.3125,0.11180339887498948
3,0.5,0.3684210526315789,0.4473684210526315,0.30250000000000005,0.11263880326068809
3,0.5,0.3684210526315789,0.47368421052631576,0.27999999999999997,0.06410440702479044
3,0.5,0.3684210526315789,0.5,0.28500000000000003,0.06459005341381907
3,0.5,0.42105263157894735,0.0,0.8300000000000001,0.14566657131957214
3,0.5,0.42105263157894735,0.02631578947368421,0.9275,0.05477225575051661
3,0.5,0.42105263157894735,0.05263157894736842,0.9125,0.05796011559684813
3,0.5,0.42105263157894735,0.07894736842105263,0.7625,0.12960275845829825
3,0.5,0.42105263157894735,0.10526315789473684,0.78,0.12580987640086133
3,0.5,0.42105263157894735,0.13157894736842105,0.7925000000000001,0.20570002430724213
3,0.5,0.42105263157894735,0.15789473684210525,0.6175,0.15973611050729886
3,0.5,0.42105263157894735,0.18421052631578946,0.6025,0.20471016095934272
3,0.5,0.42105263157894735,0.21052631578947367,0.615,0.1384625400604799
3,0.5,0.42105263157894735,0.23684210526315788,0.5549999999999999,0.14937369246289658
3,0.5,0.42105263157894735,0.2631578947368421,0.61,0.1445358951956226
3,0.5,0.42105263157894735,0.2894736842105263,0.5325000000000001,0.10882899429839457
3,0.5,0.42105263157894735,0.3157894736842105,0.5275000000000001,0.1477434431709238
3,0.5,0.42105263157894735,0.3421052631578947,0.4025,0.05955564624785799
3,0.5,0.42105263157894735,0.3684210526315789,0.40750000000000003,0.08505512918102
3,0.5,0.42105263157894735,0.39473684210526316,0.39749999999999996,0.15622499799967993
3,0.5,0.42105263157894735,0.42105263157894735,0.38499999999999995,0.1623557051661567
3,0.5,0.42105263157894735,0.4473684210526315,0.39,0.1666302043448306
3,0.5,0.42105263157894735,0.47368421052631576,0.3075,0.09039842365882272
3,0.5,0.42105263157894735,0.5,0.28250000000000003,0.06410440702479044
3,0.5,0.47368421052631576,0.0,0.8300000000000001,0.14566657131957214
3,0.5,0.47368421052631576,0.02631578947368421,0.9275,0.05477225575051661
3,0.5,0.47368421052631576,0.05263157894736842,0.8425,0.14593448872696269
3,0.5,0.47368421052631576,0.07894736842105263,0.7725,0.1094731702290566
3,0.5,0.47368421052631576,0.10526315789473684,0.6725,0.14153179854718165
3,0.5,0.47368421052631576,0.13157894736842105,0.7674999999999998,0.21697494094941008
3,0.5,0.47368421052631576,0.15789473684210525,0.6525000000000001,0.1823029758396719
3,0.5,0.47368421052631576,0.18421052631578946,0.6399999999999999,0.24644345193167538
3,0.5,0.47368421052631576,0.21052631578947367,0.6875,0.16225943732183962
3,0.5,0.47368421052631576,0.23684210526315788,0.5499999999999999,0.17962634828999893
3,0.5,0.47368421052631576,0.2631578947368421,0.6,0.1541103500742244
3,0.5,0.47368421052631576,0.2894736842105263,0.525,0.07234898064243891
3,0.5,0.47368421052631576,0.3157894736842105,0.53,0.1514513123086096
3,0.5,0.47368421052631576,0.3421052631578947,0.47000000000000003,0.12887736418782003
3,0.5,0.47368421052631576,0.3684210526315789,0.4600000000000001,0.13032411518978365
3,0.5,0.47368421052631576,0.39473684210526316,0.3275,0.13358050007392547
3,0.5,0.47368421052631576,0.42105263157894735,0.3325,0.1440486029088793
3,0.5,0.47368421052631576,0.4473684210526315,0.3325,0.13936238732168732
3,0.5,0.47368421052631576,0.47368421052631576,0.3275,0.14399435752834208
3,0.5,0.47368421052631576,0.5,0.27999999999999997,0.07426725388756475
3,0.5,0.5263157894736842,0.0,0.8300000000000001,0.14566657131957214
3,0.5,0.5263157894736842,0.02631578947368421,0.9275,0.05477225575051661
3,0.5,0.5263157894736842,0.05263157894736842,0.8949999999999999,0.05700877125495688
3,0.5,0.5263157894736842,0.07894736842105263,0.7925,0.07320775232173164
3,0.5,0.5263157894736842,0.10526315789473684,0.6575,0.11096170510586073
3,0.5,0.5263157894736842,0.13157894736842105,0.79,0.14721370520437288
3,0.5,0.5263157894736842,0.15789473684210525,0.6900000000000001,0.14984366853491005
3,0.5,0.5263157894736842,0.18421052631578946,0.7299999999999999,0.22318714120665645
3,0.5,0.5263157894736842,0.21052631578947367,0.6775,0.10839741694339398
3,0.5,0.5263157894736842,0.23684210526315788,0.6375000000000001,0.13317047345414074
3,0.5,0.5263157894736842,0.2631578947368421,0.5974999999999999,0.10803645218165951
3,0.5,0.5263157894736842,0.2894736842105263,0.5549999999999999,0.09039842365882272
3,0.5,0.5263157894736842,0.3157894736842105,0.55,0.1627402070786442
3,0.5,0.5263157894736842,0.3421052631578947,0.41999999999999993,0.20263884129159443
3,0.5,0.5263157894736842,0.3684210526315789,0.33249999999999996,0.09295496221289104
3,0.5,0.5263157894736842,0.39473684210526316,0.29250000000000004,0.06937218462755805
3,0.5,0.5263157894736842,0.42105263157894735,0.34750000000000003,0.16307590257300433
3,0.5,0.5263157894736842,0.4473684210526315,0.3325,0.16854153790683174
3,0.5,0.5263157894736842,0.47368421052631576,0.28250000000000003,0.06993300365349682
3,0.5,0.5263157894736842,0.5,0.2875,0.07234898064243891
3,0.5,0.5789473684210527,0.0,0.8300000000000001,0.14566657131957214
3,0.5,0.5789473684210527,0.02631578947368421,0.8675,0.15247950681976905
3,0.5,0.5789473684210527,0.05263157894736842,0.8800000000000001,0.08642193008721799
3,0.5,0.5789473684210527,0.07894736842105263,0.7224999999999999,0.10510411504788952
3,0.5,0.5789473684210527,0.10526315789473684,0.715,0.09897916447414577
3,0.5,0.5789473684210527,0.13157894736842105,0.8125,0.12468710839537502
3,0.5,0.5789473684210527,0.15789473684210525,0.5900000000000001,0.15821267332296737
3,0.5,0.5789473684210527,0.18421052631578946,0.615,0.231064114479077
3,0.5,0.5789473684210527,0.21052631578947367,0.6200000000000001,0.15875492118356518
3,0.5,0.5789473684210527,0.23684210526315788,0.6275000000000001,0.22782943181248552
3,0.5,0.5789473684210527,0.2631578947368421,0.5525,0.11435963011482679
3,0.5,0.5789473684210527,0.2894736842105263,0.5149999999999999,0.14721370520437288
3,0.5,0.5789473684210527,0.3157894736842105,0.5025,0.1981161275615895
3,0.5,0.5789473684210527,0.3421052631578947,0.4125,0.22482632185756188
3,0.5,0.5789473684210527,0.3684210526315789,0.375,0.2074774084087229
3,0.5,0.5789473684210527,0.39473684210526316,0.29000000000000004,0.06925947588597535
3,0.5,0.5789473684210527,0.42105263157894735,0.325,0.17024798089845294
3,0.5,0.5789473684210527,0.4473684210526315,0.32,0.17379046291439584
3,0.5,0.5789473684210527,0.47368421052631576,0.2675,0.07104136119191412
3,0.5,0.5789473684210527,0.5,0.30500000000000005,0.11305419054595015
3,0.5,0.631578947368421,0.0,0.8300000000000001,0.14566657131957214
3,0.5,0.631578947368421,0.02631578947368421,0.8675,0.15247950681976905
3,0.5,0.631578947368421,0.05263157894736842,0.8800000000000001,0.08642193008721799
3,0.5,0.631578947368421,0.07894736842105263,0.7174999999999999,0.10178101492911139
3,0.5,0.631578947368421,0.10526315789473684,0.6975,0.09617692030835674
3,0.5,0.631578947368421,0.13157894736842105,0.7975,0.12164240625702863
3,0.5,0.631578947368421,0.15789473684210525,0.6875,0.17940875118009156
3,0.5,0.631578947368421,0.18421052631578946,0.7100000000000002,0.19129492936301265
3,0.5,0.631578947368421,0.21052631578947367,0.6900000000000001,0.17949582167838896
3,0.5,0.631578947368421,0.23684210526315788,0.6375,0.16606662819483028
3,0.5,0.631578947368421,0.2631578947368421,0.6050000000000001,0.14884975646604195
3,0.5,0.631578947368421,0.2894736842105263,0.5199999999999999,0.15222310928370894
3,0.5,0.631578947368421,0.3157894736842105,0.43499999999999994,0.18944821192083075
3,0.5,0.631578947368421,0.3421052631578947,0.3975,0.20774082410542227
3,0.5,0.631578947368421,0.3684210526315789,0.2975,0.07925433742073679
3,0.5,0.631578947368421,0.39473684210526316,0.29250000000000004,0.08459462157844315
3,0.5,0.631578947368421,0.42105263157894735,0.28500000000000003,0.07037844130129624
3,0.5,0.631578947368421,0.4473684210526315,0.27749999999999997,0.05755432216610669
3,0.5,0.631578947368421,0.47368421052631576,0.28250000000000003,0.060981554588252336
3,0.5,0.631578947368421,0.5,0.27,0.05631940163034404
3,0.5,0.6842105263157894,0.0,0.8300000000000001,0.14566657131957214
3,0.5,0.6842105263157894,0.02631578947368421,0.8525,0.13930631715755032
3,0.5,0.6842105263157894,0.05263157894736842,0.8225000000000001,0.08987839006123775
3,0.5,0.6842105263157894,0.07894736842105263,0.76,0.1461484690306402
3,0.5,0.6842105263157894,0.10526315789473684,0.775,0.0712609640686961
3,0.5,0.6842105263157894,0.13157894736842105,0.77,0.21751436734156207
3,0.5,0.6842105263157894,0.15789473684210525,0.56,0.19047637648800442
3,0.5,0.6842105263157894,0.18421052631578946,0.6125,0.1845602882529175
3,0.5,0.6842105263157894,0.21052631578947367,0.6250000000000001,0.16606662819483028
3,0.5,0.6842105263157894,0.23684210526315788,0.5875,0.2184819786618567
3,0.5,0.6842105263157894,0.2631578947368421,0.5800000000000001,0.28471476955015873
3,0.5,0.6842105263157894,0.2894736842105263,0.48,0.2531982918583773
3,0.5,0.6842105263157894,0.3157894736842105,0.37,0.1905173876579248
3,0.5,0.6842105263157894,0.3421052631578947,0.34500000000000003,0.19577570073939207
3,0.5,0.6842105263157894,0.3684210526315789,0.31,0.12035104901910908
3,0.5,0.6842105263157894,0.39473684210526316,0.31,0.12035104901910908
3,0.5,0.6842105263157894,0.42105263157894735,0.3425,0.19031224343168257
3,0.5,0.6842105263157894,0.4473684210526315,0.33,0.16312380267759824
3,0.5,0.6842105263157894,0.47368421052631576,0.33,0.16312380267759824
3,0.5,0.6842105263157894,0.5,0.35250000000000004,0.21220567852911007
3,0.5,0.7368421052631579,0.0,0.8300000000000001,0.14566657131957214
3,0.5,0.7368421052631579,0.02631578947368421,0.8525,0.13930631715755032
3,0.5,0.7368421052631579,0.05263157894736842,0.8400000000000001,0.06812213296719356
3,0.5,0.7368421052631579,0.07894736842105263,0.7875,0.1446979612848778
3,0.5,0.7368421052631579,0.10526315789473684,0.8425,0.020916500663351906
3,0.5,0.7368421052631579,0.13157894736842105,0.7224999999999999,0.1544648018158182
3,0.5,0.7368421052631579,0.15789473684210525,0.6775,0.21621748310439654
3,0.5,0.7368421052631579,0.18421052631578946,0.52,0.14989579713921267
3,0.5,0.7368421052631579,0.21052631578947367,0.6600000000000001,0.1863296809421408
3,0.5,0.7368421052631579,0.23684210526315788,0.6399999999999999,0.15421170513291135
3,0.5,0.7368421052631579,0.2631578947368421,0.49250000000000005,0.23891028650939247
3,0.5,0.7368421052631579,0.2894736842105263,0.34750000000000003,0.17884175966479418
3,0.5,0.7368421052631579,0.3157894736842105,0.34249999999999997,0.18298736295165305
3,0.5,0.7368421052631579,0.3421052631578947,0.34249999999999997,0.18298736295165305
3,0.5,0.7368421052631579,0.3684210526315789,0.3875,0.2821513335073928
3,0.5,0.7368421052631579,0.39473684210526316,0.32,0.13422229695546117
3,0.5,0.7368421052631579,0.42105263157894735,0.3675,0.23792724728370226
3,0.5,0.7368421052631579,0.4473684210526315,0.325,0.14496766880929002
3,0.5,0.7368421052631579,0.47368421052631576,0.3125,0.13020416659999784
3,0.5,0.7368421052631579,0.5,0.3025,0.10875718367078104
3,0.5,0.7894736842105263,0.0,0.8300000000000001,0.14566657131957214
3,0.5,0.7894736842105263,0.02631578947368421,0.82,0.1577676297597197
3,0.5,0.7894736842105263,0.05263157894736842,0.8574999999999999,0.0812980627075455
3,0.5,0.7894736842105263,0.07894736842105263,0.75,0.13199195051214296
3,0.5,0.7894736842105263,0.10526315789473684,0.86,0.03791437722025774
3,0.5,0.7894736842105263,0.13157894736842105,0.7175,0.2477397828367499
3,0.5,0.7894736842105263,0.15789473684210525,0.6175,0.15677412095113147
3,0.5,0.7894736842105263,0.18421052631578946,0.575,0.17365554986812257
3,0.5,0.7894736842105263,0.21052631578947367,0.5800000000000001,0.1628841612926192
3,0.5,0.7894736842105263,0.23684210526315788,0.4750000000000001,0.1849831073368593
3,0.5,0.7894736842105263,0.2631578947368421,0.5225000000000001,0.21330729007701546
3,0.5,0.7894736842105263,0.2894736842105263,0.36500000000000005,0.21747844720799347
3,0.5,0.7894736842105263,0.3157894736842105,0.41999999999999993,0.2408643290319262
3,0.5,0.7894736842105263,0.3421052631578947,0.38249999999999995,0.21948092172213968
3,0.5,0.7894736842105263,0.3684210526315789,0.3775,0.19633358092797062
3,0.5,0.7894736842105263,0.39473684210526316,0.3525,0.1927190312345929
3,0.5,0.7894736842105263,0.42105263157894735,0.385,0.21997869214994437
3,0.5,0.7894736842105263,0.4473684210526315,0.35250000000000004,0.15496975511369954
3,0.5,0.7894736842105263,0.47368421052631576,0.35,0.21231609689328784
3,0.5,0.7894736842105263,0.5,0.30500000000000005,0.0890926484060273
3,0.5,0.8421052631578947,0.0,0.8300000000000001,0.14566657131957214
3,0.5,0.8421052631578947,0.02631578947368421,0.82,0.1577676297597197
3,0.5,0.8421052631578947,0.05263157894736842,0.9,0.05376453291901642
3,0.5,0.8421052631578947,0.07894736842105263,0.765,0.15895164359011832
3,0.5,0.8421052631578947,0.10526315789473684,0.8099999999999999,0.1395864427514363
3,0.5,0.8421052631578947,0.13157894736842105,0.72,0.2588435821108957
3,0.5,0.8421052631578947,0.15789473684210525,0.7424999999999999,0.0925337776166087
3,0.5,0.8421052631578947,0.18421052631578946,0.74,0.20105192115471066
3,0.5,0.8421052631578947,0.21052631578947367,0.6775,0.20066296369783834
3,0.5,0.8421052631578947,0.23684210526315788,0.5225,0.21109831832584547
3,0.5,0.8421052631578947,0.2631578947368421,0.3925,0.1969692234842794
3,0.5,0.8421052631578947,0.2894736842105263,0.375,0.25449091339377916
3,0.5,0.8421052631578947,0.3157894736842105,0.37,0.2565699222434305
3,0.5,0.8421052631578947,0.3421052631578947,0.34,0.19027118804485352
3,0.5,0.8421052631578947,0.3684210526315789,0.42000000000000004,0.245363251119641
3,0.5,0.8421052631578947,0.39473684210526316,0.40499999999999997,0.22906058150629063
3,0.5,0.8421052631578947,0.42105263157894735,0.3,0.08477912478906584
3,0.5,0.8421052631578947,0.4473684210526315,0.2899999999999999,0.07826237921249263
3,0.5,0.8421052631578947,0.47368421052631576,0.28250000000000003,0.06410440702479044
3,0.5,0.8421052631578947,0.5,0.26499999999999996,0.042756578441217684
3,0.5,0.894736842105263,0.0,0.8300000000000001,0.14566657131957214
3,0.5,0.894736842105263,0.02631578947368421,0.82,0.1577676297597197
3,0.5,0.894736842105263,0.05263157894736842,0.9,0.05376453291901642
3,0.5,0.894736842105263,0.07894736842105263,0.765,0.15895164359011832
3,0.5,0.894736842105263,0.10526315789473684,0.8099999999999999,0.1395864427514363
3,0.5,0.894736842105263,0.13157894736842105,0.72,0.2588435821108957
3,0.5,0.894736842105263,0.15789473684210525,0.775,0.12022115038544587
3,0.5,0.894736842105263,0.18421052631578946,0.7224999999999999,0.18862164509938936
3,0.5,0.894736842105263,0.21052631578947367,0.745,0.20890338676048315
3,0.5,0.894736842105263,0.23684210526315788,0.5349999999999999,0.20679851305074706
3,0.5,0.894736842105263,0.2631578947368421,0.495,0.26004807247891687
3,0.5,0.894736842105263,0.2894736842105263,0.39249999999999996,0.25102913177557695
3,0.5,0.894736842105263,0.3157894736842105,0.375,0.25449091339377916
3,0.5,0.894736842105263,0.3421052631578947,0.34500000000000003,0.18845589669734406
3,0.5,0.894736842105263,0.3684210526315789,0.42000000000000004,0.245363251119641
3,0.5,0.894736842105263,0.39473684210526316,0.40499999999999997,0.22906058150629063
3,0.5,0.894736842105263,0.42105263157894735,0.3,0.08477912478906584
3,0.5,0.894736842105263,0.4473684210526315,0.2899999999999999,0.07826237921249263
3,0.5,0.894736842105263,0.47368421052631576,0.28250000000000003,0.06410440702479044
3,0.5,0.894736842105263,0.5,0.26499999999999996,0.042756578441217684
3,0.5,0.9473684210526315,0.0,0.8300000000000001,0.14566657131957214
3,0.5,0.9473684210526315,0.02631578947368421,0.8174999999999999,0.15577427579674377
3,0.5,0.9473684210526315,0.05263157894736842,0.8975,0.052589209919906565
3,0.5,0.9473684210526315,0.07894736842105263,0.7725,0.16616069029707356
3,0.5,0.9473684210526315,0.10526315789473684,0.8024999999999999,0.13618691199964852
3,0.5,0.9473684210526315,0.13157894736842105,0.8025,0.1579655816942412
3,0.5,0.9473684210526315,0.15789473684210525,0.74,0.1852785065786099
3,0.5,0.9473684210526315,0.18421052631578946,0.8125000000000002,0.09802741963348827
3,0.5,0.9473684210526315,0.21052631578947367,0.7474999999999999,0.26786190471957744
3,0.5,0.9473684210526315,0.23684210526315788,0.5175,0.29216326771173684
3,0.5,0.9473684210526315,0.2631578947368421,0.4175,0.245681450256221
3,0.5,0.9473684210526315,0.2894736842105263,0.39249999999999996,0.25102913177557695
3,0.5,0.9473684210526315,0.3157894736842105,0.375,0.25449091339377916
3,0.5,0.9473684210526315,0.3421052631578947,0.35750000000000004,0.18679032362518141
3,0.5,0.9473684210526315,0.3684210526315789,0.35250000000000004,0.18903538028633687
3,0.5,0.9473684210526315,0.39473684210526316,0.3350000000000001,0.15217177793533201
3,0.5,0.9473684210526315,0.42105263157894735,0.285,0.07725768570181221
3,0.5,0.9473684210526315,0.4473684210526315,0.285,0.07725768570181221
3,0.5,0.9473684210526315,0.47368421052631576,0.275,0.06187184335382291
3,0.5,0.9473684210526315,0.5,0.26499999999999996,0.042756578441217684
3,0.5,1.0,0.0,0.8300000000000001,0.14566657131957214
3,0.5,1.0,0.02631578947368421,0.8174999999999999,0.15577427579674377
3,0.5,1.0,0.05263157894736842,0.875,0.05519850541454904
3,0.5,1.0,0.07894736842105263,0.7950000000000002,0.163602032383464
3,0.5,1.0,0.10526315789473684,0.835,0.11159357060332825
3,0.5,1.0,0.13157894736842105,0.7499999999999999,0.2093516778055528
3,0.5,1.0,0.15789473684210525,0.62,0.2032163256237057
3,0.5,1.0,0.18421052631578946,0.6799999999999999,0.21516708623764927
3,0.5,1.0,0.21052631578947367,0.7649999999999999,0.2788648866386731
3,0.5,1.0,0.23684210526315788,0.595,0.3150644775280133
3,0.5,1.0,0.2631578947368421,0.43000000000000005,0.2524257316519059
3,0.5,1.0,0.2894736842105263,0.39,0.24564964889044724
3,0.5,1.0,0.3157894736842105,0.3375,0.17207374872420253
3,0.5,1.0,0.3421052631578947,0.3375,0.17207374872420253
3,0.5,1.0,0.3684210526315789,0.3375,0.184771818738681
3,0.5,1.0,0.39473684210526316,0.305,0.11408604209104635
3,0.5,1.0,0.42105263157894735,0.3275,0.1628361906948207
3,0.5,1.0,0.4473684210526315,0.3325,0.17379046291439584
3,0.5,1.0,0.47368421052631576,0.32999999999999996,0.1683096105396243
3,0.5,1.0,0.5,0.32,0.16526493881038412
3,1.0,0.0,0.0,0.8300000000000001,0.14566657131957214
3,1.0,0.0,0.02631578947368421,0.89,0.0907434570644077
3,1.0,0.0,0.05263157894736842,0.7975000000000001,0.10947317022905656
3,1.0,0.0,0.07894736842105263,0.8099999999999999,0.10658036873646103
3,1.0,0.0,0.10526315789473684,0.6325000000000001,0.12857390870623792
3,1.0,0.0,0.13157894736842105,0.63,0.12202714861865781
3,1.0,0.0,0.15789473684210525,0.595,0.16969642011545205
3,1.0,0.0,0.18421052631578946,0.5375,0.1231107225224513
3,1.0,0.0,0.21052631578947367,0.5725,0.1526843148460247
3,1.0,0.0,0.23684210526315788,0.5775,0.14561292868423462
3,1.0,0.0,0.2631578947368421,0.5025000000000001,0.10054538776095101
3,1.0,0.0,0.2894736842105263,0.48999999999999994,0.09287087810503354
3,1.0,0.0,0.3157894736842105,0.4625,0.07342087577794205
3,1.0,0.0,0.3421052631578947,0.48,0.08177713616898061
3,1.0,0.0,0.3684210526315789,0.47750000000000004,0.08723173161183947
3,1.0,0.0,0.39473684210526316,0.41,0.1013194206457972
3,1.0,0.0,0.42105263157894735,0.45499999999999996,0.1033047675569719
3,1.0,0.0,0.4473684210526315,0.4175,0.0699330036534968
3,1.0,0.0,0.47368421052631576,0.38500000000000006,0.04088856808449031
3,1.0,0.0,0.5,0.36,0.08263246940519205
3,1.0,0.05263157894736842,0.0,0.8300000000000001,0.14566657131957214
3,1.0,0.05263157894736842,0.02631578947368421,0.89,0.0907434570644077
3,1.0,0.05263157894736842,0.05263157894736842,0.7975000000000001,0.10947317022905656
3,1.0,0.05263157894736842,0.07894736842105263,0.8099999999999999,0.10658036873646103
3,1.0,0.05263157894736842,0.10526315789473684,0.6399999999999999,0.10547511554864494
3,1.0,0.05263157894736842,0.13157894736842105,0.675,0.11490485194281397
3,1.0,0.05263157894736842,0.15789473684210525,0.5725,0.1637929333029969
3,1.0,0.05263157894736842,0.18421052631578946,0.5575,0.15093458848123578
3,1.0,0.05263157894736842,0.21052631578947367,0.5925,0.17084349563269885
3,1.0,0.05263157894736842,0.23684210526315788,0.5525,0.14932138159017952
3,1.0,0.05263157894736842,0.2631578947368421,0.5825,0.17468722048278174
3,1.0,0.05263157894736842,0.2894736842105263,0.5399999999999999,0.1387443692551161
3,1.0,0.05263157894736842,0.3157894736842105,0.485,0.08357257325223388
3,1.0,0.05263157894736842,0.3421052631578947,0.45,0.08660254037844385
3,1.0,0.05263157894736842,0.3684210526315789,0.4225,0.10208758494547705
3,1.0,0.05263157894736842,0.39473684210526316,0.395,0.07685213074469699
3,1.0,0.05263157894736842,0.42105263157894735,0.36249999999999993,0.05448623679425842
3,1.0,0.05263157894736842,0.4473684210526315,0.4,0.07342087577794205
3,1.0,0.05263157894736842,0.47368421052631576,0.355,0.0616187877193312
3,1.0,0.05263157894736842,0.5,0.3325,0.03601215072721985
3,1.0,0.10526315789473684,0.0,0.8300000000000001,0.14566657131957214
3,1.0,0.10526315789473684,0.02631578947368421,0.85,0.0947859430506444
3,1.0,0.10526315789473684,0.05263157894736842,0.7975000000000001,0.10947317022905656
3,1.0,0.10526315789473684,0.07894736842105263,0.8099999999999999,0.16114822369483323
3,1.0,0.10526315789473684,0.10526315789473684,0.6625000000000001,0.10897247358851686
3,1.0,0.10526315789473684,0.13157894736842105,0.695,0.09253377761660872
3,1.0,0.10526315789473684,0.15789473684210525,0.5925,0.164078868231104
3,1.0,0.10526315789473684,0.18421052631578946,0.575,0.15129648046137756
3,1.0,0.10526315789473684,0.21052631578947367,0.5975,0.17056890103415687
3,1.0,0.10526315789473684,0.23684210526315788,0.5625,0.17743836958222986
3,1.0,0.10526315789473684,0.2631578947368421,0.5950000000000001,0.17491069149711802
3,1.0,0.10526315789473684,0.2894736842105263,0.5525,0.1373294396697227
3,1.0,0.10526315789473684,0.3157894736842105,0.52,0.1261199825562944
3,1.0,0.10526315789473684,0.3421052631578947,0.5,0.10680004681646912
3,1.0,0.10526315789473684,0.3684210526315789,0.4175,0.08505512918101998
3,1.0,0.10526315789473684,0.39473684210526316,0.4050000000000001,0.07267220926874315
3,1.0,0.10526315789473684,0.42105263157894735,0.40499999999999997,0.06993300365349682
3,1.0,0.10526315789473684,0.4473684210526315,0.36750000000000005,0.10216408370851275
3,1.0,0.10526315789473684,0.47368421052631576,0.3625,0.08338540040078958
3,1.0,0.10526315789473684,0.5,0.3125,0.04759858191164943
3,1.0,0.15789473684210525,0.0,0.8300000000000001,0.14566657131957214
3,1.0,0.15789473684210525,0.02631578947368421,0.85,0.0947859430506444
3,1.0,0.15789473684210525,0.05263157894736842,0.8074999999999999,0.1161222416249359
3,1.0,0.15789473684210525,0.07894736842105263,0.7575000000000001,0.15627499800031996
3,1.0,0.15789473684210525,0.10526315789473684,0.71,0.122282971013956
3,1.0,0.15789473684210525,0.13157894736842105,0.665,0.08987839006123775
3,1.0,0.15789473684210525,0.15789473684210525,0.5900000000000001,0.1637929333029969
3,1.0,0.15789473684210525,0.18421052631578946,0.5725,0.15062370331392066
3,1.0,0.15789473684210525,0.21052631578947367,0.5975,0.17056890103415687
3,1.0,0.15789473684210525,0.23684210526315788,0.5575,0.17910367109582093
3,1.0,0.15789473684210525,0.2631578947368421,0.575,0.17787811838447132
3,1.0,0.15789473684210525,0.2894736842105263,0.5725,0.13986600730699364
3,1.0,0.15789473684210525,0.3157894736842105,0.5,0.0968245836551854
3,1.0,0.15789473684210525,0.3421052631578947,0.4325,0.06937218462755802
3,1.0,0.15789473684210525,0.3684210526315789,0.4125,0.08970437559004577
3,1.0,0.15789473684210525,0.39473684210526316,0.39250000000000007,0.10628675834740657
3,1.0,0.15789473684210525,0.42105263157894735,0.3625,0.09682458365518543
3,1.0,0.15789473684210525,0.4473684210526315,0.395,0.09420721840708386
3,1.0,0.15789473684210525,0.47368421052631576,0.38999999999999996,0.07093130479555555
3,1.0,0.15789473684210525,0.5,0.36499999999999994,0.06637959023675878
3,1.0,0.21052631578947367,0.0,0.8300000000000001,0.14566657131957214
3,1.0,0.21052631578947367,0.02631578947368421,0.8275,0.0720243014544397
3,1.0,0.21052631578947367,0.05263157894736842,0.8,0.10532687216470447
3,1.0,0.21052631578947367,0.07894736842105263,0.7475,0.14399435752834208
3,1.0,0.21052631578947367,0.10526315789473684,0.6825,0.08865311613248573
3,1.0,0.21052631578947367,0.13157894736842105,0.66,0.07776165507497897
3,1.0,0.21052631578947367,0.15789473684210525,0.6425,0.2295716119209864
3,1.0,0.21052631578947367,0.18421052631578946,0.6125,0.1922319562403712
3,1.0,0.21052631578947367,0.21052631578947367,0.6075,0.20702505886969336
3,1.0,0.21052631578947367,0.23684210526315788,0.5175000000000001,0.16597251278449693
3,1.0,0.21052631578947367,0.2631578947368421,0.5325,0.13246461791738953
3,1.0,0.21052631578947367,0.2894736842105263,0.4725,0.1487972613995298
3,1.0,0.21052631578947367,0.3157894736842105,0.41000000000000003,0.15496975511369954
3,1.0,0.21052631578947367,0.3421052631578947,0.3875,0.12405895775799505
3,1.0,0.21052631578947367,0.3684210526315789,0.38,0.13068330038685128
3,1.0,0.21052631578947367,0.39473684210526316,0.4,0.1625
3,1.0,0.21052631578947367,0.42105263157894735,0.355,0.11845357740482132
3,1.0,0.21052631578947367,0.4473684210526315,0.32249999999999995,0.06925947588597535
3,1.0,0.21052631578947367,0.47368421052631576,0.32999999999999996,0.0682367203197809
3,1.0,0.21052631578947367,0.5,0.3075,0.06161878771933119
3,1.0,0.2631578947368421,0.0,0.8300000000000001,0.14566657131957214
3,1.0,0.2631578947368421,0.02631578947368421,0.845,0.05768990379607167
3,1.0,0.2631578947368421,0.05263157894736842,0.82,0.07479137650825794
3,1.0,0.2631578947368421,0.07894736842105263,0.7475,0.10054538776095104
3,1.0,0.2631578947368421,0.10526315789473684,0.725,0.10231690964840562
3,1.0,0.2631578947368421,0.13157894736842105,0.6874999999999999,0.11284668803292369
3,1.0,0.2631578947368421,0.15789473684210525,0.6599999999999999,0.22679836860083452
3,1.0,0.2631578947368421,0.18421052631578946,0.6475000000000001,0.210913193043963
3,1.0,0.2631578947368421,0.21052631578947367,0.5824999999999999,0.14158698739644118
3,1.0,0.2631578947368421,0.23684210526315788,0.525,0.14469796128487777
3,1.0,0.2631578947368421,0.2631578947368421,0.5775,0.15395819237702163
3,1.0,0.2631578947368421,0.2894736842105263,0.49000000000000005,0.16474411977366596
3,1.0,0.2631578947368421,0.3157894736842105,0.5125,0.1982343940894213
3,1.0,0.2631578947368421,0.3421052631578947,0.49749999999999994,0.19170289512680816
3,1.0,0.2631578947368421,0.3684210526315789,0.5,0.12022115038544588
3,1.0,0.2631578947368421,0.39473684210526316,0.445,0.14213769732199827
3,1.0,0.2631578947368421,0.42105263157894735,0.4175,0.130384048104053
3,1.0,0.2631578947368421,0.4473684210526315,0.42250000000000004,0.11298506538476667
3,1.0,0.2631578947368421,0.47368421052631576,0.34,0.08310385069297331
3,1.0,0.2631578947368421,0.5,0.3175,0.06649718039135194
3,1.0,0.3157894736842105,0.0,0.8300000000000001,0.14566657131957214
3,1.0,0.3157894736842105,0.02631578947368421,0.845,0.05768990379607167
3,1.0,0.3157894736842105,0.05263157894736842,0.8300000000000001,0.08821139382188677
3,1.0,0.3157894736842105,0.07894736842105263,0.7575000000000001,0.0986629363033556
3,1.0,0.3157894736842105,0.10526315789473684,0.7224999999999999,0.10285001215362105
3,1.0,0.3157894736842105,0.13157894736842105,0.7374999999999999,0.131991950512143
3,1.0,0.3157894736842105,0.15789473684210525,0.72,0.14512925273699992
3,1.0,0.3157894736842105,0.18421052631578946,0.655,0.11976539567003486
3,1.0,0.3157894736842105,0.21052631578947367,0.5925,0.11339918430041725
3,1.0,0.3157894736842105,0.23684210526315788,0.49000000000000005,0.08263246940519206
3,1.0,0.3157894736842105,0.2631578947368421,0.5824999999999999,0.09544304584410537
3,1.0,0.3157894736842105,0.2894736842105263,0.5475,0.11298506538476667
3,1.0,0.3157894736842105,0.3157894736842105,0.42750000000000005,0.11504075364843538
3,1.0,0.3157894736842105,0.3421052631578947,0.41500000000000004,0.13270032027090212
3,1.0,0.3157894736842105,0.3684210526315789,0.35750000000000004,0.15299101280794242
3,1.0,0.3157894736842105,0.39473684210526316,0.3525,0.1378971537052161
3,1.0,0.3157894736842105,0.42105263157894735,0.34249999999999997,0.12456173168353112
3,1.0,0.3157894736842105,0.4473684210526315,0.335,0.1163910434698478
3,1.0,0.3157894736842105,0.47368421052631576,0.34249999999999997,0.08272696053887148
3,1.0,0.3157894736842105,0.5,0.3075,0.08272696053887148
3,1.0,0.3684210526315789,0.0,0.8300000000000001,0.14566657131957214
3,1.0,0.3684210526315789,0.02631578947368421,0.8099999999999999,0.09495064507416472
3,1.0,0.3684210526315789,0.05263157894736842,0.8450000000000001,0.08551315688243535
3,1.0,0.3684210526315789,0.07894736842105263,0.7875,0.10495534764841666
3,1.0,0.3684210526315789,0.10526315789473684,0.7324999999999999,0.10774680969754977
3,1.0,0.3684210526315789,0.13157894736842105,0.7375,0.10716517624676405
3,1.0,0.3684210526315789,0.15789473684210525,0.76,0.12574776339959293
3,1.0,0.3684210526315789,0.18421052631578946,0.7075,0.13880066642491312
3,1.0,0.3684210526315789,0.21052631578947367,0.6925,0.1907223112276065
3,1.0,0.3684210526315789,0.23684210526315788,0.5125,0.12183492931011203
3,1.0,0.3684210526315789,0.2631578947368421,0.5700000000000001,0.17379046291439584
3,1.0,0.3684210526315789,0.2894736842105263,0.5675,0.15875492118356518
3,1.0,0.3684210526315789,0.3157894736842105,0.42250000000000004,0.13211027590615348
3,1.0,0.3684210526315789,0.3421052631578947,0.38,0.10918733900961229
3,1.0,0.3684210526315789,0.3684210526315789,0.3175,0.08459462157844316
3,1.0,0.3684210526315789,0.39473684210526316,0.33249999999999996,0.10918733900961228
3,1.0,0.3684210526315789,0.42105263157894735,0.33249999999999996,0.10918733900961228
3,1.0,0.3684210526315789,0.4473684210526315,0.3275,0.11018450435519506
3,1.0,0.3684210526315789,0.47368421052631576,0.34500000000000003,0.1437771713451061
3,1.0,0.3684210526315789,0.5,0.31,0.1445358951956226
3,1.0,0.42105263157894735,0.0,0.8300000000000001,0.14566657131957214
3,1.0,0.42105263157894735,0.02631578947368421,0.7950000000000002,0.09544304584410537
3,1.0,0.42105263157894735,0.05263157894736842,0.8175000000000001,0.07158910531638175
3,1.0,0.42105263157894735,0.07894736842105263,0.7775000000000001,0.1020875849454771
3,1.0,0.42105263157894735,0.10526315789473684,0.7625,0.11858541225631425
3,1.0,0.42105263157894735,0.13157894736842105,0.7625,0.10193441518937556
3,1.0,0.42105263157894735,0.15789473684210525,0.76,0.10839741694339397
3,1.0,0.42105263157894735,0.18421052631578946,0.7474999999999999,0.10947317022905656
3,1.0,0.42105263157894735,0.21052631578947367,0.7150000000000001,0.08900491559458949
3,1.0,0.42105263157894735,0.23684210526315788,0.6325000000000001,0.09295496221289105
3,1.0,0.42105263157894735,0.2631578947368421,0.6,0.2150581316760657
3,1.0,0.42105263157894735,0.2894736842105263,0.6100000000000001,0.21962325696519483
3,1.0,0.42105263157894735,0.3157894736842105,0.49749999999999994,0.20679851305074706
3,1.0,0.42105263157894735,0.3421052631578947,0.4800000000000001,0.1680773631397161
3,1.0,0.42105263157894735,0.3684210526315789,0.39999999999999997,0.09842509842514761
3,1.0,0.42105263157894735,0.39473684210526316,0.38,0.12704575947271912
3,1.0,0.42105263157894735,0.42105263157894735,0.39249999999999996,0.1782291362263757
3,1.0,0.42105263157894735,0.4473684210526315,0.2925,0.062249497989943677
3,1.0,0.42105263157894735,0.47368421052631576,0.28500000000000003,0.06274950199005568
3,1.0,0.42105263157894735,0.5,0.28250000000000003,0.06531175238806566
3,1.0,0.47368421052631576,0.0,0.8300000000000001,0.14566657131957214
3,1.0,0.47368421052631576,0.02631578947368421,0.78,0.10701927396501996
3,1.0,0.47368421052631576,0.05263157894736842,0.8575000000000002,0.09379165741152033
3,1.0,0.47368421052631576,0.07894736842105263,0.8550000000000001,0.08033134506529815
3,1.0,0.47368421052631576,0.10526315789473684,0.74,0.14290512587027804
3,1.0,0.47368421052631576,0.13157894736842105,0.74,0.1361869119996485
3,1.0,0.47368421052631576,0.15789473684210525,0.7050000000000001,0.1604680653588121
3,1.0,0.47368421052631576,0.18421052631578946,0.6799999999999999,0.09666307464590605
3,1.0,0.47368421052631576,0.21052631578947367,0.7125,0.07756046028744286
3,1.0,0.47368421052631576,0.23684210526315788,0.6,0.10680004681646915
3,1.0,0.47368421052631576,0.2631578947368421,0.57,0.20815408955867284
3,1.0,0.47368421052631576,0.2894736842105263,0.485,0.23425413550244953
3,1.0,0.47368421052631576,0.3157894736842105,0.4225,0.2189106552911484
3,1.0,0.47368421052631576,0.3421052631578947,0.4625,0.2292992040980518
3,1.0,0.47368421052631576,0.3684210526315789,0.3625,0.11039701082909809
3,1.0,0.47368421052631576,0.39473684210526316,0.3225,0.11805718953117594
3,1.0,0.47368421052631576,0.42105263157894735,0.28500000000000003,0.0816815462635227
3,1.0,0.47368421052631576,0.4473684210526315,0.35250000000000004,0.23038690283954943
3,1.0,0.47368421052631576,0.47368421052631576,0.3,0.1086134199811423
3,1.0,0.47368421052631576,0.5,0.3,0.1086134199811423
3,1.0,0.5263157894736842,0.0,0.8300000000000001,0.14566657131957214
3,1.0,0.5263157894736842,0.02631578947368421,0.78,0.10701927396501996
3,1.0,0.5263157894736842,0.05263157894736842,0.875,0.081967981553775
3,1.0,0.5263157894736842,0.07894736842105263,0.8550000000000001,0.08033134506529815
3,1.0,0.5263157894736842,0.10526315789473684,0.715,0.11970014619874117
3,1.0,0.5263157894736842,0.13157894736842105,0.7175,0.11612224162493592
3,1.0,0.5263157894736842,0.15789473684210525,0.7,0.1571225636247067
3,1.0,0.5263157894736842,0.18421052631578946,0.6875,0.10458250331675946
3,1.0,0.5263157894736842,0.21052631578947367,0.7075,0.1154474988901882
3,1.0,0.5263157894736842,0.23684210526315788,0.6074999999999999,0.09295496221289105
3,1.0,0.5263157894736842,0.2631578947368421,0.5475,0.2039454583951307
3,1.0,0.5263157894736842,0.2894736842105263,0.43499999999999994,0.20046820196729456
3,1.0,0.5263157894736842,0.3157894736842105,0.4074999999999999,0.1577676297597197
3,1.0,0.5263157894736842,0.3421052631578947,0.42750000000000005,0.18273101816604642
3,1.0,0.5263157894736842,0.3684210526315789,0.47999999999999987,0.21316073747292205
3,1.0,0.5263157894736842,0.39473684210526316,0.42750000000000005,0.17818529681205458
3,1.0,0.5263157894736842,0.42105263157894735,0.31,0.11089127558108437
3,1.0,0.5263157894736842,0.4473684210526315,0.31,0.11089127558108437
3,1.0,0.5263157894736842,0.47368421052631576,0.3125,0.11075028216668344
3,1.0,0.5263157894736842,0.5,0.325,0.1231107225224513
3,1.0,0.5789473684210527,0.0,0.8300000000000001,0.14566657131957214
3,1.0,0.5789473684210527,0.02631578947368421,0.8275,0.10131942064579724
3,1.0,0.5789473684210527,0.05263157894736842,0.86,0.0772576857018122
3,1.0,0.5789473684210527,0.07894736842105263,0.825,0.07551903733496608
3,1.0,0.5789473684210527,0.10526315789473684,0.7649999999999999,0.08944271909999157
3,1.0,0.5789473684210527,0.13157894736842105,0.7775,0.11772584677971104
3,1.0,0.5789473684210527,0.15789473684210525,0.7849999999999999,0.10584481565008273
3,1.0,0.5789473684210527,0.18421052631578946,0.7575,0.03259601202601321
3,1.0,0.5789473684210527,0.21052631578947367,0.6975,0.10658036873646104
3,1.0,0.5789473684210527,0.23684210526315788,0.595,0.1509345884812358
3,1.0,0.5789473684210527,0.2631578947368421,0.4149999999999999,0.1206751838614717
3,1.0,0.5789473684210527,0.2894736842105263,0.4225,0.11672617529928753
3,1.0,0.5789473684210527,0.3157894736842105,0.43999999999999995,0.11672617529928753
3,1.0,0.5789473684210527,0.3421052631578947,0.39249999999999996,0.15727165987551603
3,1.0,0.5789473684210527,0.3684210526315789,0.39249999999999996,0.15727165987551603
3,1.0,0.5789473684210527,0.39473684210526316,0.38999999999999996,0.1596871942267131
3,1.0,0.5789473684210527,0.42105263157894735,0.34500000000000003,0.1127081407884985
3,1.0,0.5789473684210527,0.4473684210526315,0.3275,0.10510411504788954
3,1.0,0.5789473684210527,0.47368421052631576,0.30249999999999994,0.06459005341381907
3,1.0,0.5789473684210527,0.5,0.30249999999999994,0.06459005341381907
3,1.0,0.631578947368421,0.0,0.8300000000000001,0.14566657131957214
3,1.0,0.631578947368421,0.02631578947368421,0.8275,0.10131942064579724
3,1.0,0.631578947368421,0.05263157894736842,0.86,0.0772576857018122
3,1.0,0.631578947368421,0.07894736842105263,0.7424999999999999,0.13823666300949256
3,1.0,0.631578947368421,0.10526315789473684,0.7150000000000001,0.14747881203752627
3,1.0,0.631578947368421,0.13157894736842105,0.7525000000000001,0.11805718953117599
3,1.0,0.631578947368421,0.15789473684210525,0.7175,0.16830961053962423
3,1.0,0.631578947368421,0.18421052631578946,0.7325000000000002,0.0954430458441054
3,1.0,0.631578947368421,0.21052631578947367,0.6925000000000001,0.11976539567003484
3,1.0,0.631578947368421,0.23684210526315788,0.655,0.14213769732199832
3,1.0,0.631578947368421,0.2631578947368421,0.43,0.15451537140362442
3,1.0,0.631578947368421,0.2894736842105263,0.4149999999999999,0.14070136815255208
3,1.0,0.631578947368421,0.3157894736842105,0.4149999999999999,0.14070136815255208
3,1.0,0.631578947368421,0.3421052631578947,0.35750000000000004,0.17557939799418382
3,1.0,0.631578947368421,0.3684210526315789,0.34249999999999997,0.16644255765879107
3,1.0,0.631578947368421,0.39473684210526316,0.305,0.09082951062292476
3,1.0,0.631578947368421,0.42105263157894735,0.3325,0.12424773639789176
3,1.0,0.631578947368421,0.4473684210526315,0.3325,0.12424773639789176
3,1.0,0.631578947368421,0.47368421052631576,0.33,0.12611998255629436
3,1.0,0.631578947368421,0.5,0.315,0.14125553086516648
3,1.0,0.6842105263157894,0.0,0.8300000000000001,0.14566657131957214
3,1.0,0.6842105263157894,0.02631578947368421,0.7975000000000001,0.1401450141817396
3,1.0,0.6842105263157894,0.05263157894736842,0.8575000000000002,0.08865311613248571
3,1.0,0.6842105263157894,0.07894736842105263,0.7949999999999999,0.1925568097990824
3,1.0,0.6842105263157894,0.10526315789473684,0.6375,0.11075028216668348
3,1.0,0.6842105263157894,0.13157894736842105,0.76,0.16450683876362104
3,1.0,0.6842105263157894,0.15789473684210525,0.68,0.1342222969554612
3,1.0,0.6842105263157894,0.18421052631578946,0.65,0.08970437559004577
3,1.0,0.6842105263157894,0.21052631578947367,0.615,0.104358157323709
3,1.0,0.6842105263157894,0.23684210526315788,0.445,0.22923105156151946
3,1.0,0.6842105263157894,0.2631578947368421,0.41999999999999993,0.12361735315076115
3,1.0,0.6842105263157894,0.2894736842105263,0.4149999999999999,0.16498105951896416
3,1.0,0.6842105263157894,0.3157894736842105,0.38,0.13908181045701123
3,1.0,0.6842105263157894,0.3421052631578947,0.35,0.1686342195404005
3,1.0,0.6842105263157894,0.3684210526315789,0.34750000000000003,0.16331526260579568
3,1.0,0.6842105263157894,0.39473684210526316,0.3325,0.13851895177195067
3,1.0,0.6842105263157894,0.42105263157894735,0.32999999999999996,0.14832396974191328
3,1.0,0.6842105263157894,0.4473684210526315,0.32999999999999996,0.14832396974191328
3,1.0,0.6842105263157894,0.47368421052631576,0.29000000000000004,0.09074345706440769
3,1.0,0.6842105263157894,0.5,0.315,0.13032411518978365
3,1.0,0.7368421052631579,0.0,0.8300000000000001,0.14566657131957214
3,1.0,0.7368421052631579,0.02631578947368421,0.7975000000000001,0.1401450141817396
3,1.0,0.7368421052631579,0.05263157894736842,0.8950000000000001,0.06033759193073587
3,1.0,0.7368421052631579,0.07894736842105263,0.7899999999999999,0.1689582048910322
3,1.0,0.7368421052631579,0.10526315789473684,0.7375,0.1078917281352004
3,1.0,0.7368421052631579,0.13157894736842105,0.8825000000000001,0.09786789565531694
3,1.0,0.7368421052631579,0.15789473684210525,0.7449999999999999,0.12393294557945438
3,1.0,0.7368421052631579,0.18421052631578946,0.71,0.1890353802863369
3,1.0,0.7368421052631579,0.21052631578947367,0.6599999999999999,0.21128328140200775
3,1.0,0.7368421052631579,0.23684210526315788,0.6475,0.12132085558550929
3,1.0,0.7368421052631579,0.2631578947368421,0.425,0.17024798089845294
3,1.0,0.7368421052631579,0.2894736842105263,0.44749999999999995,0.20337004450016724
3,1.0,0.7368421052631579,0.3157894736842105,0.42750000000000005,0.1735205319263401
3,1.0,0.7368421052631579,0.3421052631578947,0.38500000000000006,0.18101277579220756
3,1.0,0.7368421052631579,0.3684210526315789,0.38,0.17288905402020105
3,1.0,0.7368421052631579,0.39473684210526316,0.38,0.17844817174742925
3,1.0,0.7368421052631579,0.42105263157894735,0.3775,0.17531222147927966
3,1.0,0.7368421052631579,0.4473684210526315,0.40750000000000003,0.21948092172213965
3,1.0,0.7368421052631579,0.47368421052631576,0.305,0.08129806270754551
3,1.0,0.7368421052631579,0.5,0.28500000000000003,0.06212386819894589
3,1.0,0.7894736842105263,0.0,0.8300000000000001,0.14566657131957214
3,1.0,0.7894736842105263,0.02631578947368421,0.765,0.1437228235180481
3,1.0,0.7894736842105263,0.05263157894736842,0.925,0.06903350635742038
3,1.0,0.7894736842105263,0.07894736842105263,0.7575000000000001,0.15119317114208566
3,1.0,0.7894736842105263,0.10526315789473684,0.735,0.10839741694339401
3,1.0,0.7894736842105263,0.13157894736842105,0.8075000000000001,0.14431952397371606
3,1.0,0.7894736842105263,0.15789473684210525,0.7375,0.1293010054098575
3,1.0,0.7894736842105263,0.18421052631578946,0.6625,0.2412532383202348
3,1.0,0.7894736842105263,0.21052631578947367,0.595,0.20340845606807992
3,1.0,0.7894736842105263,0.23684210526315788,0.6024999999999999,0.15622499799967995
3,1.0,0.7894736842105263,0.2631578947368421,0.43249999999999994,0.17779025563849105
3,1.0,0.7894736842105263,0.2894736842105263,0.48,0.24758205710430634
3,1.0,0.7894736842105263,0.3157894736842105,0.43249999999999994,0.17779025563849105
3,1.0,0.7894736842105263,0.3421052631578947,0.42750000000000005,0.23789440935003076
3,1.0,0.7894736842105263,0.3684210526315789,0.4325,0.24456594202791196
3,1.0,0.7894736842105263,0.39473684210526316,0.3525,0.14235738477507937
3,1.0,0.7894736842105263,0.42105263157894735,0.3225,0.10435815732370901
3,1.0,0.7894736842105263,0.4473684210526315,0.305,0.07786205751198717
3,1.0,0.7894736842105263,0.47368421052631576,0.3025,0.0797456895386829
3,1.0,0.7894736842105263,0.5,0.295,0.07426725388756474
3,1.0,0.8421052631578947,0.0,0.8300000000000001,0.14566657131957214
3,1.0,0.8421052631578947,0.02631578947368421,0.7625000000000001,0.1455055840852852
3,1.0,0.8421052631578947,0.05263157894736842,0.8925000000000001,0.16620770138594662
3,1.0,0.8421052631578947,0.07894736842105263,0.8425,0.08953002289734993
3,1.0,0.8421052631578947,0.10526315789473684,0.7625,0.10458250331675947
3,1.0,0.8421052631578947,0.13157894736842105,0.7725000000000001,0.11904568450809129
3,1.0,0.8421052631578947,0.15789473684210525,0.8099999999999999,0.09658221886040928
3,1.0,0.8421052631578947,0.18421052631578946,0.695,0.21224249103325188
3,1.0,0.8421052631578947,0.21052631578947367,0.5,0.17743836958222986
3,1.0,0.8421052631578947,0.23684210526315788,0.425,0.20175015489461218
3,1.0,0.8421052631578947,0.2631578947368421,0.505,0.23809136901618255
3,1.0,0.8421052631578947,0.2894736842105263,0.49000000000000005,0.2324126179879225
3,1.0,0.8421052631578947,0.3157894736842105,0.4875,0.25433737436719756
3,1.0,0.8421052631578947,0.3421052631578947,0.3825,0.1607113094962517
3,1.0,0.8421052631578947,0.3684210526315789,0.36000000000000004,0.1675652857843772
3,1.0,0.8421052631578947,0.39473684210526316,0.3375,0.128086884574495
3,1.0,0.8421052631578947,0.42105263157894735,0.30250000000000005,0.11263880326068809
3,1.0,0.8421052631578947,0.4473684210526315,0.29500000000000004,0.10918733900961228
3,1.0,0.8421052631578947,0.47368421052631576,0.27,0.06880679472261443
3,1.0,0.8421052631578947,0.5,0.27,0.06880679472261443
3,1.0,0.894736842105263,0.0,0.8300000000000001,0.14566657131957214
3,1.0,0.894736842105263,0.02631578947368421,0.7625000000000001,0.1455055840852852
3,1.0,0.894736842105263,0.05263157894736842,0.8925000000000001,0.16620770138594662
3,1.0,0.894736842105263,0.07894736842105263,0.8425,0.08953002289734993
3,1.0,0.894736842105263,0.10526315789473684,0.7625,0.10458250331675947
3,1.0,0.894736842105263,0.13157894736842105,0.7725000000000001,0.11904568450809129
3,1.0,0.894736842105263,0.15789473684210525,0.795,0.08413159335231919
3,1.0,0.894736842105263,0.18421052631578946,0.64,0.19949154117405576
3,1.0,0.894736842105263,0.21052631578947367,0.43499999999999994,0.20105192115471068
3,1.0,0.894736842105263,0.23684210526315788,0.42750000000000005,0.1990995354088
3,1.0,0.894736842105263,0.2631578947368421,0.505,0.23809136901618255
3,1.0,0.894736842105263,0.2894736842105263,0.49000000000000005,0.2324126179879225
3,1.0,0.894736842105263,0.3157894736842105,0.485,0.2574514517341085
3,1.0,0.894736842105263,0.3421052631578947,0.3825,0.1607113094962517
3,1.0,0.894736842105263,0.3684210526315789,0.36000000000000004,0.1675652857843772
3,1.0,0.894736842105263,0.39473684210526316,0.3375,0.128086884574495
3,1.0,0.894736842105263,0.42105263157894735,0.30250000000000005,0.11263880326068809
3,1.0,0.894736842105263,0.4473684210526315,0.29500000000000004,0.10918733900961228
3,1.0,0.894736842105263,0.47368421052631576,0.27,0.06880679472261443
3,1.0,0.894736842105263,0.5,0.27,0.06880679472261443
3,1.0,0.9473684210526315,0.0,0.8300000000000001,0.14566657131957214
3,1.0,0.9473684210526315,0.02631578947368421,0.76,0.14208272238382819
3,1.0,0.9473684210526315,0.05263157894736842,0.865,0.17079776052396006
3,1.0,0.9473684210526315,0.07894736842105263,0.835,0.0821583836257749
3,1.0,0.9473684210526315,0.10526315789473684,0.7,0.06731456008918131
3,1.0,0.9473684210526315,0.13157894736842105,0.795,0.12298373876248844
3,1.0,0.9473684210526315,0.15789473684210525,0.7274999999999999,0.21997869214994437
3,1.0,0.9473684210526315,0.18421052631578946,0.6475,0.18273101816604645
3,1.0,0.9473684210526315,0.21052631578947367,0.52,0.2280350850198276
3,1.0,0.9473684210526315,0.23684210526315788,0.5475000000000001,0.242126000256065
3,1.0,0.9473684210526315,0.2631578947368421,0.5225000000000001,0.26669270706189174
3,1.0,0.9473684210526315,0.2894736842105263,0.515,0.25881339803031833
3,1.0,0.9473684210526315,0.3157894736842105,0.47000000000000003,0.22423480996491155
3,1.0,0.9473684210526315,0.3421052631578947,0.4375,0.18687395484657568
3,1.0,0.9473684210526315,0.3684210526315789,0.325,0.10269797953221864
3,1.0,0.9473684210526315,0.39473684210526316,0.37249999999999994,0.1990995354088
3,1.0,0.9473684210526315,0.42105263157894735,0.32249999999999995,0.108397416943394
3,1.0,0.9473684210526315,0.4473684210526315,0.3,0.07756046028744285
3,1.0,0.9473684210526315,0.47368421052631576,0.28500000000000003,0.07675040716504375
3,1.0,0.9473684210526315,0.5,0.27,0.05347312409051858
3,1.0,1.0,0.0,0.8300000000000001,0.14566657131957214
3,1.0,1.0,0.02631578947368421,0.76,0.14208272238382819
3,1.0,1.0,0.05263157894736842,0.8025,0.1661606902970736
3,1.0,1.0,0.07894736842105263,0.865,0.07623975340988454
3,1.0,1.0,0.10526315789473684,0.7775,0.14399435752834208
3,1.0,1.0,0.13157894736842105,0.7949999999999999,0.14186260959111108
3,1.0,1.0,0.15789473684210525,0.7799999999999999,0.12704575947271912
3,1.0,1.0,0.18421052631578946,0.6749999999999999,0.18645542362720371
3,1.0,1.0,0.21052631578947367,0.49749999999999994,0.21729875747458843
3,1.0,1.0,0.23684210526315788,0.42750000000000005,0.2506865572782075
3,1.0,1.0,0.2631578947368421,0.4875,0.2891258376555095
3,1.0,1.0,0.2894736842105263,0.48,0.23792724728370226
3,1.0,1.0,0.3157894736842105,0.46499999999999997,0.25409151894543824
3,1.0,1.0,0.3421052631578947,0.40249999999999997,0.1797133133632564
3,1.0,1.0,0.3684210526315789,0.37,0.12266570425347094
3,1.0,1.0,0.39473684210526316,0.3975,0.19149902088522544
3,1.0,1.0,0.42105263157894735,0.3525,0.10947317022905659
3,1.0,1.0,0.4473684210526315,0.33499999999999996,0.08403868156985805
3,1.0,1.0,0.47368421052631576,0.34249999999999997,0.11746009960833506
3,1.0,1.0,0.5,0.32,0.10628675834740656
3,2.0,0.0,0.0,0.8300000000000001,0.14566657131957214
3,2.0,0.0,0.02631578947368421,0.89,0.0907434570644077
3,2.0,0.0,0.05263157894736842,0.7975000000000001,0.10947317022905656
3,2.0,0.0,0.07894736842105263,0.8099999999999999,0.10658036873646103
3,2.0,0.0,0.10526315789473684,0.6325000000000001,0.12857390870623792
3,2.0,0.0,0.13157894736842105,0.63,0.12202714861865781
3,2.0,0.0,0.15789473684210525,0.595,0.16969642011545205
3,2.0,0.0,0.18421052631578946,0.5375,0.1231107225224513
3,2.0,0.0,0.21052631578947367,0.5725,0.1526843148460247
3,2.0,0.0,0.23684210526315788,0.5775,0.14561292868423462
3,2.0,0.0,0.2631578947368421,0.5025000000000001,0.10054538776095101
3,2.0,0.0,0.2894736842105263,0.48999999999999994,0.09287087810503354
3,2.0,0.0,0.3157894736842105,0.4625,0.07342087577794205
3,2.0,0.0,0.3421052631578947,0.48,0.08177713616898061
3,2.0,0.0,0.3684210526315789,0.47750000000000004,0.08723173161183947
3,2.0,0.0,0.39473684210526316,0.41,0.1013194206457972
3,2.0,0.0,0.42105263157894735,0.45499999999999996,0.1033047675569719
3,2.0,0.0,0.4473684210526315,0.4175,0.0699330036534968
3,2.0,0.0,0.47368421052631576,0.38500000000000006,0.04088856808449031
3,2.0,0.0,0.5,0.36,0.08263246940519205
3,2.0,0.05263157894736842,0.0,0.8300000000000001,0.14566657131957214
3,2.0,0.05263157894736842,0.02631578947368421,0.89,0.0907434570644077
3,2.0,0.05263157894736842,0.05263157894736842,0.7975000000000001,0.10947317022905656
3,2.0,0.05263157894736842,0.07894736842105263,0.8099999999999999,0.10658036873646103
3,2.0,0.05263157894736842,0.10526315789473684,0.6725000000000001,0.11470069746954462
3,2.0,0.05263157894736842,0.13157894736842105,0.69,0.13958644275143628
3,2.0,0.05263157894736842,0.15789473684210525,0.605,0.1985494270956227
3,2.0,0.05263157894736842,0.18421052631578946,0.5475,0.12636751956100112
3,2.0,0.05263157894736842,0.21052631578947367,0.5799999999999998,0.15222310928370897
3,2.0,0.05263157894736842,0.23684210526315788,0.5775,0.1418075280089178
3,2.0,0.05263157894736842,0.2631578947368421,0.535,0.1167261752992875
3,2.0,0.05263157894736842,0.2894736842105263,0.505,0.09826622003516772
3,2.0,0.05263157894736842,0.3157894736842105,0.48,0.08596874432024698
3,2.0,0.05263157894736842,0.3421052631578947,0.45499999999999996,0.08821139382188674
3,2.0,0.05263157894736842,0.3684210526315789,0.4525,0.10547511554864492
3,2.0,0.05263157894736842,0.39473684210526316,0.4225,0.09576990654688977
3,2.0,0.05263157894736842,0.42105263157894735,0.3775,0.06020797289396147
3,2.0,0.05263157894736842,0.4473684210526315,0.39749999999999996,0.04873397172404482
3,2.0,0.05263157894736842,0.47368421052631576,0.36750000000000005,0.05562148865321748
3,2.0,0.05263157894736842,0.5,0.33499999999999996,0.08263246940519203
3,2.0,0.10526315789473684,0.0,0.8300000000000001,0.14566657131957214
3,2.0,0.10526315789473684,0.02631578947368421,0.8975,0.09937303457175896
3,2.0,0.10526315789473684,0.05263157894736842,0.8074999999999999,0.10774680969754973
3,2.0,0.10526315789473684,0.07894736842105263,0.7949999999999999,0.14295978455495797
3,2.0,0.10526315789473684,0.10526315789473684,0.6875000000000001,0.09842509842514766
3,2.0,0.10526315789473684,0.13157894736842105,0.745,0.14103412707568336
3,2.0,0.10526315789473684,0.15789473684210525,0.6075,0.19031224343168257
3,2.0,0.10526315789473684,0.18421052631578946,0.5449999999999999,0.12704575947271912
3,2.0,0.10526315789473684,0.21052631578947367,0.5624999999999999,0.1872915507971462
3,2.0,0.10526315789473684,0.23684210526315788,0.5925,0.1631238026775982
3,2.0,0.10526315789473684,0.2631578947368421,0.53,0.11374313166077324
3,2.0,0.10526315789473684,0.2894736842105263,0.54,0.12449899597988734
3,2.0,0.10526315789473684,0.3157894736842105,0.495,0.09945162140458041
3,2.0,0.10526315789473684,0.3421052631578947,0.46749999999999997,0.10918733900961228
3,2.0,0.10526315789473684,0.3684210526315789,0.4125,0.07126096406869613
3,2.0,0.10526315789473684,0.39473684210526316,0.4225,0.08587782018658835
3,2.0,0.10526315789473684,0.42105263157894735,0.395,0.04889401803901986
3,2.0,0.10526315789473684,0.4473684210526315,0.36,0.06754628043053147
3,2.0,0.10526315789473684,0.47368421052631576,0.38,0.08909264840602729
3,2.0,0.10526315789473684,0.5,0.34750000000000003,0.06754628043053147
3,2.0,0.15789473684210525,0.0,0.8300000000000001,0.14566657131957214
3,2.0,0.15789473684210525,0.02631578947368421,0.8975,0.09937303457175896
3,2.0,0.15789473684210525,0.05263157894736842,0.8174999999999999,0.11339918430041723
3,2.0,0.15789473684210525,0.07894736842105263,0.7424999999999999,0.13008410740747695
3,2.0,0.15789473684210525,0.10526315789473684,0.7600000000000001,0.1073108801566738
3,2.0,0.15789473684210525,0.13157894736842105,0.7675000000000001,0.12106300012803252
3,2.0,0.15789473684210525,0.15789473684210525,0.6475,0.1591972047493297
3,2.0,0.15789473684210525,0.18421052631578946,0.6174999999999999,0.06937218462755805
3,2.0,0.15789473684210525,0.21052631578947367,0.6074999999999999,0.1969692234842794
3,2.0,0.15789473684210525,0.23684210526315788,0.6,0.19625398085134477
3,2.0,0.15789473684210525,0.2631578947368421,0.5475,0.16041937227155578
3,2.0,0.15789473684210525,0.2894736842105263,0.5325,0.15375508121684955
3,2.0,0.15789473684210525,0.3157894736842105,0.5125,0.15860721925561902
3,2.0,0.15789473684210525,0.3421052631578947,0.4425,0.11645814698852118
3,2.0,0.15789473684210525,0.3684210526315789,0.4525,0.1616322987524461
3,2.0,0.15789473684210525,0.39473684210526316,0.49250000000000005,0.13823666300949256
3,2.0,0.15789473684210525,0.42105263157894735,0.4025,0.13647344063956182
3,2.0,0.15789473684210525,0.4473684210526315,0.3875,0.11110243021644486
3,2.0,0.15789473684210525,0.47368421052631576,0.3875,0.10968705484240153
3,2.0,0.15789473684210525,0.5,0.3275,0.08987839006123775
3,2.0,0.21052631578947367,0.0,0.8300000000000001,0.14566657131957214
3,2.0,0.21052631578947367,0.02631578947368421,0.875,0.09354143466934854
3,2.0,0.21052631578947367,0.05263157894736842,0.8400000000000001,0.12386989141837494
3,2.0,0.21052631578947367,0.07894736842105263,0.7175,0.09544304584410537
3,2.0,0.21052631578947367,0.10526315789473684,0.8375,0.07234898064243891
3,2.0,0.21052631578947367,0.13157894736842105,0.7499999999999999,0.11039701082909811
3,2.0,0.21052631578947367,0.15789473684210525,0.6799999999999999,0.172436582545584
3,2.0,0.21052631578947367,0.18421052631578946,0.625,0.07856128181235335
3,2.0,0.21052631578947367,0.21052631578947367,0.54,0.17796593775214403
3,2.0,0.21052631578947367,0.23684210526315788,0.6224999999999999,0.21238967724444613
3,2.0,0.21052631578947367,0.2631578947368421,0.5774999999999999,0.18779144016701077
3,2.0,0.21052631578947367,0.2894736842105263,0.46749999999999997,0.13068330038685128
3,2.0,0.21052631578947367,0.3157894736842105,0.5050000000000001,0.12948214162578559
3,2.0,0.21052631578947367,0.3421052631578947,0.5075000000000001,0.15273547394105927
3,2.0,0.21052631578947367,0.3684210526315789,0.465,0.11504075364843538
3,2.0,0.21052631578947367,0.39473684210526316,0.39499999999999996,0.06937218462755806
3,2.0,0.21052631578947367,0.42105263157894735,0.35,0.09960860906568267
3,2.0,0.21052631578947367,0.4473684210526315,0.3425,0.10954451150103323
3,2.0,0.21052631578947367,0.47368421052631576,0.3125,0.08196798155377501
3,2.0,0.21052631578947367,0.5,0.28500000000000003,0.07776165507497895
3,2.0,0.2631578947368421,0.0,0.8300000000000001,0.14566657131957214
3,2.0,0.2631578947368421,0.02631578947368421,0.8925000000000001,0.06937218462755805
3,2.0,0.2631578947368421,0.05263157894736842,0.86,0.08856494791959175
3,2.0,0.2631578947368421,0.07894736842105263,0.7375,0.08794529549668931
3,2.0,0.2631578947368421,0.10526315789473684,0.835,0.0757256561543048
3,2.0,0.2631578947368421,0.13157894736842105,0.785,0.07202430145443968
3,2.0,0.2631578947368421,0.15789473684210525,0.715,0.1698804726859447
3,2.0,0.2631578947368421,0.18421052631578946,0.65,0.08794529549668931
3,2.0,0.2631578947368421,0.21052631578947367,0.5424999999999999,0.1788854381999832
3,2.0,0.2631578947368421,0.23684210526315788,0.6449999999999999,0.17379046291439584
3,2.0,0.2631578947368421,0.2631578947368421,0.5874999999999999,0.12655285457072865
3,2.0,0.2631578947368421,0.2894736842105263,0.475,0.07905694150420949
3,2.0,0.2631578947368421,0.3157894736842105,0.515,0.06274950199005568
3,2.0,0.2631578947368421,0.3421052631578947,0.545,0.10443299287102711
3,2.0,0.2631578947368421,0.3684210526315789,0.55,0.0814900300650331
3,2.0,0.2631578947368421,0.39473684210526316,0.4149999999999999,0.20509144301993684
3,2.0,0.2631578947368421,0.42105263157894735,0.2899999999999999,0.06336895927818287
3,2.0,0.2631578947368421,0.4473684210526315,0.3275,0.13589977924926883
3,2.0,0.2631578947368421,0.47368421052631576,0.3075,0.10882899429839459
3,2.0,0.2631578947368421,0.5,0.31000000000000005,0.11937336386313321
3,2.0,0.3157894736842105,0.0,0.8300000000000001,0.14566657131957214
3,2.0,0.3157894736842105,0.02631578947368421,0.8925000000000001,0.06937218462755805
3,2.0,0.3157894736842105,0.05263157894736842,0.8099999999999999,0.13002403623945846
3,2.0,0.3157894736842105,0.07894736842105263,0.7275,0.09412425298508352
3,2.0,0.3157894736842105,0.10526315789473684,0.7975,0.11194306588619055
3,2.0,0.3157894736842105,0.13157894736842105,0.785,0.07202430145443968
3,2.0,0.3157894736842105,0.15789473684210525,0.7175,0.16479153497676996
3,2.0,0.3157894736842105,0.18421052631578946,0.6375,0.11319231422671769
3,2.0,0.3157894736842105,0.21052631578947367,0.575,0.1286953767623375
3,2.0,0.3157894736842105,0.23684210526315788,0.615,0.14879726139952978
3,2.0,0.3157894736842105,0.2631578947368421,0.6475,0.05548085255293035
3,2.0,0.3157894736842105,0.2894736842105263,0.5375,0.09519716382329885
3,2.0,0.3157894736842105,0.3157894736842105,0.5525,0.07037844130129625
3,2.0,0.3157894736842105,0.3421052631578947,0.5075000000000001,0.0986629363033556
3,2.0,0.3157894736842105,0.3684210526315789,0.5375,0.12624381172952595
3,2.0,0.3157894736842105,0.39473684210526316,0.475,0.17207374872420256
3,2.0,0.3157894736842105,0.42105263157894735,0.4225,0.13002403623945843
3,2.0,0.3157894736842105,0.4473684210526315,0.3475,0.1508828187700641
3,2.0,0.3157894736842105,0.47368421052631576,0.325,0.11558276255566831
3,2.0,0.3157894736842105,0.5,0.34500000000000003,0.15727165987551603
3,2.0,0.3684210526315789,0.0,0.8300000000000001,0.14566657131957214
3,2.0,0.3684210526315789,0.02631578947368421,0.8575000000000002,0.1210630001280325
3,2.0,0.3684210526315789,0.05263157894736842,0.885,0.08403868156985807
3,2.0,0.3684210526315789,0.07894736842105263,0.7875,0.11353688827865593
3,2.0,0.3684210526315789,0.10526315789473684,0.78,0.13127975853116122
3,2.0,0.3684210526315789,0.13157894736842105,0.8074999999999999,0.07582875444051553
3,2.0,0.3684210526315789,0.15789473684210525,0.7225,0.0720243014544397
3,2.0,0.3684210526315789,0.18421052631578946,0.75,0.07856128181235335
3,2.0,0.3684210526315789,0.21052631578947367,0.6849999999999999,0.142905125870278
3,2.0,0.3684210526315789,0.23684210526315788,0.6675000000000001,0.1557742757967438
3,2.0,0.3684210526315789,0.2631578947368421,0.5825,0.14103412707568336
3,2.0,0.3684210526315789,0.2894736842105263,0.5425000000000001,0.06649718039135194
3,2.0,0.3684210526315789,0.3157894736842105,0.5375,0.10155048005794952
3,2.0,0.3684210526315789,0.3421052631578947,0.5175,0.06766184301362181
3,2.0,0.3684210526315789,0.3684210526315789,0.52,0.10810874155219825
3,2.0,0.3684210526315789,0.39473684210526316,0.475,0.14973935688388676
3,2.0,0.3684210526315789,0.42105263157894735,0.45999999999999996,0.13704470073665745
3,2.0,0.3684210526315789,0.4473684210526315,0.425,0.16770509831248423
3,2.0,0.3684210526315789,0.47368421052631576,0.33499999999999996,0.12851313162474876
3,2.0,0.3684210526315789,0.5,0.34249999999999997,0.14485984605818136
3,2.0,0.42105263157894735,0.0,0.8300000000000001,0.14566657131957214
3,2.0,0.42105263157894735,0.02631578947368421,0.8025,0.13299436078270385
3,2.0,0.42105263157894735,0.05263157894736842,0.85,0.10458250331675945
3,2.0,0.42105263157894735,0.07894736842105263,0.7649999999999999,0.10947317022905659
3,2.0,0.42105263157894735,0.10526315789473684,0.8099999999999999,0.12729149618100968
3,2.0,0.42105263157894735,0.13157894736842105,0.7875,0.17809758560968758
3,2.0,0.42105263157894735,0.15789473684210525,0.64,0.07572565615430484
3,2.0,0.42105263157894735,0.18421052631578946,0.675,0.090571104663684
3,2.0,0.42105263157894735,0.21052631578947367,0.6449999999999999,0.12234684303242155
3,2.0,0.42105263157894735,0.23684210526315788,0.5050000000000001,0.08129806270754548
3,2.0,0.42105263157894735,0.2631578947368421,0.49250000000000005,0.10810874155219828
3,2.0,0.42105263157894735,0.2894736842105263,0.5525,0.09453835200594518
3,2.0,0.42105263157894735,0.3157894736842105,0.51,0.11367442544389655
3,2.0,0.42105263157894735,0.3421052631578947,0.4875,0.10345590848279278
3,2.0,0.42105263157894735,0.3684210526315789,0.43000000000000005,0.09984362773857927
3,2.0,0.42105263157894735,0.39473684210526316,0.4125,0.11456439237389598
3,2.0,0.42105263157894735,0.42105263157894735,0.36500000000000005,0.0698212002188447
3,2.0,0.42105263157894735,0.4473684210526315,0.37,0.08081614937622307
3,2.0,0.42105263157894735,0.47368421052631576,0.2975,0.05108204185425636
3,2.0,0.42105263157894735,0.5,0.2925,0.045586456322026174
3,2.0,0.47368421052631576,0.0,0.8300000000000001,0.14566657131957214
3,2.0,0.47368421052631576,0.02631578947368421,0.8025,0.13299436078270385
3,2.0,0.47368421052631576,0.05263157894736842,0.8225,0.0835725732522339
3,2.0,0.47368421052631576,0.07894736842105263,0.7725,0.0949506450741647
3,2.0,0.47368421052631576,0.10526315789473684,0.7899999999999999,0.1786232067789625
3,2.0,0.47368421052631576,0.13157894736842105,0.73,0.22648813434703371
3,2.0,0.47368421052631576,0.15789473684210525,0.6325,0.1174600996083351
3,2.0,0.47368421052631576,0.18421052631578946,0.6925,0.15145131230860961
3,2.0,0.47368421052631576,0.21052631578947367,0.5675,0.16143884290962937
3,2.0,0.47368421052631576,0.23684210526315788,0.59,0.11571786811033118
3,2.0,0.47368421052631576,0.2631578947368421,0.515,0.07826237921249261
3,2.0,0.47368421052631576,0.2894736842105263,0.5700000000000001,0.10774680969754974
3,2.0,0.47368421052631576,0.3157894736842105,0.5075000000000001,0.1542623576897488
3,2.0,0.47368421052631576,0.3421052631578947,0.5075000000000001,0.1542623576897488
3,2.0,0.47368421052631576,0.3684210526315789,0.45999999999999996,0.1485345077751295
3,2.0,0.47368421052631576,0.39473684210526316,0.45249999999999996,0.14534441853748634
3,2.0,0.47368421052631576,0.42105263157894735,0.33249999999999996,0.08033134506529814
3,2.0,0.47368421052631576,0.4473684210526315,0.315,0.06578848683470384
3,2.0,0.47368421052631576,0.47368421052631576,0.3275,0.0835725732522339
3,2.0,0.47368421052631576,0.5,0.3225,0.08263246940519205
3,2.0,0.5263157894736842,0.0,0.8300000000000001,0.14566657131957214
3,2.0,0.5263157894736842,0.02631578947368421,0.8025,0.13299436078270385
3,2.0,0.5263157894736842,0.05263157894736842,0.8225,0.0835725732522339
3,2.0,0.5263157894736842,0.07894736842105263,0.7725,0.0949506450741647
3,2.0,0.5263157894736842,0.10526315789473684,0.7575000000000001,0.15552331014995793
3,2.0,0.5263157894736842,0.13157894736842105,0.6799999999999999,0.2180524592844575
3,2.0,0.5263157894736842,0.15789473684210525,0.6224999999999999,0.12196310917650467
3,2.0,0.5263157894736842,0.18421052631578946,0.6174999999999999,0.0793528512405194
3,2.0,0.5263157894736842,0.21052631578947367,0.6475,0.08263246940519203
3,2.0,0.5263157894736842,0.23684210526315788,0.63,0.14350522638566163
3,2.0,0.5263157894736842,0.2631578947368421,0.5900000000000001,0.17374550353894053
3,2.0,0.5263157894736842,0.2894736842105263,0.6025,0.1420827223838282
3,2.0,0.5263157894736842,0.3157894736842105,0.5825000000000001,0.12918010682763814
3,2.0,0.5263157894736842,0.3421052631578947,0.4825000000000001,0.21334391249810716
3,2.0,0.5263157894736842,0.3684210526315789,0.45499999999999996,0.15196627915429134
3,2.0,0.5263157894736842,0.39473684210526316,0.44749999999999995,0.1485345077751295
3,2.0,0.5263157894736842,0.42105263157894735,0.38,0.12170661444638085
3,2.0,0.5263157894736842,0.4473684210526315,0.39,0.1485345077751295
3,2.0,0.5263157894736842,0.47368421052631576,0.4,0.1457737973711325
3,2.0,0.5263157894736842,0.5,0.375,0.14252192813739226
3,2.0,0.5789473684210527,0.0,0.8300000000000001,0.14566657131957214
3,2.0,0.5789473684210527,0.02631578947368421,0.85,0.11759304826391737
3,2.0,0.5789473684210527,0.05263157894736842,0.82,0.0822534193818105
3,2.0,0.5789473684210527,0.07894736842105263,0.775,0.0956066158798647
3,2.0,0.5789473684210527,0.10526315789473684,0.8175000000000001,0.041079191812887494
3,2.0,0.5789473684210527,0.13157894736842105,0.7175,0.19113149923547398
3,2.0,0.5789473684210527,0.15789473684210525,0.6599999999999999,0.09617692030835673
3,2.0,0.5789473684210527,0.18421052631578946,0.6475,0.09738775590391227
3,2.0,0.5789473684210527,0.21052631578947367,0.71,0.09576990654688977
3,2.0,0.5789473684210527,0.23684210526315788,0.7,0.06434768838116875
3,2.0,0.5789473684210527,0.2631578947368421,0.665,0.07256462636849996
3,2.0,0.5789473684210527,0.2894736842105263,0.6799999999999999,0.07320775232173164
3,2.0,0.5789473684210527,0.3157894736842105,0.5924999999999999,0.2115050235810015
3,2.0,0.5789473684210527,0.3421052631578947,0.54,0.2138559678849295
3,2.0,0.5789473684210527,0.3684210526315789,0.41999999999999993,0.15041608956491323
3,2.0,0.5789473684210527,0.39473684210526316,0.4425,0.15949137907736582
3,2.0,0.5789473684210527,0.42105263157894735,0.3675,0.09544304584410537
3,2.0,0.5789473684210527,0.4473684210526315,0.3575,0.13624426593438713
3,2.0,0.5789473684210527,0.47368421052631576,0.33999999999999997,0.13445491809524857
3,2.0,0.5789473684210527,0.5,0.34500000000000003,0.13908181045701126
3,2.0,0.631578947368421,0.0,0.8300000000000001,0.14566657131957214
3,2.0,0.631578947368421,0.02631578947368421,0.85,0.11759304826391737
3,2.0,0.631578947368421,0.05263157894736842,0.8099999999999999,0.08450221890577785
3,2.0,0.631578947368421,0.07894736842105263,0.7825,0.09337424698491548
3,2.0,0.631578947368421,0.10526315789473684,0.7875,0.08705242673240075
3,2.0,0.631578947368421,0.13157894736842105,0.72,0.14700127550467038
3,2.0,0.631578947368421,0.15789473684210525,0.665,0.11470069746954464
3,2.0,0.631578947368421,0.18421052631578946,0.7300000000000001,0.1261199825562944
3,2.0,0.631578947368421,0.21052631578947367,0.725,0.06903350635742037
3,2.0,0.631578947368421,0.23684210526315788,0.7275,0.13151758437562636
3,2.0,0.631578947368421,0.2631578947368421,0.71,0.10731088015667374
3,2.0,0.631578947368421,0.2894736842105263,0.6025,0.23508642027986218
3,2.0,0.631578947368421,0.3157894736842105,0.5900000000000001,0.2110983183258455
3,2.0,0.631578947368421,0.3421052631578947,0.57,0.19477551180782454
3,2.0,0.631578947368421,0.3684210526315789,0.49000000000000005,0.1485345077751295
3,2.0,0.631578947368421,0.39473684210526316,0.49499999999999994,0.1519662791542913
3,2.0,0.631578947368421,0.42105263157894735,0.38500000000000006,0.0835725732522339
3,2.0,0.631578947368421,0.4473684210526315,0.37500000000000006,0.08291561975888499
3,2.0,0.631578947368421,0.47368421052631576,0.35000000000000003,0.08052561704203204
3,2.0,0.631578947368421,0.5,0.35750000000000004,0.09420721840708386
3,2.0,0.6842105263157894,0.0,0.8300000000000001,0.14566657131957214
3,2.0,0.6842105263157894,0.02631578947368421,0.845,0.10990052320166631
3,2.0,0.6842105263157894,0.05263157894736842,0.845,0.09462095433887782
3,2.0,0.6842105263157894,0.07894736842105263,0.7699999999999999,0.13480309714542915
3,2.0,0.6842105263157894,0.10526315789473684,0.8125,0.11692679333668567
3,2.0,0.6842105263157894,0.13157894736842105,0.74,0.1395864427514363
3,2.0,0.6842105263157894,0.15789473684210525,0.7325000000000002,0.13908181045701123
3,2.0,0.6842105263157894,0.18421052631578946,0.7525000000000001,0.07925433742073676
3,2.0,0.6842105263157894,0.21052631578947367,0.645,0.07426725388756475
3,2.0,0.6842105263157894,0.23684210526315788,0.64,0.11367442544389658
3,2.0,0.6842105263157894,0.2631578947368421,0.625,0.22741756748325317
3,2.0,0.6842105263157894,0.2894736842105263,0.6025,0.21675879451593194
3,2.0,0.6842105263157894,0.3157894736842105,0.5825000000000001,0.20263884129159446
3,2.0,0.6842105263157894,0.3421052631578947,0.6175,0.23511965039102967
3,2.0,0.6842105263157894,0.3684210526315789,0.5175000000000001,0.18990129014832943
3,2.0,0.6842105263157894,0.39473684210526316,0.4424999999999999,0.1859519427163911
3,2.0,0.6842105263157894,0.42105263157894735,0.37,0.11544749889018818
3,2.0,0.6842105263157894,0.4473684210526315,0.3225,0.08542174781634944
3,2.0,0.6842105263157894,0.47368421052631576,0.31,0.08263246940519206
3,2.0,0.6842105263157894,0.5,0.3125,0.08244316223920575
3,2.0,0.7368421052631579,0.0,0.8300000000000001,0.14566657131957214
3,2.0,0.7368421052631579,0.02631578947368421,0.845,0.10990052320166631
3,2.0,0.7368421052631579,0.05263157894736842,0.845,0.09462095433887782
3,2.0,0.7368421052631579,0.07894736842105263,0.8174999999999999,0.07158910531638178
3,2.0,0.7368421052631579,0.10526315789473684,0.9024999999999999,0.06696547617989439
3,2.0,0.7368421052631579,0.13157894736842105,0.7675000000000001,0.11679308626798077
3,2.0,0.7368421052631579,0.15789473684210525,0.79,0.1013194206457972
3,2.0,0.7368421052631579,0.18421052631578946,0.7675,0.07984359711335658
3,2.0,0.7368421052631579,0.21052631578947367,0.7474999999999999,0.12449899597988731
3,2.0,0.7368421052631579,0.23684210526315788,0.6725000000000001,0.19811612756158947
3,2.0,0.7368421052631579,0.2631578947368421,0.6325,0.08505512918102
3,2.0,0.7368421052631579,0.2894736842105263,0.495,0.1621631123282974
3,2.0,0.7368421052631579,0.3157894736842105,0.44250000000000006,0.13068330038685125
3,2.0,0.7368421052631579,0.3421052631578947,0.47750000000000004,0.1378971537052161
3,2.0,0.7368421052631579,0.3684210526315789,0.46499999999999997,0.16663020434483058
3,2.0,0.7368421052631579,0.39473684210526316,0.41999999999999993,0.10701927396501995
3,2.0,0.7368421052631579,0.42105263157894735,0.3825,0.08319780646146868
3,2.0,0.7368421052631579,0.4473684210526315,0.32999999999999996,0.06590713163232033
3,2.0,0.7368421052631579,0.47368421052631576,0.3325,0.11746009960833508
3,2.0,0.7368421052631579,0.5,0.335,0.11672617529928753
3,2.0,0.7894736842105263,0.0,0.8300000000000001,0.14566657131957214
3,2.0,0.7894736842105263,0.02631578947368421,0.8125,0.13020416659999784
3,2.0,0.7894736842105263,0.05263157894736842,0.7975000000000001,0.10360682892551049
3,2.0,0.7894736842105263,0.07894736842105263,0.8424999999999999,0.10517841983981317
3,2.0,0.7894736842105263,0.10526315789473684,0.8324999999999999,0.06410440702479042
3,2.0,0.7894736842105263,0.13157894736842105,0.775,0.11004260538536877
3,2.0,0.7894736842105263,0.15789473684210525,0.8049999999999999,0.08505512918101997
3,2.0,0.7894736842105263,0.18421052631578946,0.7575,0.09253377761660875
3,2.0,0.7894736842105263,0.21052631578947367,0.7125000000000001,0.12437342963832747
3,2.0,0.7894736842105263,0.23684210526315788,0.6275,0.25455230307345483
3,2.0,0.7894736842105263,0.2631578947368421,0.635,0.2530130925466111
3,2.0,0.7894736842105263,0.2894736842105263,0.515,0.15697332575950604
3,2.0,0.7894736842105263,0.3157894736842105,0.47750000000000004,0.14774344317092383
3,2.0,0.7894736842105263,0.3421052631578947,0.4574999999999999,0.1562749980003199
3,2.0,0.7894736842105263,0.3684210526315789,0.3725,0.10285001215362104
3,2.0,0.7894736842105263,0.39473684210526316,0.3725,0.10285001215362104
3,2.0,0.7894736842105263,0.42105263157894735,0.355,0.10178101492911142
3,2.0,0.7894736842105263,0.4473684210526315,0.36750000000000005,0.15375508121684955
3,2.0,0.7894736842105263,0.47368421052631576,0.3225,0.0981866844332774
3,2.0,0.7894736842105263,0.5,0.325,0.09762812094883318
3,2.0,0.8421052631578947,0.0,0.8300000000000001,0.14566657131957214
3,2.0,0.8421052631578947,0.02631578947368421,0.8125,0.13020416659999784
3,2.0,0.8421052631578947,0.05263157894736842,0.8099999999999999,0.11470069746954462
3,2.0,0.8421052631578947,0.07894736842105263,0.8699999999999999,0.10918733900961232
3,2.0,0.8421052631578947,0.10526315789473684,0.835,0.10658036873646104
3,2.0,0.8421052631578947,0.13157894736842105,0.8275,0.08450221890577786
3,2.0,0.8421052631578947,0.15789473684210525,0.78,0.14186260959111108
3,2.0,0.8421052631578947,0.18421052631578946,0.7175,0.13767034902258365
3,2.0,0.8421052631578947,0.21052631578947367,0.6075,0.2482123586770006
3,2.0,0.8421052631578947,0.23684210526315788,0.6875,0.2598076211353316
3,2.0,0.8421052631578947,0.2631578947368421,0.65,0.27070509784634644
3,2.0,0.8421052631578947,0.2894736842105263,0.5475,0.1927190312345929
3,2.0,0.8421052631578947,0.3157894736842105,0.5349999999999999,0.1703397340610816
3,2.0,0.8421052631578947,0.3421052631578947,0.49749999999999994,0.16803087513906484
3,2.0,0.8421052631578947,0.3684210526315789,0.4025,0.11124297730643497
3,2.0,0.8421052631578947,0.39473684210526316,0.42750000000000005,0.13589977924926883
3,2.0,0.8421052631578947,0.42105263157894735,0.395,0.10216408370851277
3,2.0,0.8421052631578947,0.4473684210526315,0.395,0.10216408370851277
3,2.0,0.8421052631578947,0.47368421052631576,0.34249999999999997,0.11096170510586074
3,2.0,0.8421052631578947,0.5,0.3475,0.1213208555855093
3,2.0,0.894736842105263,0.0,0.8300000000000001,0.14566657131957214
3,2.0,0.894736842105263,0.02631578947368421,0.8125,0.13020416659999784
3,2.0,0.894736842105263,0.05263157894736842,0.8099999999999999,0.11470069746954462
3,2.0,0.894736842105263,0.07894736842105263,0.8699999999999999,0.10918733900961232
3,2.0,0.894736842105263,0.10526315789473684,0.835,0.10658036873646104
3,2.0,0.894736842105263,0.13157894736842105,0.8275,0.08450221890577786
3,2.0,0.894736842105263,0.15789473684210525,0.775,0.15360257159305635
3,2.0,0.894736842105263,0.18421052631578946,0.76,0.12942179105544785
3,2.0,0.894736842105263,0.21052631578947367,0.74,0.17664406301939503
3,2.0,0.894736842105263,0.23684210526315788,0.775,0.10752906583803287
3,2.0,0.894736842105263,0.2631578947368421,0.7049999999999998,0.17800983118917899
3,2.0,0.894736842105263,0.2894736842105263,0.6224999999999999,0.16849517797254612
3,2.0,0.894736842105263,0.3157894736842105,0.5574999999999999,0.07373940601876315
3,2.0,0.894736842105263,0.3421052631578947,0.475,0.18285923547909744
3,2.0,0.894736842105263,0.3684210526315789,0.38,0.1106091090281447
3,2.0,0.894736842105263,0.39473684210526316,0.4050000000000001,0.14047909097086297
3,2.0,0.894736842105263,0.42105263157894735,0.375,0.1015504800579495
3,2.0,0.894736842105263,0.4473684210526315,0.36,0.11333026956643137
3,2.0,0.894736842105263,0.47368421052631576,0.33999999999999997,0.11298506538476669
3,2.0,0.894736842105263,0.5,0.34500000000000003,0.12330095295657695
3,2.0,0.9473684210526315,0.0,0.8300000000000001,0.14566657131957214
3,2.0,0.9473684210526315,0.02631578947368421,0.835,0.13704470073665745
3,2.0,0.9473684210526315,0.05263157894736842,0.8099999999999999,0.11470069746954462
3,2.0,0.9473684210526315,0.07894736842105263,0.8525,0.11504075364843543
3,2.0,0.9473684210526315,0.10526315789473684,0.85,0.1034559084827928
3,2.0,0.9473684210526315,0.13157894736842105,0.835,0.12196310917650469
3,2.0,0.9473684210526315,0.15789473684210525,0.8375,0.18687395484657568
3,2.0,0.9473684210526315,0.18421052631578946,0.8225,0.17441867732556626
3,2.0,0.9473684210526315,0.21052631578947367,0.8150000000000001,0.18144386184161754
3,2.0,0.9473684210526315,0.23684210526315788,0.7925000000000001,0.0962581165408923
3,2.0,0.9473684210526315,0.2631578947368421,0.5574999999999999,0.07735874223382905
3,2.0,0.9473684210526315,0.2894736842105263,0.7100000000000002,0.10731088015667374
3,2.0,0.9473684210526315,0.3157894736842105,0.665,0.17752640648647175
3,2.0,0.9473684210526315,0.3421052631578947,0.44499999999999995,0.15652475842498528
3,2.0,0.9473684210526315,0.3684210526315789,0.44000000000000006,0.1482712885220871
3,2.0,0.9473684210526315,0.39473684210526316,0.4525,0.14984366853491007
3,2.0,0.9473684210526315,0.42105263157894735,0.4025,0.13328775262566325
3,2.0,0.9473684210526315,0.4473684210526315,0.3675,0.13422229695546117
3,2.0,0.9473684210526315,0.47368421052631576,0.36499999999999994,0.122282971013956
3,2.0,0.9473684210526315,0.5,0.34500000000000003,0.09462095433887781
3,2.0,1.0,0.0,0.8300000000000001,0.14566657131957214
3,2.0,1.0,0.02631578947368421,0.835,0.13704470073665745
3,2.0,1.0,0.05263157894736842,0.8099999999999999,0.11470069746954462
3,2.0,1.0,0.07894736842105263,0.8125,0.0914296177395487
3,2.0,1.0,0.10526315789473684,0.8450000000000001,0.10554915916292275
3,2.0,1.0,0.13157894736842105,0.8474999999999999,0.1361869119996485
3,2.0,1.0,0.15789473684210525,0.85,0.18519415487536317
3,2.0,1.0,0.18421052631578946,0.85,0.17611253504506713
3,2.0,1.0,0.21052631578947367,0.6325000000000001,0.09984362773857929
3,2.0,1.0,0.23684210526315788,0.8025,0.09370832406995659
3,2.0,1.0,0.2631578947368421,0.575,0.0765465544619743
3,2.0,1.0,0.2894736842105263,0.665,0.10658036873646101
3,2.0,1.0,0.3157894736842105,0.525,0.17500000000000002
3,2.0,1.0,0.3421052631578947,0.475,0.1686342195404005
3,2.0,1.0,0.3684210526315789,0.39249999999999996,0.09866293630335558
3,2.0,1.0,0.39473684210526316,0.40499999999999997,0.12138523386310214
3,2.0,1.0,0.42105263157894735,0.37249999999999994,0.0835725732522339
3,2.0,1.0,0.4473684210526315,0.34249999999999997,0.09379165741152036
3,2.0,1.0,0.47368421052631576,0.30999999999999994,0.05548085255293036
3,2.0,1.0,0.5,0.3075,0.05347312409051859
3,3.0,0.0,0.0,0.8300000000000001,0.14566657131957214
3,3.0,0.0,0.02631578947368421,0.89,0.0907434570644077
3,3.0,0.0,0.05263157894736842,0.7975000000000001,0.10947317022905656
3,3.0,0.0,0.07894736842105263,0.8099999999999999,0.10658036873646103
3,3.0,0.0,0.10526315789473684,0.6325000000000001,0.12857390870623792
3,3.0,0.0,0.13157894736842105,0.63,0.12202714861865781
3,3.0,0.0,0.15789473684210525,0.595,0.16969642011545205
3,3.0,0.0,0.18421052631578946,0.5375,0.1231107225224513
3,3.0,0.0,0.21052631578947367,0.5725,0.1526843148460247
3,3.0,0.0,0.23684210526315788,0.5775,0.14561292868423462
3,3.0,0.0,0.2631578947368421,0.5025000000000001,0.10054538776095101
3,3.0,0.0,0.2894736842105263,0.48999999999999994,0.09287087810503354
3,3.0,0.0,0.3157894736842105,0.4625,0.07342087577794205
3,3.0,0.0,0.3421052631578947,0.48,0.08177713616898061
3,3.0,0.0,0.3684210526315789,0.47750000000000004,0.08723173161183947
3,3.0,0.0,0.39473684210526316,0.41,0.1013194206457972
3,3.0,0.0,0.42105263157894735,0.45499999999999996,0.1033047675569719
3,3.0,0.0,0.4473684210526315,0.4175,0.0699330036534968
3,3.0,0.0,0.47368421052631576,0.38500000000000006,0.04088856808449031
3,3.0,0.0,0.5,0.36,0.08263246940519205
3,3.0,0.05263157894736842,0.0,0.8300000000000001,0.14566657131957214
3,3.0,0.05263157894736842,0.02631578947368421,0.89,0.0907434570644077
3,3.0,0.05263157894736842,0.05263157894736842,0.7975000000000001,0.10947317022905656
3,3.0,0.05263157894736842,0.07894736842105263,0.8099999999999999,0.10658036873646103
3,3.0,0.05263157894736842,0.10526315789473684,0.7,0.10116508785149152
3,3.0,0.05263157894736842,0.13157894736842105,0.61,0.10947317022905659
3,3.0,0.05263157894736842,0.15789473684210525,0.5675,0.14539816023595345
3,3.0,0.05263157894736842,0.18421052631578946,0.5825,0.17624556732014565
3,3.0,0.05263157894736842,0.21052631578947367,0.5525,0.1487972613995298
3,3.0,0.05263157894736842,0.23684210526315788,0.5574999999999999,0.13127975853116122
3,3.0,0.05263157894736842,0.2631578947368421,0.5225000000000001,0.10658036873646103
3,3.0,0.05263157894736842,0.2894736842105263,0.52,0.12073990641043252
3,3.0,0.05263157894736842,0.3157894736842105,0.5149999999999999,0.1203510490191091
3,3.0,0.05263157894736842,0.3421052631578947,0.49000000000000005,0.08944271909999157
3,3.0,0.05263157894736842,0.3684210526315789,0.475,0.09142961773954868
3,3.0,0.05263157894736842,0.39473684210526316,0.49000000000000005,0.08450221890577785
3,3.0,0.05263157894736842,0.42105263157894735,0.4,0.04419417382415923
3,3.0,0.05263157894736842,0.4473684210526315,0.40499999999999997,0.08776744840770978
3,3.0,0.05263157894736842,0.47368421052631576,0.37250000000000005,0.06336895927818288
3,3.0,0.05263157894736842,0.5,0.34,0.07776165507497895
3,3.0,0.10526315789473684,0.0,0.8300000000000001,0.14566657131957214
3,3.0,0.10526315789473684,0.02631578947368421,0.8975,0.09937303457175896
3,3.0,0.10526315789473684,0.05263157894736842,0.8074999999999999,0.10774680969754973
3,3.0,0.10526315789473684,0.07894736842105263,0.8375,0.11284668803292366
3,3.0,0.10526315789473684,0.10526315789473684,0.7,0.10569709078304852
3,3.0,0.10526315789473684,0.13157894736842105,0.6499999999999999,0.16417406920704622
3,3.0,0.10526315789473684,0.15789473684210525,0.5900000000000001,0.14721370520437285
3,3.0,0.10526315789473684,0.18421052631578946,0.5800000000000001,0.17735028897636448
3,3.0,0.10526315789473684,0.21052631578947367,0.5650000000000001,0.17056890103415687
3,3.0,0.10526315789473684,0.23684210526315788,0.53,0.10990052320166632
3,3.0,0.10526315789473684,0.2631578947368421,0.58,0.15222310928370897
3,3.0,0.10526315789473684,0.2894736842105263,0.5599999999999999,0.14180752800891777
3,3.0,0.10526315789473684,0.3157894736842105,0.56,0.14774344317092383
3,3.0,0.10526315789473684,0.3421052631578947,0.505,0.09462095433887781
3,3.0,0.10526315789473684,0.3684210526315789,0.47750000000000004,0.10435815732370901
3,3.0,0.10526315789473684,0.39473684210526316,0.4574999999999999,0.10990052320166632
3,3.0,0.10526315789473684,0.42105263157894735,0.43,0.09786789565531692
3,3.0,0.10526315789473684,0.4473684210526315,0.4225,0.09576990654688976
3,3.0,0.10526315789473684,0.47368421052631576,0.4025,0.06925947588597534
3,3.0,0.10526315789473684,0.5,0.39,0.06519202405202648
3,3.0,0.15789473684210525,0.0,0.8300000000000001,0.14566657131957214
3,3.0,0.15789473684210525,0.02631578947368421,0.8975,0.09937303457175896
3,3.0,0.15789473684210525,0.05263157894736842,0.8174999999999999,0.11339918430041723
3,3.0,0.15789473684210525,0.07894736842105263,0.75,0.12054563451241193
3,3.0,0.15789473684210525,0.10526315789473684,0.7175,0.07531185165696036
3,3.0,0.15789473684210525,0.13157894736842105,0.6375,0.14306903927824496
3,3.0,0.15789473684210525,0.15789473684210525,0.6625,0.08477912478906588
3,3.0,0.15789473684210525,0.18421052631578946,0.6624999999999999,0.15051993223490368
3,3.0,0.15789473684210525,0.21052631578947367,0.6875,0.16770509831248423
3,3.0,0.15789473684210525,0.23684210526315788,0.5650000000000001,0.046266888808304374
3,3.0,0.15789473684210525,0.2631578947368421,0.585,0.125436737043021
3,3.0,0.15789473684210525,0.2894736842105263,0.565,0.08403868156985805
3,3.0,0.15789473684210525,0.3157894736842105,0.525,0.09842509842514767
3,3.0,0.15789473684210525,0.3421052631578947,0.515,0.15242826181518965
3,3.0,0.15789473684210525,0.3684210526315789,0.4525,0.09937303457175894
3,3.0,0.15789473684210525,0.39473684210526316,0.44000000000000006,0.08263246940519205
3,3.0,0.15789473684210525,0.42105263157894735,0.385,0.09698582370635413
3,3.0,0.15789473684210525,0.4473684210526315,0.35,0.114564392373896
3,3.0,0.15789473684210525,0.47368421052631576,0.35,0.1
3,3.0,0.15789473684210525,0.5,0.355,0.10810874155219827
3,3.0,0.21052631578947367,0.0,0.8300000000000001,0.14566657131957214
3,3.0,0.21052631578947367,0.02631578947368421,0.875,0.09354143466934854
3,3.0,0.21052631578947367,0.05263157894736842,0.8424999999999999,0.1270457594727191
3,3.0,0.21052631578947367,0.07894736842105263,0.7449999999999999,0.11645814698852115
3,3.0,0.21052631578947367,0.10526315789473684,0.6849999999999999,0.07974568953868287
3,3.0,0.21052631578947367,0.13157894736842105,0.6825,0.06823672031978088
3,3.0,0.21052631578947367,0.15789473684210525,0.7224999999999999,0.07725768570181224
3,3.0,0.21052631578947367,0.18421052631578946,0.705,0.07426725388756476
3,3.0,0.21052631578947367,0.21052631578947367,0.6825,0.1330530909073517
3,3.0,0.21052631578947367,0.23684210526315788,0.65,0.12151388809514738
3,3.0,0.21052631578947367,0.2631578947368421,0.5575,0.06410440702479044
3,3.0,0.21052631578947367,0.2894736842105263,0.5625,0.0673145600891813
3,3.0,0.21052631578947367,0.3157894736842105,0.595,0.13767034902258365
3,3.0,0.21052631578947367,0.3421052631578947,0.4525,0.13387260735490292
3,3.0,0.21052631578947367,0.3684210526315789,0.4575,0.13480309714542915
3,3.0,0.21052631578947367,0.39473684210526316,0.44749999999999995,0.12355413793151566
3,3.0,0.21052631578947367,0.42105263157894735,0.4225,0.11367442544389655
3,3.0,0.21052631578947367,0.4473684210526315,0.4374999999999999,0.09312290266094587
3,3.0,0.21052631578947367,0.47368421052631576,0.41500000000000004,0.09937303457175896
3,3.0,0.21052631578947367,0.5,0.3625,0.09960860906568268
3,3.0,0.2631578947368421,0.0,0.8300000000000001,0.14566657131957214
3,3.0,0.2631578947368421,0.02631578947368421,0.8925000000000001,0.06937218462755805
3,3.0,0.2631578947368421,0.05263157894736842,0.8625,0.09228014412645874
3,3.0,0.2631578947368421,0.07894736842105263,0.765,0.1039831717154271
3,3.0,0.2631578947368421,0.10526315789473684,0.6824999999999999,0.07685213074469696
3,3.0,0.2631578947368421,0.13157894736842105,0.7175,0.059686681931566614
3,3.0,0.2631578947368421,0.15789473684210525,0.7775,0.03354101966249686
3,3.0,0.2631578947368421,0.18421052631578946,0.7474999999999999,0.053326822519253865
3,3.0,0.2631578947368421,0.21052631578947367,0.59,0.09074345706440769
3,3.0,0.2631578947368421,0.23684210526315788,0.625,0.14710752869924776
3,3.0,0.2631578947368421,0.2631578947368421,0.5800000000000001,0.0710413611919141
3,3.0,0.2631578947368421,0.2894736842105263,0.5525,0.15036414133695575
3,3.0,0.2631578947368421,0.3157894736842105,0.5449999999999999,0.16761190291861733
3,3.0,0.2631578947368421,0.3421052631578947,0.5125,0.15000000000000002
3,3.0,0.2631578947368421,0.3684210526315789,0.5,0.14577379737113252
3,3.0,0.2631578947368421,0.39473684210526316,0.44749999999999995,0.09897916447414579
3,3.0,0.2631578947368421,0.42105263157894735,0.445,0.1220271486186578
3,3.0,0.2631578947368421,0.4473684210526315,0.4025,0.0772576857018122
3,3.0,0.2631578947368421,0.47368421052631576,0.35749999999999993,0.11339918430041727
3,3.0,0.2631578947368421,0.5,0.33499999999999996,0.08168154626352273
3,3.0,0.3157894736842105,0.0,0.8300000000000001,0.14566657131957214
3,3.0,0.3157894736842105,0.02631578947368421,0.8925000000000001,0.06937218462755805
3,3.0,0.3157894736842105,0.05263157894736842,0.8125,0.13375584099395435
3,3.0,0.3157894736842105,0.07894736842105263,0.75,0.11792476415070756
3,3.0,0.3157894736842105,0.10526315789473684,0.6475,0.0969858237063541
3,3.0,0.3157894736842105,0.13157894736842105,0.7,0.09560661587986473
3,3.0,0.3157894736842105,0.15789473684210525,0.78,0.03601215072721984
3,3.0,0.3157894736842105,0.18421052631578946,0.7550000000000001,0.06410440702479042
3,3.0,0.3157894736842105,0.21052631578947367,0.6925,0.12266570425347095
3,3.0,0.3157894736842105,0.23684210526315788,0.6900000000000002,0.08357257325223393
3,3.0,0.3157894736842105,0.2631578947368421,0.6649999999999999,0.09658221886040931
3,3.0,0.3157894736842105,0.2894736842105263,0.555,0.07048936089935846
3,3.0,0.3157894736842105,0.3157894736842105,0.485,0.11194306588619056
3,3.0,0.3157894736842105,0.3421052631578947,0.4375,0.1444277501036418
3,3.0,0.3157894736842105,0.3684210526315789,0.3875,0.11825554955265316
3,3.0,0.3157894736842105,0.39473684210526316,0.375,0.06789237807000136
3,3.0,0.3157894736842105,0.42105263157894735,0.4225,0.11537980759214327
3,3.0,0.3157894736842105,0.4473684210526315,0.4125,0.12655285457072865
3,3.0,0.3157894736842105,0.47368421052631576,0.35000000000000003,0.09882117688026185
3,3.0,0.3157894736842105,0.5,0.32,0.06287388169979646
3,3.0,0.3684210526315789,0.0,0.8300000000000001,0.14566657131957214
3,3.0,0.3684210526315789,0.02631578947368421,0.8575000000000002,0.1210630001280325
3,3.0,0.3684210526315789,0.05263157894736842,0.8875,0.08705242673240074
3,3.0,0.3684210526315789,0.07894736842105263,0.8099999999999999,0.13032411518978365
3,3.0,0.3684210526315789,0.10526315789473684,0.7775,0.1032291141103129
3,3.0,0.3684210526315789,0.13157894736842105,0.7499999999999999,0.03644344934278314
3,3.0,0.3684210526315789,0.15789473684210525,0.7375,0.082915619758885
3,3.0,0.3684210526315789,0.18421052631578946,0.7375,0.16559551624364713
3,3.0,0.3684210526315789,0.21052631578947367,0.625,0.21268374408966942
3,3.0,0.3684210526315789,0.23684210526315788,0.6074999999999999,0.18699933154960743
3,3.0,0.3684210526315789,0.2631578947368421,0.5599999999999999,0.17397018422706806
3,3.0,0.3684210526315789,0.2894736842105263,0.49000000000000005,0.10947317022905657
3,3.0,0.3684210526315789,0.3157894736842105,0.4375,0.13258252147247768
3,3.0,0.3684210526315789,0.3421052631578947,0.43000000000000005,0.15776762975971975
3,3.0,0.3684210526315789,0.3684210526315789,0.40750000000000003,0.10738365797457267
3,3.0,0.3684210526315789,0.39473684210526316,0.42750000000000005,0.0835725732522339
3,3.0,0.3684210526315789,0.42105263157894735,0.445,0.05902859476558796
3,3.0,0.3684210526315789,0.4473684210526315,0.45,0.09270248108869578
3,3.0,0.3684210526315789,0.47368421052631576,0.4575,0.09295496221289103
3,3.0,0.3684210526315789,0.5,0.39249999999999996,0.10701927396501995
3,3.0,0.42105263157894735,0.0,0.8300000000000001,0.14566657131957214
3,3.0,0.42105263157894735,0.02631578947368421,0.8025,0.13299436078270385
3,3.0,0.42105263157894735,0.05263157894736842,0.8700000000000001,0.10954451150103321
3,3.0,0.42105263157894735,0.07894736842105263,0.8074999999999999,0.13509256086106297
3,3.0,0.42105263157894735,0.10526315789473684,0.8,0.08750000000000001
3,3.0,0.42105263157894735,0.13157894736842105,0.7899999999999999,0.08723173161183949
3,3.0,0.42105263157894735,0.15789473684210525,0.7275,0.12881673027988252
3,3.0,0.42105263157894735,0.18421052631578946,0.7675,0.11131318430446592
3,3.0,0.42105263157894735,0.21052631578947367,0.7074999999999999,0.08033134506529814
3,3.0,0.42105263157894735,0.23684210526315788,0.7324999999999999,0.20664734452685327
3,3.0,0.42105263157894735,0.2631578947368421,0.6024999999999999,0.11229147340737855
3,3.0,0.42105263157894735,0.2894736842105263,0.58,0.11779218989389749
3,3.0,0.42105263157894735,0.3157894736842105,0.5875,0.14842927608797393
3,3.0,0.42105263157894735,0.3421052631578947,0.5525,0.029843340965783297
3,3.0,0.42105263157894735,0.3684210526315789,0.45249999999999996,0.058229073494260576
3,3.0,0.42105263157894735,0.39473684210526316,0.43499999999999994,0.0736333823751157
3,3.0,0.42105263157894735,0.42105263157894735,0.37,0.08366600265340755
3,3.0,0.42105263157894735,0.4473684210526315,0.34500000000000003,0.07048936089935842
3,3.0,0.42105263157894735,0.47368421052631576,0.35,0.12930100540985753
3,3.0,0.42105263157894735,0.5,0.3525,0.12667626060158235
3,3.0,0.47368421052631576,0.0,0.8300000000000001,0.14566657131957214
3,3.0,0.47368421052631576,0.02631578947368421,0.8025,0.13299436078270385
3,3.0,0.47368421052631576,0.05263157894736842,0.85,0.09354143466934853
3,3.0,0.47368421052631576,0.07894736842105263,0.8400000000000001,0.12355413793151568
3,3.0,0.47368421052631576,0.10526315789473684,0.86,0.08023403267940606
3,3.0,0.47368421052631576,0.13157894736842105,0.7925000000000001,0.08319780646146868
3,3.0,0.47368421052631576,0.15789473684210525,0.7575,0.14646885334432025
3,3.0,0.47368421052631576,0.18421052631578946,0.7875,0.09519716382329885
3,3.0,0.47368421052631576,0.21052631578947367,0.6475000000000001,0.06149186938124423
3,3.0,0.47368421052631576,0.23684210526315788,0.6399999999999999,0.16379293330299693
3,3.0,0.47368421052631576,0.2631578947368421,0.6625,0.14388580541526672
3,3.0,0.47368421052631576,0.2894736842105263,0.6475,0.17884175966479418
3,3.0,0.47368421052631576,0.3157894736842105,0.675,0.11180339887498947
3,3.0,0.47368421052631576,0.3421052631578947,0.6224999999999999,0.07925433742073676
3,3.0,0.47368421052631576,0.3684210526315789,0.4625,0.15662455107677087
3,3.0,0.47368421052631576,0.39473684210526316,0.4625,0.17875437057593865
3,3.0,0.47368421052631576,0.42105263157894735,0.395,0.10480636908127293
3,3.0,0.47368421052631576,0.4473684210526315,0.385,0.1020875849454771
3,3.0,0.47368421052631576,0.47368421052631576,0.4,0.12215512678557539
3,3.0,0.47368421052631576,0.5,0.41,0.10803645218165948
3,3.0,0.5263157894736842,0.0,0.8300000000000001,0.14566657131957214
3,3.0,0.5263157894736842,0.02631578947368421,0.8025,0.13299436078270385
3,3.0,0.5263157894736842,0.05263157894736842,0.85,0.09354143466934853
3,3.0,0.5263157894736842,0.07894736842105263,0.8074999999999999,0.1029259442511945
3,3.0,0.5263157894736842,0.10526315789473684,0.8225,0.06696547617989437
3,3.0,0.5263157894736842,0.13157894736842105,0.7925000000000001,0.16022445194164342
3,3.0,0.5263157894736842,0.15789473684210525,0.775,0.1653594569415369
3,3.0,0.5263157894736842,0.18421052631578946,0.7625,0.1479019945774904
3,3.0,0.5263157894736842,0.21052631578947367,0.725,0.08244316223920577
3,3.0,0.5263157894736842,0.23684210526315788,0.625,0.13947446002763372
3,3.0,0.5263157894736842,0.2631578947368421,0.6,0.13375584099395435
3,3.0,0.5263157894736842,0.2894736842105263,0.55,0.1457737973711325
3,3.0,0.5263157894736842,0.3157894736842105,0.6275,0.1567242801865748
3,3.0,0.5263157894736842,0.3421052631578947,0.55,0.10569709078304851
3,3.0,0.5263157894736842,0.3684210526315789,0.40750000000000003,0.11510864433221336
3,3.0,0.5263157894736842,0.39473684210526316,0.4,0.14059027349002493
3,3.0,0.5263157894736842,0.42105263157894735,0.3875,0.11625672023586421
3,3.0,0.5263157894736842,0.4473684210526315,0.34750000000000003,0.11333026956643139
3,3.0,0.5263157894736842,0.47368421052631576,0.3525,0.1309222097277616
3,3.0,0.5263157894736842,0.5,0.3625,0.12279301690242814
3,3.0,0.5789473684210527,0.0,0.8300000000000001,0.14566657131957214
3,3.0,0.5789473684210527,0.02631578947368421,0.85,0.11759304826391737
3,3.0,0.5789473684210527,0.05263157894736842,0.8474999999999999,0.09329054078522644
3,3.0,0.5789473684210527,0.07894736842105263,0.82,0.1036822067666386
3,3.0,0.5789473684210527,0.10526315789473684,0.8125,0.06059599821770412
3,3.0,0.5789473684210527,0.13157894736842105,0.7350000000000001,0.17419457511644845
3,3.0,0.5789473684210527,0.15789473684210525,0.7775000000000001,0.16756528578437718
3,3.0,0.5789473684210527,0.18421052631578946,0.7375,0.13110110602126895
3,3.0,0.5789473684210527,0.21052631578947367,0.7224999999999999,0.0872317316118395
3,3.0,0.5789473684210527,0.23684210526315788,0.665,0.16568984579629495
3,3.0,0.5789473684210527,0.2631578947368421,0.5375,0.11825554955265312
3,3.0,0.5789473684210527,0.2894736842105263,0.4875,0.08705242673240074
3,3.0,0.5789473684210527,0.3157894736842105,0.6024999999999999,0.14694812009685596
3,3.0,0.5789473684210527,0.3421052631578947,0.5,0.07015607600201139
3,3.0,0.5789473684210527,0.3684210526315789,0.47000000000000003,0.09039842365882271
3,3.0,0.5789473684210527,0.39473684210526316,0.45999999999999996,0.12355413793151568
3,3.0,0.5789473684210527,0.42105263157894735,0.44749999999999995,0.10435815732370901
3,3.0,0.5789473684210527,0.4473684210526315,0.375,0.09960860906568268
3,3.0,0.5789473684210527,0.47368421052631576,0.3825,0.1181233465492745
3,3.0,0.5789473684210527,0.5,0.39,0.1206751838614717
3,3.0,0.631578947368421,0.0,0.8300000000000001,0.14566657131957214
3,3.0,0.631578947368421,0.02631578947368421,0.85,0.11759304826391737
3,3.0,0.631578947368421,0.05263157894736842,0.865,0.10694624818103719
3,3.0,0.631578947368421,0.07894736842105263,0.7925,0.1261199825562944
3,3.0,0.631578947368421,0.10526315789473684,0.7950000000000002,0.07885905147793752
3,3.0,0.631578947368421,0.13157894736842105,0.71,0.1306235047761313
3,3.0,0.631578947368421,0.15789473684210525,0.7575000000000001,0.09625811654089228
3,3.0,0.631578947368421,0.18421052631578946,0.7325000000000002,0.10216408370851272
3,3.0,0.631578947368421,0.21052631578947367,0.6399999999999999,0.06398241946034863
3,3.0,0.631578947368421,0.23684210526315788,0.625,0.158607219255619
3,3.0,0.631578947368421,0.2631578947368421,0.5449999999999999,0.13422229695546117
3,3.0,0.631578947368421,0.2894736842105263,0.51,0.09698582370635411
3,3.0,0.631578947368421,0.3157894736842105,0.6425,0.13509256086106294
3,3.0,0.631578947368421,0.3421052631578947,0.5325,0.051991585857713546
3,3.0,0.631578947368421,0.3684210526315789,0.4925,0.06649718039135191
3,3.0,0.631578947368421,0.39473684210526316,0.4575,0.0812980627075455
3,3.0,0.631578947368421,0.42105263157894735,0.49250000000000005,0.10023410098364727
3,3.0,0.631578947368421,0.4473684210526315,0.42750000000000005,0.08023403267940603
3,3.0,0.631578947368421,0.47368421052631576,0.4,0.07180703308172533
3,3.0,0.631578947368421,0.5,0.395,0.07786205751198716
3,3.0,0.6842105263157894,0.0,0.8300000000000001,0.14566657131957214
3,3.0,0.6842105263157894,0.02631578947368421,0.85,0.11759304826391737
3,3.0,0.6842105263157894,0.05263157894736842,0.8099999999999999,0.08987839006123774
3,3.0,0.6842105263157894,0.07894736842105263,0.85,0.09354143466934854
3,3.0,0.6842105263157894,0.10526315789473684,0.8425,0.0812980627075455
3,3.0,0.6842105263157894,0.13157894736842105,0.755,0.13908181045701123
3,3.0,0.6842105263157894,0.15789473684210525,0.8300000000000001,0.08687275176947028
3,3.0,0.6842105263157894,0.18421052631578946,0.7725000000000002,0.059555646247857946
3,3.0,0.6842105263157894,0.21052631578947367,0.7374999999999999,0.0956066158798647
3,3.0,0.6842105263157894,0.23684210526315788,0.7425,0.16969642011545205
3,3.0,0.6842105263157894,0.2631578947368421,0.5375,0.13258252147247768
3,3.0,0.6842105263157894,0.2894736842105263,0.5475000000000001,0.09495064507416472
3,3.0,0.6842105263157894,0.3157894736842105,0.6025,0.07675040716504376
3,3.0,0.6842105263157894,0.3421052631578947,0.40750000000000003,0.12170661444638085
3,3.0,0.6842105263157894,0.3684210526315789,0.4325,0.14911195458446647
3,3.0,0.6842105263157894,0.39473684210526316,0.3925,0.13127975853116125
3,3.0,0.6842105263157894,0.42105263157894735,0.44000000000000006,0.1297232631411961
3,3.0,0.6842105263157894,0.4473684210526315,0.365,0.0945383520059452
3,3.0,0.6842105263157894,0.47368421052631576,0.3675,0.09544304584410537
3,3.0,0.6842105263157894,0.5,0.3925,0.11236102527122116
3,3.0,0.7368421052631579,0.0,0.8300000000000001,0.14566657131957214
3,3.0,0.7368421052631579,0.02631578947368421,0.8625,0.12086924753633572
3,3.0,0.7368421052631579,0.05263157894736842,0.825,0.1034559084827928
3,3.0,0.7368421052631579,0.07894736842105263,0.865,0.09897916447414577
3,3.0,0.7368421052631579,0.10526315789473684,0.825,0.09478594305064439
3,3.0,0.7368421052631579,0.13157894736842105,0.65,0.09642030387838445
3,3.0,0.7368421052631579,0.15789473684210525,0.7775000000000001,0.22245083726522588
3,3.0,0.7368421052631579,0.18421052631578946,0.7425,0.164078868231104
3,3.0,0.7368421052631579,0.21052631578947367,0.65,0.1860359508267152
3,3.0,0.7368421052631579,0.23684210526315788,0.6375,0.15637495003996005
3,3.0,0.7368421052631579,0.2631578947368421,0.5700000000000001,0.13908181045701123
3,3.0,0.7368421052631579,0.2894736842105263,0.48250000000000004,0.12456173168353113
3,3.0,0.7368421052631579,0.3157894736842105,0.47750000000000004,0.0981866844332774
3,3.0,0.7368421052631579,0.3421052631578947,0.47750000000000004,0.09329054078522644
3,3.0,0.7368421052631579,0.3684210526315789,0.5549999999999999,0.13216939887886303
3,3.0,0.7368421052631579,0.39473684210526316,0.44250000000000006,0.1174600996083351
3,3.0,0.7368421052631579,0.42105263157894735,0.495,0.0912585612422199
3,3.0,0.7368421052631579,0.4473684210526315,0.4250000000000001,0.14197270864500686
3,3.0,0.7368421052631579,0.47368421052631576,0.41500000000000004,0.10584481565008273
3,3.0,0.7368421052631579,0.5,0.4375,0.12054563451241193
3,3.0,0.7894736842105263,0.0,0.8300000000000001,0.14566657131957214
3,3.0,0.7894736842105263,0.02631578947368421,0.8625,0.12086924753633572
3,3.0,0.7894736842105263,0.05263157894736842,0.825,0.1034559084827928
3,3.0,0.7894736842105263,0.07894736842105263,0.8125,0.13169567191065923
3,3.0,0.7894736842105263,0.10526315789473684,0.8375,0.09354143466934857
3,3.0,0.7894736842105263,0.13157894736842105,0.6499999999999999,0.11075028216668346
3,3.0,0.7894736842105263,0.15789473684210525,0.73,0.2544295089017782
3,3.0,0.7894736842105263,0.18421052631578946,0.665,0.125436737043021
3,3.0,0.7894736842105263,0.21052631578947367,0.6275,0.14721370520437285
3,3.0,0.7894736842105263,0.23684210526315788,0.6475,0.1519148610241934
3,3.0,0.7894736842105263,0.2631578947368421,0.5775,0.15845937965295712
3,3.0,0.7894736842105263,0.2894736842105263,0.4875,0.11388041973930375
3,3.0,0.7894736842105263,0.3157894736842105,0.51,0.09818668443327738
3,3.0,0.7894736842105263,0.3421052631578947,0.5075000000000001,0.09168560410446124
3,3.0,0.7894736842105263,0.3684210526315789,0.5574999999999999,0.11339918430041726
3,3.0,0.7894736842105263,0.39473684210526316,0.465,0.1150407536484354
3,3.0,0.7894736842105263,0.42105263157894735,0.45999999999999996,0.11229147340737854
3,3.0,0.7894736842105263,0.4473684210526315,0.44000000000000006,0.1384625400604799
3,3.0,0.7894736842105263,0.47368421052631576,0.41000000000000003,0.10170422803403996
3,3.0,0.7894736842105263,0.5,0.40499999999999997,0.09786789565531691
3,3.0,0.8421052631578947,0.0,0.8300000000000001,0.14566657131957214
3,3.0,0.8421052631578947,0.02631578947368421,0.8625,0.12086924753633572
3,3.0,0.8421052631578947,0.05263157894736842,0.8375,0.11075028216668344
3,3.0,0.8421052631578947,0.07894736842105263,0.82,0.13363897260904095
3,3.0,0.8421052631578947,0.10526315789473684,0.8625,0.1053268721647045
3,3.0,0.8421052631578947,0.13157894736842105,0.76,0.195935257164197
3,3.0,0.8421052631578947,0.15789473684210525,0.5650000000000001,0.10093314619093176
3,3.0,0.8421052631578947,0.18421052631578946,0.6275000000000001,0.18101277579220756
3,3.0,0.8421052631578947,0.21052631578947367,0.71,0.18273101816604645
3,3.0,0.8421052631578947,0.23684210526315788,0.6849999999999999,0.17927806614307285
3,3.0,0.8421052631578947,0.2631578947368421,0.6375,0.17809758560968758
3,3.0,0.8421052631578947,0.2894736842105263,0.47000000000000003,0.09544304584410539
3,3.0,0.8421052631578947,0.3157894736842105,0.4800000000000001,0.10178101492911143
3,3.0,0.8421052631578947,0.3421052631578947,0.5824999999999999,0.17580173491749165
3,3.0,0.8421052631578947,0.3684210526315789,0.5075,0.09503288904374103
3,3.0,0.8421052631578947,0.39473684210526316,0.4225,0.05548085255293035
3,3.0,0.8421052631578947,0.42105263157894735,0.48500000000000004,0.13958644275143628
3,3.0,0.8421052631578947,0.4473684210526315,0.47000000000000003,0.1385189517719507
3,3.0,0.8421052631578947,0.47368421052631576,0.385,0.08023403267940606
3,3.0,0.8421052631578947,0.5,0.37,0.08505512918102
3,3.0,0.894736842105263,0.0,0.8300000000000001,0.14566657131957214
3,3.0,0.894736842105263,0.02631578947368421,0.8625,0.12086924753633572
3,3.0,0.894736842105263,0.05263157894736842,0.8375,0.11075028216668344
3,3.0,0.894736842105263,0.07894736842105263,0.8225,0.13589977924926885
3,3.0,0.894736842105263,0.10526315789473684,0.825,0.15103807466993216
3,3.0,0.894736842105263,0.13157894736842105,0.79,0.18101277579220756
3,3.0,0.894736842105263,0.15789473684210525,0.5974999999999999,0.055480852552930386
3,3.0,0.894736842105263,0.18421052631578946,0.6674999999999999,0.15577427579674383
3,3.0,0.894736842105263,0.21052631578947367,0.7825,0.05902859476558797
3,3.0,0.894736842105263,0.23684210526315788,0.7499999999999999,0.09478594305064439
3,3.0,0.894736842105263,0.2631578947368421,0.665,0.1321102759061535
3,3.0,0.894736842105263,0.2894736842105263,0.5,0.08052561704203205
3,3.0,0.894736842105263,0.3157894736842105,0.4875,0.0931229026609459
3,3.0,0.894736842105263,0.3421052631578947,0.5800000000000001,0.1795393410926976
3,3.0,0.894736842105263,0.3684210526315789,0.505,0.09945162140458041
3,3.0,0.894736842105263,0.39473684210526316,0.43499999999999994,0.0487339717240448
3,3.0,0.894736842105263,0.42105263157894735,0.5025000000000001,0.12067518386147169
3,3.0,0.894736842105263,0.4473684210526315,0.48500000000000004,0.12574776339959293
3,3.0,0.894736842105263,0.47368421052631576,0.385,0.08023403267940606
3,3.0,0.894736842105263,0.5,0.39499999999999996,0.06033759193073585
3,3.0,0.9473684210526315,0.0,0.8300000000000001,0.14566657131957214
3,3.0,0.9473684210526315,0.02631578947368421,0.8875,0.11759304826391737
3,3.0,0.9473684210526315,0.05263157894736842,0.82,0.09984362773857929
3,3.0,0.9473684210526315,0.07894736842105263,0.805,0.12456173168353113
3,3.0,0.9473684210526315,0.10526315789473684,0.86,0.1069462481810372
3,3.0,0.9473684210526315,0.13157894736842105,0.76,0.18882862600781697
3,3.0,0.9473684210526315,0.15789473684210525,0.615,0.06020797289396149
3,3.0,0.9473684210526315,0.18421052631578946,0.7049999999999998,0.17107198777123042
3,3.0,0.9473684210526315,0.21052631578947367,0.6825,0.17690922813691773
3,3.0,0.9473684210526315,0.23684210526315788,0.7374999999999999,0.13891319231808044
3,3.0,0.9473684210526315,0.2631578947368421,0.6900000000000001,0.1373294396697227
3,3.0,0.9473684210526315,0.2894736842105263,0.49250000000000005,0.09706634329158591
3,3.0,0.9473684210526315,0.3157894736842105,0.5050000000000001,0.10216408370851277
3,3.0,0.9473684210526315,0.3421052631578947,0.54,0.08403868156985804
3,3.0,0.9473684210526315,0.3684210526315789,0.5375,0.07705517503711218
3,3.0,0.9473684210526315,0.39473684210526316,0.4375,0.05796011559684812
3,3.0,0.9473684210526315,0.42105263157894735,0.47250000000000003,0.1445358951956226
3,3.0,0.9473684210526315,0.4473684210526315,0.4525,0.15165750888103102
3,3.0,0.9473684210526315,0.47368421052631576,0.4,0.08385254915624213
3,3.0,0.9473684210526315,0.5,0.3725,0.07256462636849996
3,3.0,1.0,0.0,0.8300000000000001,0.14566657131957214
3,3.0,1.0,0.02631578947368421,0.8875,0.11759304826391737
3,3.0,1.0,0.05263157894736842,0.82,0.09984362773857929
3,3.0,1.0,0.07894736842105263,0.8550000000000001,0.0998436277385793
3,3.0,1.0,0.10526315789473684,0.805,0.10701927396501999
3,3.0,1.0,0.13157894736842105,0.8125,0.13491895715576813
3,3.0,1.0,0.15789473684210525,0.7325,0.11812334654927448
3,3.0,1.0,0.18421052631578946,0.76,0.15446480181581823
3,3.0,1.0,0.21052631578947367,0.71,0.17752640648647178
3,3.0,1.0,0.23684210526315788,0.735,0.15771810295587504
3,3.0,1.0,0.2631578947368421,0.6925000000000001,0.14020074892809956
3,3.0,1.0,0.2894736842105263,0.5425,0.1542623576897488
3,3.0,1.0,0.3157894736842105,0.5525,0.1445358951956226
3,3.0,1.0,0.3421052631578947,0.5624999999999999,0.09395810236483067
3,3.0,1.0,0.3684210526315789,0.5075000000000001,0.07634215742301234
3,3.0,1.0,0.39473684210526316,0.5225,0.07675040716504376
3,3.0,1.0,0.42105263157894735,0.48,0.12298373876248843
3,3.0,1.0,0.4473684210526315,0.44000000000000006,0.14561292868423464
3,3.0,1.0,0.47368421052631576,0.4025,0.11089127558108439
3,3.0,1.0,0.5,0.365,0.0757256561543048
5,0.0,0.0,0.0,0.9275,0.04183300132670377
5,0.0,0.0,0.02631578947368421,0.7775000000000001,0.10510411504788954
5,0.0,0.0,0.05263157894736842,0.7649999999999999,0.11333026956643134
5,0.0,0.0,0.07894736842105263,0.72,0.08459462157844312
5,0.0,0.0,0.10526315789473684,0.74,0.0752080447824566
5,0.0,0.0,0.13157894736842105,0.78,0.11943879185591254
5,0.0,0.0,0.15789473684210525,0.71,0.10875718367078104
5,0.0,0.0,0.18421052631578946,0.7200000000000001,0.11679308626798078
5,0.0,0.0,0.21052631578947367,0.7224999999999999,0.125124937562422
5,0.0,0.0,0.23684210526315788,0.6775,0.1136744254438966
5,0.0,0.0,0.2631578947368421,0.6625,0.08291561975888499
5,0.0,0.0,0.2894736842105263,0.6950000000000001,0.08865311613248573
5,0.0,0.0,0.3157894736842105,0.675,0.07071067811865477
5,0.0,0.0,0.3421052631578947,0.665,0.092449310435503
5,0.0,0.0,0.3684210526315789,0.6175,0.05700877125495692
5,0.0,0.0,0.39473684210526316,0.5674999999999999,0.06993300365349682
5,0.0,0.0,0.42105263157894735,0.595,0.09039842365882272
5,0.0,0.0,0.4473684210526315,0.5874999999999999,0.07288689868556628
5,0.0,0.0,0.47368421052631576,0.5525,0.07256462636849995
5,0.0,0.0,0.5,0.5525,0.07256462636849995
5,0.0,0.05263157894736842,0.0,0.9275,0.04183300132670377
5,0.0,0.05263157894736842,0.02631578947368421,0.7775000000000001,0.10510411504788954
5,0.0,0.05263157894736842,0.05263157894736842,0.7649999999999999,0.11333026956643134
5,0.0,0.05263157894736842,0.07894736842105263,0.72,0.08459462157844312
5,0.0,0.05263157894736842,0.10526315789473684,0.7525000000000001,0.08900491559458948
5,0.0,0.05263157894736842,0.13157894736842105,0.7875,0.1221551267855754
5,0.0,0.05263157894736842,0.15789473684210525,0.6575,0.08505512918102
5,0.0,0.05263157894736842,0.18421052631578946,0.6675000000000001,0.10178101492911142
5,0.0,0.05263157894736842,0.21052631578947367,0.6824999999999999,0.10443299287102711
5,0.0,0.05263157894736842,0.23684210526315788,0.6799999999999999,0.1120128340860993
5,0.0,0.05263157894736842,0.2631578947368421,0.6575,0.09082951062292473
5,0.0,0.05263157894736842,0.2894736842105263,0.645,0.09625811654089228
5,0.0,0.05263157894736842,0.3157894736842105,0.6125,0.09842509842514763
5,0.0,0.05263157894736842,0.3421052631578947,0.6200000000000001,0.06823672031978088
5,0.0,0.05263157894736842,0.3684210526315789,0.5925,0.0841315933523192
5,0.0,0.05263157894736842,0.39473684210526316,0.5449999999999999,0.056319401630344046
5,0.0,0.05263157894736842,0.42105263157894735,0.5575,0.07373940601876315
5,0.0,0.05263157894736842,0.4473684210526315,0.5399999999999999,0.06812213296719356
5,0.0,0.05263157894736842,0.47368421052631576,0.535,0.08120190884455857
5,0.0,0.05263157894736842,0.5,0.5375,0.08615030470056391
5,0.0,0.10526315789473684,0.0,0.9275,0.04183300132670377
5,0.0,0.10526315789473684,0.02631578947368421,0.7875,0.11825554955265313
5,0.0,0.10526315789473684,0.05263157894736842,0.7775,0.1244989959798873
5,0.0,0.10526315789473684,0.07894736842105263,0.75,0.06312190586476296
5,0.0,0.10526315789473684,0.10526315789473684,0.7925000000000001,0.07213269023126753
5,0.0,0.10526315789473684,0.13157894736842105,0.7224999999999999,0.10131942064579723
5,0.0,0.10526315789473684,0.15789473684210525,0.6825,0.13363897260904092
5,0.0,0.10526315789473684,0.18421052631578946,0.6649999999999999,0.10875718367078105
5,0.0,0.10526315789473684,0.21052631578947367,0.635,0.04541475531146241
5,0.0,0.10526315789473684,0.23684210526315788,0.6725,0.06398241946034862
5,0.0,0.10526315789473684,0.2631578947368421,0.665,0.09495064507416469
5,0.0,0.10526315789473684,0.2894736842105263,0.6575,0.09984362773857927
5,0.0,0.10526315789473684,0.3157894736842105,0.635,0.09937303457175896
5,0.0,0.10526315789473684,0.3421052631578947,0.635,0.06812213296719358
5,0.0,0.10526315789473684,0.3684210526315789,0.5875,0.10495534764841664
5,0.0,0.10526315789473684,0.39473684210526316,0.5750000000000001,0.04419417382415923
5,0.0,0.10526315789473684,0.42105263157894735,0.53,0.04201934078492902
5,0.0,0.10526315789473684,0.4473684210526315,0.525,0.05519850541454902
5,0.0,0.10526315789473684,0.47368421052631576,0.5175,0.05273755777432246
5,0.0,0.10526315789473684,0.5,0.5175,0.05273755777432246
5,0.0,0.15789473684210525,0.0,0.9275,0.04183300132670377
5,0.0,0.15789473684210525,0.02631578947368421,0.7875,0.11825554955265313
5,0.0,0.15789473684210525,0.05263157894736842,0.7775,0.1244989959798873
5,0.0,0.15789473684210525,0.07894736842105263,0.75,0.06312190586476296
5,0.0,0.15789473684210525,0.10526315789473684,0.8025,0.08987839006123775
5,0.0,0.15789473684210525,0.13157894736842105,0.77,0.10216408370851275
5,0.0,0.15789473684210525,0.15789473684210525,0.7224999999999999,0.13958644275143628
5,0.0,0.15789473684210525,0.18421052631578946,0.6725,0.11159357060332822
5,0.0,0.15789473684210525,0.21052631578947367,0.6575,0.07479137650825797
5,0.0,0.15789473684210525,0.23684210526315788,0.6599999999999999,0.08450221890577786
5,0.0,0.15789473684210525,0.2631578947368421,0.6425,0.08129806270754547
5,0.0,0.15789473684210525,0.2894736842105263,0.6074999999999999,0.07426725388756475
5,0.0,0.15789473684210525,0.3157894736842105,0.6325000000000001,0.09503288904374108
5,0.0,0.15789473684210525,0.3421052631578947,0.6649999999999999,0.05955564624785799
5,0.0,0.15789473684210525,0.3684210526315789,0.6325,0.09168560410446125
5,0.0,0.15789473684210525,0.39473684210526316,0.5875,0.09100137361600649
5,0.0,0.15789473684210525,0.42105263157894735,0.5525,0.10015612812005066
5,0.0,0.15789473684210525,0.4473684210526315,0.5650000000000001,0.11470069746954464
5,0.0,0.15789473684210525,0.47368421052631576,0.5575,0.1167930862679808
5,0.0,0.15789473684210525,0.5,0.5225000000000001,0.07675040716504378
5,0.0,0.21052631578947367,0.0,0.9275,0.04183300132670377
5,0.0,0.21052631578947367,0.02631578947368421,0.8099999999999999,0.12292019768939522
5,0.0,0.21052631578947367,0.05263157894736842,0.7875,0.1331704734541407
5,0.0,0.21052631578947367,0.07894736842105263,0.7575000000000001,0.07213269023126755
5,0.0,0.21052631578947367,0.10526315789473684,0.82,0.08366600265340758
5,0.0,0.21052631578947367,0.13157894736842105,0.7699999999999999,0.09666307464590602
5,0.0,0.21052631578947367,0.15789473684210525,0.7375,0.11422291801560666
5,0.0,0.21052631578947367,0.18421052631578946,0.7175,0.07634215742301237
5,0.0,0.21052631578947367,0.21052631578947367,0.6625,0.10643366478704004
5,0.0,0.21052631578947367,0.23684210526315788,0.6449999999999999,0.09585144756340411
5,0.0,0.21052631578947367,0.2631578947368421,0.6449999999999999,0.038119876704942254
5,0.0,0.21052631578947367,0.2894736842105263,0.625,0.05077524002897474
5,0.0,0.21052631578947367,0.3157894736842105,0.6725,0.08071942145481469
5,0.0,0.21052631578947367,0.3421052631578947,0.6849999999999999,0.0872317316118395
5,0.0,0.21052631578947367,0.3684210526315789,0.6525000000000001,0.05548085255293038
5,0.0,0.21052631578947367,0.39473684210526316,0.5575,0.10139649895336623
5,0.0,0.21052631578947367,0.42105263157894735,0.54,0.08542174781634945
5,0.0,0.21052631578947367,0.4473684210526315,0.495,0.048088460154178364
5,0.0,0.21052631578947367,0.47368421052631576,0.495,0.048088460154178364
5,0.0,0.21052631578947367,0.5,0.4925,0.04472135954999578
5,0.0,0.2631578947368421,0.0,0.9275,0.04183300132670377
5,0.0,0.2631578947368421,0.02631578947368421,0.8099999999999999,0.12292019768939522
5,0.0,0.2631578947368421,0.05263157894736842,0.8,0.12716868718359875
5,0.0,0.2631578947368421,0.07894736842105263,0.7875,0.10861341998114231
5,0.0,0.2631578947368421,0.10526315789473684,0.8274999999999999,0.09244931043550299
5,0.0,0.2631578947368421,0.13157894736842105,0.7725,0.12099845040330061
5,0.0,0.2631578947368421,0.15789473684210525,0.7424999999999999,0.11131318430446592
5,0.0,0.2631578947368421,0.18421052631578946,0.72,0.15451537140362442
5,0.0,0.2631578947368421,0.21052631578947367,0.7000000000000001,0.1100426053853688
5,0.0,0.2631578947368421,0.23684210526315788,0.6825,0.1106091090281447
5,0.0,0.2631578947368421,0.2631578947368421,0.6825,0.1181233465492745
5,0.0,0.2631578947368421,0.2894736842105263,0.63,0.05631940163034406
5,0.0,0.2631578947368421,0.3157894736842105,0.6175,0.11544749889018817
5,0.0,0.2631578947368421,0.3421052631578947,0.5925,0.07836214009328743
5,0.0,0.2631578947368421,0.3684210526315789,0.6174999999999999,0.1081087415521983
5,0.0,0.2631578947368421,0.39473684210526316,0.605,0.09746794344808966
5,0.0,0.2631578947368421,0.42105263157894735,0.5225000000000001,0.059555646247857995
5,0.0,0.2631578947368421,0.4473684210526315,0.5,0.06731456008918131
5,0.0,0.2631578947368421,0.47368421052631576,0.505,0.07104136119191413
5,0.0,0.2631578947368421,0.5,0.46749999999999997,0.06531175238806566
5,0.0,0.3157894736842105,0.0,0.9275,0.04183300132670377
5,0.0,0.3157894736842105,0.02631578947368421,0.8099999999999999,0.12292019768939522
5,0.0,0.3157894736842105,0.05263157894736842,0.8099999999999999,0.1094731702290566
5,0.0,0.3157894736842105,0.07894736842105263,0.8099999999999999,0.12820881404958087
5,0.0,0.3157894736842105,0.10526315789473684,0.8125,0.07447734554883116
5,0.0,0.3157894736842105,0.13157894736842105,0.78,0.11746009960833508
5,0.0,0.3157894736842105,0.15789473684210525,0.755,0.10701927396501995
5,0.0,0.3157894736842105,0.18421052631578946,0.7175,0.1535008143300875
5,0.0,0.3157894736842105,0.21052631578947367,0.7225,0.11571786811033118
5,0.0,0.3157894736842105,0.23684210526315788,0.705,0.11442792491345809
5,0.0,0.3157894736842105,0.2631578947368421,0.6499999999999999,0.10269797953221865
5,0.0,0.3157894736842105,0.2894736842105263,0.6725000000000001,0.07776165507497897
5,0.0,0.3157894736842105,0.3157894736842105,0.625,0.0618718433538229
5,0.0,0.3157894736842105,0.3421052631578947,0.62,0.1415869873964412
5,0.0,0.3157894736842105,0.3684210526315789,0.61,0.12002603884157804
5,0.0,0.3157894736842105,0.39473684210526316,0.56,0.06519202405202647
5,0.0,0.3157894736842105,0.42105263157894735,0.5650000000000001,0.06869315832017042
5,0.0,0.3157894736842105,0.4473684210526315,0.5375000000000001,0.02795084971874736
5,0.0,0.3157894736842105,0.47368421052631576,0.55,0.030618621784789708
5,0.0,0.3157894736842105,0.5,0.5175000000000001,0.07885905147793752
5,0.0,0.3684210526315789,0.0,0.9275,0.04183300132670377
5,0.0,0.3684210526315789,0.02631578947368421,0.8300000000000001,0.14047909097086297
5,0.0,0.3684210526315789,0.05263157894736842,0.8174999999999999,0.11911129249571596
5,0.0,0.3684210526315789,0.07894736842105263,0.8099999999999999,0.12820881404958087
5,0.0,0.3684210526315789,0.10526315789473684,0.875,0.0875
5,0.0,0.3684210526315789,0.13157894736842105,0.775,0.179843682124227
5,0.0,0.3684210526315789,0.15789473684210525,0.7325,0.14103412707568336
5,0.0,0.3684210526315789,0.18421052631578946,0.74,0.13299436078270385
5,0.0,0.3684210526315789,0.21052631578947367,0.7449999999999999,0.08505512918102
5,0.0,0.3684210526315789,0.23684210526315788,0.7175,0.07885905147793755
5,0.0,0.3684210526315789,0.2631578947368421,0.7425,0.06531175238806568
5,0.0,0.3684210526315789,0.2894736842105263,0.6625,0.09601432184835759
5,0.0,0.3684210526315789,0.3157894736842105,0.6075,0.07786205751198717
5,0.0,0.3684210526315789,0.3421052631578947,0.6625,0.11924240017711822
5,0.0,0.3684210526315789,0.3684210526315789,0.5800000000000001,0.08225341938181051
5,0.0,0.3684210526315789,0.39473684210526316,0.5599999999999999,0.06085330722319041
5,0.0,0.3684210526315789,0.42105263157894735,0.5475,0.06637959023675875
5,0.0,0.3684210526315789,0.4473684210526315,0.5349999999999999,0.06085330722319043
5,0.0,0.3684210526315789,0.47368421052631576,0.525,0.05077524002897476
5,0.0,0.3684210526315789,0.5,0.47750000000000004,0.06578848683470385
5,0.0,0.42105263157894735,0.0,0.9275,0.04183300132670377
5,0.0,0.42105263157894735,0.02631578947368421,0.8775000000000001,0.07202430145443968
5,0.0,0.42105263157894735,0.05263157894736842,0.8699999999999999,0.08732124598286489
5,0.0,0.42105263157894735,0.07894736842105263,0.79,0.08587782018658834
5,0.0,0.42105263157894735,0.10526315789473684,0.8200000000000001,0.10178101492911144
5,0.0,0.42105263157894735,0.13157894736842105,0.725,0.12899854650343934
5,0.0,0.42105263157894735,0.15789473684210525,0.7024999999999999,0.11229147340737851
5,0.0,0.42105263157894735,0.18421052631578946,0.72,0.10101051925418461
5,0.0,0.42105263157894735,0.21052631578947367,0.74,0.07147989227747899
5,0.0,0.42105263157894735,0.23684210526315788,0.745,0.11878289018204599
5,0.0,0.42105263157894735,0.2631578947368421,0.7500000000000001,0.1152443057161611
5,0.0,0.42105263157894735,0.2894736842105263,0.6799999999999999,0.11060910902814469
5,0.0,0.42105263157894735,0.3157894736842105,0.625,0.075
5,0.0,0.42105263157894735,0.3421052631578947,0.7324999999999999,0.0921106671347027
5,0.0,0.42105263157894735,0.3684210526315789,0.6125,0.12405895775799508
5,0.0,0.42105263157894735,0.39473684210526316,0.51,0.09160035480280632
5,0.0,0.42105263157894735,0.42105263157894735,0.48250000000000004,0.06471089552772394
5,0.0,0.42105263157894735,0.4473684210526315,0.5125,0.1
5,0.0,0.42105263157894735,0.47368421052631576,0.4875,0.10420832500333169
5,0.0,0.42105263157894735,0.5,0.44000000000000006,0.05332682251925386
5,0.0,0.47368421052631576,0.0,0.9275,0.04183300132670377
5,0.0,0.47368421052631576,0.02631578947368421,0.9075000000000001,0.044721359549995815
5,0.0,0.47368421052631576,0.05263157894736842,0.9,0.07071067811865474
5,0.0,0.47368421052631576,0.07894736842105263,0.7875,0.08660254037844387
5,0.0,0.47368421052631576,0.10526315789473684,0.8200000000000001,0.10178101492911144
5,0.0,0.47368421052631576,0.13157894736842105,0.7074999999999999,0.1388006664249131
5,0.0,0.47368421052631576,0.15789473684210525,0.7375,0.16840241981634346
5,0.0,0.47368421052631576,0.18421052631578946,0.6950000000000001,0.09706634329158587
5,0.0,0.47368421052631576,0.21052631578947367,0.7200000000000001,0.09420721840708386
5,0.0,0.47368421052631576,0.23684210526315788,0.675,0.0918558653543692
5,0.0,0.47368421052631576,0.2631578947368421,0.6050000000000001,0.14832396974191325
5,0.0,0.47368421052631576,0.2894736842105263,0.61,0.15622499799967995
5,0.0,0.47368421052631576,0.3157894736842105,0.5675,0.1506755620530416
5,0.0,0.47368421052631576,0.3421052631578947,0.635,0.20046820196729456
5,0.0,0.47368421052631576,0.3684210526315789,0.5875,0.13778379803155377
5,0.0,0.47368421052631576,0.39473684210526316,0.5075000000000001,0.0998436277385793
5,0.0,0.47368421052631576,0.42105263157894735,0.49000000000000005,0.08900491559458952
5,0.0,0.47368421052631576,0.4473684210526315,0.53,0.13305309090735173
5,0.0,0.47368421052631576,0.47368421052631576,0.445,0.05968668193156661
5,0.0,0.47368421052631576,0.5,0.44000000000000006,0.05332682251925386
5,0.0,0.5263157894736842,0.0,0.9275,0.04183300132670377
5,0.0,0.5263157894736842,0.02631578947368421,0.9075000000000001,0.044721359549995815
5,0.0,0.5263157894736842,0.05263157894736842,0.9,0.07071067811865474
5,0.0,0.5263157894736842,0.07894736842105263,0.7875,0.08660254037844387
5,0.0,0.5263157894736842,0.10526315789473684,0.8450000000000001,0.09945162140458044
5,0.0,0.5263157894736842,0.13157894736842105,0.7074999999999999,0.1388006664249131
5,0.0,0.5263157894736842,0.15789473684210525,0.6924999999999999,0.14700127550467035
5,0.0,0.5263157894736842,0.18421052631578946,0.6725,0.10360682892551049
5,0.0,0.5263157894736842,0.21052631578947367,0.6975,0.11706034768443156
5,0.0,0.5263157894736842,0.23684210526315788,0.6775,0.11018450435519508
5,0.0,0.5263157894736842,0.2631578947368421,0.7175,0.0793528512405194
5,0.0,0.5263157894736842,0.2894736842105263,0.7449999999999999,0.11096170510586072
5,0.0,0.5263157894736842,0.3157894736842105,0.625,0.1463087488839953
5,0.0,0.5263157894736842,0.3421052631578947,0.6174999999999999,0.14726676475023143
5,0.0,0.5263157894736842,0.3684210526315789,0.6299999999999999,0.08909264840602733
5,0.0,0.5263157894736842,0.39473684210526316,0.625,0.09354143466934854
5,0.0,0.5263157894736842,0.42105263157894735,0.625,0.10038986502630631
5,0.0,0.5263157894736842,0.4473684210526315,0.4525,0.055480852552930365
5,0.0,0.5263157894736842,0.47368421052631576,0.44000000000000006,0.05618051263561059
5,0.0,0.5263157894736842,0.5,0.47000000000000003,0.11845357740482133
5,0.0,0.5789473684210527,0.0,0.9275,0.04183300132670377
5,0.0,0.5789473684210527,0.02631578947368421,0.9025000000000001,0.037914377220257776
5,0.0,0.5789473684210527,0.05263157894736842,0.8775000000000001,0.06869315832017044
5,0.0,0.5789473684210527,0.07894736842105263,0.82,0.10368220676663863
5,0.0,0.5789473684210527,0.10526315789473684,0.8400000000000001,0.09074345706440769
5,0.0,0.5789473684210527,0.13157894736842105,0.74,0.12164240625702864
5,0.0,0.5789473684210527,0.15789473684210525,0.7275,0.12851313162474878
5,0.0,0.5789473684210527,0.18421052631578946,0.7075000000000001,0.10405827694133706
5,0.0,0.5789473684210527,0.21052631578947367,0.7275,0.09976534969617458
5,0.0,0.5789473684210527,0.23684210526315788,0.635,0.15522161576275387
5,0.0,0.5789473684210527,0.2631578947368421,0.6675000000000001,0.19894251682332764
5,0.0,0.5789473684210527,0.2894736842105263,0.6425000000000001,0.16071130949625173
5,0.0,0.5789473684210527,0.3157894736842105,0.6625,0.18519415487536317
5,0.0,0.5789473684210527,0.3421052631578947,0.6275,0.19088609168821075
5,0.0,0.5789473684210527,0.3684210526315789,0.595,0.1459344887269627
5,0.0,0.5789473684210527,0.39473684210526316,0.5775,0.13328775262566325
5,0.0,0.5789473684210527,0.42105263157894735,0.5675000000000001,0.12487493743742177
5,0.0,0.5789473684210527,0.4473684210526315,0.525,0.1411448723829527
5,0.0,0.5789473684210527,0.47368421052631576,0.505,0.17084349563269888
5,0.0,0.5789473684210527,0.5,0.45,0.07180703308172538
5,0.0,0.631578947368421,0.0,0.9275,0.04183300132670377
5,0.0,0.631578947368421,0.02631578947368421,0.9025000000000001,0.037914377220257776
5,0.0,0.631578947368421,0.05263157894736842,0.8675,0.06349212549600149
5,0.0,0.631578947368421,0.07894736842105263,0.835,0.09244931043550299
5,0.0,0.631578947368421,0.10526315789473684,0.7775000000000001,0.12449899597988734
5,0.0,0.631578947368421,0.13157894736842105,0.7075,0.10665364503850769
5,0.0,0.631578947368421,0.15789473684210525,0.73,0.14431952397371603
5,0.0,0.631578947368421,0.18421052631578946,0.7924999999999999,0.12170661444638081
5,0.0,0.631578947368421,0.21052631578947367,0.7074999999999999,0.11060910902814468
5,0.0,0.631578947368421,0.23684210526315788,0.6175,0.15170901423448774
5,0.0,0.631578947368421,0.2631578947368421,0.645,0.15826204535516403
5,0.0,0.631578947368421,0.2894736842105263,0.6175,0.1645543223376402
5,0.0,0.631578947368421,0.3157894736842105,0.5574999999999999,0.15875492118356518
5,0.0,0.631578947368421,0.3421052631578947,0.64,0.1762012343884117
5,0.0,0.631578947368421,0.3684210526315789,0.625,0.16274020707864423
5,0.0,0.631578947368421,0.39473684210526316,0.5125000000000001,0.12405895775799505
5,0.0,0.631578947368421,0.42105263157894735,0.505,0.15324612556276912
5,0.0,0.631578947368421,0.4473684210526315,0.505,0.16119669661627684
5,0.0,0.631578947368421,0.47368421052631576,0.495,0.1365306742091315
5,0.0,0.631578947368421,0.5,0.45,0.08003905296791061
5,0.0,0.6842105263157894,0.0,0.9275,0.04183300132670377
5,0.0,0.6842105263157894,0.02631578947368421,0.9025000000000001,0.037914377220257776
5,0.0,0.6842105263157894,0.05263157894736842,0.8975000000000002,0.039921798556678295
5,0.0,0.6842105263157894,0.07894736842105263,0.9099999999999999,0.022360679774997918
5,0.0,0.6842105263157894,0.10526315789473684,0.8125,0.128086884574495
5,0.0,0.6842105263157894,0.13157894736842105,0.6975,0.14399435752834205
5,0.0,0.6842105263157894,0.15789473684210525,0.7525000000000001,0.14399435752834205
5,0.0,0.6842105263157894,0.18421052631578946,0.7125,0.0712609640686961
5,0.0,0.6842105263157894,0.21052631578947367,0.7575,0.13480309714542912
5,0.0,0.6842105263157894,0.23684210526315788,0.6125,0.11825554955265313
5,0.0,0.6842105263157894,0.2631578947368421,0.5900000000000001,0.12002603884157803
5,0.0,0.6842105263157894,0.2894736842105263,0.6925000000000001,0.2224859546128699
5,0.0,0.6842105263157894,0.3157894736842105,0.6174999999999999,0.15826204535516405
5,0.0,0.6842105263157894,0.3421052631578947,0.675,0.15283774075796858
5,0.0,0.6842105263157894,0.3684210526315789,0.6275000000000001,0.11159357060332824
5,0.0,0.6842105263157894,0.39473684210526316,0.505,0.11712706775122479
5,0.0,0.6842105263157894,0.42105263157894735,0.4625,0.0980274196334883
5,0.0,0.6842105263157894,0.4473684210526315,0.43500000000000005,0.05548085255293037
5,0.0,0.6842105263157894,0.47368421052631576,0.4325,0.054914706591221996
5,0.0,0.6842105263157894,0.5,0.4325,0.054914706591221996
5,0.0,0.7368421052631579,0.0,0.9275,0.04183300132670377
5,0.0,0.7368421052631579,0.02631578947368421,0.9025000000000001,0.037914377220257776
5,0.0,0.7368421052631579,0.05263157894736842,0.8975000000000002,0.039921798556678295
5,0.0,0.7368421052631579,0.07894736842105263,0.8625,0.14415703243338493
5,0.0,0.7368421052631579,0.10526315789473684,0.8075000000000001,0.17953934109269756
5,0.0,0.7368421052631579,0.13157894736842105,0.6975,0.10658036873646103
5,0.0,0.7368421052631579,0.15789473684210525,0.6950000000000001,0.08177713616898061
5,0.0,0.7368421052631579,0.18421052631578946,0.72,0.10330476755697192
5,0.0,0.7368421052631579,0.21052631578947367,0.75,0.11659223816361018
5,0.0,0.7368421052631579,0.23684210526315788,0.6024999999999999,0.15088281877006404
5,0.0,0.7368421052631579,0.2631578947368421,0.6625,0.1774383695822299
5,0.0,0.7368421052631579,0.2894736842105263,0.645,0.17757040857079764
5,0.0,0.7368421052631579,0.3157894736842105,0.5225,0.1309222097277616
5,0.0,0.7368421052631579,0.3421052631578947,0.565,0.1353236860272436
5,0.0,0.7368421052631579,0.3684210526315789,0.5675,0.1330530909073517
5,0.0,0.7368421052631579,0.39473684210526316,0.5325,0.10591860082157431
5,0.0,0.7368421052631579,0.42105263157894735,0.465,0.10093314619093176
5,0.0,0.7368421052631579,0.4473684210526315,0.44000000000000006,0.06398241946034863
5,0.0,0.7368421052631579,0.47368421052631576,0.425,0.05
5,0.0,0.7368421052631579,0.5,0.42250000000000004,0.049529031890397375
5,0.0,0.7894736842105263,0.0,0.9275,0.04183300132670377
5,0.0,0.7894736842105263,0.02631578947368421,0.9100000000000001,0.03468609231377904
5,0.0,0.7894736842105263,0.05263157894736842,0.8750000000000002,0.07342087577794211
5,0.0,0.7894736842105263,0.07894736842105263,0.8425,0.14884975646604195
5,0.0,0.7894736842105263,0.10526315789473684,0.825,0.14169730060943292
5,0.0,0.7894736842105263,0.13157894736842105,0.7950000000000002,0.1251873595855428
5,0.0,0.7894736842105263,0.15789473684210525,0.7424999999999999,0.1437771713451061
5,0.0,0.7894736842105263,0.18421052631578946,0.7300000000000001,0.09503288904374105
5,0.0,0.7894736842105263,0.21052631578947367,0.7300000000000001,0.12234684303242155
5,0.0,0.7894736842105263,0.23684210526315788,0.6799999999999999,0.19417292550713655
5,0.0,0.7894736842105263,0.2631578947368421,0.635,0.18799933510520725
5,0.0,0.7894736842105263,0.2894736842105263,0.6175,0.19215065703764847
5,0.0,0.7894736842105263,0.3157894736842105,0.5175,0.13653067420913148
5,0.0,0.7894736842105263,0.3421052631578947,0.55,0.18915932438026944
5,0.0,0.7894736842105263,0.3684210526315789,0.5275000000000001,0.1833712082089225
5,0.0,0.7894736842105263,0.39473684210526316,0.5325,0.18019087102292392
5,0.0,0.7894736842105263,0.42105263157894735,0.43500000000000005,0.057554322166106696
5,0.0,0.7894736842105263,0.4473684210526315,0.5,0.18157298807917438
5,0.0,0.7894736842105263,0.47368421052631576,0.42250000000000004,0.049529031890397375
5,0.0,0.7894736842105263,0.5,0.42250000000000004,0.049529031890397375
5,0.0,0.8421052631578947,0.0,0.9275,0.04183300132670377
5,0.0,0.8421052631578947,0.02631578947368421,0.9100000000000001,0.03468609231377904
5,0.0,0.8421052631578947,0.05263157894736842,0.8950000000000001,0.07426725388756478
5,0.0,0.8421052631578947,0.07894736842105263,0.845,0.1506755620530416
5,0.0,0.8421052631578947,0.10526315789473684,0.8074999999999999,0.13127975853116122
5,0.0,0.8421052631578947,0.13157894736842105,0.82,0.12456173168353109
5,0.0,0.8421052631578947,0.15789473684210525,0.7725,0.12035104901910906
5,0.0,0.8421052631578947,0.18421052631578946,0.7075,0.18679032362518141
5,0.0,0.8421052631578947,0.21052631578947367,0.6725000000000001,0.1726177134595404
5,0.0,0.8421052631578947,0.23684210526315788,0.6975,0.2079287738625898
5,0.0,0.8421052631578947,0.2631578947368421,0.675,0.1578666367539386
5,0.0,0.8421052631578947,0.2894736842105263,0.7025,0.18799933510520722
5,0.0,0.8421052631578947,0.3157894736842105,0.5625,0.1926379375927805
5,0.0,0.8421052631578947,0.3421052631578947,0.5149999999999999,0.16017568479641348
5,0.0,0.8421052631578947,0.3684210526315789,0.47750000000000004,0.09160035480280632
5,0.0,0.8421052631578947,0.39473684210526316,0.48250000000000004,0.09666307464590604
5,0.0,0.8421052631578947,0.42105263157894735,0.4625,0.1034559084827928
5,0.0,0.8421052631578947,0.4473684210526315,0.42250000000000004,0.049529031890397375
5,0.0,0.8421052631578947,0.47368421052631576,0.42250000000000004,0.049529031890397375
5,0.0,0.8421052631578947,0.5,0.42250000000000004,0.049529031890397375
5,0.0,0.894736842105263,0.0,0.9275,0.04183300132670377
5,0.0,0.894736842105263,0.02631578947368421,0.9100000000000001,0.03468609231377904
5,0.0,0.894736842105263,0.05263157894736842,0.8950000000000001,0.07426725388756478
5,0.0,0.894736842105263,0.07894736842105263,0.845,0.1506755620530416
5,0.0,0.894736842105263,0.10526315789473684,0.8074999999999999,0.13127975853116122
5,0.0,0.894736842105263,0.13157894736842105,0.82,0.12456173168353109
5,0.0,0.894736842105263,0.15789473684210525,0.7700000000000001,0.14158698739644118
5,0.0,0.894736842105263,0.18421052631578946,0.7150000000000001,0.1160549438843516
5,0.0,0.894736842105263,0.21052631578947367,0.74,0.13122023472010708
5,0.0,0.894736842105263,0.23684210526315788,0.7675,0.1557742757967438
5,0.0,0.894736842105263,0.2631578947368421,0.8375,0.1015504800579495
5,0.0,0.894736842105263,0.2894736842105263,0.6575,0.1496349725164542
5,0.0,0.894736842105263,0.3157894736842105,0.6425,0.23428748366056606
5,0.0,0.894736842105263,0.3421052631578947,0.5700000000000001,0.20070189336426303
5,0.0,0.894736842105263,0.3684210526315789,0.5275000000000001,0.16379293330299696
5,0.0,0.894736842105263,0.39473684210526316,0.49000000000000005,0.10285001215362109
5,0.0,0.894736842105263,0.42105263157894735,0.475,0.1286953767623375
5,0.0,0.894736842105263,0.4473684210526315,0.42250000000000004,0.049529031890397375
5,0.0,0.894736842105263,0.47368421052631576,0.42250000000000004,0.049529031890397375
5,0.0,0.894736842105263,0.5,0.42250000000000004,0.049529031890397375
5,0.0,0.9473684210526315,0.0,0.9275,0.04183300132670377
5,0.0,0.9473684210526315,0.02631578947368421,0.9075,0.04011701633970303
5,0.0,0.9473684210526315,0.05263157894736842,0.865,0.08812278366007285
5,0.0,0.9473684210526315,0.07894736842105263,0.8774999999999998,0.09536115561380325
5,0.0,0.9473684210526315,0.10526315789473684,0.7975,0.13032411518978365
5,0.0,0.9473684210526315,0.13157894736842105,0.825,0.04050462936504913
5,0.0,0.9473684210526315,0.15789473684210525,0.7700000000000001,0.11645814698852115
5,0.0,0.9473684210526315,0.18421052631578946,0.79,0.07776165507497894
5,0.0,0.9473684210526315,0.21052631578947367,0.7975,0.06336895927818285
5,0.0,0.9473684210526315,0.23684210526315788,0.7324999999999999,0.17468722048278174
5,0.0,0.9473684210526315,0.2631578947368421,0.7075000000000001,0.21407504525282717
5,0.0,0.9473684210526315,0.2894736842105263,0.6275000000000002,0.23425413550244956
5,0.0,0.9473684210526315,0.3157894736842105,0.6225,0.22953757862276059
5,0.0,0.9473684210526315,0.3421052631578947,0.45499999999999996,0.07984359711335656
5,0.0,0.9473684210526315,0.3684210526315789,0.4575,0.08033134506529814
5,0.0,0.9473684210526315,0.39473684210526316,0.43500000000000005,0.05548085255293037
5,0.0,0.9473684210526315,0.42105263157894735,0.4325,0.054914706591221996
5,0.0,0.9473684210526315,0.4473684210526315,0.42250000000000004,0.049529031890397375
5,0.0,0.9473684210526315,0.47368421052631576,0.42250000000000004,0.049529031890397375
5,0.0,0.9473684210526315,0.5,0.42250000000000004,0.049529031890397375
5,0.0,1.0,0.0,0.9275,0.04183300132670377
5,0.0,1.0,0.02631578947368421,0.9075,0.04011701633970303
5,0.0,1.0,0.05263157894736842,0.875,0.07551903733496608
5,0.0,1.0,0.07894736842105263,0.885,0.08633148324916003
5,0.0,1.0,0.10526315789473684,0.79,0.13092220972776158
5,0.0,1.0,0.13157894736842105,0.6925,0.12138523386310213
5,0.0,1.0,0.15789473684210525,0.7725000000000002,0.10435815732370898
5,0.0,1.0,0.18421052631578946,0.7625,0.10495534764841663
5,0.0,1.0,0.21052631578947367,0.7575000000000001,0.12202714861865781
5,0.0,1.0,0.23684210526315788,0.6775,0.1831580601557027
5,0.0,1.0,0.2631578947368421,0.6074999999999999,0.21965882636488795
5,0.0,1.0,0.2894736842105263,0.6125,0.22290693125158761
5,0.0,1.0,0.3157894736842105,0.7350000000000001,0.25021865438052376
5,0.0,1.0,0.3421052631578947,0.6,0.20482462010217425
5,0.0,1.0,0.3684210526315789,0.55,0.1962539808513448
5,0.0,1.0,0.39473684210526316,0.525,0.1968501968502953
5,0.0,1.0,0.42105263157894735,0.42250000000000004,0.049529031890397375
5,0.0,1.0,0.4473684210526315,0.42250000000000004,0.049529031890397375
5,0.0,1.0,0.47368421052631576,0.42250000000000004,0.049529031890397375
5,0.0,1.0,0.5,0.42250000000000004,0.049529031890397375
5,0.5,0.0,0.0,0.9275,0.04183300132670377
5,0.5,0.0,0.02631578947368421,0.7775000000000001,0.10510411504788954
5,0.5,0.0,0.05263157894736842,0.7649999999999999,0.11333026956643134
5,0.5,0.0,0.07894736842105263,0.72,0.08459462157844312
5,0.5,0.0,0.10526315789473684,0.74,0.0752080447824566
5,0.5,0.0,0.13157894736842105,0.78,0.11943879185591254
5,0.5,0.0,0.15789473684210525,0.71,0.10875718367078104
5,0.5,0.0,0.18421052631578946,0.7200000000000001,0.11679308626798078
5,0.5,0.0,0.21052631578947367,0.7224999999999999,0.125124937562422
5,0.5,0.0,0.23684210526315788,0.6775,0.1136744254438966
5,0.5,0.0,0.2631578947368421,0.6625,0.08291561975888499
5,0.5,0.0,0.2894736842105263,0.6950000000000001,0.08865311613248573
5,0.5,0.0,0.3157894736842105,0.675,0.07071067811865477
5,0.5,0.0,0.3421052631578947,0.665,0.092449310435503
5,0.5,0.0,0.3684210526315789,0.6175,0.05700877125495692
5,0.5,0.0,0.39473684210526316,0.5674999999999999,0.06993300365349682
5,0.5,0.0,0.42105263157894735,0.595,0.09039842365882272
5,0.5,0.0,0.4473684210526315,0.5874999999999999,0.07288689868556628
5,0.5,0.0,0.47368421052631576,0.5525,0.07256462636849995
5,0.5,0.0,0.5,0.5525,0.07256462636849995
5,0.5,0.05263157894736842,0.0,0.9275,0.04183300132670377
5,0.5,0.05263157894736842,0.02631578947368421,0.7775000000000001,0.10510411504788954
5,0.5,0.05263157894736842,0.05263157894736842,0.7649999999999999,0.11333026956643134
5,0.5,0.05263157894736842,0.07894736842105263,0.72,0.08459462157844312
5,0.5,0.05263157894736842,0.10526315789473684,0.7449999999999999,0.07984359711335653
5,0.5,0.05263157894736842,0.13157894736842105,0.8025,0.1338726073549029
5,0.5,0.05263157894736842,0.15789473684210525,0.7,0.0939581023648307
5,0.5,0.05263157894736842,0.18421052631578946,0.675,0.09560661587986473
5,0.5,0.05263157894736842,0.21052631578947367,0.6775,0.10694624818103719
5,0.5,0.05263157894736842,0.23684210526315788,0.6849999999999999,0.10947317022905662
5,0.5,0.05263157894736842,0.2631578947368421,0.695,0.07213269023126755
5,0.5,0.05263157894736842,0.2894736842105263,0.6875,0.07447734554883118
5,0.5,0.05263157894736842,0.3157894736842105,0.6575,0.05419870847169698
5,0.5,0.05263157894736842,0.3421052631578947,0.6450000000000001,0.09420721840708385
5,0.5,0.05263157894736842,0.3684210526315789,0.6125,0.06673173907519571
5,0.5,0.05263157894736842,0.39473684210526316,0.5449999999999999,0.056319401630344046
5,0.5,0.05263157894736842,0.42105263157894735,0.5599999999999999,0.06812213296719358
5,0.5,0.05263157894736842,0.4473684210526315,0.55,0.047598581911649424
5,0.5,0.05263157894736842,0.47368421052631576,0.5675,0.07735874223382902
5,0.5,0.05263157894736842,0.5,0.56,0.07572565615430482
5,0.5,0.10526315789473684,0.0,0.9275,0.04183300132670377
5,0.5,0.10526315789473684,0.02631578947368421,0.7875,0.11825554955265313
5,0.5,0.10526315789473684,0.05263157894736842,0.7775,0.1244989959798873
5,0.5,0.10526315789473684,0.07894736842105263,0.7074999999999999,0.07104136119191408
5,0.5,0.10526315789473684,0.10526315789473684,0.7299999999999999,0.07373940601876311
5,0.5,0.10526315789473684,0.13157894736842105,0.76,0.13416407864998736
5,0.5,0.10526315789473684,0.15789473684210525,0.7224999999999999,0.11904568450809128
5,0.5,0.10526315789473684,0.18421052631578946,0.72,0.1399218531895572
5,0.5,0.10526315789473684,0.21052631578947367,0.7074999999999999,0.11976539567003483
5,0.5,0.10526315789473684,0.23684210526315788,0.6775,0.0867827747885489
5,0.5,0.10526315789473684,0.2631578947368421,0.7,0.08794529549668928
5,0.5,0.10526315789473684,0.2894736842105263,0.6950000000000001,0.09746794344808965
5,0.5,0.10526315789473684,0.3157894736842105,0.645,0.08319780646146867
5,0.5,0.10526315789473684,0.3421052631578947,0.6199999999999999,0.10774680969754973
5,0.5,0.10526315789473684,0.3684210526315789,0.5824999999999999,0.01677050983124842
5,0.5,0.10526315789473684,0.39473684210526316,0.5625,0.037499999999999985
5,0.5,0.10526315789473684,0.42105263157894735,0.53,0.03377314021526576
5,0.5,0.10526315789473684,0.4473684210526315,0.5449999999999999,0.054914706591221996
5,0.5,0.10526315789473684,0.47368421052631576,0.5675,0.06098155458825232
5,0.5,0.10526315789473684,0.5,0.575,0.05376453291901641
5,0.5,0.15789473684210525,0.0,0.9275,0.04183300132670377
5,0.5,0.15789473684210525,0.02631578947368421,0.7875,0.11825554955265313
5,0.5,0.15789473684210525,0.05263157894736842,0.7775,0.1244989959798873
5,0.5,0.15789473684210525,0.07894736842105263,0.7074999999999999,0.07104136119191408
5,0.5,0.15789473684210525,0.10526315789473684,0.7725,0.04454632420301364
5,0.5,0.15789473684210525,0.13157894736842105,0.805,0.10738365797457265
5,0.5,0.15789473684210525,0.15789473684210525,0.7675,0.11712706775122478
5,0.5,0.15789473684210525,0.18421052631578946,0.7300000000000001,0.1396424004376894
5,0.5,0.15789473684210525,0.21052631578947367,0.735,0.1442653804625351
5,0.5,0.15789473684210525,0.23684210526315788,0.6925,0.08642193008721802
5,0.5,0.15789473684210525,0.2631578947368421,0.6799999999999999,0.08551315688243533
5,0.5,0.15789473684210525,0.2894736842105263,0.6725,0.07875992001011681
5,0.5,0.15789473684210525,0.3157894736842105,0.6575,0.07104136119191409
5,0.5,0.15789473684210525,0.3421052631578947,0.6475,0.07468684623144826
5,0.5,0.15789473684210525,0.3684210526315789,0.6399999999999999,0.054054370776099155
5,0.5,0.15789473684210525,0.39473684210526316,0.62,0.0831978064614687
5,0.5,0.15789473684210525,0.42105263157894735,0.5725,0.06754628043053147
5,0.5,0.15789473684210525,0.4473684210526315,0.5525,0.07363338237511569
5,0.5,0.15789473684210525,0.47368421052631576,0.5125,0.04238956239453293
5,0.5,0.15789473684210525,0.5,0.5475000000000001,0.0872317316118395
5,0.5,0.21052631578947367,0.0,0.9275,0.04183300132670377
5,0.5,0.21052631578947367,0.02631578947368421,0.8099999999999999,0.12292019768939522
5,0.5,0.21052631578947367,0.05263157894736842,0.7875,0.1331704734541407
5,0.5,0.21052631578947367,0.07894736842105263,0.7150000000000001,0.08403868156985804
5,0.5,0.21052631578947367,0.10526315789473684,0.8149999999999998,0.08542174781634944
5,0.5,0.21052631578947367,0.13157894736842105,0.8325000000000001,0.12826973532365302
5,0.5,0.21052631578947367,0.15789473684210525,0.7474999999999999,0.1140175425099138
5,0.5,0.21052631578947367,0.18421052631578946,0.6325,0.045586456322026174
5,0.5,0.21052631578947367,0.21052631578947367,0.62,0.08225341938181052
5,0.5,0.21052631578947367,0.23684210526315788,0.635,0.10093314619093176
5,0.5,0.21052631578947367,0.2631578947368421,0.6325,0.04383919479187546
5,0.5,0.21052631578947367,0.2894736842105263,0.6425,0.04558645632202618
5,0.5,0.21052631578947367,0.3157894736842105,0.615,0.05405437077609912
5,0.5,0.21052631578947367,0.3421052631578947,0.61,0.02984334096578332
5,0.5,0.21052631578947367,0.3684210526315789,0.6325,0.05273755777432249
5,0.5,0.21052631578947367,0.39473684210526316,0.625,0.04419417382415924
5,0.5,0.21052631578947367,0.42105263157894735,0.58,0.06993300365349685
5,0.5,0.21052631578947367,0.4473684210526315,0.5650000000000001,0.056871565830386654
5,0.5,0.21052631578947367,0.47368421052631576,0.55,0.05519850541454906
5,0.5,0.21052631578947367,0.5,0.55,0.05519850541454906
5,0.5,0.2631578947368421,0.0,0.9275,0.04183300132670377
5,0.5,0.2631578947368421,0.02631578947368421,0.845,0.1348030971454291
5,0.5,0.2631578947368421,0.05263157894736842,0.805,0.12642932808490281
5,0.5,0.2631578947368421,0.07894736842105263,0.75,0.13169567191065923
5,0.5,0.2631578947368421,0.10526315789473684,0.825,0.09185586535436917
5,0.5,0.2631578947368421,0.13157894736842105,0.8275,0.125436737043021
5,0.5,0.2631578947368421,0.15789473684210525,0.7525,0.08120190884455859
5,0.5,0.2631578947368421,0.18421052631578946,0.655,0.05836308764964377
5,0.5,0.2631578947368421,0.21052631578947367,0.7224999999999999,0.10208758494547708
5,0.5,0.2631578947368421,0.23684210526315788,0.7175,0.0682367203197809
5,0.5,0.2631578947368421,0.2631578947368421,0.6875,0.07603453162872774
5,0.5,0.2631578947368421,0.2894736842105263,0.735,0.11124297730643494
5,0.5,0.2631578947368421,0.3157894736842105,0.6725,0.10982941318244396
5,0.5,0.2631578947368421,0.3421052631578947,0.585,0.06578848683470385
5,0.5,0.2631578947368421,0.3684210526315789,0.6300000000000001,0.11544749889018817
5,0.5,0.2631578947368421,0.39473684210526316,0.6175,0.09253377761660873
5,0.5,0.2631578947368421,0.42105263157894735,0.5650000000000001,0.04873397172404481
5,0.5,0.2631578947368421,0.4473684210526315,0.5725,0.037914377220257735
5,0.5,0.2631578947368421,0.47368421052631576,0.5625,0.03535533905932737
5,0.5,0.2631578947368421,0.5,0.535,0.020539595906443744
5,0.5,0.3157894736842105,0.0,0.9275,0.04183300132670377
5,0.5,0.3157894736842105,0.02631578947368421,0.845,0.1348030971454291
5,0.5,0.3157894736842105,0.05263157894736842,0.805,0.12642932808490281
5,0.5,0.3157894736842105,0.07894736842105263,0.7625,0.11759304826391738
5,0.5,0.3157894736842105,0.10526315789473684,0.8274999999999999,0.0920258115965298
5,0.5,0.3157894736842105,0.13157894736842105,0.7675000000000001,0.08687275176947028
5,0.5,0.3157894736842105,0.15789473684210525,0.7575000000000001,0.11645814698852117
5,0.5,0.3157894736842105,0.18421052631578946,0.7174999999999999,0.09945162140458041
5,0.5,0.3157894736842105,0.21052631578947367,0.7475,0.07875992001011685
5,0.5,0.3157894736842105,0.23684210526315788,0.71,0.12196310917650471
5,0.5,0.3157894736842105,0.2631578947368421,0.6775,0.09117291264405233
5,0.5,0.3157894736842105,0.2894736842105263,0.6799999999999999,0.04011701633970303
5,0.5,0.3157894736842105,0.3157894736842105,0.6775,0.06982120021884472
5,0.5,0.3157894736842105,0.3421052631578947,0.63,0.05419870847169701
5,0.5,0.3157894736842105,0.3684210526315789,0.645,0.09082951062292474
5,0.5,0.3157894736842105,0.39473684210526316,0.6050000000000001,0.10023410098364728
5,0.5,0.3157894736842105,0.42105263157894735,0.585,0.05822907349426057
5,0.5,0.3157894736842105,0.4473684210526315,0.5824999999999999,0.06287388169979645
5,0.5,0.3157894736842105,0.47368421052631576,0.5775,0.06336895927818285
5,0.5,0.3157894736842105,0.5,0.5650000000000001,0.06696547617989435
5,0.5,0.3684210526315789,0.0,0.9275,0.04183300132670377
5,0.5,0.3684210526315789,0.02631578947368421,0.865,0.14507541142454153
5,0.5,0.3684210526315789,0.05263157894736842,0.8125,0.13520817282989958
5,0.5,0.3684210526315789,0.07894736842105263,0.78,0.15093458848123578
5,0.5,0.3684210526315789,0.10526315789473684,0.8300000000000001,0.14806037619836035
5,0.5,0.3684210526315789,0.13157894736842105,0.6875,0.12086924753633571
5,0.5,0.3684210526315789,0.15789473684210525,0.7025,0.12667626060158232
5,0.5,0.3684210526315789,0.18421052631578946,0.6575,0.0676618430136218
5,0.5,0.3684210526315789,0.21052631578947367,0.7224999999999999,0.122282971013956
5,0.5,0.3684210526315789,0.23684210526315788,0.68,0.11096170510586076
5,0.5,0.3684210526315789,0.2631578947368421,0.6725,0.0949506450741647
5,0.5,0.3684210526315789,0.2894736842105263,0.67,0.0732077523217316
5,0.5,0.3684210526315789,0.3157894736842105,0.72,0.10405827694133704
5,0.5,0.3684210526315789,0.3421052631578947,0.68,0.05902859476558796
5,0.5,0.3684210526315789,0.3684210526315789,0.6775,0.08856494791959177
5,0.5,0.3684210526315789,0.39473684210526316,0.58,0.0778620575119872
5,0.5,0.3684210526315789,0.42105263157894735,0.545,0.05836308764964377
5,0.5,0.3684210526315789,0.4473684210526315,0.5399999999999999,0.046266888808304395
5,0.5,0.3684210526315789,0.47368421052631576,0.525,0.04330127018922195
5,0.5,0.3684210526315789,0.5,0.5149999999999999,0.027099354235848524
5,0.5,0.42105263157894735,0.0,0.9275,0.04183300132670377
5,0.5,0.42105263157894735,0.02631578947368421,0.9125,0.04841229182759272
5,0.5,0.42105263157894735,0.05263157894736842,0.8924999999999998,0.07479137650825793
5,0.5,0.42105263157894735,0.07894736842105263,0.86,0.12881673027988252
5,0.5,0.42105263157894735,0.10526315789473684,0.825,0.09142961773954872
5,0.5,0.42105263157894735,0.13157894736842105,0.7324999999999999,0.1365306742091315
5,0.5,0.42105263157894735,0.15789473684210525,0.7275,0.1485345077751295
5,0.5,0.42105263157894735,0.18421052631578946,0.76,0.15522161576275387
5,0.5,0.42105263157894735,0.21052631578947367,0.705,0.15196627915429134
5,0.5,0.42105263157894735,0.23684210526315788,0.6450000000000001,0.0726722092687432
5,0.5,0.42105263157894735,0.2631578947368421,0.65,0.03644344934278312
5,0.5,0.42105263157894735,0.2894736842105263,0.6549999999999999,0.04558645632202616
5,0.5,0.42105263157894735,0.3157894736842105,0.6924999999999999,0.06880679472261442
5,0.5,0.42105263157894735,0.3421052631578947,0.6674999999999999,0.09544304584410535
5,0.5,0.42105263157894735,0.3684210526315789,0.6224999999999999,0.06869315832017042
5,0.5,0.42105263157894735,0.39473684210526316,0.6024999999999999,0.07520804478245662
5,0.5,0.42105263157894735,0.42105263157894735,0.575,0.07015607600201139
5,0.5,0.42105263157894735,0.4473684210526315,0.55,0.06555055301063445
5,0.5,0.42105263157894735,0.47368421052631576,0.5525,0.05618051263561058
5,0.5,0.42105263157894735,0.5,0.515,0.08023403267940607
5,0.5,0.47368421052631576,0.0,0.9275,0.04183300132670377
5,0.5,0.47368421052631576,0.02631578947368421,0.9125,0.04841229182759272
5,0.5,0.47368421052631576,0.05263157894736842,0.8924999999999998,0.07479137650825793
5,0.5,0.47368421052631576,0.07894736842105263,0.835,0.11871710070583769
5,0.5,0.47368421052631576,0.10526315789473684,0.8400000000000001,0.08168154626352273
5,0.5,0.47368421052631576,0.13157894736842105,0.7324999999999999,0.1365306742091315
5,0.5,0.47368421052631576,0.15789473684210525,0.78,0.17491069149711805
5,0.5,0.47368421052631576,0.18421052631578946,0.76,0.15522161576275387
5,0.5,0.47368421052631576,0.21052631578947367,0.6975,0.16139044271579406
5,0.5,0.47368421052631576,0.23684210526315788,0.615,0.08678277478854891
5,0.5,0.47368421052631576,0.2631578947368421,0.6399999999999999,0.08987839006123775
5,0.5,0.47368421052631576,0.2894736842105263,0.6399999999999999,0.08987839006123775
5,0.5,0.47368421052631576,0.3157894736842105,0.68,0.172436582545584
5,0.5,0.47368421052631576,0.3421052631578947,0.68,0.17379046291439584
5,0.5,0.47368421052631576,0.3684210526315789,0.635,0.11229147340737852
5,0.5,0.47368421052631576,0.39473684210526316,0.5925,0.05836308764964378
5,0.5,0.47368421052631576,0.42105263157894735,0.6125,0.08569568250501305
5,0.5,0.47368421052631576,0.4473684210526315,0.5800000000000001,0.09585144756340405
5,0.5,0.47368421052631576,0.47368421052631576,0.5,0.03644344934278314
5,0.5,0.47368421052631576,0.5,0.495,0.06766184301362178
5,0.5,0.5263157894736842,0.0,0.9275,0.04183300132670377
5,0.5,0.5263157894736842,0.02631578947368421,0.9125,0.04841229182759272
5,0.5,0.5263157894736842,0.05263157894736842,0.8924999999999998,0.07479137650825793
5,0.5,0.5263157894736842,0.07894736842105263,0.835,0.11871710070583769
5,0.5,0.5263157894736842,0.10526315789473684,0.8175000000000001,0.10023410098364728
5,0.5,0.5263157894736842,0.13157894736842105,0.7324999999999999,0.1365306742091315
5,0.5,0.5263157894736842,0.15789473684210525,0.78,0.17491069149711805
5,0.5,0.5263157894736842,0.18421052631578946,0.7474999999999999,0.1762012343884117
5,0.5,0.5263157894736842,0.21052631578947367,0.6975,0.16139044271579406
5,0.5,0.5263157894736842,0.23684210526315788,0.64,0.10982941318244398
5,0.5,0.5263157894736842,0.2631578947368421,0.6275,0.09244931043550297
5,0.5,0.5263157894736842,0.2894736842105263,0.6325,0.08776744840770977
5,0.5,0.5263157894736842,0.3157894736842105,0.64,0.049529031890397375
5,0.5,0.5263157894736842,0.3421052631578947,0.6174999999999999,0.06471089552772392
5,0.5,0.5263157894736842,0.3684210526315789,0.5775,0.05184110338331932
5,0.5,0.5263157894736842,0.39473684210526316,0.6125,0.0861503047005639
5,0.5,0.5263157894736842,0.42105263157894735,0.5700000000000001,0.04383919479187546
5,0.5,0.5263157894736842,0.4473684210526315,0.545,0.09295496221289103
5,0.5,0.5263157894736842,0.47368421052631576,0.53,0.0877674484077098
5,0.5,0.5263157894736842,0.5,0.5375,0.08705242673240075
5,0.5,0.5789473684210527,0.0,0.9275,0.04183300132670377
5,0.5,0.5789473684210527,0.02631578947368421,0.9075,0.042938910093294175
5,0.5,0.5789473684210527,0.05263157894736842,0.8699999999999999,0.0699330036534968
5,0.5,0.5789473684210527,0.07894736842105263,0.8200000000000001,0.11096170510586076
5,0.5,0.5789473684210527,0.10526315789473684,0.7899999999999999,0.06519202405202647
5,0.5,0.5789473684210527,0.13157894736842105,0.7675,0.09905806378079476
5,0.5,0.5789473684210527,0.15789473684210525,0.765,0.16426921500999514
5,0.5,0.5789473684210527,0.18421052631578946,0.7525000000000001,0.15697332575950604
5,0.5,0.5789473684210527,0.21052631578947367,0.76,0.16163229875244614
5,0.5,0.5789473684210527,0.23684210526315788,0.6825000000000001,0.09420721840708388
5,0.5,0.5789473684210527,0.2631578947368421,0.7175,0.12330095295657692
5,0.5,0.5789473684210527,0.2894736842105263,0.7875,0.16417406920704622
5,0.5,0.5789473684210527,0.3157894736842105,0.7125,0.13228756555322954
5,0.5,0.5789473684210527,0.3421052631578947,0.75,0.15103807466993216
5,0.5,0.5789473684210527,0.3684210526315789,0.78,0.1297834735241741
5,0.5,0.5789473684210527,0.39473684210526316,0.6224999999999999,0.1338726073549029
5,0.5,0.5789473684210527,0.42105263157894735,0.5425000000000001,0.062249497989943656
5,0.5,0.5789473684210527,0.4473684210526315,0.5175000000000001,0.041079191812887474
5,0.5,0.5789473684210527,0.47368421052631576,0.5125,0.031868871959954914
5,0.5,0.5789473684210527,0.5,0.5025000000000001,0.013693063937629165
5,0.5,0.631578947368421,0.0,0.9275,0.04183300132670377
5,0.5,0.631578947368421,0.02631578947368421,0.9075,0.042938910093294175
5,0.5,0.631578947368421,0.05263157894736842,0.8699999999999999,0.0699330036534968
5,0.5,0.631578947368421,0.07894736842105263,0.8175000000000001,0.10774680969754978
5,0.5,0.631578947368421,0.10526315789473684,0.7975,0.07974568953868293
5,0.5,0.631578947368421,0.13157894736842105,0.7525,0.07093130479555552
5,0.5,0.631578947368421,0.15789473684210525,0.7525000000000001,0.14641550464346323
5,0.5,0.631578947368421,0.18421052631578946,0.7525000000000001,0.15242826181518965
5,0.5,0.631578947368421,0.21052631578947367,0.7300000000000001,0.16784479437861635
5,0.5,0.631578947368421,0.23684210526315788,0.7,0.1444277501036418
5,0.5,0.631578947368421,0.2631578947368421,0.7625,0.11759304826391735
5,0.5,0.631578947368421,0.2894736842105263,0.8275,0.09117291264405233
5,0.5,0.631578947368421,0.3157894736842105,0.755,0.08366600265340754
5,0.5,0.631578947368421,0.3421052631578947,0.7025,0.07363338237511571
5,0.5,0.631578947368421,0.3684210526315789,0.6599999999999999,0.06637959023675875
5,0.5,0.631578947368421,0.39473684210526316,0.655,0.06224949798994365
5,0.5,0.631578947368421,0.42105263157894735,0.6425000000000001,0.12330095295657693
5,0.5,0.631578947368421,0.4473684210526315,0.5925,0.06161878771933118
5,0.5,0.631578947368421,0.47368421052631576,0.5700000000000001,0.08909264840602729
5,0.5,0.631578947368421,0.5,0.55,0.060595998217704096
5,0.5,0.6842105263157894,0.0,0.9275,0.04183300132670377
5,0.5,0.6842105263157894,0.02631578947368421,0.9175000000000001,0.05273755777432246
5,0.5,0.6842105263157894,0.05263157894736842,0.9,0.05929270612815708
5,0.5,0.6842105263157894,0.07894736842105263,0.8525,0.13328775262566325
5,0.5,0.6842105263157894,0.10526315789473684,0.7875,0.15934435979977452
5,0.5,0.6842105263157894,0.13157894736842105,0.785,0.12574776339959293
5,0.5,0.6842105263157894,0.15789473684210525,0.8,0.14816586988912125
5,0.5,0.6842105263157894,0.18421052631578946,0.7175,0.12393294557945439
5,0.5,0.6842105263157894,0.21052631578947367,0.7449999999999999,0.14620191517213446
5,0.5,0.6842105263157894,0.23684210526315788,0.7,0.11250000000000002
5,0.5,0.6842105263157894,0.2631578947368421,0.7200000000000001,0.12704575947271912
5,0.5,0.6842105263157894,0.2894736842105263,0.7375,0.1505199322349037
5,0.5,0.6842105263157894,0.3157894736842105,0.7125,0.10155048005794952
5,0.5,0.6842105263157894,0.3421052631578947,0.7224999999999999,0.08944271909999159
5,0.5,0.6842105263157894,0.3684210526315789,0.6525000000000001,0.1338726073549029
5,0.5,0.6842105263157894,0.39473684210526316,0.585,0.104358157323709
5,0.5,0.6842105263157894,0.42105263157894735,0.5974999999999999,0.09576990654688976
5,0.5,0.6842105263157894,0.4473684210526315,0.5,0.07180703308172535
5,0.5,0.6842105263157894,0.47368421052631576,0.5375,0.10861341998114228
5,0.5,0.6842105263157894,0.5,0.5549999999999999,0.10810874155219827
5,0.5,0.7368421052631579,0.0,0.9275,0.04183300132670377
5,0.5,0.7368421052631579,0.02631578947368421,0.9175000000000001,0.05273755777432246
5,0.5,0.7368421052631579,0.05263157894736842,0.885,0.07776165507497894
5,0.5,0.7368421052631579,0.07894736842105263,0.915,0.056871565830386606
5,0.5,0.7368421052631579,0.10526315789473684,0.8975,0.06020797289396147
5,0.5,0.7368421052631579,0.13157894736842105,0.8625,0.06731456008918131
5,0.5,0.7368421052631579,0.15789473684210525,0.775,0.07288689868556628
5,0.5,0.7368421052631579,0.18421052631578946,0.7925,0.04808846015417836
5,0.5,0.7368421052631579,0.21052631578947367,0.82,0.05631940163034403
5,0.5,0.7368421052631579,0.23684210526315788,0.7300000000000001,0.06098155458825232
5,0.5,0.7368421052631579,0.2631578947368421,0.6725,0.11053845484717074
5,0.5,0.7368421052631579,0.2894736842105263,0.7,0.15737097890017715
5,0.5,0.7368421052631579,0.3157894736842105,0.6875,0.09560661587986473
5,0.5,0.7368421052631579,0.3421052631578947,0.6775,0.0736333823751157
5,0.5,0.7368421052631579,0.3684210526315789,0.65,0.05519850541454906
5,0.5,0.7368421052631579,0.39473684210526316,0.6599999999999999,0.12543673704302102
5,0.5,0.7368421052631579,0.42105263157894735,0.5225000000000001,0.07974568953868291
5,0.5,0.7368421052631579,0.4473684210526315,0.6,0.17116329922036444
5,0.5,0.7368421052631579,0.47368421052631576,0.5125,0.04921254921257383
5,0.5,0.7368421052631579,0.5,0.5050000000000001,0.05968668193156661
5,0.5,0.7894736842105263,0.0,0.9275,0.04183300132670377
5,0.5,0.7894736842105263,0.02631578947368421,0.925,0.047598581911649424
5,0.5,0.7894736842105263,0.05263157894736842,0.8925000000000001,0.07836214009328739
5,0.5,0.7894736842105263,0.07894736842105263,0.9324999999999999,0.054914706591221975
5,0.5,0.7894736842105263,0.10526315789473684,0.8675,0.08505512918101998
5,0.5,0.7894736842105263,0.13157894736842105,0.76,0.08723173161183952
5,0.5,0.7894736842105263,0.15789473684210525,0.7649999999999999,0.05405437077609915
5,0.5,0.7894736842105263,0.18421052631578946,0.7274999999999999,0.11194306588619055
5,0.5,0.7894736842105263,0.21052631578947367,0.765,0.16211492836873473
5,0.5,0.7894736842105263,0.23684210526315788,0.7524999999999998,0.13270032027090212
5,0.5,0.7894736842105263,0.2631578947368421,0.64,0.12418484207019796
5,0.5,0.7894736842105263,0.2894736842105263,0.7050000000000001,0.1467353059082919
5,0.5,0.7894736842105263,0.3157894736842105,0.69,0.17553489681541956
5,0.5,0.7894736842105263,0.3421052631578947,0.725,0.09842509842514763
5,0.5,0.7894736842105263,0.3684210526315789,0.6725,0.06754628043053147
5,0.5,0.7894736842105263,0.39473684210526316,0.6975,0.08403868156985805
5,0.5,0.7894736842105263,0.42105263157894735,0.6699999999999999,0.11544749889018817
5,0.5,0.7894736842105263,0.4473684210526315,0.52,0.12041594578792295
5,0.5,0.7894736842105263,0.47368421052631576,0.505,0.08909264840602732
5,0.5,0.7894736842105263,0.5,0.46499999999999997,0.06398241946034862
5,0.5,0.8421052631578947,0.0,0.9275,0.04183300132670377
5,0.5,0.8421052631578947,0.02631578947368421,0.925,0.047598581911649424
5,0.5,0.8421052631578947,0.05263157894736842,0.9125,0.07342087577794207
5,0.5,0.8421052631578947,0.07894736842105263,0.96,0.01629800601300662
5,0.5,0.8421052631578947,0.10526315789473684,0.9,0.08970437559004575
5,0.5,0.8421052631578947,0.13157894736842105,0.7825,0.09786789565531694
5,0.5,0.8421052631578947,0.15789473684210525,0.7899999999999999,0.07147989227747899
5,0.5,0.8421052631578947,0.18421052631578946,0.7549999999999999,0.13363897260904095
5,0.5,0.8421052631578947,0.21052631578947367,0.765,0.16211492836873473
5,0.5,0.8421052631578947,0.23684210526315788,0.71,0.1300240362394584
5,0.5,0.8421052631578947,0.2631578947368421,0.7575,0.1330530909073517
5,0.5,0.8421052631578947,0.2894736842105263,0.8074999999999999,0.14404860290887933
5,0.5,0.8421052631578947,0.3157894736842105,0.6425,0.14323276510631217
5,0.5,0.8421052631578947,0.3421052631578947,0.6725,0.1531951369985353
5,0.5,0.8421052631578947,0.3684210526315789,0.5650000000000001,0.05548085255293038
5,0.5,0.8421052631578947,0.39473684210526316,0.625,0.13020416659999787
5,0.5,0.8421052631578947,0.42105263157894735,0.5675,0.10918733900961229
5,0.5,0.8421052631578947,0.4473684210526315,0.5625,0.07447734554883116
5,0.5,0.8421052631578947,0.47368421052631576,0.5700000000000001,0.10882899429839459
5,0.5,0.8421052631578947,0.5,0.5549999999999999,0.130384048104053
5,0.5,0.894736842105263,0.0,0.9275,0.04183300132670377
5,0.5,0.894736842105263,0.02631578947368421,0.925,0.047598581911649424
5,0.5,0.894736842105263,0.05263157894736842,0.9125,0.07342087577794207
5,0.5,0.894736842105263,0.07894736842105263,0.96,0.01629800601300662
5,0.5,0.894736842105263,0.10526315789473684,0.9,0.08970437559004575
5,0.5,0.894736842105263,0.13157894736842105,0.7825,0.09786789565531694
5,0.5,0.894736842105263,0.15789473684210525,0.7625,0.07856128181235335
5,0.5,0.894736842105263,0.18421052631578946,0.7775,0.13270032027090214
5,0.5,0.894736842105263,0.21052631578947367,0.8025,0.16639561292293736
5,0.5,0.894736842105263,0.23684210526315788,0.8125,0.1608085041283576
5,0.5,0.894736842105263,0.2631578947368421,0.7699999999999999,0.14673530590829187
5,0.5,0.894736842105263,0.2894736842105263,0.82,0.15826204535516403
5,0.5,0.894736842105263,0.3157894736842105,0.77,0.18341380809524674
5,0.5,0.894736842105263,0.3421052631578947,0.7325,0.12456173168353112
5,0.5,0.894736842105263,0.3684210526315789,0.6625000000000001,0.15486889616704835
5,0.5,0.894736842105263,0.39473684210526316,0.7274999999999999,0.17486602014113548
5,0.5,0.894736842105263,0.42105263157894735,0.5549999999999999,0.10990052320166634
5,0.5,0.894736842105263,0.4473684210526315,0.5925,0.11339918430041727
5,0.5,0.894736842105263,0.47368421052631576,0.515,0.04541475531146237
5,0.5,0.894736842105263,0.5,0.5,0.07180703308172535
5,0.5,0.9473684210526315,0.0,0.9275,0.04183300132670377
5,0.5,0.9473684210526315,0.02631578947368421,0.8850000000000001,0.13328775262566323
5,0.5,0.9473684210526315,0.05263157894736842,0.8850000000000001,0.13328775262566323
5,0.5,0.9473684210526315,0.07894736842105263,0.9549999999999998,0.025920551691659653
5,0.5,0.9473684210526315,0.10526315789473684,0.8699999999999999,0.09746794344808962
5,0.5,0.9473684210526315,0.13157894736842105,0.8325000000000001,0.04968651728587948
5,0.5,0.9473684210526315,0.15789473684210525,0.8074999999999999,0.04293891009329416
5,0.5,0.9473684210526315,0.18421052631578946,0.8074999999999999,0.10023410098364728
5,0.5,0.9473684210526315,0.21052631578947367,0.8100000000000002,0.16450683876362102
5,0.5,0.9473684210526315,0.23684210526315788,0.8200000000000001,0.1717556403731767
5,0.5,0.9473684210526315,0.2631578947368421,0.7675000000000001,0.15751984002023364
5,0.5,0.9473684210526315,0.2894736842105263,0.8425,0.1258098764008613
5,0.5,0.9473684210526315,0.3157894736842105,0.8675,0.11476878931138029
5,0.5,0.9473684210526315,0.3421052631578947,0.7975000000000001,0.0816815462635227
5,0.5,0.9473684210526315,0.3684210526315789,0.7725,0.10947317022905656
5,0.5,0.9473684210526315,0.39473684210526316,0.655,0.17800983118917896
5,0.5,0.9473684210526315,0.42105263157894735,0.49749999999999994,0.032355447763861976
5,0.5,0.9473684210526315,0.4473684210526315,0.5449999999999999,0.11236102527122117
5,0.5,0.9473684210526315,0.47368421052631576,0.51,0.04366062299143246
5,0.5,0.9473684210526315,0.5,0.5025000000000001,0.055480852552930386
5,0.5,1.0,0.0,0.9275,0.04183300132670377
5,0.5,1.0,0.02631578947368421,0.8850000000000001,0.13328775262566323
5,0.5,1.0,0.05263157894736842,0.8925000000000001,0.1362442659343871
5,0.5,1.0,0.07894736842105263,0.9274999999999999,0.06274950199005568
5,0.5,1.0,0.10526315789473684,0.8949999999999999,0.09905806378079471
5,0.5,1.0,0.13157894736842105,0.8300000000000001,0.09253377761660873
5,0.5,1.0,0.15789473684210525,0.8600000000000001,0.07675040716504374
5,0.5,1.0,0.18421052631578946,0.8475000000000001,0.11018450435519506
5,0.5,1.0,0.21052631578947367,0.7725,0.1531951369985353
5,0.5,1.0,0.23684210526315788,0.7725,0.15139971928639762
5,0.5,1.0,0.2631578947368421,0.7775000000000001,0.15547306840736114
5,0.5,1.0,0.2894736842105263,0.8174999999999999,0.1251873595855428
5,0.5,1.0,0.3157894736842105,0.7975,0.07093130479555554
5,0.5,1.0,0.3421052631578947,0.5975,0.11367442544389658
5,0.5,1.0,0.3684210526315789,0.6625,0.17024798089845294
5,0.5,1.0,0.39473684210526316,0.69,0.1910906198639797
5,0.5,1.0,0.42105263157894735,0.5800000000000001,0.1585086748414736
5,0.5,1.0,0.4473684210526315,0.5475,0.13328775262566325
5,0.5,1.0,0.47368421052631576,0.49000000000000005,0.06519202405202648
5,0.5,1.0,0.5,0.5,0.07603453162872775
5,1.0,0.0,0.0,0.9275,0.04183300132670377
5,1.0,0.0,0.02631578947368421,0.7775000000000001,0.10510411504788954
5,1.0,0.0,0.05263157894736842,0.7649999999999999,0.11333026956643134
5,1.0,0.0,0.07894736842105263,0.72,0.08459462157844312
5,1.0,0.0,0.10526315789473684,0.74,0.0752080447824566
5,1.0,0.0,0.13157894736842105,0.78,0.11943879185591254
5,1.0,0.0,0.15789473684210525,0.71,0.10875718367078104
5,1.0,0.0,0.18421052631578946,0.7200000000000001,0.11679308626798078
5,1.0,0.0,0.21052631578947367,0.7224999999999999,0.125124937562422
5,1.0,0.0,0.23684210526315788,0.6775,0.1136744254438966
5,1.0,0.0,0.2631578947368421,0.6625,0.08291561975888499
5,1.0,0.0,0.2894736842105263,0.6950000000000001,0.08865311613248573
5,1.0,0.0,0.3157894736842105,0.675,0.07071067811865477
5,1.0,0.0,0.3421052631578947,0.665,0.092449310435503
5,1.0,0.0,0.3684210526315789,0.6175,0.05700877125495692
5,1.0,0.0,0.39473684210526316,0.5674999999999999,0.06993300365349682
5,1.0,0.0,0.42105263157894735,0.595,0.09039842365882272
5,1.0,0.0,0.4473684210526315,0.5874999999999999,0.07288689868556628
5,1.0,0.0,0.47368421052631576,0.5525,0.07256462636849995
5,1.0,0.0,0.5,0.5525,0.07256462636849995
5,1.0,0.05263157894736842,0.0,0.9275,0.04183300132670377
5,1.0,0.05263157894736842,0.02631578947368421,0.7775000000000001,0.10510411504788954
5,1.0,0.05263157894736842,0.05263157894736842,0.7649999999999999,0.11333026956643134
5,1.0,0.05263157894736842,0.07894736842105263,0.72,0.08459462157844312
5,1.0,0.05263157894736842,0.10526315789473684,0.7525000000000001,0.08900491559458948
5,1.0,0.05263157894736842,0.13157894736842105,0.805,0.13653067420913148
5,1.0,0.05263157894736842,0.15789473684210525,0.6924999999999999,0.08505512918102
5,1.0,0.05263157894736842,0.18421052631578946,0.6825000000000001,0.09211066713470271
5,1.0,0.05263157894736842,0.21052631578947367,0.6849999999999999,0.10360682892551051
5,1.0,0.05263157894736842,0.23684210526315788,0.7075,0.11201283408609927
5,1.0,0.05263157894736842,0.2631578947368421,0.7125,0.09270248108869576
5,1.0,0.05263157894736842,0.2894736842105263,0.655,0.08225341938181052
5,1.0,0.05263157894736842,0.3157894736842105,0.6824999999999999,0.07479137650825794
5,1.0,0.05263157894736842,0.3421052631578947,0.62,0.11025538535599971
5,1.0,0.05263157894736842,0.3684210526315789,0.595,0.08596874432024701
5,1.0,0.05263157894736842,0.39473684210526316,0.5825,0.06937218462755806
5,1.0,0.05263157894736842,0.42105263157894735,0.5975,0.07974568953868291
5,1.0,0.05263157894736842,0.4473684210526315,0.5900000000000001,0.07310095758606726
5,1.0,0.05263157894736842,0.47368421052631576,0.5675,0.04558645632202618
5,1.0,0.05263157894736842,0.5,0.5375,0.05796011559684816
5,1.0,0.10526315789473684,0.0,0.9275,0.04183300132670377
5,1.0,0.10526315789473684,0.02631578947368421,0.7825,0.11131318430446592
5,1.0,0.10526315789473684,0.05263157894736842,0.7899999999999999,0.14042346669983616
5,1.0,0.10526315789473684,0.07894736842105263,0.7424999999999999,0.1220271486186578
5,1.0,0.10526315789473684,0.10526315789473684,0.775,0.11456439237389597
5,1.0,0.10526315789473684,0.13157894736842105,0.8350000000000002,0.10731088015667378
5,1.0,0.10526315789473684,0.15789473684210525,0.7075000000000001,0.10023410098364727
5,1.0,0.10526315789473684,0.18421052631578946,0.7300000000000001,0.10139649895336625
5,1.0,0.10526315789473684,0.21052631578947367,0.7275,0.09738775590391227
5,1.0,0.10526315789473684,0.23684210526315788,0.685,0.07875992001011684
5,1.0,0.10526315789473684,0.2631578947368421,0.6625,0.10643366478703997
5,1.0,0.10526315789473684,0.2894736842105263,0.6299999999999999,0.08505512918102
5,1.0,0.10526315789473684,0.3157894736842105,0.6875,0.07551903733496608
5,1.0,0.10526315789473684,0.3421052631578947,0.65,0.12183492931011204
5,1.0,0.10526315789473684,0.3684210526315789,0.595,0.07320775232173163
5,1.0,0.10526315789473684,0.39473684210526316,0.5875,0.06555055301063448
5,1.0,0.10526315789473684,0.42105263157894735,0.5725,0.07520804478245662
5,1.0,0.10526315789473684,0.4473684210526315,0.5625,0.0637377439199098
5,1.0,0.10526315789473684,0.47368421052631576,0.545,0.05902859476558797
5,1.0,0.10526315789473684,0.5,0.52,0.05631940163034406
5,1.0,0.15789473684210525,0.0,0.9275,0.04183300132670377
5,1.0,0.15789473684210525,0.02631578947368421,0.7875,0.11825554955265313
5,1.0,0.15789473684210525,0.05263157894736842,0.7750000000000001,0.12183492931011203
5,1.0,0.15789473684210525,0.07894736842105263,0.7399999999999999,0.11739356881873894
5,1.0,0.15789473684210525,0.10526315789473684,0.825,0.07551903733496608
5,1.0,0.15789473684210525,0.13157894736842105,0.7725000000000002,0.1418075280089178
5,1.0,0.15789473684210525,0.15789473684210525,0.6825,0.09544304584410537
5,1.0,0.15789473684210525,0.18421052631578946,0.7075,0.14103412707568336
5,1.0,0.15789473684210525,0.21052631578947367,0.7300000000000001,0.16407886823110404
5,1.0,0.15789473684210525,0.23684210526315788,0.6525,0.07572565615430477
5,1.0,0.15789473684210525,0.2631578947368421,0.6674999999999999,0.09211066713470267
5,1.0,0.15789473684210525,0.2894736842105263,0.615,0.04710360920354193
5,1.0,0.15789473684210525,0.3157894736842105,0.6725,0.08357257325223388
5,1.0,0.15789473684210525,0.3421052631578947,0.6475,0.0821583836257749
5,1.0,0.15789473684210525,0.3684210526315789,0.6224999999999999,0.038931028755993594
5,1.0,0.15789473684210525,0.39473684210526316,0.61,0.027099354235848496
5,1.0,0.15789473684210525,0.42105263157894735,0.595,0.03811987670494228
5,1.0,0.15789473684210525,0.4473684210526315,0.5574999999999999,0.045586456322026174
5,1.0,0.15789473684210525,0.47368421052631576,0.5325,0.06766184301362178
5,1.0,0.15789473684210525,0.5,0.52,0.077358742233829
5,1.0,0.21052631578947367,0.0,0.9275,0.04183300132670377
5,1.0,0.21052631578947367,0.02631578947368421,0.8099999999999999,0.12292019768939522
5,1.0,0.21052631578947367,0.05263157894736842,0.7775000000000001,0.12164240625702862
5,1.0,0.21052631578947367,0.07894736842105263,0.7375,0.11989578808281796
5,1.0,0.21052631578947367,0.10526315789473684,0.8225,0.07468684623144828
5,1.0,0.21052631578947367,0.13157894736842105,0.7500000000000001,0.12054563451241194
5,1.0,0.21052631578947367,0.15789473684210525,0.7375,0.1328768226591831
5,1.0,0.21052631578947367,0.18421052631578946,0.6425,0.0877674484077098
5,1.0,0.21052631578947367,0.21052631578947367,0.6900000000000001,0.14614846903064022
5,1.0,0.21052631578947367,0.23684210526315788,0.655,0.08776744840770978
5,1.0,0.21052631578947367,0.2631578947368421,0.6200000000000001,0.07213269023126752
5,1.0,0.21052631578947367,0.2894736842105263,0.7274999999999999,0.09495064507416472
5,1.0,0.21052631578947367,0.3157894736842105,0.71,0.07974568953868291
5,1.0,0.21052631578947367,0.3421052631578947,0.6525000000000001,0.08900491559458949
5,1.0,0.21052631578947367,0.3684210526315789,0.6475,0.07925433742073677
5,1.0,0.21052631578947367,0.39473684210526316,0.5425,0.06287388169979644
5,1.0,0.21052631578947367,0.42105263157894735,0.5225,0.03468609231377902
5,1.0,0.21052631578947367,0.4473684210526315,0.5125,0.03644344934278313
5,1.0,0.21052631578947367,0.47368421052631576,0.5425,0.08776744840770978
5,1.0,0.21052631578947367,0.5,0.5425000000000001,0.09585144756340405
5,1.0,0.2631578947368421,0.0,0.9275,0.04183300132670377
5,1.0,0.2631578947368421,0.02631578947368421,0.8099999999999999,0.12292019768939522
5,1.0,0.2631578947368421,0.05263157894736842,0.79,0.11639104346984777
5,1.0,0.2631578947368421,0.07894736842105263,0.74,0.12067518386147169
5,1.0,0.2631578947368421,0.10526315789473684,0.8175000000000001,0.08033134506529813
5,1.0,0.2631578947368421,0.13157894736842105,0.7350000000000001,0.13761358944522883
5,1.0,0.2631578947368421,0.15789473684210525,0.7500000000000001,0.11891435994025279
5,1.0,0.2631578947368421,0.18421052631578946,0.655,0.08459462157844315
5,1.0,0.2631578947368421,0.21052631578947367,0.7025,0.13902562713399283
5,1.0,0.2631578947368421,0.23684210526315788,0.6425000000000001,0.08865311613248572
5,1.0,0.2631578947368421,0.2631578947368421,0.625,0.0879452954966893
5,1.0,0.2631578947368421,0.2894736842105263,0.665,0.09160035480280634
5,1.0,0.2631578947368421,0.3157894736842105,0.6224999999999999,0.10093314619093174
5,1.0,0.2631578947368421,0.3421052631578947,0.575,0.08100925873009825
5,1.0,0.2631578947368421,0.3684210526315789,0.5775,0.06925947588597534
5,1.0,0.2631578947368421,0.39473684210526316,0.5499999999999999,0.05303300858899106
5,1.0,0.2631578947368421,0.42105263157894735,0.5549999999999999,0.07479137650825794
5,1.0,0.2631578947368421,0.4473684210526315,0.5425,0.05491470659122198
5,1.0,0.2631578947368421,0.47368421052631576,0.63,0.06033759193073582
5,1.0,0.2631578947368421,0.5,0.6125,0.07015607600201139
5,1.0,0.3157894736842105,0.0,0.9275,0.04183300132670377
5,1.0,0.3157894736842105,0.02631578947368421,0.8099999999999999,0.12292019768939522
5,1.0,0.3157894736842105,0.05263157894736842,0.8,0.12716868718359875
5,1.0,0.3157894736842105,0.07894736842105263,0.7474999999999999,0.09738775590391226
5,1.0,0.3157894736842105,0.10526315789473684,0.8149999999999998,0.07202430145443965
5,1.0,0.3157894736842105,0.13157894736842105,0.7975000000000001,0.12355413793151565
5,1.0,0.3157894736842105,0.15789473684210525,0.7625,0.1352081728298996
5,1.0,0.3157894736842105,0.18421052631578946,0.6950000000000001,0.10216408370851277
5,1.0,0.3157894736842105,0.21052631578947367,0.705,0.08272696053887148
5,1.0,0.3157894736842105,0.23684210526315788,0.7325000000000002,0.11339918430041729
5,1.0,0.3157894736842105,0.2631578947368421,0.6925000000000001,0.1106091090281447
5,1.0,0.3157894736842105,0.2894736842105263,0.74,0.11537980759214328
5,1.0,0.3157894736842105,0.3157894736842105,0.6625,0.15512092057488572
5,1.0,0.3157894736842105,0.3421052631578947,0.605,0.11096170510586072
5,1.0,0.3157894736842105,0.3684210526315789,0.5925,0.13157697366940768
5,1.0,0.3157894736842105,0.39473684210526316,0.6075,0.11911129249571593
5,1.0,0.3157894736842105,0.42105263157894735,0.5725,0.108397416943394
5,1.0,0.3157894736842105,0.4473684210526315,0.5725,0.108397416943394
5,1.0,0.3157894736842105,0.47368421052631576,0.5925,0.07984359711335656
5,1.0,0.3157894736842105,0.5,0.55,0.08003905296791061
5,1.0,0.3684210526315789,0.0,0.9275,0.04183300132670377
5,1.0,0.3684210526315789,0.02631578947368421,0.8300000000000001,0.14047909097086297
5,1.0,0.3684210526315789,0.05263157894736842,0.8074999999999999,0.1362442659343871
5,1.0,0.3684210526315789,0.07894736842105263,0.7649999999999999,0.13818013605435478
5,1.0,0.3684210526315789,0.10526315789473684,0.79,0.11739356881873894
5,1.0,0.3684210526315789,0.13157894736842105,0.7725,0.11124297730643493
5,1.0,0.3684210526315789,0.15789473684210525,0.7275,0.13532368602724357
5,1.0,0.3684210526315789,0.18421052631578946,0.6875,0.03852758751855611
5,1.0,0.3684210526315789,0.21052631578947367,0.735,0.050311529493745274
5,1.0,0.3684210526315789,0.23684210526315788,0.7474999999999999,0.08023403267940608
5,1.0,0.3684210526315789,0.2631578947368421,0.725,0.0914296177395487
5,1.0,0.3684210526315789,0.2894736842105263,0.7275,0.08987839006123775
5,1.0,0.3684210526315789,0.3157894736842105,0.7074999999999999,0.09786789565531692
5,1.0,0.3684210526315789,0.3421052631578947,0.6875,0.082915619758885
5,1.0,0.3684210526315789,0.3684210526315789,0.7050000000000001,0.09945162140458041
5,1.0,0.3684210526315789,0.39473684210526316,0.64,0.08071942145481467
5,1.0,0.3684210526315789,0.42105263157894735,0.6275000000000001,0.0633689592781829
5,1.0,0.3684210526315789,0.4473684210526315,0.6275000000000001,0.0633689592781829
5,1.0,0.3684210526315789,0.47368421052631576,0.61,0.05184110338331932
5,1.0,0.3684210526315789,0.5,0.575,0.03750000000000002
5,1.0,0.42105263157894735,0.0,0.9275,0.04183300132670377
5,1.0,0.42105263157894735,0.02631578947368421,0.8300000000000001,0.14047909097086297
5,1.0,0.42105263157894735,0.05263157894736842,0.8074999999999999,0.1362442659343871
5,1.0,0.42105263157894735,0.07894736842105263,0.7649999999999999,0.13818013605435478
5,1.0,0.42105263157894735,0.10526315789473684,0.8025,0.11367442544389655
5,1.0,0.42105263157894735,0.13157894736842105,0.7899999999999999,0.05332682251925388
5,1.0,0.42105263157894735,0.15789473684210525,0.7125,0.10532687216470447
5,1.0,0.42105263157894735,0.18421052631578946,0.7074999999999999,0.0464354390525168
5,1.0,0.42105263157894735,0.21052631578947367,0.7175,0.17468722048278174
5,1.0,0.42105263157894735,0.23684210526315788,0.68,0.1509345884812358
5,1.0,0.42105263157894735,0.2631578947368421,0.6700000000000002,0.15426235768974877
5,1.0,0.42105263157894735,0.2894736842105263,0.6925000000000001,0.1680773631397161
5,1.0,0.42105263157894735,0.3157894736842105,0.6525000000000001,0.12386989141837496
5,1.0,0.42105263157894735,0.3421052631578947,0.6300000000000001,0.1048063690812729
5,1.0,0.42105263157894735,0.3684210526315789,0.6625,0.13891319231808044
5,1.0,0.42105263157894735,0.39473684210526316,0.6025,0.08987839006123775
5,1.0,0.42105263157894735,0.42105263157894735,0.6175,0.11131318430446592
5,1.0,0.42105263157894735,0.4473684210526315,0.6199999999999999,0.10990052320166634
5,1.0,0.42105263157894735,0.47368421052631576,0.5574999999999999,0.03913118960624631
5,1.0,0.42105263157894735,0.5,0.5599999999999999,0.034686092313779025
5,1.0,0.47368421052631576,0.0,0.9275,0.04183300132670377
5,1.0,0.47368421052631576,0.02631578947368421,0.8300000000000001,0.14047909097086297
5,1.0,0.47368421052631576,0.05263157894736842,0.8074999999999999,0.1362442659343871
5,1.0,0.47368421052631576,0.07894736842105263,0.7649999999999999,0.13818013605435478
5,1.0,0.47368421052631576,0.10526315789473684,0.8299999999999998,0.09786789565531692
5,1.0,0.47368421052631576,0.13157894736842105,0.8099999999999999,0.07725768570181223
5,1.0,0.47368421052631576,0.15789473684210525,0.7549999999999999,0.14268628175126016
5,1.0,0.47368421052631576,0.18421052631578946,0.775,0.11625672023586422
5,1.0,0.47368421052631576,0.21052631578947367,0.6625,0.15687375497513914
5,1.0,0.47368421052631576,0.23684210526315788,0.6575000000000001,0.13710169583196263
5,1.0,0.47368421052631576,0.2631578947368421,0.7125,0.1765555861478192
5,1.0,0.47368421052631576,0.2894736842105263,0.6900000000000001,0.164744119773666
5,1.0,0.47368421052631576,0.3157894736842105,0.625,0.1189143599402528
5,1.0,0.47368421052631576,0.3421052631578947,0.6100000000000001,0.0969858237063541
5,1.0,0.47368421052631576,0.3684210526315789,0.6799999999999999,0.13992185318955722
5,1.0,0.47368421052631576,0.39473684210526316,0.6224999999999999,0.11605494388435161
5,1.0,0.47368421052631576,0.42105263157894735,0.5825,0.08459462157844314
5,1.0,0.47368421052631576,0.4473684210526315,0.555,0.0812980627075455
5,1.0,0.47368421052631576,0.47368421052631576,0.5599999999999999,0.08450221890577783
5,1.0,0.47368421052631576,0.5,0.5225,0.041833001326703784
5,1.0,0.5263157894736842,0.0,0.9275,0.04183300132670377
5,1.0,0.5263157894736842,0.02631578947368421,0.8300000000000001,0.14047909097086297
5,1.0,0.5263157894736842,0.05263157894736842,0.8074999999999999,0.1362442659343871
5,1.0,0.5263157894736842,0.07894736842105263,0.7725000000000001,0.14721370520437288
5,1.0,0.5263157894736842,0.10526315789473684,0.8225,0.09160035480280632
5,1.0,0.5263157894736842,0.13157894736842105,0.8324999999999999,0.08505512918102001
5,1.0,0.5263157894736842,0.15789473684210525,0.7799999999999999,0.15973611050729888
5,1.0,0.5263157894736842,0.18421052631578946,0.7424999999999999,0.164078868231104
5,1.0,0.5263157894736842,0.21052631578947367,0.6425000000000001,0.15170901423448774
5,1.0,0.5263157894736842,0.23684210526315788,0.615,0.11263880326068808
5,1.0,0.5263157894736842,0.2631578947368421,0.67,0.1685415379068317
5,1.0,0.5263157894736842,0.2894736842105263,0.6775,0.16756528578437718
5,1.0,0.5263157894736842,0.3157894736842105,0.66,0.12759800155174847
5,1.0,0.5263157894736842,0.3421052631578947,0.6174999999999999,0.10216408370851275
5,1.0,0.5263157894736842,0.3684210526315789,0.6,0.09722718241315027
5,1.0,0.5263157894736842,0.39473684210526316,0.65,0.05929270612815708
5,1.0,0.5263157894736842,0.42105263157894735,0.63,0.0822534193818105
5,1.0,0.5263157894736842,0.4473684210526315,0.62,0.07320775232173159
5,1.0,0.5263157894736842,0.47368421052631576,0.635,0.09738775590391228
5,1.0,0.5263157894736842,0.5,0.6075,0.0998436277385793
5,1.0,0.5789473684210527,0.0,0.9275,0.04183300132670377
5,1.0,0.5789473684210527,0.02631578947368421,0.825,0.13491895715576813
5,1.0,0.5789473684210527,0.05263157894736842,0.7849999999999999,0.11435963011482679
5,1.0,0.5789473684210527,0.07894736842105263,0.7050000000000001,0.14431952397371609
5,1.0,0.5789473684210527,0.10526315789473684,0.82,0.1396424004376894
5,1.0,0.5789473684210527,0.13157894736842105,0.7174999999999999,0.1294821416257856
5,1.0,0.5789473684210527,0.15789473684210525,0.7174999999999999,0.14350522638566168
5,1.0,0.5789473684210527,0.18421052631578946,0.7074999999999999,0.12298373876248844
5,1.0,0.5789473684210527,0.21052631578947367,0.75,0.12151388809514736
5,1.0,0.5789473684210527,0.23684210526315788,0.7175,0.14268628175126016
5,1.0,0.5789473684210527,0.2631578947368421,0.785,0.11706034768443155
5,1.0,0.5789473684210527,0.2894736842105263,0.77,0.11236102527122117
5,1.0,0.5789473684210527,0.3157894736842105,0.7675000000000001,0.08732124598286492
5,1.0,0.5789473684210527,0.3421052631578947,0.74,0.10621322893124002
5,1.0,0.5789473684210527,0.3684210526315789,0.6024999999999999,0.0651920240520265
5,1.0,0.5789473684210527,0.39473684210526316,0.58,0.06766184301362177
5,1.0,0.5789473684210527,0.42105263157894735,0.58,0.06766184301362177
5,1.0,0.5789473684210527,0.4473684210526315,0.575,0.0712609640686961
5,1.0,0.5789473684210527,0.47368421052631576,0.53,0.07836214009328739
5,1.0,0.5789473684210527,0.5,0.4925,0.041079191812887474
5,1.0,0.631578947368421,0.0,0.9275,0.04183300132670377
5,1.0,0.631578947368421,0.02631578947368421,0.825,0.13491895715576813
5,1.0,0.631578947368421,0.05263157894736842,0.7849999999999999,0.11435963011482679
5,1.0,0.631578947368421,0.07894736842105263,0.7050000000000001,0.14431952397371609
5,1.0,0.631578947368421,0.10526315789473684,0.82,0.1396424004376894
5,1.0,0.631578947368421,0.13157894736842105,0.7150000000000001,0.13002403623945846
5,1.0,0.631578947368421,0.15789473684210525,0.71,0.14561292868423467
5,1.0,0.631578947368421,0.18421052631578946,0.7150000000000001,0.12355413793151569
5,1.0,0.631578947368421,0.21052631578947367,0.77,0.09945162140458041
5,1.0,0.631578947368421,0.23684210526315788,0.74,0.1260580223547871
5,1.0,0.631578947368421,0.2631578947368421,0.7675,0.10139649895336623
5,1.0,0.631578947368421,0.2894736842105263,0.6825,0.08459462157844316
5,1.0,0.631578947368421,0.3157894736842105,0.675,0.08705242673240075
5,1.0,0.631578947368421,0.3421052631578947,0.645,0.1174600996083351
5,1.0,0.631578947368421,0.3684210526315789,0.62,0.11096170510586076
5,1.0,0.631578947368421,0.39473684210526316,0.595,0.11779218989389748
5,1.0,0.631578947368421,0.42105263157894735,0.5625,0.08750000000000001
5,1.0,0.631578947368421,0.4473684210526315,0.55,0.09395810236483068
5,1.0,0.631578947368421,0.47368421052631576,0.5475,0.08856494791959174
5,1.0,0.631578947368421,0.5,0.57,0.09866293630335557
5,1.0,0.6842105263157894,0.0,0.9275,0.04183300132670377
5,1.0,0.6842105263157894,0.02631578947368421,0.825,0.13491895715576813
5,1.0,0.6842105263157894,0.05263157894736842,0.7825,0.11476878931138029
5,1.0,0.6842105263157894,0.07894736842105263,0.7525000000000001,0.1552216157627539
5,1.0,0.6842105263157894,0.10526315789473684,0.8274999999999999,0.14507541142454156
5,1.0,0.6842105263157894,0.13157894736842105,0.7575,0.15826204535516403
5,1.0,0.6842105263157894,0.15789473684210525,0.7375,0.14059027349002495
5,1.0,0.6842105263157894,0.18421052631578946,0.7224999999999999,0.15191486102419344
5,1.0,0.6842105263157894,0.21052631578947367,0.7699999999999999,0.12673791855636576
5,1.0,0.6842105263157894,0.23684210526315788,0.7675,0.12456173168353112
5,1.0,0.6842105263157894,0.2631578947368421,0.7350000000000001,0.14317821063276354
5,1.0,0.6842105263157894,0.2894736842105263,0.685,0.11470069746954463
5,1.0,0.6842105263157894,0.3157894736842105,0.6775,0.12449899597988731
5,1.0,0.6842105263157894,0.3421052631578947,0.645,0.09503288904374103
5,1.0,0.6842105263157894,0.3684210526315789,0.6649999999999999,0.13002403623945846
5,1.0,0.6842105263157894,0.39473684210526316,0.6599999999999999,0.13704470073665748
5,1.0,0.6842105263157894,0.42105263157894735,0.665,0.13211027590615348
5,1.0,0.6842105263157894,0.4473684210526315,0.655,0.12330095295657692
5,1.0,0.6842105263157894,0.47368421052631576,0.6025,0.10658036873646104
5,1.0,0.6842105263157894,0.5,0.5625,0.0918558653543692
5,1.0,0.7368421052631579,0.0,0.9275,0.04183300132670377
5,1.0,0.7368421052631579,0.02631578947368421,0.825,0.13491895715576813
5,1.0,0.7368421052631579,0.05263157894736842,0.7825,0.11476878931138029
5,1.0,0.7368421052631579,0.07894736842105263,0.7200000000000001,0.12393294557945438
5,1.0,0.7368421052631579,0.10526315789473684,0.7474999999999999,0.14042346669983619
5,1.0,0.7368421052631579,0.13157894736842105,0.7575,0.1294821416257856
5,1.0,0.7368421052631579,0.15789473684210525,0.75,0.16321956071500746
5,1.0,0.7368421052631579,0.18421052631578946,0.7224999999999999,0.14097872179871687
5,1.0,0.7368421052631579,0.21052631578947367,0.8150000000000001,0.07826237921249264
5,1.0,0.7368421052631579,0.23684210526315788,0.82,0.08596874432024701
5,1.0,0.7368421052631579,0.2631578947368421,0.7375,0.11039701082909806
5,1.0,0.7368421052631579,0.2894736842105263,0.7799999999999999,0.14485984605818134
5,1.0,0.7368421052631579,0.3157894736842105,0.5924999999999999,0.06224949798994363
5,1.0,0.7368421052631579,0.3421052631578947,0.6449999999999999,0.15875492118356518
5,1.0,0.7368421052631579,0.3684210526315789,0.5775,0.04626688880830439
5,1.0,0.7368421052631579,0.39473684210526316,0.6475,0.11970014619874111
5,1.0,0.7368421052631579,0.42105263157894735,0.65,0.11891435994025278
5,1.0,0.7368421052631579,0.4473684210526315,0.6025,0.12132085558550927
5,1.0,0.7368421052631579,0.47368421052631576,0.5975,0.11672617529928753
5,1.0,0.7368421052631579,0.5,0.575,0.11625672023586422
5,1.0,0.7894736842105263,0.0,0.9275,0.04183300132670377
5,1.0,0.7894736842105263,0.02631578947368421,0.8324999999999999,0.13936238732168732
5,1.0,0.7894736842105263,0.05263157894736842,0.8125,0.12716868718359878
5,1.0,0.7894736842105263,0.07894736842105263,0.75,0.15181197251863898
5,1.0,0.7894736842105263,0.10526315789473684,0.7775000000000001,0.12820881404958087
5,1.0,0.7894736842105263,0.13157894736842105,0.845,0.15324612556276915
5,1.0,0.7894736842105263,0.15789473684210525,0.82,0.15041608956491326
5,1.0,0.7894736842105263,0.18421052631578946,0.7949999999999999,0.15196627915429134
5,1.0,0.7894736842105263,0.21052631578947367,0.8724999999999999,0.0651920240520265
5,1.0,0.7894736842105263,0.23684210526315788,0.8724999999999999,0.1020875849454771
5,1.0,0.7894736842105263,0.2631578947368421,0.8150000000000001,0.09329054078522646
5,1.0,0.7894736842105263,0.2894736842105263,0.7249999999999999,0.13258252147247768
5,1.0,0.7894736842105263,0.3157894736842105,0.705,0.14646885334432028
5,1.0,0.7894736842105263,0.3421052631578947,0.6599999999999999,0.1666302043448306
5,1.0,0.7894736842105263,0.3684210526315789,0.6224999999999999,0.10285001215362105
5,1.0,0.7894736842105263,0.39473684210526316,0.6900000000000001,0.14561292868423462
5,1.0,0.7894736842105263,0.42105263157894735,0.645,0.17513387736243377
5,1.0,0.7894736842105263,0.4473684210526315,0.61,0.11298506538476669
5,1.0,0.7894736842105263,0.47368421052631576,0.5925,0.11270814078849849
5,1.0,0.7894736842105263,0.5,0.5875,0.08615030470056388
5,1.0,0.8421052631578947,0.0,0.9275,0.04183300132670377
5,1.0,0.8421052631578947,0.02631578947368421,0.8324999999999999,0.13936238732168732
5,1.0,0.8421052631578947,0.05263157894736842,0.8324999999999999,0.13936238732168732
5,1.0,0.8421052631578947,0.07894736842105263,0.785,0.11772584677971101
5,1.0,0.8421052631578947,0.10526315789473684,0.8125,0.06959705453537528
5,1.0,0.8421052631578947,0.13157894736842105,0.89,0.05687156583038661
5,1.0,0.8421052631578947,0.15789473684210525,0.8550000000000001,0.06224949798994365
5,1.0,0.8421052631578947,0.18421052631578946,0.8175000000000001,0.10774680969754974
5,1.0,0.8421052631578947,0.21052631578947367,0.8175000000000001,0.10774680969754974
5,1.0,0.8421052631578947,0.23684210526315788,0.8525,0.15062370331392066
5,1.0,0.8421052631578947,0.2631578947368421,0.7350000000000001,0.1309222097277616
5,1.0,0.8421052631578947,0.2894736842105263,0.7975000000000001,0.12164240625702863
5,1.0,0.8421052631578947,0.3157894736842105,0.7875,0.13199195051214296
5,1.0,0.8421052631578947,0.3421052631578947,0.6799999999999999,0.14646885334432025
5,1.0,0.8421052631578947,0.3684210526315789,0.6950000000000001,0.1517090142344877
5,1.0,0.8421052631578947,0.39473684210526316,0.65,0.17611253504506713
5,1.0,0.8421052631578947,0.42105263157894735,0.655,0.1421376973219983
5,1.0,0.8421052631578947,0.4473684210526315,0.58,0.06823672031978088
5,1.0,0.8421052631578947,0.47368421052631576,0.5875,0.09478594305064439
5,1.0,0.8421052631578947,0.5,0.5375,0.06789237807000134
5,1.0,0.894736842105263,0.0,0.9275,0.04183300132670377
5,1.0,0.894736842105263,0.02631578947368421,0.8324999999999999,0.13936238732168732
5,1.0,0.894736842105263,0.05263157894736842,0.8324999999999999,0.13936238732168732
5,1.0,0.894736842105263,0.07894736842105263,0.785,0.11772584677971101
5,1.0,0.894736842105263,0.10526315789473684,0.8125,0.06959705453537528
5,1.0,0.894736842105263,0.13157894736842105,0.8875,0.03307189138830739
5,1.0,0.894736842105263,0.15789473684210525,0.8474999999999999,0.07202430145443968
5,1.0,0.894736842105263,0.18421052631578946,0.845,0.07158910531638177
5,1.0,0.894736842105263,0.21052631578947367,0.8675,0.054198708471697006
5,1.0,0.894736842105263,0.23684210526315788,0.9025000000000001,0.06925947588597532
5,1.0,0.894736842105263,0.2631578947368421,0.8525,0.05184110338331931
5,1.0,0.894736842105263,0.2894736842105263,0.8574999999999999,0.09786789565531692
5,1.0,0.894736842105263,0.3157894736842105,0.79,0.0633689592781829
5,1.0,0.894736842105263,0.3421052631578947,0.6749999999999999,0.15129648046137753
5,1.0,0.894736842105263,0.3684210526315789,0.7275,0.1461484690306402
5,1.0,0.894736842105263,0.39473684210526316,0.6675000000000001,0.1552719388685541
5,1.0,0.894736842105263,0.42105263157894735,0.6825,0.11544749889018817
5,1.0,0.894736842105263,0.4473684210526315,0.6075,0.07634215742301236
5,1.0,0.894736842105263,0.47368421052631576,0.615,0.12099845040330064
5,1.0,0.894736842105263,0.5,0.5599999999999999,0.09031195934094222
5,1.0,0.9473684210526315,0.0,0.9275,0.04183300132670377
5,1.0,0.9473684210526315,0.02631578947368421,0.8675,0.0793528512405194
5,1.0,0.9473684210526315,0.05263157894736842,0.8675,0.0793528512405194
5,1.0,0.9473684210526315,0.07894736842105263,0.82,0.06993300365349682
5,1.0,0.9473684210526315,0.10526315789473684,0.76,0.08450221890577786
5,1.0,0.9473684210526315,0.13157894736842105,0.8025,0.10093314619093177
5,1.0,0.9473684210526315,0.15789473684210525,0.79,0.04183300132670381
5,1.0,0.9473684210526315,0.18421052631578946,0.8,0.06373774391990981
5,1.0,0.9473684210526315,0.21052631578947367,0.8225,0.06925947588597538
5,1.0,0.9473684210526315,0.23684210526315788,0.845,0.059028594765587986
5,1.0,0.9473684210526315,0.2631578947368421,0.8099999999999999,0.14932138159017955
5,1.0,0.9473684210526315,0.2894736842105263,0.775,0.12960275845829827
5,1.0,0.9473684210526315,0.3157894736842105,0.8300000000000001,0.12138523386310217
5,1.0,0.9473684210526315,0.3421052631578947,0.7274999999999999,0.16521765946774578
5,1.0,0.9473684210526315,0.3684210526315789,0.665,0.1442653804625351
5,1.0,0.9473684210526315,0.39473684210526316,0.6125,0.17897276329095443
5,1.0,0.9473684210526315,0.42105263157894735,0.6525000000000001,0.20007810974716853
5,1.0,0.9473684210526315,0.4473684210526315,0.605,0.18553133158579982
5,1.0,0.9473684210526315,0.47368421052631576,0.595,0.18084005363856756
5,1.0,0.9473684210526315,0.5,0.5650000000000001,0.13618691199964847
5,1.0,1.0,0.0,0.9275,0.04183300132670377
5,1.0,1.0,0.02631578947368421,0.8675,0.0793528512405194
5,1.0,1.0,0.05263157894736842,0.8675,0.0793528512405194
5,1.0,1.0,0.07894736842105263,0.8150000000000001,0.06578848683470383
5,1.0,1.0,0.10526315789473684,0.8099999999999999,0.13445491809524857
5,1.0,1.0,0.13157894736842105,0.8399999999999999,0.14125553086516648
5,1.0,1.0,0.15789473684210525,0.7350000000000001,0.12481235916366616
5,1.0,1.0,0.18421052631578946,0.7875,0.07071067811865477
5,1.0,1.0,0.21052631578947367,0.8150000000000001,0.06696547617989439
5,1.0,1.0,0.23684210526315788,0.7674999999999998,0.12298373876248847
5,1.0,1.0,0.2631578947368421,0.825,0.14523687548277814
5,1.0,1.0,0.2894736842105263,0.8425,0.06471089552772391
5,1.0,1.0,0.3157894736842105,0.7725,0.16090564005031024
5,1.0,1.0,0.3421052631578947,0.6975,0.13704470073665745
5,1.0,1.0,0.3684210526315789,0.6875,0.1709349291397168
5,1.0,1.0,0.39473684210526316,0.6525,0.15944238771418345
5,1.0,1.0,0.42105263157894735,0.6125,0.09642030387838445
5,1.0,1.0,0.4473684210526315,0.5349999999999999,0.020539595906443744
5,1.0,1.0,0.47368421052631576,0.5349999999999999,0.037914377220257756
5,1.0,1.0,0.5,0.51,0.05332682251925385
5,2.0,0.0,0.0,0.9275,0.04183300132670377
5,2.0,0.0,0.02631578947368421,0.7775000000000001,0.10510411504788954
5,2.0,0.0,0.05263157894736842,0.7649999999999999,0.11333026956643134
5,2.0,0.0,0.07894736842105263,0.72,0.08459462157844312
5,2.0,0.0,0.10526315789473684,0.74,0.0752080447824566
5,2.0,0.0,0.13157894736842105,0.78,0.11943879185591254
5,2.0,0.0,0.15789473684210525,0.71,0.10875718367078104
5,2.0,0.0,0.18421052631578946,0.7200000000000001,0.11679308626798078
5,2.0,0.0,0.21052631578947367,0.7224999999999999,0.125124937562422
5,2.0,0.0,0.23684210526315788,0.6775,0.1136744254438966
5,2.0,0.0,0.2631578947368421,0.6625,0.08291561975888499
5,2.0,0.0,0.2894736842105263,0.6950000000000001,0.08865311613248573
5,2.0,0.0,0.3157894736842105,0.675,0.07071067811865477
5,2.0,0.0,0.3421052631578947,0.665,0.092449310435503
5,2.0,0.0,0.3684210526315789,0.6175,0.05700877125495692
5,2.0,0.0,0.39473684210526316,0.5674999999999999,0.06993300365349682
5,2.0,0.0,0.42105263157894735,0.595,0.09039842365882272
5,2.0,0.0,0.4473684210526315,0.5874999999999999,0.07288689868556628
5,2.0,0.0,0.47368421052631576,0.5525,0.07256462636849995
5,2.0,0.0,0.5,0.5525,0.07256462636849995
5,2.0,0.05263157894736842,0.0,0.9275,0.04183300132670377
5,2.0,0.05263157894736842,0.02631578947368421,0.7775000000000001,0.10510411504788954
5,2.0,0.05263157894736842,0.05263157894736842,0.7825,0.10990052320166631
5,2.0,0.05263157894736842,0.07894736842105263,0.7324999999999999,0.09625811654089225
5,2.0,0.05263157894736842,0.10526315789473684,0.7150000000000001,0.0807194214548147
5,2.0,0.05263157894736842,0.13157894736842105,0.76,0.13958644275143628
5,2.0,0.05263157894736842,0.15789473684210525,0.6524999999999999,0.08987839006123775
5,2.0,0.05263157894736842,0.18421052631578946,0.7,0.10077822185373186
5,2.0,0.05263157894736842,0.21052631578947367,0.7075,0.11476878931138028
5,2.0,0.05263157894736842,0.23684210526315788,0.6775,0.11435963011482682
5,2.0,0.05263157894736842,0.2631578947368421,0.6849999999999999,0.06812213296719355
5,2.0,0.05263157894736842,0.2894736842105263,0.6775,0.06925947588597535
5,2.0,0.05263157894736842,0.3157894736842105,0.65,0.05796011559684812
5,2.0,0.05263157894736842,0.3421052631578947,0.6050000000000001,0.07582875444051551
5,2.0,0.05263157894736842,0.3684210526315789,0.6050000000000001,0.0912585612422199
5,2.0,0.05263157894736842,0.39473684210526316,0.59,0.07147989227747897
5,2.0,0.05263157894736842,0.42105263157894735,0.5925,0.07634215742301234
5,2.0,0.05263157894736842,0.4473684210526315,0.5675,0.06287388169979649
5,2.0,0.05263157894736842,0.47368421052631576,0.5625000000000001,0.05863019699779288
5,2.0,0.05263157894736842,0.5,0.5574999999999999,0.06161878771933118
5,2.0,0.10526315789473684,0.0,0.9275,0.04183300132670377
5,2.0,0.10526315789473684,0.02631578947368421,0.7875,0.11825554955265313
5,2.0,0.10526315789473684,0.05263157894736842,0.8,0.12437342963832747
5,2.0,0.10526315789473684,0.07894736842105263,0.7324999999999999,0.09625811654089225
5,2.0,0.10526315789473684,0.10526315789473684,0.7150000000000001,0.0807194214548147
5,2.0,0.10526315789473684,0.13157894736842105,0.8099999999999999,0.13503471775806397
5,2.0,0.10526315789473684,0.15789473684210525,0.6524999999999999,0.08987839006123775
5,2.0,0.10526315789473684,0.18421052631578946,0.7375,0.09185586535436917
5,2.0,0.10526315789473684,0.21052631578947367,0.7424999999999999,0.10216408370851275
5,2.0,0.10526315789473684,0.23684210526315788,0.655,0.07213269023126755
5,2.0,0.10526315789473684,0.2631578947368421,0.6525,0.046266888808304346
5,2.0,0.10526315789473684,0.2894736842105263,0.6825,0.059028594765587965
5,2.0,0.10526315789473684,0.3157894736842105,0.6625,0.06555055301063445
5,2.0,0.10526315789473684,0.3421052631578947,0.6075,0.06993300365349682
5,2.0,0.10526315789473684,0.3684210526315789,0.5775,0.06925947588597534
5,2.0,0.10526315789473684,0.39473684210526316,0.5725,0.05955564624785797
5,2.0,0.10526315789473684,0.42105263157894735,0.5775,0.06578848683470383
5,2.0,0.10526315789473684,0.4473684210526315,0.5650000000000001,0.07675040716504375
5,2.0,0.10526315789473684,0.47368421052631576,0.56,0.05755432216610671
5,2.0,0.10526315789473684,0.5,0.53,0.0480884601541784
5,2.0,0.15789473684210525,0.0,0.9275,0.04183300132670377
5,2.0,0.15789473684210525,0.02631578947368421,0.7875,0.11825554955265313
5,2.0,0.15789473684210525,0.05263157894736842,0.8,0.12437342963832747
5,2.0,0.15789473684210525,0.07894736842105263,0.7324999999999999,0.09625811654089225
5,2.0,0.15789473684210525,0.10526315789473684,0.7150000000000001,0.0807194214548147
5,2.0,0.15789473684210525,0.13157894736842105,0.805,0.13187351894902935
5,2.0,0.15789473684210525,0.15789473684210525,0.6975,0.12099845040330064
5,2.0,0.15789473684210525,0.18421052631578946,0.7474999999999999,0.1126388032606881
5,2.0,0.15789473684210525,0.21052631578947367,0.7550000000000001,0.1210630001280325
5,2.0,0.15789473684210525,0.23684210526315788,0.6975,0.11018450435519507
5,2.0,0.15789473684210525,0.2631578947368421,0.6525,0.08723173161183952
5,2.0,0.15789473684210525,0.2894736842105263,0.6475,0.0807194214548147
5,2.0,0.15789473684210525,0.3157894736842105,0.6475000000000001,0.09897916447414577
5,2.0,0.15789473684210525,0.3421052631578947,0.6625,0.09802741963348827
5,2.0,0.15789473684210525,0.3684210526315789,0.64,0.08357257325223387
5,2.0,0.15789473684210525,0.39473684210526316,0.645,0.09125856124221988
5,2.0,0.15789473684210525,0.42105263157894735,0.6175,0.07735874223382899
5,2.0,0.15789473684210525,0.4473684210526315,0.595,0.06708203932499368
5,2.0,0.15789473684210525,0.47368421052631576,0.62,0.059686681931566614
5,2.0,0.15789473684210525,0.5,0.5425,0.06410440702479042
5,2.0,0.21052631578947367,0.0,0.9275,0.04183300132670377
5,2.0,0.21052631578947367,0.02631578947368421,0.8099999999999999,0.12292019768939522
5,2.0,0.21052631578947367,0.05263157894736842,0.8150000000000001,0.13958644275143625
5,2.0,0.21052631578947367,0.07894736842105263,0.7425,0.11476878931138029
5,2.0,0.21052631578947367,0.10526315789473684,0.7175,0.09625811654089228
5,2.0,0.21052631578947367,0.13157894736842105,0.7799999999999999,0.1251873595855428
5,2.0,0.21052631578947367,0.15789473684210525,0.7299999999999999,0.09379165741152033
5,2.0,0.21052631578947367,0.18421052631578946,0.7474999999999999,0.1080364521816595
5,2.0,0.21052631578947367,0.21052631578947367,0.74,0.10731088015667375
5,2.0,0.21052631578947367,0.23684210526315788,0.7050000000000001,0.10628675834740657
5,2.0,0.21052631578947367,0.2631578947368421,0.635,0.12099845040330062
5,2.0,0.21052631578947367,0.2894736842105263,0.6124999999999999,0.08477912478906584
5,2.0,0.21052631578947367,0.3157894736842105,0.6125,0.08882919002219936
5,2.0,0.21052631578947367,0.3421052631578947,0.6375,0.15077922602268523
5,2.0,0.21052631578947367,0.3684210526315789,0.61,0.12260199835239227
5,2.0,0.21052631578947367,0.39473684210526316,0.5625,0.14169730060943292
5,2.0,0.21052631578947367,0.42105263157894735,0.5675000000000001,0.10990052320166635
5,2.0,0.21052631578947367,0.4473684210526315,0.5700000000000001,0.10628675834740657
5,2.0,0.21052631578947367,0.47368421052631576,0.5625,0.07342087577794207
5,2.0,0.21052631578947367,0.5,0.5525,0.06637959023675877
5,2.0,0.2631578947368421,0.0,0.9275,0.04183300132670377
5,2.0,0.2631578947368421,0.02631578947368421,0.8099999999999999,0.12292019768939522
5,2.0,0.2631578947368421,0.05263157894736842,0.8099999999999999,0.14070136815255208
5,2.0,0.2631578947368421,0.07894736842105263,0.7525000000000001,0.14399435752834205
5,2.0,0.2631578947368421,0.10526315789473684,0.7375,0.09312290266094586
5,2.0,0.2631578947368421,0.13157894736842105,0.8400000000000001,0.07037844130129622
5,2.0,0.2631578947368421,0.15789473684210525,0.79,0.054054370776099155
5,2.0,0.2631578947368421,0.18421052631578946,0.8025,0.10584481565008273
5,2.0,0.2631578947368421,0.21052631578947367,0.7699999999999999,0.06287388169979644
5,2.0,0.2631578947368421,0.23684210526315788,0.7,0.0956066158798647
5,2.0,0.2631578947368421,0.2631578947368421,0.6725,0.14507541142454153
5,2.0,0.2631578947368421,0.2894736842105263,0.7224999999999999,0.10731088015667374
5,2.0,0.2631578947368421,0.3157894736842105,0.655,0.11096170510586077
5,2.0,0.2631578947368421,0.3421052631578947,0.6475,0.12067518386147169
5,2.0,0.2631578947368421,0.3684210526315789,0.6050000000000001,0.06590713163232036
5,2.0,0.2631578947368421,0.39473684210526316,0.5574999999999999,0.09379165741152037
5,2.0,0.2631578947368421,0.42105263157894735,0.5925,0.11339918430041722
5,2.0,0.2631578947368421,0.4473684210526315,0.5675,0.10480636908127293
5,2.0,0.2631578947368421,0.47368421052631576,0.5725,0.09074345706440769
5,2.0,0.2631578947368421,0.5,0.54,0.06812213296719355
5,2.0,0.3157894736842105,0.0,0.9275,0.04183300132670377
5,2.0,0.3157894736842105,0.02631578947368421,0.8099999999999999,0.12292019768939522
5,2.0,0.3157894736842105,0.05263157894736842,0.8099999999999999,0.14070136815255208
5,2.0,0.3157894736842105,0.07894736842105263,0.7525000000000001,0.14399435752834205
5,2.0,0.3157894736842105,0.10526315789473684,0.7375,0.09312290266094586
5,2.0,0.3157894736842105,0.13157894736842105,0.8400000000000001,0.07037844130129622
5,2.0,0.3157894736842105,0.15789473684210525,0.7875,0.05929270612815711
5,2.0,0.3157894736842105,0.18421052631578946,0.7849999999999999,0.13328775262566325
5,2.0,0.3157894736842105,0.21052631578947367,0.7849999999999999,0.03893102875599359
5,2.0,0.3157894736842105,0.23684210526315788,0.7950000000000002,0.04201934078492902
5,2.0,0.3157894736842105,0.2631578947368421,0.6950000000000001,0.10368220676663861
5,2.0,0.3157894736842105,0.2894736842105263,0.6900000000000001,0.07725768570181221
5,2.0,0.3157894736842105,0.3157894736842105,0.695,0.10738365797457262
5,2.0,0.3157894736842105,0.3421052631578947,0.6475000000000001,0.13092220972776164
5,2.0,0.3157894736842105,0.3684210526315789,0.6250000000000001,0.13375584099395435
5,2.0,0.3157894736842105,0.39473684210526316,0.6125,0.148692215667129
5,2.0,0.3157894736842105,0.42105263157894735,0.6225,0.135034717758064
5,2.0,0.3157894736842105,0.4473684210526315,0.5875,0.10716517624676405
5,2.0,0.3157894736842105,0.47368421052631576,0.585,0.09658221886040928
5,2.0,0.3157894736842105,0.5,0.5900000000000001,0.09576990654688976
5,2.0,0.3684210526315789,0.0,0.9275,0.04183300132670377
5,2.0,0.3684210526315789,0.02631578947368421,0.8225,0.1324056267686536
5,2.0,0.3684210526315789,0.05263157894736842,0.8149999999999998,0.14561292868423462
5,2.0,0.3684210526315789,0.07894736842105263,0.7525000000000001,0.14399435752834205
5,2.0,0.3684210526315789,0.10526315789473684,0.7775000000000001,0.1291196150861673
5,2.0,0.3684210526315789,0.13157894736842105,0.865,0.040888568084490304
5,2.0,0.3684210526315789,0.15789473684210525,0.8099999999999999,0.09031195934094223
5,2.0,0.3684210526315789,0.18421052631578946,0.7775,0.13589977924926885
5,2.0,0.3684210526315789,0.21052631578947367,0.7775000000000001,0.047103609203541924
5,2.0,0.3684210526315789,0.23684210526315788,0.7875000000000001,0.05153882032022075
5,2.0,0.3684210526315789,0.2631578947368421,0.6625,0.13664506943172153
5,2.0,0.3684210526315789,0.2894736842105263,0.6525000000000001,0.11706034768443155
5,2.0,0.3684210526315789,0.3157894736842105,0.6425,0.1010105192541846
5,2.0,0.3684210526315789,0.3421052631578947,0.675,0.09013878188659974
5,2.0,0.3684210526315789,0.3684210526315789,0.6475000000000001,0.1020875849454771
5,2.0,0.3684210526315789,0.39473684210526316,0.6425,0.11612224162493592
5,2.0,0.3684210526315789,0.42105263157894735,0.6849999999999999,0.08403868156985804
5,2.0,0.3684210526315789,0.4473684210526315,0.6575,0.06471089552772394
5,2.0,0.3684210526315789,0.47368421052631576,0.6375,0.07015607600201139
5,2.0,0.3684210526315789,0.5,0.6174999999999999,0.06590713163232033
5,2.0,0.42105263157894735,0.0,0.9275,0.04183300132670377
5,2.0,0.42105263157894735,0.02631578947368421,0.8225,0.1324056267686536
5,2.0,0.42105263157894735,0.05263157894736842,0.8125,0.14657549249448215
5,2.0,0.42105263157894735,0.07894736842105263,0.78,0.1614388429096294
5,2.0,0.42105263157894735,0.10526315789473684,0.8099999999999999,0.12323757543866236
5,2.0,0.42105263157894735,0.13157894736842105,0.8524999999999998,0.0525892099199066
5,2.0,0.42105263157894735,0.15789473684210525,0.805,0.09666307464590602
5,2.0,0.42105263157894735,0.18421052631578946,0.7075,0.09905806378079474
5,2.0,0.42105263157894735,0.21052631578947367,0.7275,0.10547511554864494
5,2.0,0.42105263157894735,0.23684210526315788,0.755,0.07320775232173164
5,2.0,0.42105263157894735,0.2631578947368421,0.72,0.14431952397371603
5,2.0,0.42105263157894735,0.2894736842105263,0.6950000000000001,0.1330530909073517
5,2.0,0.42105263157894735,0.3157894736842105,0.75,0.15637495003996005
5,2.0,0.42105263157894735,0.3421052631578947,0.705,0.09544304584410536
5,2.0,0.42105263157894735,0.3684210526315789,0.705,0.10023410098364728
5,2.0,0.42105263157894735,0.39473684210526316,0.6975,0.09495064507416472
5,2.0,0.42105263157894735,0.42105263157894735,0.6799999999999999,0.06287388169979645
5,2.0,0.42105263157894735,0.4473684210526315,0.5974999999999999,0.10285001215362108
5,2.0,0.42105263157894735,0.47368421052631576,0.6174999999999999,0.08996527107723291
5,2.0,0.42105263157894735,0.5,0.64,0.09329054078522646
5,2.0,0.47368421052631576,0.0,0.9275,0.04183300132670377
5,2.0,0.47368421052631576,0.02631578947368421,0.8225,0.1324056267686536
5,2.0,0.47368421052631576,0.05263157894736842,0.7975000000000001,0.12851313162474876
5,2.0,0.47368421052631576,0.07894736842105263,0.7350000000000001,0.11537980759214327
5,2.0,0.47368421052631576,0.10526315789473684,0.8099999999999999,0.11605494388435159
5,2.0,0.47368421052631576,0.13157894736842105,0.8300000000000001,0.10254572150996842
5,2.0,0.47368421052631576,0.15789473684210525,0.7475,0.07776165507497897
5,2.0,0.47368421052631576,0.18421052631578946,0.7025,0.11639104346984781
5,2.0,0.47368421052631576,0.21052631578947367,0.7324999999999999,0.13246461791738956
5,2.0,0.47368421052631576,0.23684210526315788,0.7550000000000001,0.10023410098364728
5,2.0,0.47368421052631576,0.2631578947368421,0.6699999999999999,0.11845357740482132
5,2.0,0.47368421052631576,0.2894736842105263,0.6525,0.10694624818103718
5,2.0,0.47368421052631576,0.3157894736842105,0.7225,0.16426921500999508
5,2.0,0.47368421052631576,0.3421052631578947,0.68,0.14539816023595348
5,2.0,0.47368421052631576,0.3684210526315789,0.71,0.09329054078522643
5,2.0,0.47368421052631576,0.39473684210526316,0.66,0.04952903189039738
5,2.0,0.47368421052631576,0.42105263157894735,0.6725,0.03579455265819088
5,2.0,0.47368421052631576,0.4473684210526315,0.5925,0.06161878771933122
5,2.0,0.47368421052631576,0.47368421052631576,0.6049999999999999,0.059028594765588006
5,2.0,0.47368421052631576,0.5,0.5900000000000001,0.048733971724044846
5,2.0,0.5263157894736842,0.0,0.9275,0.04183300132670377
5,2.0,0.5263157894736842,0.02631578947368421,0.8225,0.1324056267686536
5,2.0,0.5263157894736842,0.05263157894736842,0.7975000000000001,0.12851313162474876
5,2.0,0.5263157894736842,0.07894736842105263,0.7350000000000001,0.11537980759214327
5,2.0,0.5263157894736842,0.10526315789473684,0.8099999999999999,0.11605494388435159
5,2.0,0.5263157894736842,0.13157894736842105,0.8099999999999999,0.0949506450741647
5,2.0,0.5263157894736842,0.15789473684210525,0.7525,0.07363338237511571
5,2.0,0.5263157894736842,0.18421052631578946,0.7025,0.11639104346984781
5,2.0,0.5263157894736842,0.21052631578947367,0.7375,0.12960275845829825
5,2.0,0.5263157894736842,0.23684210526315788,0.6675000000000001,0.13038404810405296
5,2.0,0.5263157894736842,0.2631578947368421,0.7074999999999999,0.05347312409051857
5,2.0,0.5263157894736842,0.2894736842105263,0.685,0.05477225575051658
5,2.0,0.5263157894736842,0.3157894736842105,0.7250000000000001,0.10155048005794949
5,2.0,0.5263157894736842,0.3421052631578947,0.7,0.14523687548277814
5,2.0,0.5263157894736842,0.3684210526315789,0.6599999999999999,0.11871710070583767
5,2.0,0.5263157894736842,0.39473684210526316,0.6775,0.1297232631411961
5,2.0,0.5263157894736842,0.42105263157894735,0.6325,0.0912585612422199
5,2.0,0.5263157894736842,0.4473684210526315,0.6624999999999999,0.1202211503854459
5,2.0,0.5263157894736842,0.47368421052631576,0.63,0.09786789565531691
5,2.0,0.5263157894736842,0.5,0.6525,0.11571786811033118
5,2.0,0.5789473684210527,0.0,0.9275,0.04183300132670377
5,2.0,0.5789473684210527,0.02631578947368421,0.835,0.1466820541170596
5,2.0,0.5789473684210527,0.05263157894736842,0.7775000000000001,0.10731088015667375
5,2.0,0.5789473684210527,0.07894736842105263,0.7500000000000001,0.1243734296383275
5,2.0,0.5789473684210527,0.10526315789473684,0.8149999999999998,0.12260199835239227
5,2.0,0.5789473684210527,0.13157894736842105,0.7224999999999999,0.1032291141103129
5,2.0,0.5789473684210527,0.15789473684210525,0.6975,0.07147989227747899
5,2.0,0.5789473684210527,0.18421052631578946,0.685,0.10208758494547708
5,2.0,0.5789473684210527,0.21052631578947367,0.6874999999999999,0.1299038105676658
5,2.0,0.5789473684210527,0.23684210526315788,0.73,0.10023410098364728
5,2.0,0.5789473684210527,0.2631578947368421,0.67,0.07267220926874315
5,2.0,0.5789473684210527,0.2894736842105263,0.6875000000000001,0.0883883476483184
5,2.0,0.5789473684210527,0.3157894736842105,0.6950000000000001,0.15552331014995788
5,2.0,0.5789473684210527,0.3421052631578947,0.6775,0.12729149618100963
5,2.0,0.5789473684210527,0.3684210526315789,0.6224999999999999,0.12790377242286485
5,2.0,0.5789473684210527,0.39473684210526316,0.6275000000000001,0.1344549180952486
5,2.0,0.5789473684210527,0.42105263157894735,0.615,0.11904568450809128
5,2.0,0.5789473684210527,0.4473684210526315,0.6575,0.15826204535516405
5,2.0,0.5789473684210527,0.47368421052631576,0.5475000000000001,0.09244931043550299
5,2.0,0.5789473684210527,0.5,0.5700000000000001,0.12393294557945439
5,2.0,0.631578947368421,0.0,0.9275,0.04183300132670377
5,2.0,0.631578947368421,0.02631578947368421,0.835,0.1466820541170596
5,2.0,0.631578947368421,0.05263157894736842,0.7949999999999999,0.13068330038685125
5,2.0,0.631578947368421,0.07894736842105263,0.7675,0.1491119545844665
5,2.0,0.631578947368421,0.10526315789473684,0.8074999999999999,0.11201283408609923
5,2.0,0.631578947368421,0.13157894736842105,0.7324999999999999,0.08821139382188675
5,2.0,0.631578947368421,0.15789473684210525,0.7475,0.10584481565008273
5,2.0,0.631578947368421,0.18421052631578946,0.7249999999999999,0.07180703308172533
5,2.0,0.631578947368421,0.21052631578947367,0.735,0.10731088015667378
5,2.0,0.631578947368421,0.23684210526315788,0.6825,0.14350522638566166
5,2.0,0.631578947368421,0.2631578947368421,0.67,0.1421376973219983
5,2.0,0.631578947368421,0.2894736842105263,0.72,0.10990052320166631
5,2.0,0.631578947368421,0.3157894736842105,0.67,0.0822534193818105
5,2.0,0.631578947368421,0.3421052631578947,0.6874999999999999,0.046770717334674236
5,2.0,0.631578947368421,0.3684210526315789,0.6825,0.054914706591221975
5,2.0,0.631578947368421,0.39473684210526316,0.65,0.14710752869924773
5,2.0,0.631578947368421,0.42105263157894735,0.6849999999999999,0.13704470073665745
5,2.0,0.631578947368421,0.4473684210526315,0.6799999999999999,0.13068330038685125
5,2.0,0.631578947368421,0.47368421052631576,0.6399999999999999,0.15370426148939398
5,2.0,0.631578947368421,0.5,0.615,0.14774344317092383
5,2.0,0.6842105263157894,0.0,0.9275,0.04183300132670377
5,2.0,0.6842105263157894,0.02631578947368421,0.835,0.1466820541170596
5,2.0,0.6842105263157894,0.05263157894736842,0.8150000000000001,0.13445491809524854
5,2.0,0.6842105263157894,0.07894736842105263,0.7625,0.1405902734900249
5,2.0,0.6842105263157894,0.10526315789473684,0.8150000000000001,0.11571786811033116
5,2.0,0.6842105263157894,0.13157894736842105,0.74,0.08900491559458945
5,2.0,0.6842105263157894,0.15789473684210525,0.7775,0.11904568450809126
5,2.0,0.6842105263157894,0.18421052631578946,0.7625000000000001,0.11490485194281397
5,2.0,0.6842105263157894,0.21052631578947367,0.7150000000000001,0.10246950765959595
5,2.0,0.6842105263157894,0.23684210526315788,0.7175,0.1782291362263757
5,2.0,0.6842105263157894,0.2631578947368421,0.7049999999999998,0.1659725127844969
5,2.0,0.6842105263157894,0.2894736842105263,0.6824999999999999,0.12393294557945433
5,2.0,0.6842105263157894,0.3157894736842105,0.7225,0.11537980759214327
5,2.0,0.6842105263157894,0.3421052631578947,0.715,0.11838760492551575
5,2.0,0.6842105263157894,0.3684210526315789,0.655,0.07373940601876311
5,2.0,0.6842105263157894,0.39473684210526316,0.6925000000000001,0.17624556732014568
5,2.0,0.6842105263157894,0.42105263157894735,0.6825,0.14620191517213443
5,2.0,0.6842105263157894,0.4473684210526315,0.6624999999999999,0.13169567191065923
5,2.0,0.6842105263157894,0.47368421052631576,0.5775,0.10947317022905659
5,2.0,0.6842105263157894,0.5,0.5425,0.10628675834740656
5,2.0,0.7368421052631579,0.0,0.9275,0.04183300132670377
5,2.0,0.7368421052631579,0.02631578947368421,0.835,0.1466820541170596
5,2.0,0.7368421052631579,0.05263157894736842,0.8150000000000001,0.13445491809524854
5,2.0,0.7368421052631579,0.07894736842105263,0.8,0.11490485194281395
5,2.0,0.7368421052631579,0.10526315789473684,0.8074999999999999,0.11911129249571595
5,2.0,0.7368421052631579,0.13157894736842105,0.7424999999999999,0.09544304584410536
5,2.0,0.7368421052631579,0.15789473684210525,0.7499999999999999,0.10897247358851682
5,2.0,0.7368421052631579,0.18421052631578946,0.7525,0.11805718953117593
5,2.0,0.7368421052631579,0.21052631578947367,0.7524999999999998,0.10694624818103717
5,2.0,0.7368421052631579,0.23684210526315788,0.7899999999999998,0.10911576421397595
5,2.0,0.7368421052631579,0.2631578947368421,0.7150000000000001,0.16616069029707356
5,2.0,0.7368421052631579,0.2894736842105263,0.7299999999999999,0.17198292066365195
5,2.0,0.7368421052631579,0.3157894736842105,0.7074999999999999,0.1621631123282974
5,2.0,0.7368421052631579,0.3421052631578947,0.6950000000000001,0.15426235768974877
5,2.0,0.7368421052631579,0.3684210526315789,0.6775,0.12729149618100963
5,2.0,0.7368421052631579,0.39473684210526316,0.575,0.05077524002897476
5,2.0,0.7368421052631579,0.42105263157894735,0.61,0.13561203855115522
5,2.0,0.7368421052631579,0.4473684210526315,0.6174999999999999,0.09168560410446125
5,2.0,0.7368421052631579,0.47368421052631576,0.64,0.13270032027090214
5,2.0,0.7368421052631579,0.5,0.605,0.15677412095113147
5,2.0,0.7894736842105263,0.0,0.9275,0.04183300132670377
5,2.0,0.7894736842105263,0.02631578947368421,0.85,0.15537253618320065
5,2.0,0.7894736842105263,0.05263157894736842,0.8300000000000001,0.14646885334432022
5,2.0,0.7894736842105263,0.07894736842105263,0.8225000000000001,0.14125553086516648
5,2.0,0.7894736842105263,0.10526315789473684,0.8,0.11490485194281395
5,2.0,0.7894736842105263,0.13157894736842105,0.8175000000000001,0.1066536450385077
5,2.0,0.7894736842105263,0.15789473684210525,0.8025,0.07363338237511569
5,2.0,0.7894736842105263,0.18421052631578946,0.805,0.08459462157844315
5,2.0,0.7894736842105263,0.21052631578947367,0.8125,0.06789237807000133
5,2.0,0.7894736842105263,0.23684210526315788,0.8125,0.06789237807000133
5,2.0,0.7894736842105263,0.2631578947368421,0.7175,0.15119317114208564
5,2.0,0.7894736842105263,0.2894736842105263,0.725,0.14869221566712898
5,2.0,0.7894736842105263,0.3157894736842105,0.7100000000000001,0.156973325759506
5,2.0,0.7894736842105263,0.3421052631578947,0.7150000000000001,0.15446480181581823
5,2.0,0.7894736842105263,0.3684210526315789,0.6875,0.13549677117924253
5,2.0,0.7894736842105263,0.39473684210526316,0.67,0.12234684303242156
5,2.0,0.7894736842105263,0.42105263157894735,0.6925000000000001,0.10480636908127293
5,2.0,0.7894736842105263,0.4473684210526315,0.65,0.15129648046137756
5,2.0,0.7894736842105263,0.47368421052631576,0.675,0.1405902734900249
5,2.0,0.7894736842105263,0.5,0.6224999999999999,0.13151758437562636
5,2.0,0.8421052631578947,0.0,0.9275,0.04183300132670377
5,2.0,0.8421052631578947,0.02631578947368421,0.85,0.15537253618320065
5,2.0,0.8421052631578947,0.05263157894736842,0.85,0.15436361294035583
5,2.0,0.8421052631578947,0.07894736842105263,0.8425,0.15067556205304164
5,2.0,0.8421052631578947,0.10526315789473684,0.8400000000000001,0.13240562676865358
5,2.0,0.8421052631578947,0.13157894736842105,0.8724999999999999,0.0831038506929733
5,2.0,0.8421052631578947,0.15789473684210525,0.8550000000000001,0.05562148865321748
5,2.0,0.8421052631578947,0.18421052631578946,0.835,0.0772576857018122
5,2.0,0.8421052631578947,0.21052631578947367,0.8549999999999999,0.05347312409051858
5,2.0,0.8421052631578947,0.23684210526315788,0.7775000000000001,0.11504075364843536
5,2.0,0.8421052631578947,0.2631578947368421,0.6525000000000001,0.11089127558108436
5,2.0,0.8421052631578947,0.2894736842105263,0.6599999999999999,0.11298506538476666
5,2.0,0.8421052631578947,0.3157894736842105,0.6699999999999999,0.1426862817512602
5,2.0,0.8421052631578947,0.3421052631578947,0.7,0.2069118169655856
5,2.0,0.8421052631578947,0.3684210526315789,0.66,0.1710263137648707
5,2.0,0.8421052631578947,0.39473684210526316,0.655,0.16336309252704542
5,2.0,0.8421052631578947,0.42105263157894735,0.605,0.15900078616157848
5,2.0,0.8421052631578947,0.4473684210526315,0.5750000000000001,0.12183492931011207
5,2.0,0.8421052631578947,0.47368421052631576,0.5325,0.08642193008721805
5,2.0,0.8421052631578947,0.5,0.5250000000000001,0.063121905864763
5,2.0,0.894736842105263,0.0,0.9275,0.04183300132670377
5,2.0,0.894736842105263,0.02631578947368421,0.85,0.15537253618320065
5,2.0,0.894736842105263,0.05263157894736842,0.85,0.15436361294035583
5,2.0,0.894736842105263,0.07894736842105263,0.8425,0.15067556205304164
5,2.0,0.894736842105263,0.10526315789473684,0.8400000000000001,0.13240562676865358
5,2.0,0.894736842105263,0.13157894736842105,0.8724999999999999,0.0831038506929733
5,2.0,0.894736842105263,0.15789473684210525,0.8474999999999999,0.04792572378170204
5,2.0,0.894736842105263,0.18421052631578946,0.8474999999999999,0.04792572378170204
5,2.0,0.894736842105263,0.21052631578947367,0.7875,0.16488632447841148
5,2.0,0.894736842105263,0.23684210526315788,0.7649999999999999,0.17397018422706806
5,2.0,0.894736842105263,0.2631578947368421,0.7375,0.16606662819483028
5,2.0,0.894736842105263,0.2894736842105263,0.7449999999999999,0.1626441668182416
5,2.0,0.894736842105263,0.3157894736842105,0.7125,0.18498310733685924
5,2.0,0.894736842105263,0.3421052631578947,0.655,0.20070189336426303
5,2.0,0.894736842105263,0.3684210526315789,0.6225,0.16331526260579568
5,2.0,0.894736842105263,0.39473684210526316,0.655,0.16667708300783282
5,2.0,0.894736842105263,0.42105263157894735,0.6325000000000001,0.15067556205304164
5,2.0,0.894736842105263,0.4473684210526315,0.5925,0.1239329455794544
5,2.0,0.894736842105263,0.47368421052631576,0.6375000000000001,0.1723006094011278
5,2.0,0.894736842105263,0.5,0.5525,0.10731088015667378
5,2.0,0.9473684210526315,0.0,0.9275,0.04183300132670377
5,2.0,0.9473684210526315,0.02631578947368421,0.8924999999999998,0.08909264840602732
5,2.0,0.9473684210526315,0.05263157894736842,0.8924999999999998,0.08732124598286489
5,2.0,0.9473684210526315,0.07894736842105263,0.885,0.08542174781634945
5,2.0,0.9473684210526315,0.10526315789473684,0.8550000000000001,0.06410440702479042
5,2.0,0.9473684210526315,0.13157894736842105,0.8150000000000001,0.05184110338331929
5,2.0,0.9473684210526315,0.15789473684210525,0.805,0.05046657309546587
5,2.0,0.9473684210526315,0.18421052631578946,0.805,0.05046657309546587
5,2.0,0.9473684210526315,0.21052631578947367,0.7449999999999999,0.14512925273699992
5,2.0,0.9473684210526315,0.23684210526315788,0.8125,0.1964529205687714
5,2.0,0.9473684210526315,0.2631578947368421,0.7300000000000001,0.14646885334432025
5,2.0,0.9473684210526315,0.2894736842105263,0.6725,0.12355413793151566
5,2.0,0.9473684210526315,0.3157894736842105,0.6849999999999999,0.1637929333029969
5,2.0,0.9473684210526315,0.3421052631578947,0.6325000000000001,0.19577570073939204
5,2.0,0.9473684210526315,0.3684210526315789,0.635,0.15845937965295714
5,2.0,0.9473684210526315,0.39473684210526316,0.645,0.17491069149711805
5,2.0,0.9473684210526315,0.42105263157894735,0.615,0.14317821063276354
5,2.0,0.9473684210526315,0.4473684210526315,0.6000000000000001,0.14252192813739226
5,2.0,0.9473684210526315,0.47368421052631576,0.595,0.11096170510586073
5,2.0,0.9473684210526315,0.5,0.5549999999999999,0.09503288904374106
5,2.0,1.0,0.0,0.9275,0.04183300132670377
5,2.0,1.0,0.02631578947368421,0.8924999999999998,0.08909264840602732
5,2.0,1.0,0.05263157894736842,0.8699999999999999,0.08319780646146867
5,2.0,1.0,0.07894736842105263,0.8850000000000001,0.05108204185425639
5,2.0,1.0,0.10526315789473684,0.8375,0.07395099728874523
5,2.0,1.0,0.13157894736842105,0.8675,0.06098155458825238
5,2.0,1.0,0.15789473684210525,0.8550000000000001,0.0831978064614687
5,2.0,1.0,0.18421052631578946,0.8024999999999999,0.12605802235478705
5,2.0,1.0,0.21052631578947367,0.8024999999999999,0.12605802235478705
5,2.0,1.0,0.23684210526315788,0.7550000000000001,0.20512953224730954
5,2.0,1.0,0.2631578947368421,0.6975,0.1642692150099951
5,2.0,1.0,0.2894736842105263,0.6825,0.14911195458446652
5,2.0,1.0,0.3157894736842105,0.6525000000000001,0.16211492836873473
5,2.0,1.0,0.3421052631578947,0.6100000000000001,0.10658036873646103
5,2.0,1.0,0.3684210526315789,0.6224999999999999,0.16307590257300433
5,2.0,1.0,0.39473684210526316,0.635,0.16663020434483058
5,2.0,1.0,0.42105263157894735,0.6425,0.15476797149281243
5,2.0,1.0,0.4473684210526315,0.63,0.11612224162493588
5,2.0,1.0,0.47368421052631576,0.6175,0.14593448872696269
5,2.0,1.0,0.5,0.615,0.15344991039423908
5,3.0,0.0,0.0,0.9275,0.04183300132670377
5,3.0,0.0,0.02631578947368421,0.7775000000000001,0.10510411504788954
5,3.0,0.0,0.05263157894736842,0.7649999999999999,0.11333026956643134
5,3.0,0.0,0.07894736842105263,0.72,0.08459462157844312
5,3.0,0.0,0.10526315789473684,0.74,0.0752080447824566
5,3.0,0.0,0.13157894736842105,0.78,0.11943879185591254
5,3.0,0.0,0.15789473684210525,0.71,0.10875718367078104
5,3.0,0.0,0.18421052631578946,0.7200000000000001,0.11679308626798078
5,3.0,0.0,0.21052631578947367,0.7224999999999999,0.125124937562422
5,3.0,0.0,0.23684210526315788,0.6775,0.1136744254438966
5,3.0,0.0,0.2631578947368421,0.6625,0.08291561975888499
5,3.0,0.0,0.2894736842105263,0.6950000000000001,0.08865311613248573
5,3.0,0.0,0.3157894736842105,0.675,0.07071067811865477
5,3.0,0.0,0.3421052631578947,0.665,0.092449310435503
5,3.0,0.0,0.3684210526315789,0.6175,0.05700877125495692
5,3.0,0.0,0.39473684210526316,0.5674999999999999,0.06993300365349682
5,3.0,0.0,0.42105263157894735,0.595,0.09039842365882272
5,3.0,0.0,0.4473684210526315,0.5874999999999999,0.07288689868556628
5,3.0,0.0,0.47368421052631576,0.5525,0.07256462636849995
5,3.0,0.0,0.5,0.5525,0.07256462636849995
5,3.0,0.05263157894736842,0.0,0.9275,0.04183300132670377
5,3.0,0.05263157894736842,0.02631578947368421,0.7775000000000001,0.10510411504788954
5,3.0,0.05263157894736842,0.05263157894736842,0.7649999999999999,0.11333026956643134
5,3.0,0.05263157894736842,0.07894736842105263,0.71,0.08120190884455855
5,3.0,0.05263157894736842,0.10526315789473684,0.7425,0.10101051925418461
5,3.0,0.05263157894736842,0.13157894736842105,0.8,0.11625672023586421
5,3.0,0.05263157894736842,0.15789473684210525,0.7324999999999999,0.0954430458441054
5,3.0,0.05263157894736842,0.18421052631578946,0.7275,0.0835725732522339
5,3.0,0.05263157894736842,0.21052631578947367,0.7274999999999999,0.09287087810503356
5,3.0,0.05263157894736842,0.23684210526315788,0.7299999999999999,0.09706634329158592
5,3.0,0.05263157894736842,0.2631578947368421,0.6849999999999999,0.07202430145443968
5,3.0,0.05263157894736842,0.2894736842105263,0.675,0.07234898064243893
5,3.0,0.05263157894736842,0.3157894736842105,0.6824999999999999,0.08177713616898062
5,3.0,0.05263157894736842,0.3421052631578947,0.6375,0.05519850541454903
5,3.0,0.05263157894736842,0.3684210526315789,0.605,0.06098155458825236
5,3.0,0.05263157894736842,0.39473684210526316,0.59,0.04183300132670377
5,3.0,0.05263157894736842,0.42105263157894735,0.575,0.09270248108869579
5,3.0,0.05263157894736842,0.4473684210526315,0.5599999999999999,0.07826237921249267
5,3.0,0.05263157894736842,0.47368421052631576,0.5325,0.09253377761660873
5,3.0,0.05263157894736842,0.5,0.545,0.07479137650825796
5,3.0,0.10526315789473684,0.0,0.9275,0.04183300132670377
5,3.0,0.10526315789473684,0.02631578947368421,0.7875,0.11825554955265313
5,3.0,0.10526315789473684,0.05263157894736842,0.7775,0.1244989959798873
5,3.0,0.10526315789473684,0.07894736842105263,0.7074999999999999,0.07735874223382899
5,3.0,0.10526315789473684,0.10526315789473684,0.72,0.09746794344808962
5,3.0,0.10526315789473684,0.13157894736842105,0.7825,0.12009111124475448
5,3.0,0.10526315789473684,0.15789473684210525,0.7699999999999999,0.08642193008721805
5,3.0,0.10526315789473684,0.18421052631578946,0.7875,0.08052561704203202
5,3.0,0.10526315789473684,0.21052631578947367,0.7699999999999999,0.06287388169979646
5,3.0,0.10526315789473684,0.23684210526315788,0.74,0.06020797289396146
5,3.0,0.10526315789473684,0.2631578947368421,0.6749999999999999,0.09057110466368398
5,3.0,0.10526315789473684,0.2894736842105263,0.6950000000000001,0.1359572543117873
5,3.0,0.10526315789473684,0.3157894736842105,0.6975,0.13846254006047987
5,3.0,0.10526315789473684,0.3421052631578947,0.6300000000000001,0.07320775232173159
5,3.0,0.10526315789473684,0.3684210526315789,0.6175,0.04472135954999578
5,3.0,0.10526315789473684,0.39473684210526316,0.6074999999999999,0.04808846015417836
5,3.0,0.10526315789473684,0.42105263157894735,0.5850000000000001,0.07875992001011684
5,3.0,0.10526315789473684,0.4473684210526315,0.585,0.08542174781634944
5,3.0,0.10526315789473684,0.47368421052631576,0.575,0.06123724356957945
5,3.0,0.10526315789473684,0.5,0.5625,0.08477912478906587
5,3.0,0.15789473684210525,0.0,0.9275,0.04183300132670377
5,3.0,0.15789473684210525,0.02631578947368421,0.7875,0.11825554955265313
5,3.0,0.15789473684210525,0.05263157894736842,0.7775,0.1244989959798873
5,3.0,0.15789473684210525,0.07894736842105263,0.7074999999999999,0.07735874223382899
5,3.0,0.15789473684210525,0.10526315789473684,0.7224999999999999,0.0981866844332774
5,3.0,0.15789473684210525,0.13157894736842105,0.7774999999999999,0.11504075364843538
5,3.0,0.15789473684210525,0.15789473684210525,0.8150000000000001,0.06754628043053151
5,3.0,0.15789473684210525,0.18421052631578946,0.7975,0.062123868198945914
5,3.0,0.15789473684210525,0.21052631578947367,0.7799999999999999,0.059028594765588
5,3.0,0.15789473684210525,0.23684210526315788,0.7775000000000001,0.0675462804305315
5,3.0,0.15789473684210525,0.2631578947368421,0.635,0.07256462636849995
5,3.0,0.15789473684210525,0.2894736842105263,0.65,0.06434768838116874
5,3.0,0.15789473684210525,0.3157894736842105,0.6775,0.0807194214548147
5,3.0,0.15789473684210525,0.3421052631578947,0.655,0.04201934078492901
5,3.0,0.15789473684210525,0.3684210526315789,0.6175,0.06410440702479045
5,3.0,0.15789473684210525,0.39473684210526316,0.655,0.10738365797457265
5,3.0,0.15789473684210525,0.42105263157894735,0.6050000000000001,0.1044329928710271
5,3.0,0.15789473684210525,0.4473684210526315,0.5725,0.06519202405202648
5,3.0,0.15789473684210525,0.47368421052631576,0.5475,0.07147989227747897
5,3.0,0.15789473684210525,0.5,0.53,0.07786205751198717
5,3.0,0.21052631578947367,0.0,0.9275,0.04183300132670377
5,3.0,0.21052631578947367,0.02631578947368421,0.8099999999999999,0.12292019768939522
5,3.0,0.21052631578947367,0.05263157894736842,0.7875,0.1331704734541407
5,3.0,0.21052631578947367,0.07894736842105263,0.7200000000000001,0.10517841983981313
5,3.0,0.21052631578947367,0.10526315789473684,0.7175,0.06766184301362177
5,3.0,0.21052631578947367,0.13157894736842105,0.7025,0.09576990654688976
5,3.0,0.21052631578947367,0.15789473684210525,0.7849999999999999,0.062123868198945914
5,3.0,0.21052631578947367,0.18421052631578946,0.775,0.07234898064243894
5,3.0,0.21052631578947367,0.21052631578947367,0.695,0.11201283408609927
5,3.0,0.21052631578947367,0.23684210526315788,0.7224999999999999,0.13358050007392547
5,3.0,0.21052631578947367,0.2631578947368421,0.635,0.1140175425099138
5,3.0,0.21052631578947367,0.2894736842105263,0.61,0.1213208555855093
5,3.0,0.21052631578947367,0.3157894736842105,0.6125,0.1286953767623375
5,3.0,0.21052631578947367,0.3421052631578947,0.61,0.09738775590391228
5,3.0,0.21052631578947367,0.3684210526315789,0.6425,0.08909264840602732
5,3.0,0.21052631578947367,0.39473684210526316,0.6325,0.08551315688243535
5,3.0,0.21052631578947367,0.42105263157894735,0.5549999999999999,0.051991585857713546
5,3.0,0.21052631578947367,0.4473684210526315,0.5475,0.051082041854256376
5,3.0,0.21052631578947367,0.47368421052631576,0.5475,0.051082041854256376
5,3.0,0.21052631578947367,0.5,0.5525,0.049529031890397375
5,3.0,0.2631578947368421,0.0,0.9275,0.04183300132670377
5,3.0,0.2631578947368421,0.02631578947368421,0.8099999999999999,0.12292019768939522
5,3.0,0.2631578947368421,0.05263157894736842,0.8,0.12716868718359875
5,3.0,0.2631578947368421,0.07894736842105263,0.7425,0.12518735958554283
5,3.0,0.2631578947368421,0.10526315789473684,0.7525,0.10875718367078102
5,3.0,0.2631578947368421,0.13157894736842105,0.7050000000000001,0.09211066713470266
5,3.0,0.2631578947368421,0.15789473684210525,0.8025,0.08542174781634942
5,3.0,0.2631578947368421,0.18421052631578946,0.79,0.07925433742073681
5,3.0,0.2631578947368421,0.21052631578947367,0.7425,0.04383919479187546
5,3.0,0.2631578947368421,0.23684210526315788,0.7625,0.06434768838116875
5,3.0,0.2631578947368421,0.2631578947368421,0.6824999999999999,0.11544749889018817
5,3.0,0.2631578947368421,0.2894736842105263,0.6575,0.1270457594727191
5,3.0,0.2631578947368421,0.3157894736842105,0.6224999999999999,0.12942179105544785
5,3.0,0.2631578947368421,0.3421052631578947,0.6174999999999999,0.09337424698491549
5,3.0,0.2631578947368421,0.3684210526315789,0.64,0.10947317022905659
5,3.0,0.2631578947368421,0.39473684210526316,0.6275000000000001,0.12164240625702863
5,3.0,0.2631578947368421,0.42105263157894735,0.5674999999999999,0.12170661444638084
5,3.0,0.2631578947368421,0.4473684210526315,0.5675,0.09905806378079475
5,3.0,0.2631578947368421,0.47368421052631576,0.545,0.0682367203197809
5,3.0,0.2631578947368421,0.5,0.5349999999999999,0.05618051263561057
5,3.0,0.3157894736842105,0.0,0.9275,0.04183300132670377
5,3.0,0.3157894736842105,0.02631578947368421,0.8099999999999999,0.12292019768939522
5,3.0,0.3157894736842105,0.05263157894736842,0.8,0.12716868718359875
5,3.0,0.3157894736842105,0.07894736842105263,0.7425,0.12518735958554283
5,3.0,0.3157894736842105,0.10526315789473684,0.7525,0.10875718367078102
5,3.0,0.3157894736842105,0.13157894736842105,0.7050000000000001,0.09211066713470266
5,3.0,0.3157894736842105,0.15789473684210525,0.7625,0.11956954043568119
5,3.0,0.3157894736842105,0.18421052631578946,0.695,0.10810874155219827
5,3.0,0.3157894736842105,0.21052631578947367,0.6775,0.05548085255293036
5,3.0,0.3157894736842105,0.23684210526315788,0.7350000000000001,0.09778803607803971
5,3.0,0.3157894736842105,0.2631578947368421,0.7024999999999999,0.13675936896607854
5,3.0,0.3157894736842105,0.2894736842105263,0.6975,0.13270032027090214
5,3.0,0.3157894736842105,0.3157894736842105,0.6849999999999999,0.13387260735490292
5,3.0,0.3157894736842105,0.3421052631578947,0.71,0.052589209919906586
5,3.0,0.3157894736842105,0.3684210526315789,0.6399999999999999,0.07875992001011682
5,3.0,0.3157894736842105,0.39473684210526316,0.6049999999999999,0.0688067947226144
5,3.0,0.3157894736842105,0.42105263157894735,0.5925,0.03377314021526576
5,3.0,0.3157894736842105,0.4473684210526315,0.5900000000000001,0.028504385627478434
5,3.0,0.3157894736842105,0.47368421052631576,0.575,0.0459279326771846
5,3.0,0.3157894736842105,0.5,0.5925,0.09420721840708386
5,3.0,0.3684210526315789,0.0,0.9275,0.04183300132670377
5,3.0,0.3684210526315789,0.02631578947368421,0.8300000000000001,0.14047909097086297
5,3.0,0.3684210526315789,0.05263157894736842,0.8074999999999999,0.1362442659343871
5,3.0,0.3684210526315789,0.07894736842105263,0.7725000000000001,0.14721370520437288
5,3.0,0.3684210526315789,0.10526315789473684,0.7849999999999999,0.1300240362394584
5,3.0,0.3684210526315789,0.13157894736842105,0.7375,0.13199195051214294
5,3.0,0.3684210526315789,0.15789473684210525,0.7575000000000001,0.12073990641043249
5,3.0,0.3684210526315789,0.18421052631578946,0.705,0.11096170510586073
5,3.0,0.3684210526315789,0.21052631578947367,0.6875,0.06434768838116875
5,3.0,0.3684210526315789,0.23684210526315788,0.7150000000000001,0.07623975340988451
5,3.0,0.3684210526315789,0.2631578947368421,0.7424999999999999,0.07213269023126755
5,3.0,0.3684210526315789,0.2894736842105263,0.745,0.06287388169979645
5,3.0,0.3684210526315789,0.3157894736842105,0.7150000000000001,0.12667626060158232
5,3.0,0.3684210526315789,0.3421052631578947,0.7,0.11726039399558572
5,3.0,0.3684210526315789,0.3684210526315789,0.6325,0.09039842365882274
5,3.0,0.3684210526315789,0.39473684210526316,0.6074999999999999,0.077358742233829
5,3.0,0.3684210526315789,0.42105263157894735,0.575,0.04145780987944252
5,3.0,0.3684210526315789,0.4473684210526315,0.575,0.04145780987944252
5,3.0,0.3684210526315789,0.47368421052631576,0.585,0.04366062299143248
5,3.0,0.3684210526315789,0.5,0.5975,0.10658036873646101
5,3.0,0.42105263157894735,0.0,0.9275,0.04183300132670377
5,3.0,0.42105263157894735,0.02631578947368421,0.8300000000000001,0.14047909097086297
5,3.0,0.42105263157894735,0.05263157894736842,0.8074999999999999,0.1362442659343871
5,3.0,0.42105263157894735,0.07894736842105263,0.7975000000000001,0.12790377242286483
5,3.0,0.42105263157894735,0.10526315789473684,0.8749999999999998,0.06373774391990981
5,3.0,0.42105263157894735,0.13157894736842105,0.8574999999999999,0.06287388169979648
5,3.0,0.42105263157894735,0.15789473684210525,0.7975000000000001,0.0965822188604093
5,3.0,0.42105263157894735,0.18421052631578946,0.7849999999999999,0.09244931043550299
5,3.0,0.42105263157894735,0.21052631578947367,0.7625,0.1211919964354082
5,3.0,0.42105263157894735,0.23684210526315788,0.7674999999999998,0.15145131230860956
5,3.0,0.42105263157894735,0.2631578947368421,0.7425,0.057689903796071626
5,3.0,0.42105263157894735,0.2894736842105263,0.7949999999999999,0.06937218462755808
5,3.0,0.42105263157894735,0.3157894736842105,0.73,0.1258098764008613
5,3.0,0.42105263157894735,0.3421052631578947,0.655,0.05902859476558797
5,3.0,0.42105263157894735,0.3684210526315789,0.61,0.09576990654688976
5,3.0,0.42105263157894735,0.39473684210526316,0.61,0.09576990654688976
5,3.0,0.42105263157894735,0.42105263157894735,0.625,0.10569709078304851
5,3.0,0.42105263157894735,0.4473684210526315,0.58,0.06766184301362178
5,3.0,0.42105263157894735,0.47368421052631576,0.5874999999999999,0.07905694150420949
5,3.0,0.42105263157894735,0.5,0.6100000000000001,0.09738775590391226
5,3.0,0.47368421052631576,0.0,0.9275,0.04183300132670377
5,3.0,0.47368421052631576,0.02631578947368421,0.8300000000000001,0.14047909097086297
5,3.0,0.47368421052631576,0.05263157894736842,0.8074999999999999,0.1535008143300875
5,3.0,0.47368421052631576,0.07894736842105263,0.7799999999999999,0.12393294557945438
5,3.0,0.47368421052631576,0.10526315789473684,0.8125,0.0701560760020114
5,3.0,0.47368421052631576,0.13157894736842105,0.8150000000000001,0.10731088015667375
5,3.0,0.47368421052631576,0.15789473684210525,0.8150000000000001,0.109115764213976
5,3.0,0.47368421052631576,0.18421052631578946,0.7449999999999999,0.12298373876248841
5,3.0,0.47368421052631576,0.21052631578947367,0.8074999999999999,0.14911195458446647
5,3.0,0.47368421052631576,0.23684210526315788,0.75,0.16105123408406405
5,3.0,0.47368421052631576,0.2631578947368421,0.735,0.10093314619093173
5,3.0,0.47368421052631576,0.2894736842105263,0.755,0.10062305898749054
5,3.0,0.47368421052631576,0.3157894736842105,0.7274999999999999,0.12851313162474876
5,3.0,0.47368421052631576,0.3421052631578947,0.71,0.10360682892551049
5,3.0,0.47368421052631576,0.3684210526315789,0.6325000000000001,0.06410440702479045
5,3.0,0.47368421052631576,0.39473684210526316,0.61,0.05548085255293036
5,3.0,0.47368421052631576,0.42105263157894735,0.595,0.08596874432024698
5,3.0,0.47368421052631576,0.4473684210526315,0.5875,0.08149003006503311
5,3.0,0.47368421052631576,0.47368421052631576,0.6100000000000001,0.12820881404958087
5,3.0,0.47368421052631576,0.5,0.605,0.11096170510586074
5,3.0,0.5263157894736842,0.0,0.9275,0.04183300132670377
5,3.0,0.5263157894736842,0.02631578947368421,0.8300000000000001,0.14047909097086297
5,3.0,0.5263157894736842,0.05263157894736842,0.8524999999999998,0.15622499799967987
5,3.0,0.5263157894736842,0.07894736842105263,0.825,0.13891319231808041
5,3.0,0.5263157894736842,0.10526315789473684,0.8525,0.06459005341381908
5,3.0,0.5263157894736842,0.13157894736842105,0.8025,0.13211027590615348
5,3.0,0.5263157894736842,0.15789473684210525,0.8,0.13693063937629152
5,3.0,0.5263157894736842,0.18421052631578946,0.7449999999999999,0.12298373876248841
5,3.0,0.5263157894736842,0.21052631578947367,0.8174999999999999,0.1621631123282974
5,3.0,0.5263157894736842,0.23684210526315788,0.7874999999999999,0.17611253504506713
5,3.0,0.5263157894736842,0.2631578947368421,0.74,0.13122023472010708
5,3.0,0.5263157894736842,0.2894736842105263,0.7299999999999999,0.12857390870623792
5,3.0,0.5263157894736842,0.3157894736842105,0.6449999999999999,0.1285739087062379
5,3.0,0.5263157894736842,0.3421052631578947,0.6124999999999999,0.09882117688026185
5,3.0,0.5263157894736842,0.3684210526315789,0.6249999999999999,0.12342761036332185
5,3.0,0.5263157894736842,0.39473684210526316,0.6425,0.1127081407884985
5,3.0,0.5263157894736842,0.42105263157894735,0.6875,0.14523687548277814
5,3.0,0.5263157894736842,0.4473684210526315,0.6025,0.05755432216610667
5,3.0,0.5263157894736842,0.47368421052631576,0.6074999999999999,0.11025538535599973
5,3.0,0.5263157894736842,0.5,0.5275000000000001,0.09937303457175897
5,3.0,0.5789473684210527,0.0,0.9275,0.04183300132670377
5,3.0,0.5789473684210527,0.02631578947368421,0.835,0.1466820541170596
5,3.0,0.5789473684210527,0.05263157894736842,0.8625,0.1653594569415369
5,3.0,0.5789473684210527,0.07894736842105263,0.7925000000000001,0.12826973532365302
5,3.0,0.5789473684210527,0.10526315789473684,0.8400000000000001,0.07875992001011684
5,3.0,0.5789473684210527,0.13157894736842105,0.7775000000000001,0.12667626060158232
5,3.0,0.5789473684210527,0.15789473684210525,0.765,0.11805718953117593
5,3.0,0.5789473684210527,0.18421052631578946,0.7775000000000001,0.12942179105544785
5,3.0,0.5789473684210527,0.21052631578947367,0.8225,0.16663020434483056
5,3.0,0.5789473684210527,0.23684210526315788,0.775,0.18006075363609914
5,3.0,0.5789473684210527,0.2631578947368421,0.7775000000000001,0.13503471775806397
5,3.0,0.5789473684210527,0.2894736842105263,0.7625,0.13258252147247765
5,3.0,0.5789473684210527,0.3157894736842105,0.7125,0.11422291801560666
5,3.0,0.5789473684210527,0.3421052631578947,0.7074999999999999,0.1095445115010332
5,3.0,0.5789473684210527,0.3684210526315789,0.6874999999999999,0.12279301690242815
5,3.0,0.5789473684210527,0.39473684210526316,0.6799999999999999,0.09826622003516772
5,3.0,0.5789473684210527,0.42105263157894735,0.6924999999999999,0.1555233101499579
5,3.0,0.5789473684210527,0.4473684210526315,0.6275,0.10875718367078102
5,3.0,0.5789473684210527,0.47368421052631576,0.6025,0.10875718367078104
5,3.0,0.5789473684210527,0.5,0.6224999999999999,0.10947317022905656
5,3.0,0.631578947368421,0.0,0.9275,0.04183300132670377
5,3.0,0.631578947368421,0.02631578947368421,0.835,0.1466820541170596
5,3.0,0.631578947368421,0.05263157894736842,0.8625,0.1653594569415369
5,3.0,0.631578947368421,0.07894736842105263,0.7925000000000001,0.12826973532365302
5,3.0,0.631578947368421,0.10526315789473684,0.8049999999999999,0.06033759193073584
5,3.0,0.631578947368421,0.13157894736842105,0.7725,0.10658036873646101
5,3.0,0.631578947368421,0.15789473684210525,0.765,0.11229147340737851
5,3.0,0.631578947368421,0.18421052631578946,0.805,0.13681648292512125
5,3.0,0.631578947368421,0.21052631578947367,0.8,0.14252192813739223
5,3.0,0.631578947368421,0.23684210526315788,0.7625,0.15587454891674907
5,3.0,0.631578947368421,0.2631578947368421,0.76,0.09244931043550296
5,3.0,0.631578947368421,0.2894736842105263,0.7725,0.10208758494547707
5,3.0,0.631578947368421,0.3157894736842105,0.7625,0.11924240017711821
5,3.0,0.631578947368421,0.3421052631578947,0.7150000000000001,0.12512493756242196
5,3.0,0.631578947368421,0.3684210526315789,0.6925,0.10774680969754974
5,3.0,0.631578947368421,0.39473684210526316,0.6375,0.07705517503711218
5,3.0,0.631578947368421,0.42105263157894735,0.6275000000000001,0.12729149618100968
5,3.0,0.631578947368421,0.4473684210526315,0.5925,0.13451301052314604
5,3.0,0.631578947368421,0.47368421052631576,0.555,0.06224949798994366
5,3.0,0.631578947368421,0.5,0.5775,0.10093314619093176
5,3.0,0.6842105263157894,0.0,0.9275,0.04183300132670377
5,3.0,0.6842105263157894,0.02631578947368421,0.835,0.1466820541170596
5,3.0,0.6842105263157894,0.05263157894736842,0.8825,0.1580150309306048
5,3.0,0.6842105263157894,0.07894736842105263,0.8150000000000001,0.13151758437562636
5,3.0,0.6842105263157894,0.10526315789473684,0.8099999999999999,0.06274950199005566
5,3.0,0.6842105263157894,0.13157894736842105,0.7649999999999999,0.11367442544389655
5,3.0,0.6842105263157894,0.15789473684210525,0.7499999999999999,0.12342761036332184
5,3.0,0.6842105263157894,0.18421052631578946,0.8299999999999998,0.12735285626950027
5,3.0,0.6842105263157894,0.21052631578947367,0.8225,0.15036414133695572
5,3.0,0.6842105263157894,0.23684210526315788,0.74,0.15919720474932966
5,3.0,0.6842105263157894,0.2631578947368421,0.7474999999999999,0.16355427233796127
5,3.0,0.6842105263157894,0.2894736842105263,0.7174999999999999,0.12673791855636576
5,3.0,0.6842105263157894,0.3157894736842105,0.7100000000000001,0.13092220972776164
5,3.0,0.6842105263157894,0.3421052631578947,0.7474999999999999,0.12067518386147169
5,3.0,0.6842105263157894,0.3684210526315789,0.6925,0.1048063690812729
5,3.0,0.6842105263157894,0.39473684210526316,0.6325000000000001,0.08909264840602729
5,3.0,0.6842105263157894,0.42105263157894735,0.5875,0.09057110466368401
5,3.0,0.6842105263157894,0.4473684210526315,0.5775,0.08767838958375089
5,3.0,0.6842105263157894,0.47368421052631576,0.5900000000000001,0.10839741694339401
5,3.0,0.6842105263157894,0.5,0.5900000000000001,0.10285001215362104
5,3.0,0.7368421052631579,0.0,0.9275,0.04183300132670377
5,3.0,0.7368421052631579,0.02631578947368421,0.835,0.1466820541170596
5,3.0,0.7368421052631579,0.05263157894736842,0.8825,0.1580150309306048
5,3.0,0.7368421052631579,0.07894736842105263,0.8099999999999999,0.15139971928639762
5,3.0,0.7368421052631579,0.10526315789473684,0.8099999999999999,0.13532368602724357
5,3.0,0.7368421052631579,0.13157894736842105,0.8600000000000001,0.09117291264405233
5,3.0,0.7368421052631579,0.15789473684210525,0.795,0.13738631664034087
5,3.0,0.7368421052631579,0.18421052631578946,0.775,0.10861341998114232
5,3.0,0.7368421052631579,0.21052631578947367,0.79,0.12481235916366616
5,3.0,0.7368421052631579,0.23684210526315788,0.7075000000000001,0.1258098764008613
5,3.0,0.7368421052631579,0.2631578947368421,0.7875,0.11422291801560666
5,3.0,0.7368421052631579,0.2894736842105263,0.7150000000000001,0.05955564624785799
5,3.0,0.7368421052631579,0.3157894736842105,0.7,0.05376453291901642
5,3.0,0.7368421052631579,0.3421052631578947,0.75,0.14114487238295267
5,3.0,0.7368421052631579,0.3684210526315789,0.6624999999999999,0.08523863560616159
5,3.0,0.7368421052631579,0.39473684210526316,0.6499999999999999,0.09185586535436917
5,3.0,0.7368421052631579,0.42105263157894735,0.6375,0.09882117688026186
5,3.0,0.7368421052631579,0.4473684210526315,0.6199999999999999,0.09625811654089227
5,3.0,0.7368421052631579,0.47368421052631576,0.655,0.13008410740747695
5,3.0,0.7368421052631579,0.5,0.625,0.13947446002763372
5,3.0,0.7894736842105263,0.0,0.9275,0.04183300132670377
5,3.0,0.7894736842105263,0.02631578947368421,0.8425,0.1501561687044525
5,3.0,0.7894736842105263,0.05263157894736842,0.9,0.16177723881930978
5,3.0,0.7894736842105263,0.07894736842105263,0.85,0.15786663675393858
5,3.0,0.7894736842105263,0.10526315789473684,0.89,0.09778803607803972
5,3.0,0.7894736842105263,0.13157894736842105,0.8724999999999999,0.0920258115965298
5,3.0,0.7894736842105263,0.15789473684210525,0.805,0.13008410740747695
5,3.0,0.7894736842105263,0.18421052631578946,0.8049999999999999,0.10292594425119451
5,3.0,0.7894736842105263,0.21052631578947367,0.8200000000000001,0.11510864433221338
5,3.0,0.7894736842105263,0.23684210526315788,0.7825,0.11201283408609926
5,3.0,0.7894736842105263,0.2631578947368421,0.7875,0.11422291801560666
5,3.0,0.7894736842105263,0.2894736842105263,0.7550000000000001,0.11845357740482133
5,3.0,0.7894736842105263,0.3157894736842105,0.7,0.07856128181235333
5,3.0,0.7894736842105263,0.3421052631578947,0.7575,0.1297834735241741
5,3.0,0.7894736842105263,0.3684210526315789,0.705,0.07634215742301234
5,3.0,0.7894736842105263,0.39473684210526316,0.6649999999999999,0.0903119593409422
5,3.0,0.7894736842105263,0.42105263157894735,0.6525000000000001,0.11018450435519508
5,3.0,0.7894736842105263,0.4473684210526315,0.61,0.09858372076565175
5,3.0,0.7894736842105263,0.47368421052631576,0.6325000000000001,0.12642932808490284
5,3.0,0.7894736842105263,0.5,0.6375,0.11625672023586421
5,3.0,0.8421052631578947,0.0,0.9275,0.04183300132670377
5,3.0,0.8421052631578947,0.02631578947368421,0.8425,0.1501561687044525
5,3.0,0.8421052631578947,0.05263157894736842,0.8949999999999999,0.158262045355164
5,3.0,0.8421052631578947,0.07894736842105263,0.8924999999999998,0.15702308747442204
5,3.0,0.8421052631578947,0.10526315789473684,0.9325000000000001,0.06098155458825235
5,3.0,0.8421052631578947,0.13157894736842105,0.915,0.06696547617989436
5,3.0,0.8421052631578947,0.15789473684210525,0.8924999999999998,0.06766184301362177
5,3.0,0.8421052631578947,0.18421052631578946,0.8400000000000001,0.08678277478854889
5,3.0,0.8421052631578947,0.21052631578947367,0.8275,0.07468684623144828
5,3.0,0.8421052631578947,0.23684210526315788,0.82,0.07479137650825794
5,3.0,0.8421052631578947,0.2631578947368421,0.8099999999999999,0.1338726073549029
5,3.0,0.8421052631578947,0.2894736842105263,0.7525,0.09453835200594518
5,3.0,0.8421052631578947,0.3157894736842105,0.6175,0.0946209543388778
5,3.0,0.8421052631578947,0.3421052631578947,0.6950000000000001,0.16216311232829742
5,3.0,0.8421052631578947,0.3684210526315789,0.6799999999999999,0.11131318430446595
5,3.0,0.8421052631578947,0.39473684210526316,0.64,0.10398317171542713
5,3.0,0.8421052631578947,0.42105263157894735,0.6325,0.08033134506529815
5,3.0,0.8421052631578947,0.4473684210526315,0.6424999999999998,0.0783621400932874
5,3.0,0.8421052631578947,0.47368421052631576,0.605,0.11976539567003486
5,3.0,0.8421052631578947,0.5,0.6125,0.12716868718359878
5,3.0,0.894736842105263,0.0,0.9275,0.04183300132670377
5,3.0,0.894736842105263,0.02631578947368421,0.8425,0.1501561687044525
5,3.0,0.894736842105263,0.05263157894736842,0.8949999999999999,0.158262045355164
5,3.0,0.894736842105263,0.07894736842105263,0.8924999999999998,0.15702308747442204
5,3.0,0.894736842105263,0.10526315789473684,0.9325000000000001,0.06098155458825235
5,3.0,0.894736842105263,0.13157894736842105,0.915,0.06696547617989436
5,3.0,0.894736842105263,0.15789473684210525,0.8799999999999999,0.047269176002972584
5,3.0,0.894736842105263,0.18421052631578946,0.8450000000000001,0.08687275176947025
5,3.0,0.894736842105263,0.21052631578947367,0.8300000000000001,0.07426725388756475
5,3.0,0.894736842105263,0.23684210526315788,0.7775000000000001,0.07572565615430481
5,3.0,0.894736842105263,0.2631578947368421,0.7825,0.10216408370851274
5,3.0,0.894736842105263,0.2894736842105263,0.77,0.1036822067666386
5,3.0,0.894736842105263,0.3157894736842105,0.6599999999999999,0.12292019768939522
5,3.0,0.894736842105263,0.3421052631578947,0.6375,0.09437293044088436
5,3.0,0.894736842105263,0.3684210526315789,0.635,0.04454632420301364
5,3.0,0.894736842105263,0.39473684210526316,0.5875,0.037499999999999985
5,3.0,0.894736842105263,0.42105263157894735,0.61,0.07675040716504376
5,3.0,0.894736842105263,0.4473684210526315,0.6525000000000001,0.09370832406995658
5,3.0,0.894736842105263,0.47368421052631576,0.5775,0.11159357060332824
5,3.0,0.894736842105263,0.5,0.5825,0.12642932808490281
5,3.0,0.9473684210526315,0.0,0.9275,0.04183300132670377
5,3.0,0.9473684210526315,0.02631578947368421,0.885,0.08450221890577787
5,3.0,0.9473684210526315,0.05263157894736842,0.9375,0.06373774391990983
5,3.0,0.9473684210526315,0.07894736842105263,0.9349999999999999,0.06274950199005568
5,3.0,0.9473684210526315,0.10526315789473684,0.9325000000000001,0.06098155458825235
5,3.0,0.9473684210526315,0.13157894736842105,0.9325000000000001,0.06098155458825235
5,3.0,0.9473684210526315,0.15789473684210525,0.8975,0.0547722557505166
5,3.0,0.9473684210526315,0.18421052631578946,0.8675,0.10062305898749052
5,3.0,0.9473684210526315,0.21052631578947367,0.8600000000000001,0.09453835200594517
5,3.0,0.9473684210526315,0.23684210526315788,0.76,0.1513997192863976
5,3.0,0.9473684210526315,0.2631578947368421,0.8400000000000001,0.08168154626352268
5,3.0,0.9473684210526315,0.2894736842105263,0.7474999999999999,0.08542174781634942
5,3.0,0.9473684210526315,0.3157894736842105,0.7550000000000001,0.19215065703764844
5,3.0,0.9473684210526315,0.3421052631578947,0.6725,0.12543673704302102
5,3.0,0.9473684210526315,0.3684210526315789,0.6925000000000001,0.09544304584410535
5,3.0,0.9473684210526315,0.39473684210526316,0.6699999999999999,0.12138523386310214
5,3.0,0.9473684210526315,0.42105263157894735,0.625,0.0790569415042095
5,3.0,0.9473684210526315,0.4473684210526315,0.575,0.07126096406869614
5,3.0,0.9473684210526315,0.47368421052631576,0.645,0.142959784554958
5,3.0,0.9473684210526315,0.5,0.62,0.1437771713451061
5,3.0,1.0,0.0,0.9275,0.04183300132670377
5,3.0,1.0,0.02631578947368421,0.885,0.08450221890577787
5,3.0,1.0,0.05263157894736842,0.9275,0.06274950199005568
5,3.0,1.0,0.07894736842105263,0.9375,0.06373774391990983
5,3.0,1.0,0.10526315789473684,0.9125,0.06959705453537528
5,3.0,1.0,0.13157894736842105,0.8875,0.10897247358851685
5,3.0,1.0,0.15789473684210525,0.8724999999999999,0.09858372076565178
5,3.0,1.0,0.18421052631578946,0.845,0.15375508121684955
5,3.0,1.0,0.21052631578947367,0.825,0.15737097890017712
5,3.0,1.0,0.23684210526315788,0.775,0.1677050983124842
5,3.0,1.0,0.2631578947368421,0.7975,0.0881227836600728
5,3.0,1.0,0.2894736842105263,0.7699999999999999,0.11779218989389745
5,3.0,1.0,0.3157894736842105,0.8125,0.142247583459263
5,3.0,1.0,0.3421052631578947,0.7474999999999999,0.09617692030835671
5,3.0,1.0,0.3684210526315789,0.7150000000000001,0.09617692030835673
5,3.0,1.0,0.39473684210526316,0.66,0.11605494388435161
5,3.0,1.0,0.42105263157894735,0.62,0.12138523386310214
5,3.0,1.0,0.4473684210526315,0.6225,0.13647344063956182
5,3.0,1.0,0.47368421052631576,0.6025,0.09329054078522647
5,3.0,1.0,0.5,0.6475,0.15010413052278077
7,0.0,0.0,0.0,0.8274999999999999,0.062123868198945865
7,0.0,0.0,0.02631578947368421,0.74,0.1764227876437735
7,0.0,0.0,0.05263157894736842,0.7024999999999999,0.1589516435901183
7,0.0,0.0,0.07894736842105263,0.7675,0.1874166481399131
7,0.0,0.0,0.10526315789473684,0.6799999999999999,0.08177713616898065
7,0.0,0.0,0.13157894736842105,0.6599999999999999,0.09778803607803975
7,0.0,0.0,0.15789473684210525,0.6725,0.10435815732370901
7,0.0,0.0,0.18421052631578946,0.63,0.09503288904374103
7,0.0,0.0,0.21052631578947367,0.63,0.09503288904374103
7,0.0,0.0,0.23684210526315788,0.62,0.08821139382188674
7,0.0,0.0,0.2631578947368421,0.6174999999999999,0.08732124598286488
7,0.0,0.0,0.2894736842105263,0.5875,0.10116508785149152
7,0.0,0.0,0.3157894736842105,0.5875,0.10116508785149152
7,0.0,0.0,0.3421052631578947,0.5675,0.059028594765587965
7,0.0,0.0,0.3684210526315789,0.57,0.05902859476558796
7,0.0,0.0,0.39473684210526316,0.57,0.05902859476558796
7,0.0,0.0,0.42105263157894735,0.5574999999999999,0.06766184301362178
7,0.0,0.0,0.4473684210526315,0.5650000000000001,0.08450221890577785
7,0.0,0.0,0.47368421052631576,0.5599999999999999,0.08071942145481471
7,0.0,0.0,0.5,0.5525,0.06812213296719354
7,0.0,0.05263157894736842,0.0,0.8274999999999999,0.062123868198945865
7,0.0,0.05263157894736842,0.02631578947368421,0.74,0.1764227876437735
7,0.0,0.05263157894736842,0.05263157894736842,0.7449999999999999,0.16946607330082325
7,0.0,0.05263157894736842,0.07894736842105263,0.715,0.17284386017443604
7,0.0,0.05263157894736842,0.10526315789473684,0.6375,0.08794529549668931
7,0.0,0.05263157894736842,0.13157894736842105,0.6449999999999999,0.118782890182046
7,0.0,0.05263157894736842,0.15789473684210525,0.6125,0.09395810236483067
7,0.0,0.05263157894736842,0.18421052631578946,0.5599999999999999,0.039921798556678295
7,0.0,0.05263157894736842,0.21052631578947367,0.5650000000000001,0.03112474899497184
7,0.0,0.05263157894736842,0.23684210526315788,0.5650000000000001,0.03112474899497184
7,0.0,0.05263157894736842,0.2631578947368421,0.5650000000000001,0.03112474899497184
7,0.0,0.05263157894736842,0.2894736842105263,0.5575,0.04011701633970304
7,0.0,0.05263157894736842,0.3157894736842105,0.5625,0.0492125492125738
7,0.0,0.05263157894736842,0.3421052631578947,0.5625,0.0492125492125738
7,0.0,0.05263157894736842,0.3684210526315789,0.5650000000000001,0.049529031890397354
7,0.0,0.05263157894736842,0.39473684210526316,0.5650000000000001,0.049529031890397354
7,0.0,0.05263157894736842,0.42105263157894735,0.555,0.06349212549600144
7,0.0,0.05263157894736842,0.4473684210526315,0.5475,0.057554322166106675
7,0.0,0.05263157894736842,0.47368421052631576,0.54,0.05258920991990656
7,0.0,0.05263157894736842,0.5,0.535,0.04873397172404481
7,0.0,0.10526315789473684,0.0,0.8274999999999999,0.062123868198945865
7,0.0,0.10526315789473684,0.02631578947368421,0.7225,0.15845937965295712
7,0.0,0.10526315789473684,0.05263157894736842,0.7275,0.15139971928639762
7,0.0,0.10526315789473684,0.07894736842105263,0.6799999999999999,0.13681648292512127
7,0.0,0.10526315789473684,0.10526315789473684,0.64,0.09287087810503354
7,0.0,0.10526315789473684,0.13157894736842105,0.6625,0.11353688827865592
7,0.0,0.10526315789473684,0.15789473684210525,0.6299999999999999,0.09503288904374103
7,0.0,0.10526315789473684,0.18421052631578946,0.5875,0.07447734554883115
7,0.0,0.10526315789473684,0.21052631578947367,0.5925,0.06766184301362177
7,0.0,0.10526315789473684,0.23684210526315788,0.5775,0.04088856808449032
7,0.0,0.10526315789473684,0.2631578947368421,0.5775,0.04088856808449032
7,0.0,0.10526315789473684,0.2894736842105263,0.5800000000000001,0.060981554588252336
7,0.0,0.10526315789473684,0.3157894736842105,0.5775,0.05548085255293036
7,0.0,0.10526315789473684,0.3421052631578947,0.5650000000000001,0.048733971724044804
7,0.0,0.10526315789473684,0.3684210526315789,0.5650000000000001,0.048733971724044804
7,0.0,0.10526315789473684,0.39473684210526316,0.5625,0.0492125492125738
7,0.0,0.10526315789473684,0.42105263157894735,0.5525,0.06212386819894586
7,0.0,0.10526315789473684,0.4473684210526315,0.54,0.05548085255293036
7,0.0,0.10526315789473684,0.47368421052631576,0.54,0.05548085255293036
7,0.0,0.10526315789473684,0.5,0.54,0.05548085255293036
7,0.0,0.15789473684210525,0.0,0.8274999999999999,0.062123868198945865
7,0.0,0.15789473684210525,0.02631578947368421,0.7325,0.16784479437861635
7,0.0,0.15789473684210525,0.05263157894736842,0.6925000000000001,0.16168062654505025
7,0.0,0.15789473684210525,0.07894736842105263,0.6325000000000001,0.09379165741152035
7,0.0,0.15789473684210525,0.10526315789473684,0.625,0.08794529549668931
7,0.0,0.15789473684210525,0.13157894736842105,0.6575,0.11096170510586073
7,0.0,0.15789473684210525,0.15789473684210525,0.6375,0.11625672023586421
7,0.0,0.15789473684210525,0.18421052631578946,0.615,0.13062350477613133
7,0.0,0.15789473684210525,0.21052631578947367,0.62,0.12549900398011135
7,0.0,0.15789473684210525,0.23684210526315788,0.6174999999999999,0.12009111124475447
7,0.0,0.15789473684210525,0.2631578947368421,0.5650000000000001,0.03112474899497184
7,0.0,0.15789473684210525,0.2894736842105263,0.5599999999999999,0.039921798556678295
7,0.0,0.15789473684210525,0.3157894736842105,0.5650000000000001,0.048733971724044804
7,0.0,0.15789473684210525,0.3421052631578947,0.5650000000000001,0.048733971724044804
7,0.0,0.15789473684210525,0.3684210526315789,0.5650000000000001,0.048733971724044804
7,0.0,0.15789473684210525,0.39473684210526316,0.5625,0.0492125492125738
7,0.0,0.15789473684210525,0.42105263157894735,0.55,0.06249999999999997
7,0.0,0.15789473684210525,0.4473684210526315,0.5475,0.06696547617989435
7,0.0,0.15789473684210525,0.47368421052631576,0.545,0.06766184301362177
7,0.0,0.15789473684210525,0.5,0.5375000000000001,0.055901699437494734
7,0.0,0.21052631578947367,0.0,0.8274999999999999,0.062123868198945865
7,0.0,0.21052631578947367,0.02631578947368421,0.795,0.13127975853116122
7,0.0,0.21052631578947367,0.05263157894736842,0.7125000000000001,0.14710752869924776
7,0.0,0.21052631578947367,0.07894736842105263,0.6525000000000001,0.08542174781634944
7,0.0,0.21052631578947367,0.10526315789473684,0.645,0.08129806270754551
7,0.0,0.21052631578947367,0.13157894736842105,0.6824999999999999,0.0933742469849155
7,0.0,0.21052631578947367,0.15789473684210525,0.645,0.11025538535599973
7,0.0,0.21052631578947367,0.18421052631578946,0.62,0.12549900398011135
7,0.0,0.21052631578947367,0.21052631578947367,0.62,0.12549900398011135
7,0.0,0.21052631578947367,0.23684210526315788,0.605,0.13451301052314601
7,0.0,0.21052631578947367,0.2631578947368421,0.5525,0.05477225575051661
7,0.0,0.21052631578947367,0.2894736842105263,0.5575,0.044721359549995815
7,0.0,0.21052631578947367,0.3157894736842105,0.5625,0.05303300858899106
7,0.0,0.21052631578947367,0.3421052631578947,0.5599999999999999,0.05755432216610669
7,0.0,0.21052631578947367,0.3684210526315789,0.5625,0.053764532919016436
7,0.0,0.21052631578947367,0.39473684210526316,0.5575,0.05491470659122201
7,0.0,0.21052631578947367,0.42105263157894735,0.53,0.03377314021526576
7,0.0,0.21052631578947367,0.4473684210526315,0.53,0.03377314021526576
7,0.0,0.21052631578947367,0.47368421052631576,0.5275000000000001,0.03235544776386197
7,0.0,0.21052631578947367,0.5,0.5325,0.03601215072721984
7,0.0,0.2631578947368421,0.0,0.8274999999999999,0.062123868198945865
7,0.0,0.2631578947368421,0.02631578947368421,0.795,0.13127975853116122
7,0.0,0.2631578947368421,0.05263157894736842,0.7125000000000001,0.14710752869924776
7,0.0,0.2631578947368421,0.07894736842105263,0.6525000000000001,0.08542174781634944
7,0.0,0.2631578947368421,0.10526315789473684,0.645,0.08129806270754551
7,0.0,0.2631578947368421,0.13157894736842105,0.6725,0.08310385069297331
7,0.0,0.2631578947368421,0.15789473684210525,0.645,0.11025538535599973
7,0.0,0.2631578947368421,0.18421052631578946,0.62,0.12549900398011135
7,0.0,0.2631578947368421,0.21052631578947367,0.62,0.12549900398011135
7,0.0,0.2631578947368421,0.23684210526315788,0.605,0.13451301052314601
7,0.0,0.2631578947368421,0.2631578947368421,0.5525,0.05477225575051661
7,0.0,0.2631578947368421,0.2894736842105263,0.5575,0.044721359549995815
7,0.0,0.2631578947368421,0.3157894736842105,0.5575,0.044721359549995815
7,0.0,0.2631578947368421,0.3421052631578947,0.5575,0.0534731240905186
7,0.0,0.2631578947368421,0.3684210526315789,0.5625,0.053764532919016436
7,0.0,0.2631578947368421,0.39473684210526316,0.5525,0.049529031890397396
7,0.0,0.2631578947368421,0.42105263157894735,0.57,0.030103986446980757
7,0.0,0.2631578947368421,0.4473684210526315,0.5525,0.024044230077089185
7,0.0,0.2631578947368421,0.47368421052631576,0.5525,0.024044230077089185
7,0.0,0.2631578947368421,0.5,0.5475,0.027099354235848503
7,0.0,0.3157894736842105,0.0,0.8274999999999999,0.062123868198945865
7,0.0,0.3157894736842105,0.02631578947368421,0.795,0.13127975853116122
7,0.0,0.3157894736842105,0.05263157894736842,0.7575000000000001,0.13823666300949253
7,0.0,0.3157894736842105,0.07894736842105263,0.675,0.08291561975888499
7,0.0,0.3157894736842105,0.10526315789473684,0.6375,0.08794529549668931
7,0.0,0.3157894736842105,0.13157894736842105,0.6599999999999999,0.09576990654688977
7,0.0,0.3157894736842105,0.15789473684210525,0.6325000000000001,0.11645814698852117
7,0.0,0.3157894736842105,0.18421052631578946,0.5650000000000001,0.03112474899497184
7,0.0,0.3157894736842105,0.21052631578947367,0.5650000000000001,0.03112474899497184
7,0.0,0.3157894736842105,0.23684210526315788,0.5575,0.06224949798994364
7,0.0,0.3157894736842105,0.2631578947368421,0.5575,0.06224949798994364
7,0.0,0.3157894736842105,0.2894736842105263,0.5625,0.05303300858899106
7,0.0,0.3157894736842105,0.3157894736842105,0.5549999999999999,0.054198708471696985
7,0.0,0.3157894736842105,0.3421052631578947,0.5525,0.05822907349426057
7,0.0,0.3157894736842105,0.3684210526315789,0.5475,0.05955564624785797
7,0.0,0.3157894736842105,0.39473684210526316,0.5475,0.05955564624785797
7,0.0,0.3157894736842105,0.42105263157894735,0.5575,0.04726917600297257
7,0.0,0.3157894736842105,0.4473684210526315,0.5599999999999999,0.045414755311462364
7,0.0,0.3157894736842105,0.47368421052631576,0.5599999999999999,0.045414755311462364
7,0.0,0.3157894736842105,0.5,0.545,0.06349212549600144
7,0.0,0.3684210526315789,0.0,0.8274999999999999,0.062123868198945865
7,0.0,0.3684210526315789,0.02631578947368421,0.8225,0.07093130479555557
7,0.0,0.3684210526315789,0.05263157894736842,0.74,0.12292019768939524
7,0.0,0.3684210526315789,0.07894736842105263,0.645,0.09253377761660872
7,0.0,0.3684210526315789,0.10526315789473684,0.6375,0.08794529549668931
7,0.0,0.3684210526315789,0.13157894736842105,0.6599999999999999,0.09576990654688977
7,0.0,0.3684210526315789,0.15789473684210525,0.63,0.11845357740482133
7,0.0,0.3684210526315789,0.18421052631578946,0.5625,0.031868871959954914
7,0.0,0.3684210526315789,0.21052631578947367,0.5625,0.031868871959954914
7,0.0,0.3684210526315789,0.23684210526315788,0.5775,0.07826237921249261
7,0.0,0.3684210526315789,0.2631578947368421,0.5700000000000001,0.06937218462755802
7,0.0,0.3684210526315789,0.2894736842105263,0.5675,0.07426725388756472
7,0.0,0.3684210526315789,0.3157894736842105,0.6,0.04677071733467426
7,0.0,0.3684210526315789,0.3421052631578947,0.5525,0.03235544776386197
7,0.0,0.3684210526315789,0.3684210526315789,0.555,0.02877716108305333
7,0.0,0.3684210526315789,0.39473684210526316,0.5349999999999999,0.024044230077089185
7,0.0,0.3684210526315789,0.42105263157894735,0.5075000000000001,0.05768990379607164
7,0.0,0.3684210526315789,0.4473684210526315,0.5075000000000001,0.05768990379607164
7,0.0,0.3684210526315789,0.47368421052631576,0.5075000000000001,0.05768990379607164
7,0.0,0.3684210526315789,0.5,0.5075000000000001,0.05768990379607164
7,0.0,0.42105263157894735,0.0,0.8274999999999999,0.062123868198945865
7,0.0,0.42105263157894735,0.02631578947368421,0.79,0.10054538776095105
7,0.0,0.42105263157894735,0.05263157894736842,0.7575,0.10254572150996843
7,0.0,0.42105263157894735,0.07894736842105263,0.65,0.0875
7,0.0,0.42105263157894735,0.10526315789473684,0.6475000000000001,0.08263246940519205
7,0.0,0.42105263157894735,0.13157894736842105,0.6849999999999999,0.10131942064579723
7,0.0,0.42105263157894735,0.15789473684210525,0.6375,0.11145346562579381
7,0.0,0.42105263157894735,0.18421052631578946,0.5599999999999999,0.040888568084490304
7,0.0,0.42105263157894735,0.21052631578947367,0.5599999999999999,0.040888568084490304
7,0.0,0.42105263157894735,0.23684210526315788,0.5650000000000001,0.036869703009381555
7,0.0,0.42105263157894735,0.2631578947368421,0.5475,0.05687156583038664
7,0.0,0.42105263157894735,0.2894736842105263,0.5525,0.049529031890397375
7,0.0,0.42105263157894735,0.3157894736842105,0.5525,0.049529031890397375
7,0.0,0.42105263157894735,0.3421052631578947,0.545,0.0527375577743225
7,0.0,0.42105263157894735,0.3684210526315789,0.545,0.0527375577743225
7,0.0,0.42105263157894735,0.39473684210526316,0.5425,0.048894018039019875
7,0.0,0.42105263157894735,0.42105263157894735,0.5275000000000001,0.036869703009381576
7,0.0,0.42105263157894735,0.4473684210526315,0.5275000000000001,0.036869703009381576
7,0.0,0.42105263157894735,0.47368421052631576,0.525,0.03852758751855611
7,0.0,0.42105263157894735,0.5,0.5125,0.06187184335382292
7,0.0,0.47368421052631576,0.0,0.8274999999999999,0.062123868198945865
7,0.0,0.47368421052631576,0.02631578947368421,0.79,0.10054538776095105
7,0.0,0.47368421052631576,0.05263157894736842,0.7575,0.10254572150996843
7,0.0,0.47368421052631576,0.07894736842105263,0.65,0.0875
7,0.0,0.47368421052631576,0.10526315789473684,0.6475000000000001,0.08263246940519205
7,0.0,0.47368421052631576,0.13157894736842105,0.6849999999999999,0.10131942064579723
7,0.0,0.47368421052631576,0.15789473684210525,0.6399999999999999,0.11537980759214325
7,0.0,0.47368421052631576,0.18421052631578946,0.605,0.10990052320166631
7,0.0,0.47368421052631576,0.21052631578947367,0.605,0.10990052320166631
7,0.0,0.47368421052631576,0.23684210526315788,0.5650000000000001,0.036869703009381555
7,0.0,0.47368421052631576,0.2631578947368421,0.5475,0.05687156583038664
7,0.0,0.47368421052631576,0.2894736842105263,0.5525,0.049529031890397375
7,0.0,0.47368421052631576,0.3157894736842105,0.5525,0.049529031890397375
7,0.0,0.47368421052631576,0.3421052631578947,0.545,0.0527375577743225
7,0.0,0.47368421052631576,0.3684210526315789,0.575,0.06959705453537529
7,0.0,0.47368421052631576,0.39473684210526316,0.545,0.0472691760029726
7,0.0,0.47368421052631576,0.42105263157894735,0.53,0.03601215072721984
7,0.0,0.47368421052631576,0.4473684210526315,0.53,0.03601215072721984
7,0.0,0.47368421052631576,0.47368421052631576,0.53,0.03601215072721984
7,0.0,0.47368421052631576,0.5,0.525,0.03852758751855611
7,0.0,0.5263157894736842,0.0,0.8274999999999999,0.062123868198945865
7,0.0,0.5263157894736842,0.02631578947368421,0.79,0.10054538776095105
7,0.0,0.5263157894736842,0.05263157894736842,0.7575,0.10254572150996843
7,0.0,0.5263157894736842,0.07894736842105263,0.6475000000000001,0.08263246940519205
7,0.0,0.5263157894736842,0.10526315789473684,0.6475000000000001,0.08263246940519205
7,0.0,0.5263157894736842,0.13157894736842105,0.6849999999999999,0.10131942064579723
7,0.0,0.5263157894736842,0.15789473684210525,0.6399999999999999,0.11537980759214325
7,0.0,0.5263157894736842,0.18421052631578946,0.605,0.10990052320166631
7,0.0,0.5263157894736842,0.21052631578947367,0.605,0.10990052320166631
7,0.0,0.5263157894736842,0.23684210526315788,0.5650000000000001,0.036869703009381555
7,0.0,0.5263157894736842,0.2631578947368421,0.5475,0.05687156583038664
7,0.0,0.5263157894736842,0.2894736842105263,0.5475,0.05687156583038664
7,0.0,0.5263157894736842,0.3157894736842105,0.5625,0.04050462936504914
7,0.0,0.5263157894736842,0.3421052631578947,0.5574999999999999,0.03137475099502784
7,0.0,0.5263157894736842,0.3684210526315789,0.5574999999999999,0.03137475099502784
7,0.0,0.5263157894736842,0.39473684210526316,0.5325,0.02877716108305335
7,0.0,0.5263157894736842,0.42105263157894735,0.5275000000000001,0.028504385627478458
7,0.0,0.5263157894736842,0.4473684210526315,0.5225000000000001,0.0357945526581909
7,0.0,0.5263157894736842,0.47368421052631576,0.51,0.059555646247857995
7,0.0,0.5263157894736842,0.5,0.51,0.059555646247857995
7,0.0,0.5789473684210527,0.0,0.8274999999999999,0.062123868198945865
7,0.0,0.5789473684210527,0.02631578947368421,0.8025,0.08987839006123777
7,0.0,0.5789473684210527,0.05263157894736842,0.7699999999999999,0.09746794344808965
7,0.0,0.5789473684210527,0.07894736842105263,0.6475000000000001,0.08263246940519205
7,0.0,0.5789473684210527,0.10526315789473684,0.6475000000000001,0.08263246940519205
7,0.0,0.5789473684210527,0.13157894736842105,0.6399999999999999,0.11435963011482679
7,0.0,0.5789473684210527,0.15789473684210525,0.6275,0.12543673704302102
7,0.0,0.5789473684210527,0.18421052631578946,0.605,0.10990052320166631
7,0.0,0.5789473684210527,0.21052631578947367,0.61,0.10584481565008273
7,0.0,0.5789473684210527,0.23684210526315788,0.5525,0.049529031890397375
7,0.0,0.5789473684210527,0.2631578947368421,0.5900000000000001,0.06754628043053149
7,0.0,0.5789473684210527,0.2894736842105263,0.5900000000000001,0.06754628043053149
7,0.0,0.5789473684210527,0.3157894736842105,0.5900000000000001,0.06754628043053149
7,0.0,0.5789473684210527,0.3421052631578947,0.55,0.03750000000000002
7,0.0,0.5789473684210527,0.3684210526315789,0.5475,0.04088856808449032
7,0.0,0.5789473684210527,0.39473684210526316,0.5325,0.02877716108305335
7,0.0,0.5789473684210527,0.42105263157894735,0.5050000000000001,0.05491470659122201
7,0.0,0.5789473684210527,0.4473684210526315,0.5050000000000001,0.05491470659122201
7,0.0,0.5789473684210527,0.47368421052631576,0.5050000000000001,0.05491470659122201
7,0.0,0.5789473684210527,0.5,0.5050000000000001,0.05491470659122201
7,0.0,0.631578947368421,0.0,0.8274999999999999,0.062123868198945865
7,0.0,0.631578947368421,0.02631578947368421,0.8025,0.08987839006123777
7,0.0,0.631578947368421,0.05263157894736842,0.7699999999999999,0.09746794344808965
7,0.0,0.631578947368421,0.07894736842105263,0.6575,0.1025457215099684
7,0.0,0.631578947368421,0.10526315789473684,0.6575,0.1025457215099684
7,0.0,0.631578947368421,0.13157894736842105,0.65,0.13020416659999784
7,0.0,0.631578947368421,0.15789473684210525,0.6275,0.12543673704302102
7,0.0,0.631578947368421,0.18421052631578946,0.6275,0.12543673704302102
7,0.0,0.631578947368421,0.21052631578947367,0.6325000000000001,0.12073990641043249
7,0.0,0.631578947368421,0.23684210526315788,0.5825,0.09039842365882274
7,0.0,0.631578947368421,0.2631578947368421,0.62,0.08642193008721803
7,0.0,0.631578947368421,0.2894736842105263,0.6025,0.06212386819894588
7,0.0,0.631578947368421,0.3157894736842105,0.5475000000000001,0.08542174781634945
7,0.0,0.631578947368421,0.3421052631578947,0.5475,0.09329054078522649
7,0.0,0.631578947368421,0.3684210526315789,0.5375,0.09560661587986474
7,0.0,0.631578947368421,0.39473684210526316,0.5375,0.09560661587986474
7,0.0,0.631578947368421,0.42105263157894735,0.5075000000000001,0.05768990379607164
7,0.0,0.631578947368421,0.4473684210526315,0.5075000000000001,0.05768990379607164
7,0.0,0.631578947368421,0.47368421052631576,0.5075000000000001,0.05768990379607164
7,0.0,0.631578947368421,0.5,0.5075000000000001,0.05768990379607164
7,0.0,0.6842105263157894,0.0,0.8274999999999999,0.062123868198945865
7,0.0,0.6842105263157894,0.02631578947368421,0.8025,0.08987839006123777
7,0.0,0.6842105263157894,0.05263157894736842,0.7775000000000001,0.08812278366007285
7,0.0,0.6842105263157894,0.07894736842105263,0.6125,0.060595998217704096
7,0.0,0.6842105263157894,0.10526315789473684,0.6325000000000001,0.10774680969754974
7,0.0,0.6842105263157894,0.13157894736842105,0.575,0.047598581911649424
7,0.0,0.6842105263157894,0.15789473684210525,0.575,0.06187184335382292
7,0.0,0.6842105263157894,0.18421052631578946,0.5675000000000001,0.06224949798994367
7,0.0,0.6842105263157894,0.21052631578947367,0.5725,0.05889609494694874
7,0.0,0.6842105263157894,0.23684210526315788,0.6,0.06312190586476298
7,0.0,0.6842105263157894,0.2631578947368421,0.575,0.057960115596848154
7,0.0,0.6842105263157894,0.2894736842105263,0.62,0.10254572150996843
7,0.0,0.6842105263157894,0.3157894736842105,0.5475,0.09329054078522649
7,0.0,0.6842105263157894,0.3421052631578947,0.5175,0.060337591930735866
7,0.0,0.6842105263157894,0.3684210526315789,0.5050000000000001,0.05491470659122201
7,0.0,0.6842105263157894,0.39473684210526316,0.5050000000000001,0.05491470659122201
7,0.0,0.6842105263157894,0.42105263157894735,0.5050000000000001,0.05491470659122201
7,0.0,0.6842105263157894,0.4473684210526315,0.5050000000000001,0.05491470659122201
7,0.0,0.6842105263157894,0.47368421052631576,0.5050000000000001,0.05491470659122201
7,0.0,0.6842105263157894,0.5,0.5050000000000001,0.05491470659122201
7,0.0,0.7368421052631579,0.0,0.8274999999999999,0.062123868198945865
7,0.0,0.7368421052631579,0.02631578947368421,0.8025,0.08987839006123777
7,0.0,0.7368421052631579,0.05263157894736842,0.7950000000000002,0.07320775232173164
7,0.0,0.7368421052631579,0.07894736842105263,0.625,0.0605959982177041
7,0.0,0.7368421052631579,0.10526315789473684,0.625,0.0605959982177041
7,0.0,0.7368421052631579,0.13157894736842105,0.625,0.0605959982177041
7,0.0,0.7368421052631579,0.15789473684210525,0.63,0.10846946574958317
7,0.0,0.7368421052631579,0.18421052631578946,0.675,0.11592023119369631
7,0.0,0.7368421052631579,0.21052631578947367,0.6275000000000001,0.10658036873646104
7,0.0,0.7368421052631579,0.23684210526315788,0.5775,0.04792572378170201
7,0.0,0.7368421052631579,0.2631578947368421,0.55,0.08926785535678562
7,0.0,0.7368421052631579,0.2894736842105263,0.55,0.08926785535678562
7,0.0,0.7368421052631579,0.3157894736842105,0.5275000000000001,0.06696547617989436
7,0.0,0.7368421052631579,0.3421052631578947,0.5275000000000001,0.06696547617989436
7,0.0,0.7368421052631579,0.3684210526315789,0.5225000000000001,0.0633689592781829
7,0.0,0.7368421052631579,0.39473684210526316,0.5075000000000001,0.05768990379607164
7,0.0,0.7368421052631579,0.42105263157894735,0.5075000000000001,0.05768990379607164
7,0.0,0.7368421052631579,0.4473684210526315,0.5075000000000001,0.05768990379607164
7,0.0,0.7368421052631579,0.47368421052631576,0.5050000000000001,0.05491470659122201
7,0.0,0.7368421052631579,0.5,0.5050000000000001,0.05491470659122201
7,0.0,0.7894736842105263,0.0,0.8274999999999999,0.062123868198945865
7,0.0,0.7894736842105263,0.02631578947368421,0.8025,0.08987839006123777
7,0.0,0.7894736842105263,0.05263157894736842,0.825,0.05229125165837974
7,0.0,0.7894736842105263,0.07894736842105263,0.655,0.11746009960833508
7,0.0,0.7894736842105263,0.10526315789473684,0.6125,0.07342087577794207
7,0.0,0.7894736842105263,0.13157894736842105,0.64,0.13002403623945846
7,0.0,0.7894736842105263,0.15789473684210525,0.6325000000000001,0.15222310928370894
7,0.0,0.7894736842105263,0.18421052631578946,0.665,0.13532368602724354
7,0.0,0.7894736842105263,0.21052631578947367,0.595,0.07048936089935844
7,0.0,0.7894736842105263,0.23684210526315788,0.5625,0.06903350635742041
7,0.0,0.7894736842105263,0.2631578947368421,0.5625,0.06903350635742041
7,0.0,0.7894736842105263,0.2894736842105263,0.545,0.03137475099502782
7,0.0,0.7894736842105263,0.3157894736842105,0.515,0.06149186938124423
7,0.0,0.7894736842105263,0.3421052631578947,0.5125,0.06187184335382292
7,0.0,0.7894736842105263,0.3684210526315789,0.5075000000000001,0.05768990379607164
7,0.0,0.7894736842105263,0.39473684210526316,0.5075000000000001,0.05768990379607164
7,0.0,0.7894736842105263,0.42105263157894735,0.5075000000000001,0.05768990379607164
7,0.0,0.7894736842105263,0.4473684210526315,0.5075000000000001,0.05768990379607164
7,0.0,0.7894736842105263,0.47368421052631576,0.5050000000000001,0.05491470659122201
7,0.0,0.7894736842105263,0.5,0.5050000000000001,0.05491470659122201
7,0.0,0.8421052631578947,0.0,0.8274999999999999,0.062123868198945865
7,0.0,0.8421052631578947,0.02631578947368421,0.8025,0.08987839006123777
7,0.0,0.8421052631578947,0.05263157894736842,0.825,0.05229125165837974
7,0.0,0.8421052631578947,0.07894736842105263,0.6975,0.14932138159017952
7,0.0,0.8421052631578947,0.10526315789473684,0.655,0.13566963551215136
7,0.0,0.8421052631578947,0.13157894736842105,0.6525000000000001,0.1260580223547871
7,0.0,0.8421052631578947,0.15789473684210525,0.6575,0.1552719388685541
7,0.0,0.8421052631578947,0.18421052631578946,0.69,0.12881673027988252
7,0.0,0.8421052631578947,0.21052631578947367,0.6075,0.09082951062292477
7,0.0,0.8421052631578947,0.23684210526315788,0.5825,0.10405827694133703
7,0.0,0.8421052631578947,0.2631578947368421,0.5775,0.10947317022905657
7,0.0,0.8421052631578947,0.2894736842105263,0.515,0.06149186938124423
7,0.0,0.8421052631578947,0.3157894736842105,0.5125,0.06187184335382292
7,0.0,0.8421052631578947,0.3421052631578947,0.5125,0.06187184335382292
7,0.0,0.8421052631578947,0.3684210526315789,0.5075000000000001,0.05768990379607164
7,0.0,0.8421052631578947,0.39473684210526316,0.5075000000000001,0.05768990379607164
7,0.0,0.8421052631578947,0.42105263157894735,0.5075000000000001,0.05768990379607164
7,0.0,0.8421052631578947,0.4473684210526315,0.5075000000000001,0.05768990379607164
7,0.0,0.8421052631578947,0.47368421052631576,0.5050000000000001,0.05491470659122201
7,0.0,0.8421052631578947,0.5,0.5050000000000001,0.05491470659122201
7,0.0,0.894736842105263,0.0,0.8274999999999999,0.062123868198945865
7,0.0,0.894736842105263,0.02631578947368421,0.8025,0.08987839006123777
7,0.0,0.894736842105263,0.05263157894736842,0.825,0.05229125165837974
7,0.0,0.894736842105263,0.07894736842105263,0.7225,0.1498436685349101
7,0.0,0.894736842105263,0.10526315789473684,0.66,0.13181426326464069
7,0.0,0.894736842105263,0.13157894736842105,0.65,0.12747548783981963
7,0.0,0.894736842105263,0.15789473684210525,0.655,0.15652475842498526
7,0.0,0.894736842105263,0.18421052631578946,0.6875000000000001,0.13110110602126893
7,0.0,0.894736842105263,0.21052631578947367,0.6224999999999999,0.07623975340988454
7,0.0,0.894736842105263,0.23684210526315788,0.5549999999999999,0.047269176002972584
7,0.0,0.894736842105263,0.2631578947368421,0.535,0.036869703009381576
7,0.0,0.894736842105263,0.2894736842105263,0.5225000000000001,0.0633689592781829
7,0.0,0.894736842105263,0.3157894736842105,0.5075000000000001,0.05768990379607164
7,0.0,0.894736842105263,0.3421052631578947,0.5075000000000001,0.05768990379607164
7,0.0,0.894736842105263,0.3684210526315789,0.5050000000000001,0.05491470659122201
7,0.0,0.894736842105263,0.39473684210526316,0.5050000000000001,0.05491470659122201
7,0.0,0.894736842105263,0.42105263157894735,0.5050000000000001,0.05491470659122201
7,0.0,0.894736842105263,0.4473684210526315,0.5050000000000001,0.05491470659122201
7,0.0,0.894736842105263,0.47368421052631576,0.5050000000000001,0.05491470659122201
7,0.0,0.894736842105263,0.5,0.5050000000000001,0.05491470659122201
7,0.0,0.9473684210526315,0.0,0.8274999999999999,0.062123868198945865
7,0.0,0.9473684210526315,0.02631578947368421,0.8025,0.08987839006123777
7,0.0,0.9473684210526315,0.05263157894736842,0.8025,0.08987839006123777
7,0.0,0.9473684210526315,0.07894736842105263,0.685,0.1567242801865748
7,0.0,0.9473684210526315,0.10526315789473684,0.625,0.06789237807000134
7,0.0,0.9473684210526315,0.13157894736842105,0.67,0.12918010682763814
7,0.0,0.9473684210526315,0.15789473684210525,0.6475,0.14774344317092383
7,0.0,0.9473684210526315,0.18421052631578946,0.6525000000000001,0.14180752800891777
7,0.0,0.9473684210526315,0.21052631578947367,0.5775,0.05108204185425636
7,0.0,0.9473684210526315,0.23684210526315788,0.5325,0.02877716108305335
7,0.0,0.9473684210526315,0.2631578947368421,0.53,0.03137475099502783
7,0.0,0.9473684210526315,0.2894736842105263,0.5125,0.06187184335382292
7,0.0,0.9473684210526315,0.3157894736842105,0.5075000000000001,0.05768990379607164
7,0.0,0.9473684210526315,0.3421052631578947,0.5075000000000001,0.05768990379607164
7,0.0,0.9473684210526315,0.3684210526315789,0.5075000000000001,0.05768990379607164
7,0.0,0.9473684210526315,0.39473684210526316,0.5050000000000001,0.05491470659122201
7,0.0,0.9473684210526315,0.42105263157894735,0.5050000000000001,0.05491470659122201
7,0.0,0.9473684210526315,0.4473684210526315,0.5050000000000001,0.05491470659122201
7,0.0,0.9473684210526315,0.47368421052631576,0.5050000000000001,0.05491470659122201
7,0.0,0.9473684210526315,0.5,0.5050000000000001,0.05491470659122201
7,0.0,1.0,0.0,0.8274999999999999,0.062123868198945865
7,0.0,1.0,0.02631578947368421,0.8025,0.08987839006123777
7,0.0,1.0,0.05263157894736842,0.8025,0.08987839006123777
7,0.0,1.0,0.07894736842105263,0.685,0.1567242801865748
7,0.0,1.0,0.10526315789473684,0.6325,0.13187351894902935
7,0.0,1.0,0.13157894736842105,0.6300000000000001,0.12642932808490281
7,0.0,1.0,0.15789473684210525,0.6025,0.06812213296719356
7,0.0,1.0,0.18421052631578946,0.6025,0.08357257325223391
7,0.0,1.0,0.21052631578947367,0.5900000000000001,0.08403868156985807
7,0.0,1.0,0.23684210526315788,0.515,0.06149186938124423
7,0.0,1.0,0.2631578947368421,0.5125,0.06187184335382292
7,0.0,1.0,0.2894736842105263,0.5075000000000001,0.05768990379607164
7,0.0,1.0,0.3157894736842105,0.5075000000000001,0.05768990379607164
7,0.0,1.0,0.3421052631578947,0.5075000000000001,0.05768990379607164
7,0.0,1.0,0.3684210526315789,0.5075000000000001,0.05768990379607164
7,0.0,1.0,0.39473684210526316,0.5075000000000001,0.05768990379607164
7,0.0,1.0,0.42105263157894735,0.5050000000000001,0.05491470659122201
7,0.0,1.0,0.4473684210526315,0.5050000000000001,0.05491470659122201
7,0.0,1.0,0.47368421052631576,0.5050000000000001,0.05491470659122201
7,0.0,1.0,0.5,0.5050000000000001,0.05491470659122201
7,0.5,0.0,0.0,0.8274999999999999,0.062123868198945865
7,0.5,0.0,0.02631578947368421,0.74,0.1764227876437735
7,0.5,0.0,0.05263157894736842,0.7024999999999999,0.1589516435901183
7,0.5,0.0,0.07894736842105263,0.7675,0.1874166481399131
7,0.5,0.0,0.10526315789473684,0.6799999999999999,0.08177713616898065
7,0.5,0.0,0.13157894736842105,0.6599999999999999,0.09778803607803975
7,0.5,0.0,0.15789473684210525,0.6725,0.10435815732370901
7,0.5,0.0,0.18421052631578946,0.63,0.09503288904374103
7,0.5,0.0,0.21052631578947367,0.63,0.09503288904374103
7,0.5,0.0,0.23684210526315788,0.62,0.08821139382188674
7,0.5,0.0,0.2631578947368421,0.6174999999999999,0.08732124598286488
7,0.5,0.0,0.2894736842105263,0.5875,0.10116508785149152
7,0.5,0.0,0.3157894736842105,0.5875,0.10116508785149152
7,0.5,0.0,0.3421052631578947,0.5675,0.059028594765587965
7,0.5,0.0,0.3684210526315789,0.57,0.05902859476558796
7,0.5,0.0,0.39473684210526316,0.57,0.05902859476558796
7,0.5,0.0,0.42105263157894735,0.5574999999999999,0.06766184301362178
7,0.5,0.0,0.4473684210526315,0.5650000000000001,0.08450221890577785
7,0.5,0.0,0.47368421052631576,0.5599999999999999,0.08071942145481471
7,0.5,0.0,0.5,0.5525,0.06812213296719354
7,0.5,0.05263157894736842,0.0,0.8274999999999999,0.062123868198945865
7,0.5,0.05263157894736842,0.02631578947368421,0.74,0.1764227876437735
7,0.5,0.05263157894736842,0.05263157894736842,0.7449999999999999,0.16946607330082325
7,0.5,0.05263157894736842,0.07894736842105263,0.715,0.17284386017443604
7,0.5,0.05263157894736842,0.10526315789473684,0.63,0.09706634329158588
7,0.5,0.05263157894736842,0.13157894736842105,0.6399999999999999,0.12418484207019793
7,0.5,0.05263157894736842,0.15789473684210525,0.6075,0.09866293630335558
7,0.5,0.05263157894736842,0.18421052631578946,0.5599999999999999,0.039921798556678295
7,0.5,0.05263157894736842,0.21052631578947367,0.5599999999999999,0.039921798556678295
7,0.5,0.05263157894736842,0.23684210526315788,0.5599999999999999,0.039921798556678295
7,0.5,0.05263157894736842,0.2631578947368421,0.5599999999999999,0.039921798556678295
7,0.5,0.05263157894736842,0.2894736842105263,0.5575,0.04011701633970304
7,0.5,0.05263157894736842,0.3157894736842105,0.5575,0.04011701633970304
7,0.5,0.05263157894736842,0.3421052631578947,0.5575,0.04011701633970304
7,0.5,0.05263157894736842,0.3684210526315789,0.5599999999999999,0.040888568084490325
7,0.5,0.05263157894736842,0.39473684210526316,0.5599999999999999,0.040888568084490325
7,0.5,0.05263157894736842,0.42105263157894735,0.5475,0.06085330722319043
7,0.5,0.05263157894736842,0.4473684210526315,0.55,0.06059599821770412
7,0.5,0.05263157894736842,0.47368421052631576,0.5450000000000002,0.05768990379607161
7,0.5,0.05263157894736842,0.5,0.54,0.05332682251925385
7,0.5,0.10526315789473684,0.0,0.8274999999999999,0.062123868198945865
7,0.5,0.10526315789473684,0.02631578947368421,0.7325,0.16784479437861635
7,0.5,0.10526315789473684,0.05263157894736842,0.7375,0.1608085041283576
7,0.5,0.10526315789473684,0.07894736842105263,0.7075,0.16264416681824156
7,0.5,0.10526315789473684,0.10526315789473684,0.65,0.13664506943172153
7,0.5,0.10526315789473684,0.13157894736842105,0.675,0.14710752869924776
7,0.5,0.10526315789473684,0.15789473684210525,0.65,0.11825554955265313
7,0.5,0.10526315789473684,0.18421052631578946,0.5875,0.06903350635742038
7,0.5,0.10526315789473684,0.21052631578947367,0.5875,0.06903350635742038
7,0.5,0.10526315789473684,0.23684210526315788,0.5824999999999999,0.060337591930735845
7,0.5,0.10526315789473684,0.2631578947368421,0.5824999999999999,0.060337591930735845
7,0.5,0.10526315789473684,0.2894736842105263,0.5875,0.08052561704203204
7,0.5,0.10526315789473684,0.3157894736842105,0.5900000000000001,0.08542174781634942
7,0.5,0.10526315789473684,0.3421052631578947,0.5775,0.06212386819894588
7,0.5,0.10526315789473684,0.3684210526315789,0.5875,0.07499999999999998
7,0.5,0.10526315789473684,0.39473684210526316,0.5875,0.07499999999999998
7,0.5,0.10526315789473684,0.42105263157894735,0.55,0.06059599821770412
7,0.5,0.10526315789473684,0.4473684210526315,0.55,0.06059599821770412
7,0.5,0.10526315789473684,0.47368421052631576,0.55,0.06059599821770412
7,0.5,0.10526315789473684,0.5,0.55,0.06312190586476299
7,0.5,0.15789473684210525,0.0,0.8274999999999999,0.062123868198945865
7,0.5,0.15789473684210525,0.02631578947368421,0.7325,0.16784479437861635
7,0.5,0.15789473684210525,0.05263157894736842,0.7125,0.15334805182981623
7,0.5,0.15789473684210525,0.07894736842105263,0.6875,0.13947446002763372
7,0.5,0.15789473684210525,0.10526315789473684,0.675,0.15026019100214133
7,0.5,0.15789473684210525,0.13157894736842105,0.6875,0.1457737973711325
7,0.5,0.15789473684210525,0.15789473684210525,0.6125,0.09642030387838445
7,0.5,0.15789473684210525,0.18421052631578946,0.57,0.04383919479187546
7,0.5,0.15789473684210525,0.21052631578947367,0.57,0.04383919479187546
7,0.5,0.15789473684210525,0.23684210526315788,0.57,0.04383919479187546
7,0.5,0.15789473684210525,0.2631578947368421,0.57,0.04383919479187546
7,0.5,0.15789473684210525,0.2894736842105263,0.5599999999999999,0.040888568084490325
7,0.5,0.15789473684210525,0.3157894736842105,0.5599999999999999,0.040888568084490325
7,0.5,0.15789473684210525,0.3421052631578947,0.5575,0.04011701633970304
7,0.5,0.15789473684210525,0.3684210526315789,0.5675000000000001,0.04201934078492904
7,0.5,0.15789473684210525,0.39473684210526316,0.5675000000000001,0.04201934078492904
7,0.5,0.15789473684210525,0.42105263157894735,0.55,0.06059599821770412
7,0.5,0.15789473684210525,0.4473684210526315,0.55,0.06059599821770412
7,0.5,0.15789473684210525,0.47368421052631576,0.55,0.06059599821770412
7,0.5,0.15789473684210525,0.5,0.5525,0.06398241946034863
7,0.5,0.21052631578947367,0.0,0.8274999999999999,0.062123868198945865
7,0.5,0.21052631578947367,0.02631578947368421,0.795,0.13127975853116122
7,0.5,0.21052631578947367,0.05263157894736842,0.7325,0.13422229695546117
7,0.5,0.21052631578947367,0.07894736842105263,0.7075,0.12330095295657693
7,0.5,0.21052631578947367,0.10526315789473684,0.6825,0.09706634329158588
7,0.5,0.21052631578947367,0.13157894736842105,0.6950000000000001,0.08865311613248573
7,0.5,0.21052631578947367,0.15789473684210525,0.64,0.08403868156985805
7,0.5,0.21052631578947367,0.18421052631578946,0.5824999999999999,0.0227073776557312
7,0.5,0.21052631578947367,0.21052631578947367,0.5824999999999999,0.0227073776557312
7,0.5,0.21052631578947367,0.23684210526315788,0.5725,0.038931028755993614
7,0.5,0.21052631578947367,0.2631578947368421,0.5725,0.038931028755993614
7,0.5,0.21052631578947367,0.2894736842105263,0.5625,0.03644344934278315
7,0.5,0.21052631578947367,0.3157894736842105,0.5625,0.03644344934278315
7,0.5,0.21052631578947367,0.3421052631578947,0.5525,0.049529031890397396
7,0.5,0.21052631578947367,0.3684210526315789,0.5599999999999999,0.05184110338331933
7,0.5,0.21052631578947367,0.39473684210526316,0.5650000000000001,0.05618051263561061
7,0.5,0.21052631578947367,0.42105263157894735,0.5525,0.049529031890397396
7,0.5,0.21052631578947367,0.4473684210526315,0.5525,0.049529031890397396
7,0.5,0.21052631578947367,0.47368421052631576,0.55,0.059947894041408996
7,0.5,0.21052631578947367,0.5,0.5425,0.051991585857713546
7,0.5,0.2631578947368421,0.0,0.8274999999999999,0.062123868198945865
7,0.5,0.2631578947368421,0.02631578947368421,0.795,0.13127975853116122
7,0.5,0.2631578947368421,0.05263157894736842,0.7325,0.13422229695546117
7,0.5,0.2631578947368421,0.07894736842105263,0.7075,0.12330095295657693
7,0.5,0.2631578947368421,0.10526315789473684,0.6825,0.09706634329158588
7,0.5,0.2631578947368421,0.13157894736842105,0.6950000000000001,0.08865311613248573
7,0.5,0.2631578947368421,0.15789473684210525,0.645,0.08272696053887149
7,0.5,0.2631578947368421,0.18421052631578946,0.5875,0.031868871959954886
7,0.5,0.2631578947368421,0.21052631578947367,0.5875,0.031868871959954886
7,0.5,0.2631578947368421,0.23684210526315788,0.5774999999999999,0.04626688880830437
7,0.5,0.2631578947368421,0.2631578947368421,0.5774999999999999,0.04626688880830437
7,0.5,0.2631578947368421,0.2894736842105263,0.5675,0.04558645632202617
7,0.5,0.2631578947368421,0.3157894736842105,0.5675,0.04558645632202617
7,0.5,0.2631578947368421,0.3421052631578947,0.5549999999999999,0.0534731240905186
7,0.5,0.2631578947368421,0.3684210526315789,0.5549999999999999,0.0534731240905186
7,0.5,0.2631578947368421,0.39473684210526316,0.5575,0.0534731240905186
7,0.5,0.2631578947368421,0.42105263157894735,0.55,0.04592793267718459
7,0.5,0.2631578947368421,0.4473684210526315,0.5549999999999999,0.036012150727219826
7,0.5,0.2631578947368421,0.47368421052631576,0.5549999999999999,0.036012150727219826
7,0.5,0.2631578947368421,0.5,0.5650000000000001,0.020539595906443706
7,0.5,0.3157894736842105,0.0,0.8274999999999999,0.062123868198945865
7,0.5,0.3157894736842105,0.02631578947368421,0.795,0.13127975853116122
7,0.5,0.3157894736842105,0.05263157894736842,0.7575000000000001,0.13823666300949253
7,0.5,0.3157894736842105,0.07894736842105263,0.7150000000000001,0.13032411518978365
7,0.5,0.3157894736842105,0.10526315789473684,0.6375,0.08794529549668931
7,0.5,0.3157894736842105,0.13157894736842105,0.725,0.11284668803292368
7,0.5,0.3157894736842105,0.15789473684210525,0.6975,0.1143596301148268
7,0.5,0.3157894736842105,0.18421052631578946,0.625,0.0960143218483576
7,0.5,0.3157894736842105,0.21052631578947367,0.625,0.0960143218483576
7,0.5,0.3157894736842105,0.23684210526315788,0.5875,0.056596157113358865
7,0.5,0.3157894736842105,0.2631578947368421,0.5675,0.04558645632202617
7,0.5,0.3157894736842105,0.2894736842105263,0.5650000000000001,0.045414755311462364
7,0.5,0.3157894736842105,0.3157894736842105,0.5449999999999999,0.020916500663351913
7,0.5,0.3157894736842105,0.3421052631578947,0.5375,0.03644344934278314
7,0.5,0.3157894736842105,0.3684210526315789,0.5375,0.03644344934278314
7,0.5,0.3157894736842105,0.39473684210526316,0.5325,0.04726917600297259
7,0.5,0.3157894736842105,0.42105263157894735,0.5325,0.04726917600297259
7,0.5,0.3157894736842105,0.4473684210526315,0.5325,0.04726917600297259
7,0.5,0.3157894736842105,0.47368421052631576,0.5375,0.03644344934278314
7,0.5,0.3157894736842105,0.5,0.535,0.036869703009381576
7,0.5,0.3684210526315789,0.0,0.8274999999999999,0.062123868198945865
7,0.5,0.3684210526315789,0.02631578947368421,0.795,0.13127975853116122
7,0.5,0.3684210526315789,0.05263157894736842,0.7325,0.13422229695546117
7,0.5,0.3684210526315789,0.07894736842105263,0.6900000000000001,0.11504075364843538
7,0.5,0.3684210526315789,0.10526315789473684,0.6575,0.07735874223382902
7,0.5,0.3684210526315789,0.13157894736842105,0.6725000000000001,0.10054538776095104
7,0.5,0.3684210526315789,0.15789473684210525,0.645,0.08272696053887149
7,0.5,0.3684210526315789,0.18421052631578946,0.585,0.031124748994971817
7,0.5,0.3684210526315789,0.21052631578947367,0.585,0.031124748994971817
7,0.5,0.3684210526315789,0.23684210526315788,0.575,0.04506939094329987
7,0.5,0.3684210526315789,0.2631578947368421,0.575,0.04506939094329987
7,0.5,0.3684210526315789,0.2894736842105263,0.5725,0.04541475531146237
7,0.5,0.3684210526315789,0.3157894736842105,0.55,0.03307189138830739
7,0.5,0.3684210526315789,0.3421052631578947,0.55,0.03307189138830739
7,0.5,0.3684210526315789,0.3684210526315789,0.55,0.03307189138830739
7,0.5,0.3684210526315789,0.39473684210526316,0.5650000000000001,0.04183300132670379
7,0.5,0.3684210526315789,0.42105263157894735,0.585,0.0698212002188447
7,0.5,0.3684210526315789,0.4473684210526315,0.5675,0.07213269023126753
7,0.5,0.3684210526315789,0.47368421052631576,0.5675,0.07213269023126753
7,0.5,0.3684210526315789,0.5,0.5399999999999999,0.07363338237511571
7,0.5,0.42105263157894735,0.0,0.8274999999999999,0.062123868198945865
7,0.5,0.42105263157894735,0.02631578947368421,0.8074999999999999,0.13767034902258365
7,0.5,0.42105263157894735,0.05263157894736842,0.7100000000000001,0.1495827530165159
7,0.5,0.42105263157894735,0.07894736842105263,0.6675,0.12330095295657693
7,0.5,0.42105263157894735,0.10526315789473684,0.62,0.09786789565531692
7,0.5,0.42105263157894735,0.13157894736842105,0.62,0.09786789565531692
7,0.5,0.42105263157894735,0.15789473684210525,0.6375,0.13375584099395438
7,0.5,0.42105263157894735,0.18421052631578946,0.58,0.04558645632202618
7,0.5,0.42105263157894735,0.21052631578947367,0.5725,0.04710360920354193
7,0.5,0.42105263157894735,0.23684210526315788,0.5900000000000001,0.08450221890577786
7,0.5,0.42105263157894735,0.2631578947368421,0.5599999999999999,0.049529031890397375
7,0.5,0.42105263157894735,0.2894736842105263,0.5599999999999999,0.053326822519253844
7,0.5,0.42105263157894735,0.3157894736842105,0.575,0.05994789404140898
7,0.5,0.42105263157894735,0.3421052631578947,0.5549999999999999,0.04968651728587948
7,0.5,0.42105263157894735,0.3684210526315789,0.5525,0.05108204185425637
7,0.5,0.42105263157894735,0.39473684210526316,0.5625,0.06187184335382289
7,0.5,0.42105263157894735,0.42105263157894735,0.5625,0.06187184335382289
7,0.5,0.42105263157894735,0.4473684210526315,0.5425,0.02877716108305334
7,0.5,0.42105263157894735,0.47368421052631576,0.5325,0.02877716108305335
7,0.5,0.42105263157894735,0.5,0.515,0.06149186938124423
7,0.5,0.47368421052631576,0.0,0.8274999999999999,0.062123868198945865
7,0.5,0.47368421052631576,0.02631578947368421,0.8074999999999999,0.13767034902258365
7,0.5,0.47368421052631576,0.05263157894736842,0.7100000000000001,0.1495827530165159
7,0.5,0.47368421052631576,0.07894736842105263,0.6675,0.12330095295657693
7,0.5,0.47368421052631576,0.10526315789473684,0.62,0.09786789565531692
7,0.5,0.47368421052631576,0.13157894736842105,0.62,0.09786789565531692
7,0.5,0.47368421052631576,0.15789473684210525,0.6075,0.07426725388756475
7,0.5,0.47368421052631576,0.18421052631578946,0.6075,0.07426725388756475
7,0.5,0.47368421052631576,0.21052631578947367,0.6,0.07856128181235335
7,0.5,0.47368421052631576,0.23684210526315788,0.6174999999999999,0.09945162140458044
7,0.5,0.47368421052631576,0.2631578947368421,0.6024999999999999,0.11435963011482679
7,0.5,0.47368421052631576,0.2894736842105263,0.5650000000000001,0.0547722557505166
7,0.5,0.47368421052631576,0.3157894736842105,0.58,0.05968668193156661
7,0.5,0.47368421052631576,0.3421052631578947,0.5599999999999999,0.05184110338331931
7,0.5,0.47368421052631576,0.3684210526315789,0.5525,0.05108204185425637
7,0.5,0.47368421052631576,0.39473684210526316,0.5625,0.06187184335382289
7,0.5,0.47368421052631576,0.42105263157894735,0.5625,0.06187184335382289
7,0.5,0.47368421052631576,0.4473684210526315,0.5425,0.02877716108305334
7,0.5,0.47368421052631576,0.47368421052631576,0.5325,0.02877716108305335
7,0.5,0.47368421052631576,0.5,0.515,0.06149186938124423
7,0.5,0.5263157894736842,0.0,0.8274999999999999,0.062123868198945865
7,0.5,0.5263157894736842,0.02631578947368421,0.8074999999999999,0.13767034902258365
7,0.5,0.5263157894736842,0.05263157894736842,0.7100000000000001,0.1495827530165159
7,0.5,0.5263157894736842,0.07894736842105263,0.715,0.15622499799967993
7,0.5,0.5263157894736842,0.10526315789473684,0.6399999999999999,0.11435963011482679
7,0.5,0.5263157894736842,0.13157894736842105,0.6399999999999999,0.11435963011482679
7,0.5,0.5263157894736842,0.15789473684210525,0.625,0.09437293044088439
7,0.5,0.5263157894736842,0.18421052631578946,0.625,0.09437293044088439
7,0.5,0.5263157894736842,0.21052631578947367,0.615,0.09658221886040928
7,0.5,0.5263157894736842,0.23684210526315788,0.5925,0.0704893608993584
7,0.5,0.5263157894736842,0.2631578947368421,0.5774999999999999,0.06812213296719355
7,0.5,0.5263157894736842,0.2894736842105263,0.5725,0.05687156583038663
7,0.5,0.5263157894736842,0.3157894736842105,0.5675,0.05199158585771355
7,0.5,0.5263157894736842,0.3421052631578947,0.5549999999999999,0.036012150727219826
7,0.5,0.5263157894736842,0.3684210526315789,0.5549999999999999,0.036012150727219826
7,0.5,0.5263157894736842,0.39473684210526316,0.5349999999999999,0.027099354235848496
7,0.5,0.5263157894736842,0.42105263157894735,0.53,0.03137475099502783
7,0.5,0.5263157894736842,0.4473684210526315,0.5349999999999999,0.027099354235848496
7,0.5,0.5263157894736842,0.47368421052631576,0.5349999999999999,0.027099354235848496
7,0.5,0.5263157894736842,0.5,0.5349999999999999,0.027099354235848496
7,0.5,0.5789473684210527,0.0,0.8274999999999999,0.062123868198945865
7,0.5,0.5789473684210527,0.02631578947368421,0.8474999999999999,0.04952903189039739
7,0.5,0.5789473684210527,0.05263157894736842,0.75,0.125
7,0.5,0.5789473684210527,0.07894736842105263,0.715,0.15622499799967993
7,0.5,0.5789473684210527,0.10526315789473684,0.6599999999999999,0.14774344317092383
7,0.5,0.5789473684210527,0.13157894736842105,0.6599999999999999,0.14774344317092383
7,0.5,0.5789473684210527,0.15789473684210525,0.6425,0.11943879185591255
7,0.5,0.5789473684210527,0.18421052631578946,0.6425,0.11943879185591255
7,0.5,0.5789473684210527,0.21052631578947367,0.635,0.12481235916366618
7,0.5,0.5789473684210527,0.23684210526315788,0.6125,0.11110243021644486
7,0.5,0.5789473684210527,0.2631578947368421,0.595,0.07531185165696035
7,0.5,0.5789473684210527,0.2894736842105263,0.6125,0.09270248108869579
7,0.5,0.5789473684210527,0.3157894736842105,0.5700000000000001,0.04726917600297259
7,0.5,0.5789473684210527,0.3421052631578947,0.55,0.04592793267718459
7,0.5,0.5789473684210527,0.3684210526315789,0.54,0.051082041854256376
7,0.5,0.5789473684210527,0.39473684210526316,0.525,0.03852758751855611
7,0.5,0.5789473684210527,0.42105263157894735,0.53,0.03137475099502783
7,0.5,0.5789473684210527,0.4473684210526315,0.53,0.03137475099502783
7,0.5,0.5789473684210527,0.47368421052631576,0.5125,0.06187184335382292
7,0.5,0.5789473684210527,0.5,0.5125,0.06187184335382292
7,0.5,0.631578947368421,0.0,0.8274999999999999,0.062123868198945865
7,0.5,0.631578947368421,0.02631578947368421,0.8474999999999999,0.04952903189039739
7,0.5,0.631578947368421,0.05263157894736842,0.75,0.125
7,0.5,0.631578947368421,0.07894736842105263,0.715,0.15622499799967993
7,0.5,0.631578947368421,0.10526315789473684,0.6599999999999999,0.14774344317092383
7,0.5,0.631578947368421,0.13157894736842105,0.6599999999999999,0.14774344317092383
7,0.5,0.631578947368421,0.15789473684210525,0.6425,0.11943879185591255
7,0.5,0.631578947368421,0.18421052631578946,0.6425,0.11943879185591255
7,0.5,0.631578947368421,0.21052631578947367,0.6425,0.11943879185591255
7,0.5,0.631578947368421,0.23684210526315788,0.6125,0.11110243021644486
7,0.5,0.631578947368421,0.2631578947368421,0.6125,0.11110243021644486
7,0.5,0.631578947368421,0.2894736842105263,0.6075,0.11645814698852118
7,0.5,0.631578947368421,0.3157894736842105,0.6125,0.13749999999999998
7,0.5,0.631578947368421,0.3421052631578947,0.5775,0.0651920240520265
7,0.5,0.631578947368421,0.3684210526315789,0.5675,0.07426725388756476
7,0.5,0.631578947368421,0.39473684210526316,0.5775,0.06519202405202651
7,0.5,0.631578947368421,0.42105263157894735,0.5625,0.06731456008918131
7,0.5,0.631578947368421,0.4473684210526315,0.5125,0.06187184335382292
7,0.5,0.631578947368421,0.47368421052631576,0.5125,0.06187184335382292
7,0.5,0.631578947368421,0.5,0.5125,0.06187184335382292
7,0.5,0.6842105263157894,0.0,0.8274999999999999,0.062123868198945865
7,0.5,0.6842105263157894,0.02631578947368421,0.8474999999999999,0.04952903189039739
7,0.5,0.6842105263157894,0.05263157894736842,0.7875,0.1202211503854459
7,0.5,0.6842105263157894,0.07894736842105263,0.6525000000000001,0.11904568450809126
7,0.5,0.6842105263157894,0.10526315789473684,0.6525000000000001,0.11904568450809126
7,0.5,0.6842105263157894,0.13157894736842105,0.6700000000000002,0.10591860082157431
7,0.5,0.6842105263157894,0.15789473684210525,0.6525000000000001,0.09329054078522647
7,0.5,0.6842105263157894,0.18421052631578946,0.6425000000000001,0.09295496221289105
7,0.5,0.6842105263157894,0.21052631578947367,0.6425000000000001,0.09295496221289105
7,0.5,0.6842105263157894,0.23684210526315788,0.6475000000000001,0.09329054078522646
7,0.5,0.6842105263157894,0.2631578947368421,0.6224999999999999,0.10947317022905657
7,0.5,0.6842105263157894,0.2894736842105263,0.5850000000000001,0.1341640786499874
7,0.5,0.6842105263157894,0.3157894736842105,0.5375,0.07234898064243891
7,0.5,0.6842105263157894,0.3421052631578947,0.5225000000000001,0.0633689592781829
7,0.5,0.6842105263157894,0.3684210526315789,0.5225000000000001,0.0633689592781829
7,0.5,0.6842105263157894,0.39473684210526316,0.515,0.06149186938124423
7,0.5,0.6842105263157894,0.42105263157894735,0.515,0.06149186938124423
7,0.5,0.6842105263157894,0.4473684210526315,0.5125,0.06187184335382292
7,0.5,0.6842105263157894,0.47368421052631576,0.5125,0.06187184335382292
7,0.5,0.6842105263157894,0.5,0.5125,0.06187184335382292
7,0.5,0.7368421052631579,0.0,0.8274999999999999,0.062123868198945865
7,0.5,0.7368421052631579,0.02631578947368421,0.8474999999999999,0.04952903189039739
7,0.5,0.7368421052631579,0.05263157894736842,0.8099999999999999,0.07572565615430484
7,0.5,0.7368421052631579,0.07894736842105263,0.6900000000000001,0.13732943966972266
7,0.5,0.7368421052631579,0.10526315789473684,0.7174999999999999,0.15273547394105927
7,0.5,0.7368421052631579,0.13157894736842105,0.6925000000000001,0.13246461791738956
7,0.5,0.7368421052631579,0.15789473684210525,0.6275000000000001,0.09976534969617458
7,0.5,0.7368421052631579,0.18421052631578946,0.6300000000000001,0.11270814078849849
7,0.5,0.7368421052631579,0.21052631578947367,0.6300000000000001,0.11270814078849849
7,0.5,0.7368421052631579,0.23684210526315788,0.6375,0.10716517624676401
7,0.5,0.7368421052631579,0.2631578947368421,0.6799999999999999,0.10368220676663858
7,0.5,0.7368421052631579,0.2894736842105263,0.655,0.10810874155219828
7,0.5,0.7368421052631579,0.3157894736842105,0.6275000000000001,0.11298506538476666
7,0.5,0.7368421052631579,0.3421052631578947,0.5825,0.10405827694133703
7,0.5,0.7368421052631579,0.3684210526315789,0.5625,0.12655285457072865
7,0.5,0.7368421052631579,0.39473684210526316,0.5525,0.12972326314119606
7,0.5,0.7368421052631579,0.42105263157894735,0.5525,0.12972326314119606
7,0.5,0.7368421052631579,0.4473684210526315,0.5125,0.06187184335382292
7,0.5,0.7368421052631579,0.47368421052631576,0.5125,0.06187184335382292
7,0.5,0.7368421052631579,0.5,0.5125,0.06187184335382292
7,0.5,0.7894736842105263,0.0,0.8274999999999999,0.062123868198945865
7,0.5,0.7894736842105263,0.02631578947368421,0.8474999999999999,0.04952903189039739
7,0.5,0.7894736842105263,0.05263157894736842,0.8099999999999999,0.07572565615430484
7,0.5,0.7894736842105263,0.07894736842105263,0.75,0.12593401049756178
7,0.5,0.7894736842105263,0.10526315789473684,0.7174999999999999,0.15273547394105927
7,0.5,0.7894736842105263,0.13157894736842105,0.6925000000000001,0.13246461791738956
7,0.5,0.7894736842105263,0.15789473684210525,0.625,0.11625672023586424
7,0.5,0.7894736842105263,0.18421052631578946,0.6,0.13020416659999784
7,0.5,0.7894736842105263,0.21052631578947367,0.625,0.11759304826391734
7,0.5,0.7894736842105263,0.23684210526315788,0.6224999999999999,0.11772584677971101
7,0.5,0.7894736842105263,0.2631578947368421,0.6174999999999999,0.13008410740747695
7,0.5,0.7894736842105263,0.2894736842105263,0.61,0.12292019768939523
7,0.5,0.7894736842105263,0.3157894736842105,0.5625,0.12655285457072865
7,0.5,0.7894736842105263,0.3421052631578947,0.5650000000000001,0.12636751956100112
7,0.5,0.7894736842105263,0.3684210526315789,0.5650000000000001,0.12636751956100112
7,0.5,0.7894736842105263,0.39473684210526316,0.5525,0.12972326314119606
7,0.5,0.7894736842105263,0.42105263157894735,0.5125,0.06187184335382292
7,0.5,0.7894736842105263,0.4473684210526315,0.5125,0.06187184335382292
7,0.5,0.7894736842105263,0.47368421052631576,0.5125,0.06187184335382292
7,0.5,0.7894736842105263,0.5,0.5125,0.06187184335382292
7,0.5,0.8421052631578947,0.0,0.8274999999999999,0.062123868198945865
7,0.5,0.8421052631578947,0.02631578947368421,0.8474999999999999,0.04952903189039739
7,0.5,0.8421052631578947,0.05263157894736842,0.8099999999999999,0.07572565615430484
7,0.5,0.8421052631578947,0.07894736842105263,0.79,0.071479892277479
7,0.5,0.8421052631578947,0.10526315789473684,0.7174999999999999,0.15273547394105927
7,0.5,0.8421052631578947,0.13157894736842105,0.6925000000000001,0.13246461791738956
7,0.5,0.8421052631578947,0.15789473684210525,0.6325000000000001,0.12138523386310217
7,0.5,0.8421052631578947,0.18421052631578946,0.6,0.13020416659999784
7,0.5,0.8421052631578947,0.21052631578947367,0.625,0.11759304826391734
7,0.5,0.8421052631578947,0.23684210526315788,0.6375,0.11692679333668564
7,0.5,0.8421052631578947,0.2631578947368421,0.61,0.11537980759214327
7,0.5,0.8421052631578947,0.2894736842105263,0.595,0.15093458848123584
7,0.5,0.8421052631578947,0.3157894736842105,0.5625,0.14388580541526674
7,0.5,0.8421052631578947,0.3421052631578947,0.515,0.06149186938124423
7,0.5,0.8421052631578947,0.3684210526315789,0.515,0.06149186938124423
7,0.5,0.8421052631578947,0.39473684210526316,0.5125,0.06187184335382292
7,0.5,0.8421052631578947,0.42105263157894735,0.5125,0.06187184335382292
7,0.5,0.8421052631578947,0.4473684210526315,0.5125,0.06187184335382292
7,0.5,0.8421052631578947,0.47368421052631576,0.5125,0.06187184335382292
7,0.5,0.8421052631578947,0.5,0.5125,0.06187184335382292
7,0.5,0.894736842105263,0.0,0.8274999999999999,0.062123868198945865
7,0.5,0.894736842105263,0.02631578947368421,0.8474999999999999,0.04952903189039739
7,0.5,0.894736842105263,0.05263157894736842,0.8099999999999999,0.07572565615430484
7,0.5,0.894736842105263,0.07894736842105263,0.79,0.071479892277479
7,0.5,0.894736842105263,0.10526315789473684,0.7174999999999999,0.15273547394105927
7,0.5,0.894736842105263,0.13157894736842105,0.695,0.13509256086106294
7,0.5,0.894736842105263,0.15789473684210525,0.635,0.12574776339959293
7,0.5,0.894736842105263,0.18421052631578946,0.605,0.1251873595855428
7,0.5,0.894736842105263,0.21052631578947367,0.63,0.11060910902814468
7,0.5,0.894736842105263,0.23684210526315788,0.6275000000000001,0.11089127558108437
7,0.5,0.894736842105263,0.2631578947368421,0.5875,0.11353688827865592
7,0.5,0.894736842105263,0.2894736842105263,0.6050000000000001,0.15222310928370897
7,0.5,0.894736842105263,0.3157894736842105,0.5675,0.11201283408609927
7,0.5,0.894736842105263,0.3421052631578947,0.5125,0.06187184335382292
7,0.5,0.894736842105263,0.3684210526315789,0.5125,0.06187184335382292
7,0.5,0.894736842105263,0.39473684210526316,0.5125,0.06187184335382292
7,0.5,0.894736842105263,0.42105263157894735,0.5125,0.06187184335382292
7,0.5,0.894736842105263,0.4473684210526315,0.5125,0.06187184335382292
7,0.5,0.894736842105263,0.47368421052631576,0.5125,0.06187184335382292
7,0.5,0.894736842105263,0.5,0.5125,0.06187184335382292
7,0.5,0.9473684210526315,0.0,0.8274999999999999,0.062123868198945865
7,0.5,0.9473684210526315,0.02631578947368421,0.835,0.04454632420301368
7,0.5,0.9473684210526315,0.05263157894736842,0.79,0.11504075364843541
7,0.5,0.9473684210526315,0.07894736842105263,0.7699999999999999,0.10774680969754975
7,0.5,0.9473684210526315,0.10526315789473684,0.6699999999999999,0.14268628175126016
7,0.5,0.9473684210526315,0.13157894736842105,0.6525000000000001,0.11018450435519506
7,0.5,0.9473684210526315,0.15789473684210525,0.675,0.1578666367539386
7,0.5,0.9473684210526315,0.18421052631578946,0.6300000000000001,0.12266570425347094
7,0.5,0.9473684210526315,0.21052631578947367,0.6300000000000001,0.12266570425347094
7,0.5,0.9473684210526315,0.23684210526315788,0.5850000000000001,0.13151758437562636
7,0.5,0.9473684210526315,0.2631578947368421,0.5725,0.12418484207019793
7,0.5,0.9473684210526315,0.2894736842105263,0.5900000000000001,0.1623557051661567
7,0.5,0.9473684210526315,0.3157894736842105,0.5850000000000001,0.1726177134595404
7,0.5,0.9473684210526315,0.3421052631578947,0.5125,0.06187184335382292
7,0.5,0.9473684210526315,0.3684210526315789,0.5125,0.06187184335382292
7,0.5,0.9473684210526315,0.39473684210526316,0.5125,0.06187184335382292
7,0.5,0.9473684210526315,0.42105263157894735,0.5125,0.06187184335382292
7,0.5,0.9473684210526315,0.4473684210526315,0.5125,0.06187184335382292
7,0.5,0.9473684210526315,0.47368421052631576,0.5125,0.06187184335382292
7,0.5,0.9473684210526315,0.5,0.5125,0.06187184335382292
7,0.5,1.0,0.0,0.8274999999999999,0.062123868198945865
7,0.5,1.0,0.02631578947368421,0.835,0.04454632420301368
7,0.5,1.0,0.05263157894736842,0.8,0.1234276103633219
7,0.5,1.0,0.07894736842105263,0.71,0.13270032027090212
7,0.5,1.0,0.10526315789473684,0.71,0.12790377242286485
7,0.5,1.0,0.13157894736842105,0.705,0.1200911112447545
7,0.5,1.0,0.15789473684210525,0.7,0.12468710839537503
7,0.5,1.0,0.18421052631578946,0.6325000000000001,0.14350522638566163
7,0.5,1.0,0.21052631578947367,0.6325000000000001,0.14350522638566163
7,0.5,1.0,0.23684210526315788,0.6325000000000001,0.14350522638566163
7,0.5,1.0,0.2631578947368421,0.5599999999999999,0.13874436925511607
7,0.5,1.0,0.2894736842105263,0.5775,0.17531222147927966
7,0.5,1.0,0.3157894736842105,0.5225000000000001,0.0633689592781829
7,0.5,1.0,0.3421052631578947,0.5125,0.06187184335382292
7,0.5,1.0,0.3684210526315789,0.5125,0.06187184335382292
7,0.5,1.0,0.39473684210526316,0.5125,0.06187184335382292
7,0.5,1.0,0.42105263157894735,0.5125,0.06187184335382292
7,0.5,1.0,0.4473684210526315,0.5125,0.06187184335382292
7,0.5,1.0,0.47368421052631576,0.5125,0.06187184335382292
7,0.5,1.0,0.5,0.5125,0.06187184335382292
7,1.0,0.0,0.0,0.8274999999999999,0.062123868198945865
7,1.0,0.0,0.02631578947368421,0.74,0.1764227876437735
7,1.0,0.0,0.05263157894736842,0.7024999999999999,0.1589516435901183
7,1.0,0.0,0.07894736842105263,0.7675,0.1874166481399131
7,1.0,0.0,0.10526315789473684,0.6799999999999999,0.08177713616898065
7,1.0,0.0,0.13157894736842105,0.6599999999999999,0.09778803607803975
7,1.0,0.0,0.15789473684210525,0.6725,0.10435815732370901
7,1.0,0.0,0.18421052631578946,0.63,0.09503288904374103
7,1.0,0.0,0.21052631578947367,0.63,0.09503288904374103
7,1.0,0.0,0.23684210526315788,0.62,0.08821139382188674
7,1.0,0.0,0.2631578947368421,0.6174999999999999,0.08732124598286488
7,1.0,0.0,0.2894736842105263,0.5875,0.10116508785149152
7,1.0,0.0,0.3157894736842105,0.5875,0.10116508785149152
7,1.0,0.0,0.3421052631578947,0.5675,0.059028594765587965
7,1.0,0.0,0.3684210526315789,0.57,0.05902859476558796
7,1.0,0.0,0.39473684210526316,0.57,0.05902859476558796
7,1.0,0.0,0.42105263157894735,0.5574999999999999,0.06766184301362178
7,1.0,0.0,0.4473684210526315,0.5650000000000001,0.08450221890577785
7,1.0,0.0,0.47368421052631576,0.5599999999999999,0.08071942145481471
7,1.0,0.0,0.5,0.5525,0.06812213296719354
7,1.0,0.05263157894736842,0.0,0.8274999999999999,0.062123868198945865
7,1.0,0.05263157894736842,0.02631578947368421,0.74,0.1764227876437735
7,1.0,0.05263157894736842,0.05263157894736842,0.7449999999999999,0.16946607330082325
7,1.0,0.05263157894736842,0.07894736842105263,0.715,0.17284386017443604
7,1.0,0.05263157894736842,0.10526315789473684,0.6375,0.08794529549668931
7,1.0,0.05263157894736842,0.13157894736842105,0.6475,0.11639104346984781
7,1.0,0.05263157894736842,0.15789473684210525,0.6075,0.09866293630335558
7,1.0,0.05263157894736842,0.18421052631578946,0.5650000000000001,0.03112474899497184
7,1.0,0.05263157894736842,0.21052631578947367,0.55,0.059947894041408996
7,1.0,0.05263157894736842,0.23684210526315788,0.5525,0.05477225575051661
7,1.0,0.05263157894736842,0.2631578947368421,0.5525,0.05477225575051661
7,1.0,0.05263157894736842,0.2894736842105263,0.55,0.05448623679425842
7,1.0,0.05263157894736842,0.3157894736842105,0.545,0.06471089552772394
7,1.0,0.05263157894736842,0.3421052631578947,0.545,0.06471089552772394
7,1.0,0.05263157894736842,0.3684210526315789,0.5475,0.06578848683470384
7,1.0,0.05263157894736842,0.39473684210526316,0.5475,0.06578848683470384
7,1.0,0.05263157894736842,0.42105263157894735,0.5450000000000002,0.06590713163232034
7,1.0,0.05263157894736842,0.4473684210526315,0.5475,0.06578848683470384
7,1.0,0.05263157894736842,0.47368421052631576,0.5425000000000001,0.06287388169979645
7,1.0,0.05263157894736842,0.5,0.54,0.06020797289396147
7,1.0,0.10526315789473684,0.0,0.8274999999999999,0.062123868198945865
7,1.0,0.10526315789473684,0.02631578947368421,0.7325,0.16784479437861635
7,1.0,0.10526315789473684,0.05263157894736842,0.7375,0.1608085041283576
7,1.0,0.10526315789473684,0.07894736842105263,0.7075,0.16264416681824156
7,1.0,0.10526315789473684,0.10526315789473684,0.6575,0.12887736418782006
7,1.0,0.10526315789473684,0.13157894736842105,0.6825,0.13823666300949253
7,1.0,0.10526315789473684,0.15789473684210525,0.65,0.11825554955265313
7,1.0,0.10526315789473684,0.18421052631578946,0.5925,0.06161878771933119
7,1.0,0.10526315789473684,0.21052631578947367,0.5775,0.08633148324916004
7,1.0,0.10526315789473684,0.23684210526315788,0.575,0.0739509972887452
7,1.0,0.10526315789473684,0.2631578947368421,0.575,0.0739509972887452
7,1.0,0.10526315789473684,0.2894736842105263,0.5800000000000001,0.09168560410446125
7,1.0,0.10526315789473684,0.3157894736842105,0.5775,0.10435815732370901
7,1.0,0.10526315789473684,0.3421052631578947,0.5650000000000001,0.08403868156985805
7,1.0,0.10526315789473684,0.3684210526315789,0.575,0.0956066158798647
7,1.0,0.10526315789473684,0.39473684210526316,0.575,0.0956066158798647
7,1.0,0.10526315789473684,0.42105263157894735,0.5475,0.06578848683470384
7,1.0,0.10526315789473684,0.4473684210526315,0.5475,0.06578848683470384
7,1.0,0.10526315789473684,0.47368421052631576,0.5475,0.06578848683470384
7,1.0,0.10526315789473684,0.5,0.5475,0.06925947588597534
7,1.0,0.15789473684210525,0.0,0.8274999999999999,0.062123868198945865
7,1.0,0.15789473684210525,0.02631578947368421,0.7325,0.16784479437861635
7,1.0,0.15789473684210525,0.05263157894736842,0.7375,0.1608085041283576
7,1.0,0.15789473684210525,0.07894736842105263,0.7075,0.16264416681824156
7,1.0,0.15789473684210525,0.10526315789473684,0.7025,0.16521765946774575
7,1.0,0.15789473684210525,0.13157894736842105,0.6875,0.13664506943172156
7,1.0,0.15789473684210525,0.15789473684210525,0.65,0.11825554955265313
7,1.0,0.15789473684210525,0.18421052631578946,0.6100000000000001,0.09738775590391228
7,1.0,0.15789473684210525,0.21052631578947367,0.595,0.11746009960833509
7,1.0,0.15789473684210525,0.23684210526315788,0.575,0.0739509972887452
7,1.0,0.15789473684210525,0.2631578947368421,0.56,0.05755432216610669
7,1.0,0.15789473684210525,0.2894736842105263,0.5549999999999999,0.05562148865321747
7,1.0,0.15789473684210525,0.3157894736842105,0.55,0.06614378277661477
7,1.0,0.15789473684210525,0.3421052631578947,0.5475,0.06578848683470384
7,1.0,0.15789473684210525,0.3684210526315789,0.5625,0.07447734554883116
7,1.0,0.15789473684210525,0.39473684210526316,0.5625,0.07447734554883116
7,1.0,0.15789473684210525,0.42105263157894735,0.5450000000000002,0.06531175238806566
7,1.0,0.15789473684210525,0.4473684210526315,0.5450000000000002,0.06531175238806566
7,1.0,0.15789473684210525,0.47368421052631576,0.5375,0.06673173907519571
7,1.0,0.15789473684210525,0.5,0.5375,0.06903350635742038
7,1.0,0.21052631578947367,0.0,0.8274999999999999,0.062123868198945865
7,1.0,0.21052631578947367,0.02631578947368421,0.795,0.13127975853116122
7,1.0,0.21052631578947367,0.05263157894736842,0.7575000000000001,0.13823666300949253
7,1.0,0.21052631578947367,0.07894736842105263,0.7275,0.14561292868423462
7,1.0,0.21052631578947367,0.10526315789473684,0.7025,0.1291196150861673
7,1.0,0.21052631578947367,0.13157894736842105,0.6875,0.08970437559004578
7,1.0,0.21052631578947367,0.15789473684210525,0.6775,0.09576990654688977
7,1.0,0.21052631578947367,0.18421052631578946,0.665,0.0816815462635227
7,1.0,0.21052631578947367,0.21052631578947367,0.6475000000000001,0.08812278366007283
7,1.0,0.21052631578947367,0.23684210526315788,0.625,0.05590169943749472
7,1.0,0.21052631578947367,0.2631578947368421,0.6225,0.08023403267940604
7,1.0,0.21052631578947367,0.2894736842105263,0.6174999999999999,0.08366600265340753
7,1.0,0.21052631578947367,0.3157894736842105,0.5925,0.04472135954999579
7,1.0,0.21052631578947367,0.3421052631578947,0.5875,0.04238956239453293
7,1.0,0.21052631578947367,0.3684210526315789,0.6050000000000001,0.036012150727219853
7,1.0,0.21052631578947367,0.39473684210526316,0.6175,0.06410440702479042
7,1.0,0.21052631578947367,0.42105263157894735,0.5700000000000001,0.02592055169165965
7,1.0,0.21052631578947367,0.4473684210526315,0.5675000000000001,0.025920551691659657
7,1.0,0.21052631578947367,0.47368421052631576,0.5475000000000001,0.05955564624785799
7,1.0,0.21052631578947367,0.5,0.54,0.05108204185425636
7,1.0,0.2631578947368421,0.0,0.8274999999999999,0.062123868198945865
7,1.0,0.2631578947368421,0.02631578947368421,0.795,0.13127975853116122
7,1.0,0.2631578947368421,0.05263157894736842,0.7575000000000001,0.13823666300949253
7,1.0,0.2631578947368421,0.07894736842105263,0.7275,0.14561292868423462
7,1.0,0.2631578947368421,0.10526315789473684,0.7025,0.1291196150861673
7,1.0,0.2631578947368421,0.13157894736842105,0.6875,0.08970437559004578
7,1.0,0.2631578947368421,0.15789473684210525,0.6825,0.09211066713470271
7,1.0,0.2631578947368421,0.18421052631578946,0.6824999999999999,0.08865311613248572
7,1.0,0.2631578947368421,0.21052631578947367,0.6649999999999999,0.09858372076565176
7,1.0,0.2631578947368421,0.23684210526315788,0.6624999999999999,0.09519716382329883
7,1.0,0.2631578947368421,0.2631578947368421,0.6624999999999999,0.09682458365518543
7,1.0,0.2631578947368421,0.2894736842105263,0.625,0.0968245836551854
7,1.0,0.2631578947368421,0.3157894736842105,0.595,0.05123475382979796
7,1.0,0.2631578947368421,0.3421052631578947,0.595,0.0534731240905186
7,1.0,0.2631578947368421,0.3684210526315789,0.5974999999999999,0.05184110338331932
7,1.0,0.2631578947368421,0.39473684210526316,0.5974999999999999,0.05184110338331932
7,1.0,0.2631578947368421,0.42105263157894735,0.57,0.018957188610128854
7,1.0,0.2631578947368421,0.4473684210526315,0.545,0.05631940163034404
7,1.0,0.2631578947368421,0.47368421052631576,0.5425000000000001,0.05631940163034404
7,1.0,0.2631578947368421,0.5,0.5525,0.03686970300938156
7,1.0,0.3157894736842105,0.0,0.8274999999999999,0.062123868198945865
7,1.0,0.3157894736842105,0.02631578947368421,0.795,0.13127975853116122
7,1.0,0.3157894736842105,0.05263157894736842,0.7575000000000001,0.13823666300949253
7,1.0,0.3157894736842105,0.07894736842105263,0.7150000000000001,0.13032411518978365
7,1.0,0.3157894736842105,0.10526315789473684,0.6375,0.08794529549668931
7,1.0,0.3157894736842105,0.13157894736842105,0.725,0.11284668803292368
7,1.0,0.3157894736842105,0.15789473684210525,0.6399999999999999,0.08767838958375092
7,1.0,0.3157894736842105,0.18421052631578946,0.64,0.08403868156985804
7,1.0,0.3157894736842105,0.21052631578947367,0.6224999999999999,0.08403868156985803
7,1.0,0.3157894736842105,0.23684210526315788,0.6224999999999999,0.08403868156985803
7,1.0,0.3157894736842105,0.2631578947368421,0.6399999999999999,0.08767838958375089
7,1.0,0.3157894736842105,0.2894736842105263,0.625,0.0968245836551854
7,1.0,0.3157894736842105,0.3157894736842105,0.575,0.04999999999999999
7,1.0,0.3157894736842105,0.3421052631578947,0.5775,0.055480852552930386
7,1.0,0.3157894736842105,0.3684210526315789,0.5625,0.07288689868556628
7,1.0,0.3157894736842105,0.39473684210526316,0.55,0.08338540040078961
7,1.0,0.3157894736842105,0.42105263157894735,0.5275000000000001,0.04952903189039736
7,1.0,0.3157894736842105,0.4473684210526315,0.5275000000000001,0.04952903189039736
7,1.0,0.3157894736842105,0.47368421052631576,0.5275000000000001,0.04952903189039736
7,1.0,0.3157894736842105,0.5,0.5225,0.05405437077609913
7,1.0,0.3684210526315789,0.0,0.8274999999999999,0.062123868198945865
7,1.0,0.3684210526315789,0.02631578947368421,0.795,0.13127975853116122
7,1.0,0.3684210526315789,0.05263157894736842,0.7575000000000001,0.13823666300949253
7,1.0,0.3684210526315789,0.07894736842105263,0.7150000000000001,0.13032411518978365
7,1.0,0.3684210526315789,0.10526315789473684,0.6725000000000001,0.08542174781634945
7,1.0,0.3684210526315789,0.13157894736842105,0.6875,0.08970437559004578
7,1.0,0.3684210526315789,0.15789473684210525,0.66,0.07623975340988454
7,1.0,0.3684210526315789,0.18421052631578946,0.6599999999999999,0.07202430145443965
7,1.0,0.3684210526315789,0.21052631578947367,0.635,0.07725768570181218
7,1.0,0.3684210526315789,0.23684210526315788,0.6275000000000001,0.08023403267940604
7,1.0,0.3684210526315789,0.2631578947368421,0.6399999999999999,0.08767838958375089
7,1.0,0.3684210526315789,0.2894736842105263,0.6525,0.08944271909999157
7,1.0,0.3684210526315789,0.3157894736842105,0.6025,0.06754628043053149
7,1.0,0.3684210526315789,0.3421052631578947,0.5725,0.06578848683470385
7,1.0,0.3684210526315789,0.3684210526315789,0.555,0.08033134506529815
7,1.0,0.3684210526315789,0.39473684210526316,0.585,0.07363338237511574
7,1.0,0.3684210526315789,0.42105263157894735,0.5625,0.053764532919016436
7,1.0,0.3684210526315789,0.4473684210526315,0.5375,0.0618718433538229
7,1.0,0.3684210526315789,0.47368421052631576,0.5349999999999999,0.06696547617989436
7,1.0,0.3684210526315789,0.5,0.5349999999999999,0.06696547617989436
7,1.0,0.42105263157894735,0.0,0.8274999999999999,0.062123868198945865
7,1.0,0.42105263157894735,0.02631578947368421,0.8074999999999999,0.13767034902258365
7,1.0,0.42105263157894735,0.05263157894736842,0.745,0.13334635353094587
7,1.0,0.42105263157894735,0.07894736842105263,0.7125,0.11759304826391735
7,1.0,0.42105263157894735,0.10526315789473684,0.6575,0.0877674484077098
7,1.0,0.42105263157894735,0.13157894736842105,0.66,0.08987839006123774
7,1.0,0.42105263157894735,0.15789473684210525,0.6399999999999999,0.1390256271339928
7,1.0,0.42105263157894735,0.18421052631578946,0.6,0.03644344934278314
7,1.0,0.42105263157894735,0.21052631578947367,0.6,0.03644344934278314
7,1.0,0.42105263157894735,0.23684210526315788,0.6025,0.07675040716504378
7,1.0,0.42105263157894735,0.2631578947368421,0.5725,0.031124748994971814
7,1.0,0.42105263157894735,0.2894736842105263,0.575,0.036443449342783096
7,1.0,0.42105263157894735,0.3157894736842105,0.59,0.029843340965783297
7,1.0,0.42105263157894735,0.3421052631578947,0.5675000000000001,0.022707377655731182
7,1.0,0.42105263157894735,0.3684210526315789,0.5650000000000001,0.02709935423584848
7,1.0,0.42105263157894735,0.39473684210526316,0.5574999999999999,0.018957188610128857
7,1.0,0.42105263157894735,0.42105263157894735,0.5449999999999999,0.02436698586202242
7,1.0,0.42105263157894735,0.4473684210526315,0.5449999999999999,0.02436698586202242
7,1.0,0.42105263157894735,0.47368421052631576,0.5650000000000001,0.05889609494694873
7,1.0,0.42105263157894735,0.5,0.525,0.041457809879442496
7,1.0,0.47368421052631576,0.0,0.8274999999999999,0.062123868198945865
7,1.0,0.47368421052631576,0.02631578947368421,0.8074999999999999,0.13767034902258365
7,1.0,0.47368421052631576,0.05263157894736842,0.745,0.13334635353094587
7,1.0,0.47368421052631576,0.07894736842105263,0.7125,0.11759304826391735
7,1.0,0.47368421052631576,0.10526315789473684,0.6575,0.0877674484077098
7,1.0,0.47368421052631576,0.13157894736842105,0.66,0.08987839006123774
7,1.0,0.47368421052631576,0.15789473684210525,0.6399999999999999,0.1390256271339928
7,1.0,0.47368421052631576,0.18421052631578946,0.6599999999999999,0.12481235916366616
7,1.0,0.47368421052631576,0.21052631578947367,0.6575,0.11943879185591257
7,1.0,0.47368421052631576,0.23684210526315788,0.645,0.10954451150103321
7,1.0,0.47368421052631576,0.2631578947368421,0.615,0.1013194206457972
7,1.0,0.47368421052631576,0.2894736842105263,0.6174999999999999,0.10178101492911137
7,1.0,0.47368421052631576,0.3157894736842105,0.6325,0.0912585612422199
7,1.0,0.47368421052631576,0.3421052631578947,0.5725,0.024044230077089185
7,1.0,0.47368421052631576,0.3684210526315789,0.5650000000000001,0.02709935423584848
7,1.0,0.47368421052631576,0.39473684210526316,0.5574999999999999,0.018957188610128857
7,1.0,0.47368421052631576,0.42105263157894735,0.5449999999999999,0.02436698586202242
7,1.0,0.47368421052631576,0.4473684210526315,0.5449999999999999,0.02436698586202242
7,1.0,0.47368421052631576,0.47368421052631576,0.5650000000000001,0.05889609494694873
7,1.0,0.47368421052631576,0.5,0.525,0.041457809879442496
7,1.0,0.5263157894736842,0.0,0.8274999999999999,0.062123868198945865
7,1.0,0.5263157894736842,0.02631578947368421,0.8074999999999999,0.13767034902258365
7,1.0,0.5263157894736842,0.05263157894736842,0.745,0.13334635353094587
7,1.0,0.5263157894736842,0.07894736842105263,0.76,0.13299436078270385
7,1.0,0.5263157894736842,0.10526315789473684,0.6775,0.0965822188604093
7,1.0,0.5263157894736842,0.13157894736842105,0.6799999999999999,0.09786789565531692
7,1.0,0.5263157894736842,0.15789473684210525,0.6575,0.14593448872696269
7,1.0,0.5263157894736842,0.18421052631578946,0.6775,0.1291196150861673
7,1.0,0.5263157894736842,0.21052631578947367,0.675,0.12437342963832751
7,1.0,0.5263157894736842,0.23684210526315788,0.6224999999999999,0.09658221886040927
7,1.0,0.5263157894736842,0.2631578947368421,0.615,0.1013194206457972
7,1.0,0.5263157894736842,0.2894736842105263,0.625,0.0956066158798647
7,1.0,0.5263157894736842,0.3157894736842105,0.6174999999999999,0.09866293630335557
7,1.0,0.5263157894736842,0.3421052631578947,0.5675000000000001,0.025920551691659646
7,1.0,0.5263157894736842,0.3684210526315789,0.57,0.018957188610128854
7,1.0,0.5263157894736842,0.39473684210526316,0.55,0.023385358667337108
7,1.0,0.5263157894736842,0.42105263157894735,0.5375,0.02651650429449553
7,1.0,0.5263157894736842,0.4473684210526315,0.5149999999999999,0.05687156583038663
7,1.0,0.5263157894736842,0.47368421052631576,0.5149999999999999,0.05687156583038663
7,1.0,0.5263157894736842,0.5,0.5149999999999999,0.05687156583038663
7,1.0,0.5789473684210527,0.0,0.8274999999999999,0.062123868198945865
7,1.0,0.5789473684210527,0.02631578947368421,0.8474999999999999,0.04952903189039739
7,1.0,0.5789473684210527,0.05263157894736842,0.7849999999999999,0.08678277478854893
7,1.0,0.5789473684210527,0.07894736842105263,0.8,0.0770551750371122
7,1.0,0.5789473684210527,0.10526315789473684,0.7375,0.10345590848279279
7,1.0,0.5789473684210527,0.13157894736842105,0.74,0.10285001215362105
7,1.0,0.5789473684210527,0.15789473684210525,0.6975,0.14070136815255208
7,1.0,0.5789473684210527,0.18421052631578946,0.7475,0.14507541142454153
7,1.0,0.5789473684210527,0.21052631578947367,0.6775,0.1291196150861673
7,1.0,0.5789473684210527,0.23684210526315788,0.605,0.060337591930735825
7,1.0,0.5789473684210527,0.2631578947368421,0.615,0.1013194206457972
7,1.0,0.5789473684210527,0.2894736842105263,0.625,0.0956066158798647
7,1.0,0.5789473684210527,0.3157894736842105,0.6675,0.11060910902814469
7,1.0,0.5789473684210527,0.3421052631578947,0.6125,0.08615030470056385
7,1.0,0.5789473684210527,0.3684210526315789,0.5974999999999999,0.09897916447414576
7,1.0,0.5789473684210527,0.39473684210526316,0.5824999999999999,0.10405827694133704
7,1.0,0.5789473684210527,0.42105263157894735,0.525,0.03852758751855611
7,1.0,0.5789473684210527,0.4473684210526315,0.5149999999999999,0.05687156583038663
7,1.0,0.5789473684210527,0.47368421052631576,0.5149999999999999,0.05687156583038663
7,1.0,0.5789473684210527,0.5,0.5149999999999999,0.05687156583038663
7,1.0,0.631578947368421,0.0,0.8274999999999999,0.062123868198945865
7,1.0,0.631578947368421,0.02631578947368421,0.8474999999999999,0.04952903189039739
7,1.0,0.631578947368421,0.05263157894736842,0.7849999999999999,0.08678277478854893
7,1.0,0.631578947368421,0.07894736842105263,0.8,0.0770551750371122
7,1.0,0.631578947368421,0.10526315789473684,0.725,0.08477912478906584
7,1.0,0.631578947368421,0.13157894736842105,0.7300000000000001,0.08459462157844315
7,1.0,0.631578947368421,0.15789473684210525,0.6775,0.09453835200594518
7,1.0,0.631578947368421,0.18421052631578946,0.66,0.16592543506045118
7,1.0,0.631578947368421,0.21052631578947367,0.595,0.0827269605388715
7,1.0,0.631578947368421,0.23684210526315788,0.5725,0.03686970300938156
7,1.0,0.631578947368421,0.2631578947368421,0.5725,0.03686970300938156
7,1.0,0.631578947368421,0.2894736842105263,0.5900000000000001,0.049529031890397375
7,1.0,0.631578947368421,0.3157894736842105,0.65,0.13834964763236657
7,1.0,0.631578947368421,0.3421052631578947,0.5925,0.039131189606246314
7,1.0,0.631578947368421,0.3684210526315789,0.5925,0.039131189606246314
7,1.0,0.631578947368421,0.39473684210526316,0.61,0.12418484207019792
7,1.0,0.631578947368421,0.42105263157894735,0.5675,0.15247950681976902
7,1.0,0.631578947368421,0.4473684210526315,0.5149999999999999,0.05687156583038663
7,1.0,0.631578947368421,0.47368421052631576,0.5149999999999999,0.05687156583038663
7,1.0,0.631578947368421,0.5,0.5149999999999999,0.05687156583038663
7,1.0,0.6842105263157894,0.0,0.8274999999999999,0.062123868198945865
7,1.0,0.6842105263157894,0.02631578947368421,0.8474999999999999,0.04952903189039739
7,1.0,0.6842105263157894,0.05263157894736842,0.8225,0.05548085255293039
7,1.0,0.6842105263157894,0.07894736842105263,0.8025,0.055480852552930386
7,1.0,0.6842105263157894,0.10526315789473684,0.7424999999999999,0.10330476755697192
7,1.0,0.6842105263157894,0.13157894736842105,0.7549999999999999,0.1044329928710271
7,1.0,0.6842105263157894,0.15789473684210525,0.6699999999999999,0.11544749889018817
7,1.0,0.6842105263157894,0.18421052631578946,0.6950000000000001,0.1547679714928124
7,1.0,0.6842105263157894,0.21052631578947367,0.625,0.10193441518937557
7,1.0,0.6842105263157894,0.23684210526315788,0.625,0.10193441518937557
7,1.0,0.6842105263157894,0.2631578947368421,0.61,0.06459005341381907
7,1.0,0.6842105263157894,0.2894736842105263,0.6175,0.07984359711335656
7,1.0,0.6842105263157894,0.3157894736842105,0.5675000000000001,0.018957188610128857
7,1.0,0.6842105263157894,0.3421052631578947,0.5525,0.01629800601300661
7,1.0,0.6842105263157894,0.3684210526315789,0.5349999999999999,0.025617376914899015
7,1.0,0.6842105263157894,0.39473684210526316,0.5149999999999999,0.05687156583038663
7,1.0,0.6842105263157894,0.42105263157894735,0.5149999999999999,0.05687156583038663
7,1.0,0.6842105263157894,0.4473684210526315,0.5149999999999999,0.05687156583038663
7,1.0,0.6842105263157894,0.47368421052631576,0.5149999999999999,0.05687156583038663
7,1.0,0.6842105263157894,0.5,0.5149999999999999,0.05687156583038663
7,1.0,0.7368421052631579,0.0,0.8274999999999999,0.062123868198945865
7,1.0,0.7368421052631579,0.02631578947368421,0.8225,0.07363338237511571
7,1.0,0.7368421052631579,0.05263157894736842,0.8225,0.07363338237511571
7,1.0,0.7368421052631579,0.07894736842105263,0.8025,0.07363338237511571
7,1.0,0.7368421052631579,0.10526315789473684,0.725,0.1208692475363357
7,1.0,0.7368421052631579,0.13157894736842105,0.7,0.12960275845829825
7,1.0,0.7368421052631579,0.15789473684210525,0.7150000000000001,0.12228297101395598
7,1.0,0.7368421052631579,0.18421052631578946,0.75,0.15436361294035586
7,1.0,0.7368421052631579,0.21052631578947367,0.7150000000000001,0.1493213815901795
7,1.0,0.7368421052631579,0.23684210526315788,0.6375,0.0956066158798647
7,1.0,0.7368421052631579,0.2631578947368421,0.6125,0.08052561704203202
7,1.0,0.7368421052631579,0.2894736842105263,0.615,0.10982941318244402
7,1.0,0.7368421052631579,0.3157894736842105,0.605,0.11131318430446593
7,1.0,0.7368421052631579,0.3421052631578947,0.6125,0.11110243021644486
7,1.0,0.7368421052631579,0.3684210526315789,0.5800000000000001,0.07531185165696035
7,1.0,0.7368421052631579,0.39473684210526316,0.55,0.015309310892394854
7,1.0,0.7368421052631579,0.42105263157894735,0.5475000000000001,0.01629800601300662
7,1.0,0.7368421052631579,0.4473684210526315,0.5425000000000001,0.022707377655731203
7,1.0,0.7368421052631579,0.47368421052631576,0.5425000000000001,0.022707377655731203
7,1.0,0.7368421052631579,0.5,0.5425000000000001,0.022707377655731203
7,1.0,0.7894736842105263,0.0,0.8274999999999999,0.062123868198945865
7,1.0,0.7894736842105263,0.02631578947368421,0.8225,0.07363338237511571
7,1.0,0.7894736842105263,0.05263157894736842,0.8225,0.07363338237511571
7,1.0,0.7894736842105263,0.07894736842105263,0.7675000000000001,0.13538140566562307
7,1.0,0.7894736842105263,0.10526315789473684,0.725,0.1208692475363357
7,1.0,0.7894736842105263,0.13157894736842105,0.7150000000000001,0.11904568450809123
7,1.0,0.7894736842105263,0.15789473684210525,0.725,0.057960115596848154
7,1.0,0.7894736842105263,0.18421052631578946,0.735,0.1493213815901795
7,1.0,0.7894736842105263,0.21052631578947367,0.735,0.1493213815901795
7,1.0,0.7894736842105263,0.23684210526315788,0.655,0.11166355717063647
7,1.0,0.7894736842105263,0.2631578947368421,0.625,0.10933034802834939
7,1.0,0.7894736842105263,0.2894736842105263,0.5974999999999999,0.1140175425099138
7,1.0,0.7894736842105263,0.3157894736842105,0.5974999999999999,0.1140175425099138
7,1.0,0.7894736842105263,0.3421052631578947,0.5974999999999999,0.1140175425099138
7,1.0,0.7894736842105263,0.3684210526315789,0.5800000000000001,0.07531185165696035
7,1.0,0.7894736842105263,0.39473684210526316,0.5525,0.1073108801566738
7,1.0,0.7894736842105263,0.42105263157894735,0.5525,0.1073108801566738
7,1.0,0.7894736842105263,0.4473684210526315,0.5225000000000001,0.0633689592781829
7,1.0,0.7894736842105263,0.47368421052631576,0.5225000000000001,0.0633689592781829
7,1.0,0.7894736842105263,0.5,0.5175,0.0616187877193312
7,1.0,0.8421052631578947,0.0,0.8274999999999999,0.062123868198945865
7,1.0,0.8421052631578947,0.02631578947368421,0.8225,0.07363338237511571
7,1.0,0.8421052631578947,0.05263157894736842,0.8225,0.07363338237511571
7,1.0,0.8421052631578947,0.07894736842105263,0.7675000000000001,0.13538140566562307
7,1.0,0.8421052631578947,0.10526315789473684,0.725,0.1208692475363357
7,1.0,0.8421052631578947,0.13157894736842105,0.7150000000000001,0.11904568450809123
7,1.0,0.8421052631578947,0.15789473684210525,0.7324999999999999,0.05199158585771357
7,1.0,0.8421052631578947,0.18421052631578946,0.7125,0.170018381359193
7,1.0,0.8421052631578947,0.21052631578947367,0.7125,0.170018381359193
7,1.0,0.8421052631578947,0.23684210526315788,0.64,0.13328775262566323
7,1.0,0.8421052631578947,0.2631578947368421,0.6025,0.12512493756242196
7,1.0,0.8421052631578947,0.2894736842105263,0.595,0.10846946574958316
7,1.0,0.8421052631578947,0.3157894736842105,0.5800000000000001,0.07531185165696035
7,1.0,0.8421052631578947,0.3421052631578947,0.5800000000000001,0.07531185165696035
7,1.0,0.8421052631578947,0.3684210526315789,0.5800000000000001,0.07531185165696035
7,1.0,0.8421052631578947,0.39473684210526316,0.5775,0.07675040716504376
7,1.0,0.8421052631578947,0.42105263157894735,0.5475000000000001,0.10803645218165951
7,1.0,0.8421052631578947,0.4473684210526315,0.5175,0.0616187877193312
7,1.0,0.8421052631578947,0.47368421052631576,0.5175,0.0616187877193312
7,1.0,0.8421052631578947,0.5,0.5175,0.0616187877193312
7,1.0,0.894736842105263,0.0,0.8274999999999999,0.062123868198945865
7,1.0,0.894736842105263,0.02631578947368421,0.8225,0.07363338237511571
7,1.0,0.894736842105263,0.05263157894736842,0.8225,0.07363338237511571
7,1.0,0.894736842105263,0.07894736842105263,0.7675000000000001,0.13538140566562307
7,1.0,0.894736842105263,0.10526315789473684,0.725,0.1208692475363357
7,1.0,0.894736842105263,0.13157894736842105,0.7150000000000001,0.11904568450809123
7,1.0,0.894736842105263,0.15789473684210525,0.735,0.09897916447414577
7,1.0,0.894736842105263,0.18421052631578946,0.6900000000000001,0.12164240625702863
7,1.0,0.894736842105263,0.21052631578947367,0.68,0.13246461791738953
7,1.0,0.894736842105263,0.23684210526315788,0.6775,0.1309222097277616
7,1.0,0.894736842105263,0.2631578947368421,0.595,0.10846946574958316
7,1.0,0.894736842105263,0.2894736842105263,0.595,0.10846946574958316
7,1.0,0.894736842105263,0.3157894736842105,0.5800000000000001,0.07531185165696035
7,1.0,0.894736842105263,0.3421052631578947,0.5800000000000001,0.07531185165696035
7,1.0,0.894736842105263,0.3684210526315789,0.5800000000000001,0.07531185165696035
7,1.0,0.894736842105263,0.39473684210526316,0.5775,0.07675040716504376
7,1.0,0.894736842105263,0.42105263157894735,0.5525,0.1073108801566738
7,1.0,0.894736842105263,0.4473684210526315,0.5525,0.1073108801566738
7,1.0,0.894736842105263,0.47368421052631576,0.5125,0.06187184335382292
7,1.0,0.894736842105263,0.5,0.5125,0.06187184335382292
7,1.0,0.9473684210526315,0.0,0.8274999999999999,0.062123868198945865
7,1.0,0.9473684210526315,0.02631578947368421,0.8099999999999999,0.06459005341381908
7,1.0,0.9473684210526315,0.05263157894736842,0.765,0.11229147340737856
7,1.0,0.9473684210526315,0.07894736842105263,0.71,0.13270032027090212
7,1.0,0.9473684210526315,0.10526315789473684,0.725,0.1208692475363357
7,1.0,0.9473684210526315,0.13157894736842105,0.7,0.12960275845829825
7,1.0,0.9473684210526315,0.15789473684210525,0.6625,0.15051993223490368
7,1.0,0.9473684210526315,0.18421052631578946,0.64,0.13618691199964847
7,1.0,0.9473684210526315,0.21052631578947367,0.6700000000000002,0.12765921431686783
7,1.0,0.9473684210526315,0.23684210526315788,0.6300000000000001,0.12266570425347094
7,1.0,0.9473684210526315,0.2631578947368421,0.625,0.1135368882786559
7,1.0,0.9473684210526315,0.2894736842105263,0.6074999999999999,0.10554915916292275
7,1.0,0.9473684210526315,0.3157894736842105,0.625,0.14334181176474642
7,1.0,0.9473684210526315,0.3421052631578947,0.625,0.14334181176474642
7,1.0,0.9473684210526315,0.3684210526315789,0.5625,0.031868871959954914
7,1.0,0.9473684210526315,0.39473684210526316,0.5625,0.031868871959954914
7,1.0,0.9473684210526315,0.42105263157894735,0.55,0.015309310892394854
7,1.0,0.9473684210526315,0.4473684210526315,0.5225000000000001,0.0633689592781829
7,1.0,0.9473684210526315,0.47368421052631576,0.5225000000000001,0.0633689592781829
7,1.0,0.9473684210526315,0.5,0.5225000000000001,0.0633689592781829
7,1.0,1.0,0.0,0.8274999999999999,0.062123868198945865
7,1.0,1.0,0.02631578947368421,0.8099999999999999,0.06459005341381908
7,1.0,1.0,0.05263157894736842,0.765,0.11229147340737856
7,1.0,1.0,0.07894736842105263,0.7449999999999999,0.09866293630335558
7,1.0,1.0,0.10526315789473684,0.7949999999999999,0.0921106671347027
7,1.0,1.0,0.13157894736842105,0.7699999999999999,0.12266570425347097
7,1.0,1.0,0.15789473684210525,0.7150000000000001,0.11089127558108437
7,1.0,1.0,0.18421052631578946,0.6675000000000001,0.14832396974191325
7,1.0,1.0,0.21052631578947367,0.6699999999999999,0.15273547394105927
7,1.0,1.0,0.23684210526315788,0.6325000000000001,0.1540089283126144
7,1.0,1.0,0.2631578947368421,0.61,0.10584481565008273
7,1.0,1.0,0.2894736842105263,0.61,0.10584481565008273
7,1.0,1.0,0.3157894736842105,0.5650000000000001,0.036869703009381555
7,1.0,1.0,0.3421052631578947,0.5650000000000001,0.036869703009381555
7,1.0,1.0,0.3684210526315789,0.5650000000000001,0.036869703009381555
7,1.0,1.0,0.39473684210526316,0.55,0.015309310892394854
7,1.0,1.0,0.42105263157894735,0.5125,0.06187184335382292
7,1.0,1.0,0.4473684210526315,0.5125,0.06187184335382292
7,1.0,1.0,0.47368421052631576,0.5125,0.06187184335382292
7,1.0,1.0,0.5,0.5125,0.06187184335382292
7,2.0,0.0,0.0,0.8274999999999999,0.062123868198945865
7,2.0,0.0,0.02631578947368421,0.74,0.1764227876437735
7,2.0,0.0,0.05263157894736842,0.7024999999999999,0.1589516435901183
7,2.0,0.0,0.07894736842105263,0.7675,0.1874166481399131
7,2.0,0.0,0.10526315789473684,0.6799999999999999,0.08177713616898065
7,2.0,0.0,0.13157894736842105,0.6599999999999999,0.09778803607803975
7,2.0,0.0,0.15789473684210525,0.6725,0.10435815732370901
7,2.0,0.0,0.18421052631578946,0.63,0.09503288904374103
7,2.0,0.0,0.21052631578947367,0.63,0.09503288904374103
7,2.0,0.0,0.23684210526315788,0.62,0.08821139382188674
7,2.0,0.0,0.2631578947368421,0.6174999999999999,0.08732124598286488
7,2.0,0.0,0.2894736842105263,0.5875,0.10116508785149152
7,2.0,0.0,0.3157894736842105,0.5875,0.10116508785149152
7,2.0,0.0,0.3421052631578947,0.5675,0.059028594765587965
7,2.0,0.0,0.3684210526315789,0.57,0.05902859476558796
7,2.0,0.0,0.39473684210526316,0.57,0.05902859476558796
7,2.0,0.0,0.42105263157894735,0.5574999999999999,0.06766184301362178
7,2.0,0.0,0.4473684210526315,0.5650000000000001,0.08450221890577785
7,2.0,0.0,0.47368421052631576,0.5599999999999999,0.08071942145481471
7,2.0,0.0,0.5,0.5525,0.06812213296719354
7,2.0,0.05263157894736842,0.0,0.8274999999999999,0.062123868198945865
7,2.0,0.05263157894736842,0.02631578947368421,0.74,0.1764227876437735
7,2.0,0.05263157894736842,0.05263157894736842,0.7024999999999999,0.1589516435901183
7,2.0,0.05263157894736842,0.07894736842105263,0.7675,0.1874166481399131
7,2.0,0.05263157894736842,0.10526315789473684,0.6599999999999999,0.09778803607803975
7,2.0,0.05263157894736842,0.13157894736842105,0.625,0.09437293044088438
7,2.0,0.05263157894736842,0.15789473684210525,0.6375,0.12086924753633571
7,2.0,0.05263157894736842,0.18421052631578946,0.595,0.09503288904374103
7,2.0,0.05263157894736842,0.21052631578947367,0.5549999999999999,0.06708203932499368
7,2.0,0.05263157894736842,0.23684210526315788,0.5549999999999999,0.06708203932499368
7,2.0,0.05263157894736842,0.2631578947368421,0.5475,0.0270993542358485
7,2.0,0.05263157894736842,0.2894736842105263,0.545,0.025920551691659657
7,2.0,0.05263157894736842,0.3157894736842105,0.545,0.025920551691659657
7,2.0,0.05263157894736842,0.3421052631578947,0.545,0.025920551691659657
7,2.0,0.05263157894736842,0.3684210526315789,0.5475,0.02850438562747844
7,2.0,0.05263157894736842,0.39473684210526316,0.5449999999999999,0.033773140215265736
7,2.0,0.05263157894736842,0.42105263157894735,0.5349999999999999,0.04952903189039736
7,2.0,0.05263157894736842,0.4473684210526315,0.5375,0.04999999999999999
7,2.0,0.05263157894736842,0.47368421052631576,0.5349999999999999,0.04952903189039736
7,2.0,0.05263157894736842,0.5,0.5325,0.04726917600297259
7,2.0,0.10526315789473684,0.0,0.8274999999999999,0.062123868198945865
7,2.0,0.10526315789473684,0.02631578947368421,0.7325,0.16784479437861635
7,2.0,0.10526315789473684,0.05263157894736842,0.6950000000000001,0.14700127550467038
7,2.0,0.10526315789473684,0.07894736842105263,0.7025,0.17575729003372803
7,2.0,0.10526315789473684,0.10526315789473684,0.6599999999999999,0.1420827223838282
7,2.0,0.10526315789473684,0.13157894736842105,0.65,0.1322875655532295
7,2.0,0.10526315789473684,0.15789473684210525,0.635,0.1229201976893952
7,2.0,0.10526315789473684,0.18421052631578946,0.595,0.09544304584410535
7,2.0,0.10526315789473684,0.21052631578947367,0.5549999999999999,0.06766184301362177
7,2.0,0.10526315789473684,0.23684210526315788,0.5549999999999999,0.06766184301362177
7,2.0,0.10526315789473684,0.2631578947368421,0.5475,0.02850438562747844
7,2.0,0.10526315789473684,0.2894736842105263,0.5775,0.07974568953868291
7,2.0,0.10526315789473684,0.3157894736842105,0.5800000000000001,0.08505512918101998
7,2.0,0.10526315789473684,0.3421052631578947,0.5650000000000001,0.059555646247857974
7,2.0,0.10526315789473684,0.3684210526315789,0.575,0.07499999999999998
7,2.0,0.10526315789473684,0.39473684210526316,0.5725,0.07826237921249261
7,2.0,0.10526315789473684,0.42105263157894735,0.5375,0.04999999999999999
7,2.0,0.10526315789473684,0.4473684210526315,0.5375,0.04999999999999999
7,2.0,0.10526315789473684,0.47368421052631576,0.5349999999999999,0.04952903189039736
7,2.0,0.10526315789473684,0.5,0.5325,0.04726917600297259
7,2.0,0.15789473684210525,0.0,0.8274999999999999,0.062123868198945865
7,2.0,0.15789473684210525,0.02631578947368421,0.7325,0.16784479437861635
7,2.0,0.15789473684210525,0.05263157894736842,0.6950000000000001,0.14700127550467038
7,2.0,0.15789473684210525,0.07894736842105263,0.7025,0.17575729003372803
7,2.0,0.15789473684210525,0.10526315789473684,0.6675000000000001,0.1365306742091315
7,2.0,0.15789473684210525,0.13157894736842105,0.6575,0.12887736418782006
7,2.0,0.15789473684210525,0.15789473684210525,0.635,0.1229201976893952
7,2.0,0.15789473684210525,0.18421052631578946,0.595,0.09544304584410535
7,2.0,0.15789473684210525,0.21052631578947367,0.5549999999999999,0.06766184301362177
7,2.0,0.15789473684210525,0.23684210526315788,0.5549999999999999,0.06766184301362177
7,2.0,0.15789473684210525,0.2631578947368421,0.5475,0.02850438562747844
7,2.0,0.15789473684210525,0.2894736842105263,0.5475,0.02850438562747844
7,2.0,0.15789473684210525,0.3157894736842105,0.5525,0.031124748994971814
7,2.0,0.15789473684210525,0.3421052631578947,0.55,0.030618621784789708
7,2.0,0.15789473684210525,0.3684210526315789,0.5475,0.031124748994971814
7,2.0,0.15789473684210525,0.39473684210526316,0.5425000000000001,0.033773140215265736
7,2.0,0.15789473684210525,0.42105263157894735,0.5375,0.04999999999999999
7,2.0,0.15789473684210525,0.4473684210526315,0.5375,0.04999999999999999
7,2.0,0.15789473684210525,0.47368421052631576,0.5349999999999999,0.04952903189039736
7,2.0,0.15789473684210525,0.5,0.5349999999999999,0.04952903189039736
7,2.0,0.21052631578947367,0.0,0.8274999999999999,0.062123868198945865
7,2.0,0.21052631578947367,0.02631578947368421,0.795,0.13127975853116122
7,2.0,0.21052631578947367,0.05263157894736842,0.7150000000000001,0.13032411518978365
7,2.0,0.21052631578947367,0.07894736842105263,0.7225,0.16090564005031024
7,2.0,0.21052631578947367,0.10526315789473684,0.6675,0.08953002289734993
7,2.0,0.21052631578947367,0.13157894736842105,0.6575,0.07735874223382902
7,2.0,0.21052631578947367,0.15789473684210525,0.6625000000000001,0.10643366478703999
7,2.0,0.21052631578947367,0.18421052631578946,0.625,0.0914296177395487
7,2.0,0.21052631578947367,0.21052631578947367,0.5825,0.033773140215265715
7,2.0,0.21052631578947367,0.23684210526315788,0.5825,0.033773140215265715
7,2.0,0.21052631578947367,0.2631578947368421,0.5650000000000001,0.010458250331675906
7,2.0,0.21052631578947367,0.2894736842105263,0.5650000000000001,0.010458250331675906
7,2.0,0.21052631578947367,0.3157894736842105,0.5675,0.0068465319688145515
7,2.0,0.21052631578947367,0.3421052631578947,0.5625,0.008838834764831813
7,2.0,0.21052631578947367,0.3684210526315789,0.5599999999999999,0.01369306393762915
7,2.0,0.21052631578947367,0.39473684210526316,0.5599999999999999,0.01369306393762915
7,2.0,0.21052631578947367,0.42105263157894735,0.5599999999999999,0.010458250331675906
7,2.0,0.21052631578947367,0.4473684210526315,0.5599999999999999,0.010458250331675906
7,2.0,0.21052631578947367,0.47368421052631576,0.5575,0.014252192813739213
7,2.0,0.21052631578947367,0.5,0.5525,0.010458250331675948
7,2.0,0.2631578947368421,0.0,0.8274999999999999,0.062123868198945865
7,2.0,0.2631578947368421,0.02631578947368421,0.795,0.13127975853116122
7,2.0,0.2631578947368421,0.05263157894736842,0.7150000000000001,0.13032411518978365
7,2.0,0.2631578947368421,0.07894736842105263,0.67,0.12138523386310215
7,2.0,0.2631578947368421,0.10526315789473684,0.6575,0.08225341938181051
7,2.0,0.2631578947368421,0.13157894736842105,0.675,0.11250000000000002
7,2.0,0.2631578947368421,0.15789473684210525,0.66,0.125124937562422
7,2.0,0.2631578947368421,0.18421052631578946,0.6050000000000001,0.05902859476558798
7,2.0,0.2631578947368421,0.21052631578947367,0.5875,0.0441941738241592
7,2.0,0.2631578947368421,0.23684210526315788,0.6024999999999999,0.04088856808449031
7,2.0,0.2631578947368421,0.2631578947368421,0.5974999999999999,0.04454632420301365
7,2.0,0.2631578947368421,0.2894736842105263,0.595,0.04643543905251677
7,2.0,0.2631578947368421,0.3157894736842105,0.5700000000000001,0.02436698586202242
7,2.0,0.2631578947368421,0.3421052631578947,0.5700000000000001,0.02436698586202242
7,2.0,0.2631578947368421,0.3684210526315789,0.5700000000000001,0.02436698586202242
7,2.0,0.2631578947368421,0.39473684210526316,0.5575,0.006846531968814552
7,2.0,0.2631578947368421,0.42105263157894735,0.5575,0.006846531968814552
7,2.0,0.2631578947368421,0.4473684210526315,0.5575,0.006846531968814552
7,2.0,0.2631578947368421,0.47368421052631576,0.55,0.021650635094610984
7,2.0,0.2631578947368421,0.5,0.5549999999999999,0.027386127875258327
7,2.0,0.3157894736842105,0.0,0.8274999999999999,0.062123868198945865
7,2.0,0.3157894736842105,0.02631578947368421,0.795,0.13127975853116122
7,2.0,0.3157894736842105,0.05263157894736842,0.7150000000000001,0.13032411518978365
7,2.0,0.3157894736842105,0.07894736842105263,0.67,0.12138523386310215
7,2.0,0.3157894736842105,0.10526315789473684,0.6575,0.08225341938181051
7,2.0,0.3157894736842105,0.13157894736842105,0.675,0.11250000000000002
7,2.0,0.3157894736842105,0.15789473684210525,0.675,0.11250000000000002
7,2.0,0.3157894736842105,0.18421052631578946,0.6050000000000001,0.05902859476558798
7,2.0,0.3157894736842105,0.21052631578947367,0.5875,0.0441941738241592
7,2.0,0.3157894736842105,0.23684210526315788,0.5875,0.0441941738241592
7,2.0,0.3157894736842105,0.2631578947368421,0.585,0.04366062299143244
7,2.0,0.3157894736842105,0.2894736842105263,0.5825,0.04472135954999579
7,2.0,0.3157894736842105,0.3157894736842105,0.5825,0.04472135954999579
7,2.0,0.3157894736842105,0.3421052631578947,0.5825,0.04472135954999579
7,2.0,0.3157894736842105,0.3684210526315789,0.5825,0.04472135954999579
7,2.0,0.3157894736842105,0.39473684210526316,0.5725,0.029843340965783297
7,2.0,0.3157894736842105,0.42105263157894735,0.5650000000000001,0.039921798556678295
7,2.0,0.3157894736842105,0.4473684210526315,0.5650000000000001,0.039921798556678295
7,2.0,0.3157894736842105,0.47368421052631576,0.5650000000000001,0.039921798556678295
7,2.0,0.3157894736842105,0.5,0.5700000000000001,0.041079191812887474
7,2.0,0.3684210526315789,0.0,0.8274999999999999,0.062123868198945865
7,2.0,0.3684210526315789,0.02631578947368421,0.8225,0.07093130479555557
7,2.0,0.3684210526315789,0.05263157894736842,0.7425,0.10139649895336623
7,2.0,0.3684210526315789,0.07894736842105263,0.6975,0.10547511554864494
7,2.0,0.3684210526315789,0.10526315789473684,0.6849999999999999,0.0633689592781829
7,2.0,0.3684210526315789,0.13157894736842105,0.675,0.11250000000000002
7,2.0,0.3684210526315789,0.15789473684210525,0.6625,0.12247448713915893
7,2.0,0.3684210526315789,0.18421052631578946,0.6074999999999999,0.05631940163034406
7,2.0,0.3684210526315789,0.21052631578947367,0.59,0.04183300132670377
7,2.0,0.3684210526315789,0.23684210526315788,0.59,0.04183300132670377
7,2.0,0.3684210526315789,0.2631578947368421,0.5825,0.04558645632202616
7,2.0,0.3684210526315789,0.2894736842105263,0.58,0.046435439052516764
7,2.0,0.3684210526315789,0.3157894736842105,0.58,0.046435439052516764
7,2.0,0.3684210526315789,0.3421052631578947,0.5675,0.059028594765587965
7,2.0,0.3684210526315789,0.3684210526315789,0.5675,0.059028594765587965
7,2.0,0.3684210526315789,0.39473684210526316,0.5599999999999999,0.04454632420301365
7,2.0,0.3684210526315789,0.42105263157894735,0.5425,0.06531175238806566
7,2.0,0.3684210526315789,0.4473684210526315,0.5425,0.06531175238806566
7,2.0,0.3684210526315789,0.47368421052631576,0.5425,0.06531175238806566
7,2.0,0.3684210526315789,0.5,0.5549999999999999,0.06410440702479042
7,2.0,0.42105263157894735,0.0,0.8274999999999999,0.062123868198945865
7,2.0,0.42105263157894735,0.02631578947368421,0.835,0.07675040716504376
7,2.0,0.42105263157894735,0.05263157894736842,0.7725,0.09495064507416474
7,2.0,0.42105263157894735,0.07894736842105263,0.7449999999999999,0.12948214162578559
7,2.0,0.42105263157894735,0.10526315789473684,0.6849999999999999,0.0633689592781829
7,2.0,0.42105263157894735,0.13157894736842105,0.6625,0.07856128181235335
7,2.0,0.42105263157894735,0.15789473684210525,0.64,0.07416198487095663
7,2.0,0.42105263157894735,0.18421052631578946,0.6325000000000001,0.0732077523217316
7,2.0,0.42105263157894735,0.21052631578947367,0.6525000000000001,0.08403868156985807
7,2.0,0.42105263157894735,0.23684210526315788,0.65,0.0875
7,2.0,0.42105263157894735,0.2631578947368421,0.6224999999999999,0.08450221890577786
7,2.0,0.42105263157894735,0.2894736842105263,0.6125,0.08052561704203204
7,2.0,0.42105263157894735,0.3157894736842105,0.6125,0.08052561704203204
7,2.0,0.42105263157894735,0.3421052631578947,0.6125,0.08052561704203204
7,2.0,0.42105263157894735,0.3684210526315789,0.6175,0.07634215742301238
7,2.0,0.42105263157894735,0.39473684210526316,0.6050000000000001,0.08909264840602733
7,2.0,0.42105263157894735,0.42105263157894735,0.585,0.057554322166106696
7,2.0,0.42105263157894735,0.4473684210526315,0.5675000000000001,0.05046657309546589
7,2.0,0.42105263157894735,0.47368421052631576,0.5599999999999999,0.035794552658190905
7,2.0,0.42105263157894735,0.5,0.5575,0.03708099243547835
7,2.0,0.47368421052631576,0.0,0.8274999999999999,0.062123868198945865
7,2.0,0.47368421052631576,0.02631578947368421,0.835,0.07675040716504376
7,2.0,0.47368421052631576,0.05263157894736842,0.7725,0.09495064507416474
7,2.0,0.47368421052631576,0.07894736842105263,0.7324999999999999,0.11442792491345809
7,2.0,0.47368421052631576,0.10526315789473684,0.68,0.06410440702479044
7,2.0,0.47368421052631576,0.13157894736842105,0.6575,0.07735874223382902
7,2.0,0.47368421052631576,0.15789473684210525,0.6325000000000001,0.0670820393249937
7,2.0,0.47368421052631576,0.18421052631578946,0.625,0.0649519052838329
7,2.0,0.47368421052631576,0.21052631578947367,0.6475,0.08215838362577493
7,2.0,0.47368421052631576,0.23684210526315788,0.6450000000000001,0.08551315688243535
7,2.0,0.47368421052631576,0.2631578947368421,0.6525000000000001,0.11537980759214328
7,2.0,0.47368421052631576,0.2894736842105263,0.6125,0.08838834764831846
7,2.0,0.47368421052631576,0.3157894736842105,0.6025,0.08403868156985808
7,2.0,0.47368421052631576,0.3421052631578947,0.6025,0.08403868156985808
7,2.0,0.47368421052631576,0.3684210526315789,0.6325000000000001,0.0778620575119872
7,2.0,0.47368421052631576,0.39473684210526316,0.5974999999999999,0.08587782018658836
7,2.0,0.47368421052631576,0.42105263157894735,0.5775,0.04873397172404483
7,2.0,0.47368421052631576,0.4473684210526315,0.5599999999999999,0.035794552658190905
7,2.0,0.47368421052631576,0.47368421052631576,0.5625,0.04050462936504914
7,2.0,0.47368421052631576,0.5,0.5599999999999999,0.04183300132670379
7,2.0,0.5263157894736842,0.0,0.8274999999999999,0.062123868198945865
7,2.0,0.5263157894736842,0.02631578947368421,0.835,0.07675040716504376
7,2.0,0.5263157894736842,0.05263157894736842,0.7725,0.09495064507416474
7,2.0,0.5263157894736842,0.07894736842105263,0.7324999999999999,0.11442792491345809
7,2.0,0.5263157894736842,0.10526315789473684,0.68,0.06410440702479044
7,2.0,0.5263157894736842,0.13157894736842105,0.6575,0.07735874223382902
7,2.0,0.5263157894736842,0.15789473684210525,0.6325000000000001,0.0670820393249937
7,2.0,0.5263157894736842,0.18421052631578946,0.625,0.0649519052838329
7,2.0,0.5263157894736842,0.21052631578947367,0.6475,0.08215838362577493
7,2.0,0.5263157894736842,0.23684210526315788,0.6475,0.08215838362577493
7,2.0,0.5263157894736842,0.2631578947368421,0.6625,0.1015504800579495
7,2.0,0.5263157894736842,0.2894736842105263,0.6224999999999999,0.07623975340988454
7,2.0,0.5263157894736842,0.3157894736842105,0.6125,0.07288689868556628
7,2.0,0.5263157894736842,0.3421052631578947,0.6125,0.07288689868556628
7,2.0,0.5263157894736842,0.3684210526315789,0.6075,0.07582875444051553
7,2.0,0.5263157894736842,0.39473684210526316,0.6075,0.07582875444051553
7,2.0,0.5263157894736842,0.42105263157894735,0.5599999999999999,0.035794552658190905
7,2.0,0.5263157894736842,0.4473684210526315,0.5625,0.04050462936504914
7,2.0,0.5263157894736842,0.47368421052631576,0.5625,0.04050462936504914
7,2.0,0.5263157894736842,0.5,0.5625,0.04050462936504914
7,2.0,0.5789473684210527,0.0,0.8274999999999999,0.062123868198945865
7,2.0,0.5789473684210527,0.02631578947368421,0.8474999999999999,0.04952903189039739
7,2.0,0.5789473684210527,0.05263157894736842,0.7849999999999999,0.08678277478854893
7,2.0,0.5789473684210527,0.07894736842105263,0.7449999999999999,0.11339918430041726
7,2.0,0.5789473684210527,0.10526315789473684,0.7125,0.10789172813520043
7,2.0,0.5789473684210527,0.13157894736842105,0.7175,0.10178101492911142
7,2.0,0.5789473684210527,0.15789473684210525,0.6900000000000001,0.09370832406995656
7,2.0,0.5789473684210527,0.18421052631578946,0.6425,0.09786789565531694
7,2.0,0.5789473684210527,0.21052631578947367,0.665,0.10547511554864496
7,2.0,0.5789473684210527,0.23684210526315788,0.665,0.10547511554864496
7,2.0,0.5789473684210527,0.2631578947368421,0.6450000000000001,0.08551315688243535
7,2.0,0.5789473684210527,0.2894736842105263,0.6525000000000001,0.0941242529850835
7,2.0,0.5789473684210527,0.3157894736842105,0.655,0.11510864433221338
7,2.0,0.5789473684210527,0.3421052631578947,0.655,0.11510864433221338
7,2.0,0.5789473684210527,0.3684210526315789,0.5599999999999999,0.03579455265819091
7,2.0,0.5789473684210527,0.39473684210526316,0.5575,0.04011701633970304
7,2.0,0.5789473684210527,0.42105263157894735,0.55,0.04506939094329989
7,2.0,0.5789473684210527,0.4473684210526315,0.5525,0.049529031890397375
7,2.0,0.5789473684210527,0.47368421052631576,0.5525,0.049529031890397375
7,2.0,0.5789473684210527,0.5,0.5525,0.049529031890397375
7,2.0,0.631578947368421,0.0,0.8274999999999999,0.062123868198945865
7,2.0,0.631578947368421,0.02631578947368421,0.8474999999999999,0.04952903189039739
7,2.0,0.631578947368421,0.05263157894736842,0.7849999999999999,0.08678277478854893
7,2.0,0.631578947368421,0.07894736842105263,0.7449999999999999,0.11339918430041726
7,2.0,0.631578947368421,0.10526315789473684,0.71,0.11124297730643495
7,2.0,0.631578947368421,0.13157894736842105,0.71,0.11124297730643495
7,2.0,0.631578947368421,0.15789473684210525,0.6950000000000001,0.08551315688243534
7,2.0,0.631578947368421,0.18421052631578946,0.6425000000000001,0.10023410098364728
7,2.0,0.631578947368421,0.21052631578947367,0.6425000000000001,0.10023410098364728
7,2.0,0.631578947368421,0.23684210526315788,0.6425000000000001,0.10023410098364728
7,2.0,0.631578947368421,0.2631578947368421,0.615,0.0792543374207368
7,2.0,0.631578947368421,0.2894736842105263,0.6074999999999999,0.09706634329158588
7,2.0,0.631578947368421,0.3157894736842105,0.6074999999999999,0.09706634329158588
7,2.0,0.631578947368421,0.3421052631578947,0.6074999999999999,0.09706634329158588
7,2.0,0.631578947368421,0.3684210526315789,0.57,0.05562148865321747
7,2.0,0.631578947368421,0.39473684210526316,0.57,0.05562148865321747
7,2.0,0.631578947368421,0.42105263157894735,0.5599999999999999,0.035794552658190905
7,2.0,0.631578947368421,0.4473684210526315,0.5599999999999999,0.035794552658190905
7,2.0,0.631578947368421,0.47368421052631576,0.5599999999999999,0.035794552658190905
7,2.0,0.631578947368421,0.5,0.5625,0.04050462936504914
7,2.0,0.6842105263157894,0.0,0.8274999999999999,0.062123868198945865
7,2.0,0.6842105263157894,0.02631578947368421,0.8474999999999999,0.04952903189039739
7,2.0,0.6842105263157894,0.05263157894736842,0.8225,0.05548085255293039
7,2.0,0.6842105263157894,0.07894736842105263,0.79,0.11504075364843541
7,2.0,0.6842105263157894,0.10526315789473684,0.7550000000000001,0.10738365797457264
7,2.0,0.6842105263157894,0.13157894736842105,0.7074999999999999,0.1127081407884985
7,2.0,0.6842105263157894,0.15789473684210525,0.675,0.10458250331675945
7,2.0,0.6842105263157894,0.18421052631578946,0.64,0.09698582370635413
7,2.0,0.6842105263157894,0.21052631578947367,0.6224999999999999,0.06274950199005566
7,2.0,0.6842105263157894,0.23684210526315788,0.625,0.10155048005794948
7,2.0,0.6842105263157894,0.2631578947368421,0.625,0.10155048005794948
7,2.0,0.6842105263157894,0.2894736842105263,0.6100000000000001,0.07310095758606722
7,2.0,0.6842105263157894,0.3157894736842105,0.6100000000000001,0.07310095758606722
7,2.0,0.6842105263157894,0.3421052631578947,0.6100000000000001,0.07310095758606722
7,2.0,0.6842105263157894,0.3684210526315789,0.615,0.0941242529850835
7,2.0,0.6842105263157894,0.39473684210526316,0.615,0.0941242529850835
7,2.0,0.6842105263157894,0.42105263157894735,0.5625,0.03535533905932741
7,2.0,0.6842105263157894,0.4473684210526315,0.5625,0.03535533905932741
7,2.0,0.6842105263157894,0.47368421052631576,0.5625,0.03535533905932741
7,2.0,0.6842105263157894,0.5,0.5625,0.03535533905932741
7,2.0,0.7368421052631579,0.0,0.8274999999999999,0.062123868198945865
7,2.0,0.7368421052631579,0.02631578947368421,0.8474999999999999,0.04952903189039739
7,2.0,0.7368421052631579,0.05263157894736842,0.79,0.11504075364843541
7,2.0,0.7368421052631579,0.07894736842105263,0.7949999999999999,0.10480636908127293
7,2.0,0.7368421052631579,0.10526315789473684,0.7775000000000001,0.1126388032606881
7,2.0,0.7368421052631579,0.13157894736842105,0.7425,0.11442792491345807
7,2.0,0.7368421052631579,0.15789473684210525,0.7300000000000001,0.13246461791738956
7,2.0,0.7368421052631579,0.18421052631578946,0.6875,0.15206906325745548
7,2.0,0.7368421052631579,0.21052631578947367,0.6875,0.15206906325745548
7,2.0,0.7368421052631579,0.23684210526315788,0.6875,0.15206906325745548
7,2.0,0.7368421052631579,0.2631578947368421,0.6875,0.15206906325745548
7,2.0,0.7368421052631579,0.2894736842105263,0.6875,0.15206906325745548
7,2.0,0.7368421052631579,0.3157894736842105,0.5625,0.045069390943299856
7,2.0,0.7368421052631579,0.3421052631578947,0.5625,0.045069390943299856
7,2.0,0.7368421052631579,0.3684210526315789,0.5625,0.045069390943299856
7,2.0,0.7368421052631579,0.39473684210526316,0.5599999999999999,0.04454632420301365
7,2.0,0.7368421052631579,0.42105263157894735,0.5599999999999999,0.04454632420301365
7,2.0,0.7368421052631579,0.4473684210526315,0.5375,0.029315098498896446
7,2.0,0.7368421052631579,0.47368421052631576,0.5525,0.024044230077089185
7,2.0,0.7368421052631579,0.5,0.5425,0.022707377655731203
7,2.0,0.7894736842105263,0.0,0.8274999999999999,0.062123868198945865
7,2.0,0.7894736842105263,0.02631578947368421,0.8474999999999999,0.04952903189039739
7,2.0,0.7894736842105263,0.05263157894736842,0.79,0.11504075364843541
7,2.0,0.7894736842105263,0.07894736842105263,0.7949999999999999,0.10480636908127293
7,2.0,0.7894736842105263,0.10526315789473684,0.8025,0.11194306588619057
7,2.0,0.7894736842105263,0.13157894736842105,0.7675000000000001,0.12041594578792296
7,2.0,0.7894736842105263,0.15789473684210525,0.7550000000000001,0.14047909097086297
7,2.0,0.7894736842105263,0.18421052631578946,0.7150000000000001,0.1642692150099951
7,2.0,0.7894736842105263,0.21052631578947367,0.7150000000000001,0.1642692150099951
7,2.0,0.7894736842105263,0.23684210526315788,0.7449999999999999,0.16877314656070141
7,2.0,0.7894736842105263,0.2631578947368421,0.6900000000000001,0.15088281877006404
7,2.0,0.7894736842105263,0.2894736842105263,0.6975,0.14853450777512947
7,2.0,0.7894736842105263,0.3157894736842105,0.5725,0.06398241946034865
7,2.0,0.7894736842105263,0.3421052631578947,0.5625,0.045069390943299856
7,2.0,0.7894736842105263,0.3684210526315789,0.5625,0.045069390943299856
7,2.0,0.7894736842105263,0.39473684210526316,0.5775,0.029843340965783297
7,2.0,0.7894736842105263,0.42105263157894735,0.5625,0.04050462936504914
7,2.0,0.7894736842105263,0.4473684210526315,0.55,0.04592793267718459
7,2.0,0.7894736842105263,0.47368421052631576,0.55,0.04592793267718459
7,2.0,0.7894736842105263,0.5,0.55,0.029315098498896425
7,2.0,0.8421052631578947,0.0,0.8274999999999999,0.062123868198945865
7,2.0,0.8421052631578947,0.02631578947368421,0.8474999999999999,0.04952903189039739
7,2.0,0.8421052631578947,0.05263157894736842,0.79,0.11504075364843541
7,2.0,0.8421052631578947,0.07894736842105263,0.7949999999999999,0.10480636908127293
7,2.0,0.8421052631578947,0.10526315789473684,0.7625,0.15662455107677084
7,2.0,0.8421052631578947,0.13157894736842105,0.7275,0.15165750888103102
7,2.0,0.8421052631578947,0.15789473684210525,0.7150000000000001,0.1642692150099951
7,2.0,0.8421052631578947,0.18421052631578946,0.7150000000000001,0.1642692150099951
7,2.0,0.8421052631578947,0.21052631578947367,0.7150000000000001,0.1642692150099951
7,2.0,0.8421052631578947,0.23684210526315788,0.7449999999999999,0.16877314656070141
7,2.0,0.8421052631578947,0.2631578947368421,0.7449999999999999,0.16877314656070141
7,2.0,0.8421052631578947,0.2894736842105263,0.7425,0.16597251278449693
7,2.0,0.8421052631578947,0.3157894736842105,0.575,0.063121905864763
7,2.0,0.8421052631578947,0.3421052631578947,0.575,0.063121905864763
7,2.0,0.8421052631578947,0.3684210526315789,0.5725,0.0633689592781829
7,2.0,0.8421052631578947,0.39473684210526316,0.5700000000000001,0.06410440702479044
7,2.0,0.8421052631578947,0.42105263157894735,0.5875,0.05077524002897476
7,2.0,0.8421052631578947,0.4473684210526315,0.53,0.03601215072721984
7,2.0,0.8421052631578947,0.47368421052631576,0.53,0.03601215072721984
7,2.0,0.8421052631578947,0.5,0.53,0.03601215072721984
7,2.0,0.894736842105263,0.0,0.8274999999999999,0.062123868198945865
7,2.0,0.894736842105263,0.02631578947368421,0.8474999999999999,0.04952903189039739
7,2.0,0.894736842105263,0.05263157894736842,0.79,0.11504075364843541
7,2.0,0.894736842105263,0.07894736842105263,0.7949999999999999,0.10480636908127293
7,2.0,0.894736842105263,0.10526315789473684,0.7625,0.15662455107677084
7,2.0,0.894736842105263,0.13157894736842105,0.7275,0.15165750888103102
7,2.0,0.894736842105263,0.15789473684210525,0.7275,0.15165750888103102
7,2.0,0.894736842105263,0.18421052631578946,0.7275,0.15165750888103102
7,2.0,0.894736842105263,0.21052631578947367,0.7275,0.15165750888103102
7,2.0,0.894736842105263,0.23684210526315788,0.7575,0.15350081433008753
7,2.0,0.894736842105263,0.2631578947368421,0.7575,0.15350081433008753
7,2.0,0.894736842105263,0.2894736842105263,0.7550000000000001,0.15067556205304164
7,2.0,0.894736842105263,0.3157894736842105,0.575,0.063121905864763
7,2.0,0.894736842105263,0.3421052631578947,0.575,0.063121905864763
7,2.0,0.894736842105263,0.3684210526315789,0.5700000000000001,0.06410440702479044
7,2.0,0.894736842105263,0.39473684210526316,0.5700000000000001,0.06410440702479044
7,2.0,0.894736842105263,0.42105263157894735,0.5825,0.05631940163034407
7,2.0,0.894736842105263,0.4473684210526315,0.53,0.03601215072721984
7,2.0,0.894736842105263,0.47368421052631576,0.53,0.03601215072721984
7,2.0,0.894736842105263,0.5,0.53,0.03601215072721984
7,2.0,0.9473684210526315,0.0,0.8274999999999999,0.062123868198945865
7,2.0,0.9473684210526315,0.02631578947368421,0.7825,0.13068330038685128
7,2.0,0.9473684210526315,0.05263157894736842,0.78,0.13595725431178726
7,2.0,0.9473684210526315,0.07894736842105263,0.7825,0.13068330038685128
7,2.0,0.9473684210526315,0.10526315789473684,0.705,0.15119317114208564
7,2.0,0.9473684210526315,0.13157894736842105,0.7175,0.15067556205304164
7,2.0,0.9473684210526315,0.15789473684210525,0.7074999999999999,0.14103412707568336
7,2.0,0.9473684210526315,0.18421052631578946,0.7074999999999999,0.14103412707568336
7,2.0,0.9473684210526315,0.21052631578947367,0.7074999999999999,0.14103412707568336
7,2.0,0.9473684210526315,0.23684210526315788,0.7050000000000001,0.14431952397371606
7,2.0,0.9473684210526315,0.2631578947368421,0.65,0.15129648046137756
7,2.0,0.9473684210526315,0.2894736842105263,0.65,0.15129648046137756
7,2.0,0.9473684210526315,0.3157894736842105,0.5900000000000001,0.08450221890577786
7,2.0,0.9473684210526315,0.3421052631578947,0.5900000000000001,0.08450221890577786
7,2.0,0.9473684210526315,0.3684210526315789,0.575,0.057960115596848154
7,2.0,0.9473684210526315,0.39473684210526316,0.5700000000000001,0.06410440702479044
7,2.0,0.9473684210526315,0.42105263157894735,0.5700000000000001,0.06410440702479044
7,2.0,0.9473684210526315,0.4473684210526315,0.5725,0.06085330722319045
7,2.0,0.9473684210526315,0.47368421052631576,0.5675,0.06410440702479045
7,2.0,0.9473684210526315,0.5,0.575,0.057960115596848154
7,2.0,1.0,0.0,0.8274999999999999,0.062123868198945865
7,2.0,1.0,0.02631578947368421,0.7825,0.13068330038685128
7,2.0,1.0,0.05263157894736842,0.78,0.13595725431178726
7,2.0,1.0,0.07894736842105263,0.7825,0.13068330038685128
7,2.0,1.0,0.10526315789473684,0.705,0.15119317114208564
7,2.0,1.0,0.13157894736842105,0.705,0.15119317114208564
7,2.0,1.0,0.15789473684210525,0.705,0.15119317114208564
7,2.0,1.0,0.18421052631578946,0.6799999999999999,0.13008410740747695
7,2.0,1.0,0.21052631578947367,0.6799999999999999,0.13008410740747695
7,2.0,1.0,0.23684210526315788,0.7375,0.18791620472966133
7,2.0,1.0,0.2631578947368421,0.65,0.15129648046137756
7,2.0,1.0,0.2894736842105263,0.65,0.15129648046137756
7,2.0,1.0,0.3157894736842105,0.5900000000000001,0.08450221890577786
7,2.0,1.0,0.3421052631578947,0.5900000000000001,0.08450221890577786
7,2.0,1.0,0.3684210526315789,0.575,0.057960115596848154
7,2.0,1.0,0.39473684210526316,0.6175,0.08413159335231922
7,2.0,1.0,0.42105263157894735,0.5800000000000001,0.0534731240905186
7,2.0,1.0,0.4473684210526315,0.5650000000000001,0.04541475531146237
7,2.0,1.0,0.47368421052631576,0.5650000000000001,0.04541475531146237
7,2.0,1.0,0.5,0.5549999999999999,0.032596012026013255
7,3.0,0.0,0.0,0.8274999999999999,0.062123868198945865
7,3.0,0.0,0.02631578947368421,0.74,0.1764227876437735
7,3.0,0.0,0.05263157894736842,0.7024999999999999,0.1589516435901183
7,3.0,0.0,0.07894736842105263,0.7675,0.1874166481399131
7,3.0,0.0,0.10526315789473684,0.6799999999999999,0.08177713616898065
7,3.0,0.0,0.13157894736842105,0.6599999999999999,0.09778803607803975
7,3.0,0.0,0.15789473684210525,0.6725,0.10435815732370901
7,3.0,0.0,0.18421052631578946,0.63,0.09503288904374103
7,3.0,0.0,0.21052631578947367,0.63,0.09503288904374103
7,3.0,0.0,0.23684210526315788,0.62,0.08821139382188674
7,3.0,0.0,0.2631578947368421,0.6174999999999999,0.08732124598286488
7,3.0,0.0,0.2894736842105263,0.5875,0.10116508785149152
7,3.0,0.0,0.3157894736842105,0.5875,0.10116508785149152
7,3.0,0.0,0.3421052631578947,0.5675,0.059028594765587965
7,3.0,0.0,0.3684210526315789,0.57,0.05902859476558796
7,3.0,0.0,0.39473684210526316,0.57,0.05902859476558796
7,3.0,0.0,0.42105263157894735,0.5574999999999999,0.06766184301362178
7,3.0,0.0,0.4473684210526315,0.5650000000000001,0.08450221890577785
7,3.0,0.0,0.47368421052631576,0.5599999999999999,0.08071942145481471
7,3.0,0.0,0.5,0.5525,0.06812213296719354
7,3.0,0.05263157894736842,0.0,0.8274999999999999,0.062123868198945865
7,3.0,0.05263157894736842,0.02631578947368421,0.74,0.1764227876437735
7,3.0,0.05263157894736842,0.05263157894736842,0.7024999999999999,0.1589516435901183
7,3.0,0.05263157894736842,0.07894736842105263,0.7675,0.1874166481399131
7,3.0,0.05263157894736842,0.10526315789473684,0.6599999999999999,0.09778803607803975
7,3.0,0.05263157894736842,0.13157894736842105,0.625,0.09437293044088438
7,3.0,0.05263157894736842,0.15789473684210525,0.6449999999999999,0.11305419054595013
7,3.0,0.05263157894736842,0.18421052631578946,0.6025,0.08944271909999157
7,3.0,0.05263157894736842,0.21052631578947367,0.5650000000000001,0.048733971724044804
7,3.0,0.05263157894736842,0.23684210526315788,0.5650000000000001,0.048733971724044804
7,3.0,0.05263157894736842,0.2631578947368421,0.5475,0.0270993542358485
7,3.0,0.05263157894736842,0.2894736842105263,0.545,0.025920551691659657
7,3.0,0.05263157894736842,0.3157894736842105,0.545,0.025920551691659657
7,3.0,0.05263157894736842,0.3421052631578947,0.545,0.025920551691659657
7,3.0,0.05263157894736842,0.3684210526315789,0.5475,0.02850438562747844
7,3.0,0.05263157894736842,0.39473684210526316,0.5475,0.02850438562747844
7,3.0,0.05263157894736842,0.42105263157894735,0.5375,0.0441941738241592
7,3.0,0.05263157894736842,0.4473684210526315,0.5375,0.04999999999999999
7,3.0,0.05263157894736842,0.47368421052631576,0.5349999999999999,0.04952903189039736
7,3.0,0.05263157894736842,0.5,0.5349999999999999,0.04952903189039736
7,3.0,0.10526315789473684,0.0,0.8274999999999999,0.062123868198945865
7,3.0,0.10526315789473684,0.02631578947368421,0.7225,0.15845937965295712
7,3.0,0.10526315789473684,0.05263157894736842,0.6849999999999999,0.13270032027090212
7,3.0,0.10526315789473684,0.07894736842105263,0.7325,0.1690044378115557
7,3.0,0.10526315789473684,0.10526315789473684,0.6625,0.1015504800579495
7,3.0,0.10526315789473684,0.13157894736842105,0.6275000000000001,0.09937303457175893
7,3.0,0.10526315789473684,0.15789473684210525,0.6475,0.1167261752992875
7,3.0,0.10526315789473684,0.18421052631578946,0.605,0.08821139382188674
7,3.0,0.10526315789473684,0.21052631578947367,0.5675,0.048894018039019854
7,3.0,0.10526315789473684,0.23684210526315788,0.5675,0.048894018039019854
7,3.0,0.10526315789473684,0.2631578947368421,0.55,0.029315098498896425
7,3.0,0.10526315789473684,0.2894736842105263,0.5475,0.02850438562747844
7,3.0,0.10526315789473684,0.3157894736842105,0.5475,0.02850438562747844
7,3.0,0.10526315789473684,0.3421052631578947,0.5475,0.02850438562747844
7,3.0,0.10526315789473684,0.3684210526315789,0.545,0.025920551691659657
7,3.0,0.10526315789473684,0.39473684210526316,0.545,0.025920551691659657
7,3.0,0.10526315789473684,0.42105263157894735,0.5375,0.042389562394532926
7,3.0,0.10526315789473684,0.4473684210526315,0.535,0.04792572378170204
7,3.0,0.10526315789473684,0.47368421052631576,0.535,0.04792572378170204
7,3.0,0.10526315789473684,0.5,0.535,0.04792572378170204
7,3.0,0.15789473684210525,0.0,0.8274999999999999,0.062123868198945865
7,3.0,0.15789473684210525,0.02631578947368421,0.7325,0.16784479437861635
7,3.0,0.15789473684210525,0.05263157894736842,0.6950000000000001,0.14700127550467038
7,3.0,0.15789473684210525,0.07894736842105263,0.7424999999999999,0.17084349563269888
7,3.0,0.15789473684210525,0.10526315789473684,0.7074999999999999,0.14295978455495795
7,3.0,0.15789473684210525,0.13157894736842105,0.6275000000000001,0.09937303457175893
7,3.0,0.15789473684210525,0.15789473684210525,0.6575,0.13275918047351754
7,3.0,0.15789473684210525,0.18421052631578946,0.6599999999999999,0.13062350477613133
7,3.0,0.15789473684210525,0.21052631578947367,0.6074999999999999,0.09945162140458041
7,3.0,0.15789473684210525,0.23684210526315788,0.6074999999999999,0.09945162140458041
7,3.0,0.15789473684210525,0.2631578947368421,0.5675000000000001,0.05968668193156659
7,3.0,0.15789473684210525,0.2894736842105263,0.55,0.030618621784789708
7,3.0,0.15789473684210525,0.3157894736842105,0.5475,0.02850438562747844
7,3.0,0.15789473684210525,0.3421052631578947,0.55,0.029315098498896425
7,3.0,0.15789473684210525,0.3684210526315789,0.5475,0.02850438562747844
7,3.0,0.15789473684210525,0.39473684210526316,0.5475,0.02850438562747844
7,3.0,0.15789473684210525,0.42105263157894735,0.54,0.04454632420301364
7,3.0,0.15789473684210525,0.4473684210526315,0.5375,0.04999999999999999
7,3.0,0.15789473684210525,0.47368421052631576,0.5375,0.04999999999999999
7,3.0,0.15789473684210525,0.5,0.5375,0.04999999999999999
7,3.0,0.21052631578947367,0.0,0.8274999999999999,0.062123868198945865
7,3.0,0.21052631578947367,0.02631578947368421,0.795,0.13127975853116122
7,3.0,0.21052631578947367,0.05263157894736842,0.7150000000000001,0.13032411518978365
7,3.0,0.21052631578947367,0.07894736842105263,0.7625,0.1489546910976623
7,3.0,0.21052631578947367,0.10526315789473684,0.7699999999999999,0.13157697366940765
7,3.0,0.21052631578947367,0.13157894736842105,0.6325000000000001,0.09585144756340405
7,3.0,0.21052631578947367,0.15789473684210525,0.6674999999999999,0.12549900398011132
7,3.0,0.21052631578947367,0.18421052631578946,0.6749999999999999,0.1224744871391589
7,3.0,0.21052631578947367,0.21052631578947367,0.61,0.09453835200594517
7,3.0,0.21052631578947367,0.23684210526315788,0.61,0.09453835200594517
7,3.0,0.21052631578947367,0.2631578947368421,0.5700000000000001,0.053473124090518576
7,3.0,0.21052631578947367,0.2894736842105263,0.56,0.05822907349426058
7,3.0,0.21052631578947367,0.3157894736842105,0.56,0.05822907349426058
7,3.0,0.21052631578947367,0.3421052631578947,0.5599999999999999,0.0621238681989459
7,3.0,0.21052631578947367,0.3684210526315789,0.54,0.036869703009381576
7,3.0,0.21052631578947367,0.39473684210526316,0.54,0.036869703009381576
7,3.0,0.21052631578947367,0.42105263157894735,0.54,0.036869703009381576
7,3.0,0.21052631578947367,0.4473684210526315,0.54,0.036869703009381576
7,3.0,0.21052631578947367,0.47368421052631576,0.54,0.036869703009381576
7,3.0,0.21052631578947367,0.5,0.54,0.036869703009381576
7,3.0,0.2631578947368421,0.0,0.8274999999999999,0.062123868198945865
7,3.0,0.2631578947368421,0.02631578947368421,0.795,0.13127975853116122
7,3.0,0.2631578947368421,0.05263157894736842,0.7150000000000001,0.13032411518978365
7,3.0,0.2631578947368421,0.07894736842105263,0.71,0.1275980015517484
7,3.0,0.2631578947368421,0.10526315789473684,0.76,0.1364734406395618
7,3.0,0.2631578947368421,0.13157894736842105,0.6325000000000001,0.09585144756340405
7,3.0,0.2631578947368421,0.15789473684210525,0.6475,0.1140175425099138
7,3.0,0.2631578947368421,0.18421052631578946,0.655,0.11236102527122117
7,3.0,0.2631578947368421,0.21052631578947367,0.615,0.0969858237063541
7,3.0,0.2631578947368421,0.23684210526315788,0.615,0.0969858237063541
7,3.0,0.2631578947368421,0.2631578947368421,0.6024999999999999,0.07468684623144825
7,3.0,0.2631578947368421,0.2894736842105263,0.5675,0.062249497989943656
7,3.0,0.2631578947368421,0.3157894736842105,0.565,0.06274950199005566
7,3.0,0.2631578947368421,0.3421052631578947,0.5625,0.0667317390751957
7,3.0,0.2631578947368421,0.3684210526315789,0.5625,0.0667317390751957
7,3.0,0.2631578947368421,0.39473684210526316,0.5625,0.0667317390751957
7,3.0,0.2631578947368421,0.42105263157894735,0.5625,0.0667317390751957
7,3.0,0.2631578947368421,0.4473684210526315,0.5575,0.057689903796071626
7,3.0,0.2631578947368421,0.47368421052631576,0.5549999999999999,0.05836308764964375
7,3.0,0.2631578947368421,0.5,0.55,0.06731456008918128
7,3.0,0.3157894736842105,0.0,0.8274999999999999,0.062123868198945865
7,3.0,0.3157894736842105,0.02631578947368421,0.795,0.13127975853116122
7,3.0,0.3157894736842105,0.05263157894736842,0.7150000000000001,0.13032411518978365
7,3.0,0.3157894736842105,0.07894736842105263,0.6975,0.10731088015667375
7,3.0,0.3157894736842105,0.10526315789473684,0.6950000000000001,0.13795379661321394
7,3.0,0.3157894736842105,0.13157894736842105,0.6325000000000001,0.09585144756340405
7,3.0,0.3157894736842105,0.15789473684210525,0.6475,0.1140175425099138
7,3.0,0.3157894736842105,0.18421052631578946,0.6525000000000001,0.11504075364843538
7,3.0,0.3157894736842105,0.21052631578947367,0.6275000000000001,0.12851313162474878
7,3.0,0.3157894736842105,0.23684210526315788,0.6275000000000001,0.12851313162474878
7,3.0,0.3157894736842105,0.2631578947368421,0.575,0.0522912516583797
7,3.0,0.3157894736842105,0.2894736842105263,0.5675,0.06287388169979645
7,3.0,0.3157894736842105,0.3157894736842105,0.565,0.06274950199005566
7,3.0,0.3157894736842105,0.3421052631578947,0.5625,0.0667317390751957
7,3.0,0.3157894736842105,0.3684210526315789,0.5625,0.0667317390751957
7,3.0,0.3157894736842105,0.39473684210526316,0.5525,0.049529031890397396
7,3.0,0.3157894736842105,0.42105263157894735,0.5575,0.05046657309546589
7,3.0,0.3157894736842105,0.4473684210526315,0.545,0.0527375577743225
7,3.0,0.3157894736842105,0.47368421052631576,0.545,0.0527375577743225
7,3.0,0.3157894736842105,0.5,0.545,0.0527375577743225
7,3.0,0.3684210526315789,0.0,0.8274999999999999,0.062123868198945865
7,3.0,0.3684210526315789,0.02631578947368421,0.8225,0.07093130479555557
7,3.0,0.3684210526315789,0.05263157894736842,0.7425,0.10139649895336623
7,3.0,0.3684210526315789,0.07894736842105263,0.725,0.07756046028744283
7,3.0,0.3684210526315789,0.10526315789473684,0.775,0.08052561704203204
7,3.0,0.3684210526315789,0.13157894736842105,0.6849999999999999,0.11739356881873894
7,3.0,0.3684210526315789,0.15789473684210525,0.6925000000000001,0.11645814698852115
7,3.0,0.3684210526315789,0.18421052631578946,0.7,0.11110243021644485
7,3.0,0.3684210526315789,0.21052631578947367,0.675,0.13635890143294643
7,3.0,0.3684210526315789,0.23684210526315788,0.6875,0.15129648046137756
7,3.0,0.3684210526315789,0.2631578947368421,0.6325000000000001,0.12518735958554283
7,3.0,0.3684210526315789,0.2894736842105263,0.62,0.10023410098364728
7,3.0,0.3684210526315789,0.3157894736842105,0.5875,0.05796011559684816
7,3.0,0.3684210526315789,0.3421052631578947,0.6075,0.04472135954999578
7,3.0,0.3684210526315789,0.3684210526315789,0.6075,0.04472135954999578
7,3.0,0.3684210526315789,0.39473684210526316,0.5725,0.036869703009381534
7,3.0,0.3684210526315789,0.42105263157894735,0.5575,0.006846531968814552
7,3.0,0.3684210526315789,0.4473684210526315,0.5575,0.006846531968814552
7,3.0,0.3684210526315789,0.47368421052631576,0.5575,0.006846531968814552
7,3.0,0.3684210526315789,0.5,0.5575,0.006846531968814552
7,3.0,0.42105263157894735,0.0,0.8274999999999999,0.062123868198945865
7,3.0,0.42105263157894735,0.02631578947368421,0.8225,0.07093130479555557
7,3.0,0.42105263157894735,0.05263157894736842,0.7925000000000001,0.10254572150996845
7,3.0,0.42105263157894735,0.07894736842105263,0.7799999999999999,0.09826622003516775
7,3.0,0.42105263157894735,0.10526315789473684,0.74,0.08310385069297332
7,3.0,0.42105263157894735,0.13157894736842105,0.73,0.11305419054595015
7,3.0,0.42105263157894735,0.15789473684210525,0.6399999999999999,0.08944271909999159
7,3.0,0.42105263157894735,0.18421052631578946,0.6399999999999999,0.08944271909999159
7,3.0,0.42105263157894735,0.21052631578947367,0.6849999999999999,0.11194306588619053
7,3.0,0.42105263157894735,0.23684210526315788,0.6849999999999999,0.11194306588619053
7,3.0,0.42105263157894735,0.2631578947368421,0.605,0.04201934078492905
7,3.0,0.42105263157894735,0.2894736842105263,0.605,0.04201934078492905
7,3.0,0.42105263157894735,0.3157894736842105,0.6024999999999999,0.04454632420301367
7,3.0,0.42105263157894735,0.3421052631578947,0.6024999999999999,0.04454632420301367
7,3.0,0.42105263157894735,0.3684210526315789,0.625,0.08477912478906584
7,3.0,0.42105263157894735,0.39473684210526316,0.625,0.08477912478906584
7,3.0,0.42105263157894735,0.42105263157894735,0.6224999999999999,0.08403868156985803
7,3.0,0.42105263157894735,0.4473684210526315,0.5974999999999999,0.04183300132670377
7,3.0,0.42105263157894735,0.47368421052631576,0.5900000000000001,0.04710360920354192
7,3.0,0.42105263157894735,0.5,0.605,0.04293891009329417
7,3.0,0.47368421052631576,0.0,0.8274999999999999,0.062123868198945865
7,3.0,0.47368421052631576,0.02631578947368421,0.8225,0.07093130479555557
7,3.0,0.47368421052631576,0.05263157894736842,0.7925000000000001,0.10254572150996845
7,3.0,0.47368421052631576,0.07894736842105263,0.7674999999999998,0.08413159335231922
7,3.0,0.47368421052631576,0.10526315789473684,0.6900000000000001,0.109115764213976
7,3.0,0.47368421052631576,0.13157894736842105,0.6799999999999999,0.12857390870623792
7,3.0,0.47368421052631576,0.15789473684210525,0.5925,0.041079191812887446
7,3.0,0.47368421052631576,0.18421052631578946,0.5925,0.041079191812887446
7,3.0,0.47368421052631576,0.21052631578947367,0.6275000000000001,0.08587782018658832
7,3.0,0.47368421052631576,0.23684210526315788,0.6300000000000001,0.08459462157844314
7,3.0,0.47368421052631576,0.2631578947368421,0.605,0.04808846015417836
7,3.0,0.47368421052631576,0.2894736842105263,0.605,0.04808846015417836
7,3.0,0.47368421052631576,0.3157894736842105,0.605,0.04808846015417836
7,3.0,0.47368421052631576,0.3421052631578947,0.5974999999999999,0.05405437077609913
7,3.0,0.47368421052631576,0.3684210526315789,0.5974999999999999,0.05405437077609913
7,3.0,0.47368421052631576,0.39473684210526316,0.5875,0.04238956239453293
7,3.0,0.47368421052631576,0.42105263157894735,0.585,0.037914377220257735
7,3.0,0.47368421052631576,0.4473684210526315,0.58,0.04643543905251676
7,3.0,0.47368421052631576,0.47368421052631576,0.5825,0.04472135954999579
7,3.0,0.47368421052631576,0.5,0.5725,0.04626688880830437
7,3.0,0.5263157894736842,0.0,0.8274999999999999,0.062123868198945865
7,3.0,0.5263157894736842,0.02631578947368421,0.8225,0.07093130479555557
7,3.0,0.5263157894736842,0.05263157894736842,0.7925000000000001,0.10254572150996845
7,3.0,0.5263157894736842,0.07894736842105263,0.7699999999999999,0.08505512918102003
7,3.0,0.5263157894736842,0.10526315789473684,0.7375,0.0897043755900458
7,3.0,0.5263157894736842,0.13157894736842105,0.7275,0.11772584677971107
7,3.0,0.5263157894736842,0.15789473684210525,0.64,0.09698582370635413
7,3.0,0.5263157894736842,0.18421052631578946,0.64,0.09698582370635413
7,3.0,0.5263157894736842,0.21052631578947367,0.6699999999999999,0.09746794344808962
7,3.0,0.5263157894736842,0.23684210526315788,0.6725,0.09495064507416472
7,3.0,0.5263157894736842,0.2631578947368421,0.6525000000000001,0.09244931043550299
7,3.0,0.5263157894736842,0.2894736842105263,0.65,0.0875
7,3.0,0.5263157894736842,0.3157894736842105,0.6224999999999999,0.04454632420301365
7,3.0,0.5263157894736842,0.3421052631578947,0.6224999999999999,0.04454632420301365
7,3.0,0.5263157894736842,0.3684210526315789,0.615,0.04873397172404481
7,3.0,0.5263157894736842,0.39473684210526316,0.605,0.04107919181288746
7,3.0,0.5263157894736842,0.42105263157894735,0.5925,0.040117016339703035
7,3.0,0.5263157894736842,0.4473684210526315,0.5925,0.03811987670494224
7,3.0,0.5263157894736842,0.47368421052631576,0.5925,0.03811987670494224
7,3.0,0.5263157894736842,0.5,0.5650000000000001,0.04626688880830437
7,3.0,0.5789473684210527,0.0,0.8274999999999999,0.062123868198945865
7,3.0,0.5789473684210527,0.02631578947368421,0.835,0.04454632420301368
7,3.0,0.5789473684210527,0.05263157894736842,0.805,0.09168560410446128
7,3.0,0.5789473684210527,0.07894736842105263,0.7825,0.07634215742301237
7,3.0,0.5789473684210527,0.10526315789473684,0.75,0.08750000000000004
7,3.0,0.5789473684210527,0.13157894736842105,0.7325,0.1359572543117873
7,3.0,0.5789473684210527,0.15789473684210525,0.7275,0.1395864427514363
7,3.0,0.5789473684210527,0.18421052631578946,0.7424999999999999,0.13127975853116125
7,3.0,0.5789473684210527,0.21052631578947367,0.7375,0.12899854650343934
7,3.0,0.5789473684210527,0.23684210526315788,0.735,0.1297232631411961
7,3.0,0.5789473684210527,0.2631578947368421,0.65,0.08052561704203205
7,3.0,0.5789473684210527,0.2894736842105263,0.65,0.08052561704203205
7,3.0,0.5789473684210527,0.3157894736842105,0.65,0.08052561704203205
7,3.0,0.5789473684210527,0.3421052631578947,0.61,0.04454632420301367
7,3.0,0.5789473684210527,0.3684210526315789,0.6075,0.0472691760029726
7,3.0,0.5789473684210527,0.39473684210526316,0.5900000000000001,0.039921798556678295
7,3.0,0.5789473684210527,0.42105263157894735,0.5775,0.022360679774997918
7,3.0,0.5789473684210527,0.4473684210526315,0.58,0.027386127875258306
7,3.0,0.5789473684210527,0.47368421052631576,0.5625,0.04419417382415922
7,3.0,0.5789473684210527,0.5,0.5525,0.06336895927818287
7,3.0,0.631578947368421,0.0,0.8274999999999999,0.062123868198945865
7,3.0,0.631578947368421,0.02631578947368421,0.835,0.04454632420301368
7,3.0,0.631578947368421,0.05263157894736842,0.805,0.09168560410446128
7,3.0,0.631578947368421,0.07894736842105263,0.7825,0.07634215742301237
7,3.0,0.631578947368421,0.10526315789473684,0.75,0.08750000000000004
7,3.0,0.631578947368421,0.13157894736842105,0.7325,0.1359572543117873
7,3.0,0.631578947368421,0.15789473684210525,0.7275,0.1395864427514363
7,3.0,0.631578947368421,0.18421052631578946,0.7424999999999999,0.13127975853116125
7,3.0,0.631578947368421,0.21052631578947367,0.7375,0.12899854650343934
7,3.0,0.631578947368421,0.23684210526315788,0.735,0.1297232631411961
7,3.0,0.631578947368421,0.2631578947368421,0.6599999999999999,0.0835725732522339
7,3.0,0.631578947368421,0.2894736842105263,0.6475,0.08263246940519205
7,3.0,0.631578947368421,0.3157894736842105,0.6475,0.08263246940519205
7,3.0,0.631578947368421,0.3421052631578947,0.62,0.047269176002972604
7,3.0,0.631578947368421,0.3684210526315789,0.6174999999999999,0.05046657309546587
7,3.0,0.631578947368421,0.39473684210526316,0.6075,0.043839194791875466
7,3.0,0.631578947368421,0.42105263157894735,0.5549999999999999,0.04472135954999581
7,3.0,0.631578947368421,0.4473684210526315,0.5575,0.04889401803901987
7,3.0,0.631578947368421,0.47368421052631576,0.5549999999999999,0.0534731240905186
7,3.0,0.631578947368421,0.5,0.5549999999999999,0.0534731240905186
7,3.0,0.6842105263157894,0.0,0.8274999999999999,0.062123868198945865
7,3.0,0.6842105263157894,0.02631578947368421,0.835,0.04454632420301368
7,3.0,0.6842105263157894,0.05263157894736842,0.8425,0.0455864563220262
7,3.0,0.6842105263157894,0.07894736842105263,0.7875,0.08794529549668932
7,3.0,0.6842105263157894,0.10526315789473684,0.7775000000000001,0.07974568953868291
7,3.0,0.6842105263157894,0.13157894736842105,0.7575,0.13451301052314607
7,3.0,0.6842105263157894,0.15789473684210525,0.75,0.13258252147247765
7,3.0,0.6842105263157894,0.18421052631578946,0.7525000000000001,0.13732943966972266
7,3.0,0.6842105263157894,0.21052631578947367,0.7475,0.13561203855115517
7,3.0,0.6842105263157894,0.23684210526315788,0.7475,0.13561203855115517
7,3.0,0.6842105263157894,0.2631578947368421,0.665,0.09495064507416472
7,3.0,0.6842105263157894,0.2894736842105263,0.6599999999999999,0.10054538776095104
7,3.0,0.6842105263157894,0.3157894736842105,0.6325000000000001,0.077358742233829
7,3.0,0.6842105263157894,0.3421052631578947,0.6174999999999999,0.08366600265340755
7,3.0,0.6842105263157894,0.3684210526315789,0.615,0.08542174781634942
7,3.0,0.6842105263157894,0.39473684210526316,0.5675000000000001,0.05046657309546589
7,3.0,0.6842105263157894,0.42105263157894735,0.5725,0.06085330722319045
7,3.0,0.6842105263157894,0.4473684210526315,0.5725,0.06085330722319045
7,3.0,0.6842105263157894,0.47368421052631576,0.5825,0.07104136119191409
7,3.0,0.6842105263157894,0.5,0.5775,0.07147989227747897
7,3.0,0.7368421052631579,0.0,0.8274999999999999,0.062123868198945865
7,3.0,0.7368421052631579,0.02631578947368421,0.835,0.04454632420301368
7,3.0,0.7368421052631579,0.05263157894736842,0.835,0.04454632420301368
7,3.0,0.7368421052631579,0.07894736842105263,0.835,0.04454632420301368
7,3.0,0.7368421052631579,0.10526315789473684,0.78,0.10918733900961229
7,3.0,0.7368421052631579,0.13157894736842105,0.7775000000000001,0.13930631715755032
7,3.0,0.7368421052631579,0.15789473684210525,0.7725,0.14984366853491007
7,3.0,0.7368421052631579,0.18421052631578946,0.7725,0.14984366853491007
7,3.0,0.7368421052631579,0.21052631578947367,0.7725,0.14984366853491007
7,3.0,0.7368421052631579,0.23684210526315788,0.7725,0.14984366853491007
7,3.0,0.7368421052631579,0.2631578947368421,0.6975,0.14014501418173964
7,3.0,0.7368421052631579,0.2894736842105263,0.6525000000000001,0.0941242529850835
7,3.0,0.7368421052631579,0.3157894736842105,0.655,0.10178101492911142
7,3.0,0.7368421052631579,0.3421052631578947,0.595,0.04726917600297258
7,3.0,0.7368421052631579,0.3684210526315789,0.5675,0.033773140215265736
7,3.0,0.7368421052631579,0.39473684210526316,0.5675,0.033773140215265736
7,3.0,0.7368421052631579,0.42105263157894735,0.5650000000000001,0.036869703009381555
7,3.0,0.7368421052631579,0.4473684210526315,0.6025,0.0903119593409422
7,3.0,0.7368421052631579,0.47368421052631576,0.605,0.1113131843044659
7,3.0,0.7368421052631579,0.5,0.615,0.05687156583038662
7,3.0,0.7894736842105263,0.0,0.8274999999999999,0.062123868198945865
7,3.0,0.7894736842105263,0.02631578947368421,0.835,0.04454632420301368
7,3.0,0.7894736842105263,0.05263157894736842,0.835,0.04454632420301368
7,3.0,0.7894736842105263,0.07894736842105263,0.835,0.04454632420301368
7,3.0,0.7894736842105263,0.10526315789473684,0.825,0.04238956239453294
7,3.0,0.7894736842105263,0.13157894736842105,0.845,0.07735874223382899
7,3.0,0.7894736842105263,0.15789473684210525,0.8025,0.10875718367078104
7,3.0,0.7894736842105263,0.18421052631578946,0.8025,0.10875718367078104
7,3.0,0.7894736842105263,0.21052631578947367,0.8025,0.10875718367078104
7,3.0,0.7894736842105263,0.23684210526315788,0.8100000000000002,0.10982941318244398
7,3.0,0.7894736842105263,0.2631578947368421,0.7150000000000001,0.12292019768939523
7,3.0,0.7894736842105263,0.2894736842105263,0.67,0.10774680969754977
7,3.0,0.7894736842105263,0.3157894736842105,0.675,0.11284668803292369
7,3.0,0.7894736842105263,0.3421052631578947,0.605,0.05902859476558798
7,3.0,0.7894736842105263,0.3684210526315789,0.5825,0.053473124090518624
7,3.0,0.7894736842105263,0.39473684210526316,0.5825,0.053473124090518624
7,3.0,0.7894736842105263,0.42105263157894735,0.575,0.057960115596848154
7,3.0,0.7894736842105263,0.4473684210526315,0.575,0.057960115596848154
7,3.0,0.7894736842105263,0.47368421052631576,0.575,0.057960115596848154
7,3.0,0.7894736842105263,0.5,0.5675,0.042019340784929
7,3.0,0.8421052631578947,0.0,0.8274999999999999,0.062123868198945865
7,3.0,0.8421052631578947,0.02631578947368421,0.835,0.04454632420301368
7,3.0,0.8421052631578947,0.05263157894736842,0.835,0.04454632420301368
7,3.0,0.8421052631578947,0.07894736842105263,0.835,0.04454632420301368
7,3.0,0.8421052631578947,0.10526315789473684,0.825,0.04238956239453294
7,3.0,0.8421052631578947,0.13157894736842105,0.835,0.07572565615430478
7,3.0,0.8421052631578947,0.15789473684210525,0.8400000000000001,0.07572565615430478
7,3.0,0.8421052631578947,0.18421052631578946,0.8400000000000001,0.07572565615430478
7,3.0,0.8421052631578947,0.21052631578947367,0.8400000000000001,0.07572565615430478
7,3.0,0.8421052631578947,0.23684210526315788,0.7350000000000001,0.12759800155174847
7,3.0,0.8421052631578947,0.2631578947368421,0.7225,0.13032411518978365
7,3.0,0.8421052631578947,0.2894736842105263,0.6925,0.10554915916292276
7,3.0,0.8421052631578947,0.3157894736842105,0.6975,0.1094731702290566
7,3.0,0.8421052631578947,0.3421052631578947,0.635,0.09818668443327741
7,3.0,0.8421052631578947,0.3684210526315789,0.625,0.09478594305064439
7,3.0,0.8421052631578947,0.39473684210526316,0.625,0.09478594305064439
7,3.0,0.8421052631578947,0.42105263157894735,0.58,0.046435439052516764
7,3.0,0.8421052631578947,0.4473684210526315,0.5825,0.036012150727219805
7,3.0,0.8421052631578947,0.47368421052631576,0.575,0.029315098498896425
7,3.0,0.8421052631578947,0.5,0.54,0.05687156583038662
7,3.0,0.894736842105263,0.0,0.8274999999999999,0.062123868198945865
7,3.0,0.894736842105263,0.02631578947368421,0.835,0.04454632420301368
7,3.0,0.894736842105263,0.05263157894736842,0.835,0.04454632420301368
7,3.0,0.894736842105263,0.07894736842105263,0.835,0.04454632420301368
7,3.0,0.894736842105263,0.10526315789473684,0.825,0.04238956239453294
7,3.0,0.894736842105263,0.13157894736842105,0.8,0.0537645329190164
7,3.0,0.894736842105263,0.15789473684210525,0.7525000000000001,0.11706034768443155
7,3.0,0.894736842105263,0.18421052631578946,0.7525000000000001,0.11706034768443155
7,3.0,0.894736842105263,0.21052631578947367,0.7474999999999999,0.11089127558108437
7,3.0,0.894736842105263,0.23684210526315788,0.755,0.11645814698852115
7,3.0,0.894736842105263,0.2631578947368421,0.7249999999999999,0.1202211503854459
7,3.0,0.894736842105263,0.2894736842105263,0.6825,0.11408604209104635
7,3.0,0.894736842105263,0.3157894736842105,0.69,0.12067518386147169
7,3.0,0.894736842105263,0.3421052631578947,0.6275,0.10510411504788952
7,3.0,0.894736842105263,0.3684210526315789,0.6275000000000001,0.09976534969617455
7,3.0,0.894736842105263,0.39473684210526316,0.6050000000000001,0.05902859476558797
7,3.0,0.894736842105263,0.42105263157894735,0.58,0.046435439052516764
7,3.0,0.894736842105263,0.4473684210526315,0.5825,0.036012150727219805
7,3.0,0.894736842105263,0.47368421052631576,0.575,0.029315098498896425
7,3.0,0.894736842105263,0.5,0.545,0.05631940163034404
7,3.0,0.9473684210526315,0.0,0.8274999999999999,0.062123868198945865
7,3.0,0.9473684210526315,0.02631578947368421,0.8175000000000001,0.06287388169979646
7,3.0,0.9473684210526315,0.05263157894736842,0.8175000000000001,0.06287388169979646
7,3.0,0.9473684210526315,0.07894736842105263,0.8175000000000001,0.06287388169979646
7,3.0,0.9473684210526315,0.10526315789473684,0.8175000000000001,0.06287388169979646
7,3.0,0.9473684210526315,0.13157894736842105,0.8075000000000001,0.06033759193073585
7,3.0,0.9473684210526315,0.15789473684210525,0.7449999999999999,0.1426862817512602
7,3.0,0.9473684210526315,0.18421052631578946,0.7449999999999999,0.1426862817512602
7,3.0,0.9473684210526315,0.21052631578947367,0.74,0.1373294396697227
7,3.0,0.9473684210526315,0.23684210526315788,0.7324999999999999,0.1459344887269627
7,3.0,0.9473684210526315,0.2631578947368421,0.725,0.14469796128487783
7,3.0,0.9473684210526315,0.2894736842105263,0.725,0.14469796128487783
7,3.0,0.9473684210526315,0.3157894736842105,0.6875,0.1372156150006259
7,3.0,0.9473684210526315,0.3421052631578947,0.6399999999999999,0.09536115561380328
7,3.0,0.9473684210526315,0.3684210526315789,0.645,0.08459462157844314
7,3.0,0.9473684210526315,0.39473684210526316,0.605,0.07048936089935844
7,3.0,0.9473684210526315,0.42105263157894735,0.61,0.05955564624785801
7,3.0,0.9473684210526315,0.4473684210526315,0.6050000000000001,0.05273755777432246
7,3.0,0.9473684210526315,0.47368421052631576,0.56,0.0752080447824566
7,3.0,0.9473684210526315,0.5,0.5675,0.07158910531638175
7,3.0,1.0,0.0,0.8274999999999999,0.062123868198945865
7,3.0,1.0,0.02631578947368421,0.8175000000000001,0.06287388169979646
7,3.0,1.0,0.05263157894736842,0.8175000000000001,0.06287388169979646
7,3.0,1.0,0.07894736842105263,0.8175000000000001,0.06287388169979646
7,3.0,1.0,0.10526315789473684,0.8175000000000001,0.06287388169979646
7,3.0,1.0,0.13157894736842105,0.78,0.08225341938181048
7,3.0,1.0,0.15789473684210525,0.6925,0.11845357740482133
7,3.0,1.0,0.18421052631578946,0.6925,0.11845357740482133
7,3.0,1.0,0.21052631578947367,0.6925,0.11845357740482133
7,3.0,1.0,0.23684210526315788,0.685,0.12481235916366616
7,3.0,1.0,0.2631578947368421,0.6975,0.12667626060158235
7,3.0,1.0,0.2894736842105263,0.6725000000000001,0.08987839006123775
7,3.0,1.0,0.3157894736842105,0.6725000000000001,0.08987839006123775
7,3.0,1.0,0.3421052631578947,0.6775,0.0941242529850835
7,3.0,1.0,0.3684210526315789,0.6375,0.09642030387838446
7,3.0,1.0,0.39473684210526316,0.64,0.12355413793151566
7,3.0,1.0,0.42105263157894735,0.5824999999999999,0.040117016339703035
7,3.0,1.0,0.4473684210526315,0.5974999999999999,0.0389310287559936
7,3.0,1.0,0.47368421052631576,0.6,0.05153882032022075
7,3.0,1.0,0.5,0.5774999999999999,0.07202430145443967
11,0.0,0.0,0.0,0.725,0.09802741963348824
11,0.0,0.0,0.02631578947368421,0.7025,0.08587782018658832
11,0.0,0.0,0.05263157894736842,0.7075,0.08459462157844314
11,0.0,0.0,0.07894736842105263,0.705,0.08596874432024698
11,0.0,0.0,0.10526315789473684,0.705,0.08596874432024698
11,0.0,0.0,0.13157894736842105,0.7474999999999999,0.14399435752834208
11,0.0,0.0,0.15789473684210525,0.7175,0.10480636908127293
11,0.0,0.0,0.18421052631578946,0.7024999999999999,0.0890049155945895
11,0.0,0.0,0.21052631578947367,0.7075,0.0921106671347027
11,0.0,0.0,0.23684210526315788,0.6975,0.09074345706440767
11,0.0,0.0,0.2631578947368421,0.6950000000000001,0.08996527107723291
11,0.0,0.0,0.2894736842105263,0.6950000000000001,0.08996527107723291
11,0.0,0.0,0.3157894736842105,0.6925000000000001,0.08505512918101997
11,0.0,0.0,0.3421052631578947,0.6799999999999999,0.06531175238806565
11,0.0,0.0,0.3684210526315789,0.6649999999999999,0.06812213296719356
11,0.0,0.0,0.39473684210526316,0.6649999999999999,0.06812213296719356
11,0.0,0.0,0.42105263157894735,0.6475,0.0890049155945895
11,0.0,0.0,0.4473684210526315,0.6475,0.0890049155945895
11,0.0,0.0,0.47368421052631576,0.6475,0.0890049155945895
11,0.0,0.0,0.5,0.6475,0.0890049155945895
11,0.0,0.05263157894736842,0.0,0.725,0.09802741963348824
11,0.0,0.05263157894736842,0.02631578947368421,0.7025,0.08587782018658832
11,0.0,0.05263157894736842,0.05263157894736842,0.7075,0.08459462157844314
11,0.0,0.05263157894736842,0.07894736842105263,0.705,0.08596874432024698
11,0.0,0.05263157894736842,0.10526315789473684,0.705,0.08596874432024698
11,0.0,0.05263157894736842,0.13157894736842105,0.7,0.0972271824131503
11,0.0,0.05263157894736842,0.15789473684210525,0.7,0.0972271824131503
11,0.0,0.05263157894736842,0.18421052631578946,0.7075,0.0921106671347027
11,0.0,0.05263157894736842,0.21052631578947367,0.6950000000000001,0.08687275176947028
11,0.0,0.05263157894736842,0.23684210526315788,0.69,0.08944271909999159
11,0.0,0.05263157894736842,0.2631578947368421,0.69,0.08944271909999159
11,0.0,0.05263157894736842,0.2894736842105263,0.69,0.08944271909999159
11,0.0,0.05263157894736842,0.3157894736842105,0.7025,0.09074345706440766
11,0.0,0.05263157894736842,0.3421052631578947,0.67,0.06531175238806565
11,0.0,0.05263157894736842,0.3684210526315789,0.67,0.06531175238806565
11,0.0,0.05263157894736842,0.39473684210526316,0.6649999999999999,0.06812213296719356
11,0.0,0.05263157894736842,0.42105263157894735,0.6649999999999999,0.06812213296719356
11,0.0,0.05263157894736842,0.4473684210526315,0.6475,0.0890049155945895
11,0.0,0.05263157894736842,0.47368421052631576,0.6475,0.0890049155945895
11,0.0,0.05263157894736842,0.5,0.6475,0.0890049155945895
11,0.0,0.10526315789473684,0.0,0.725,0.09802741963348824
11,0.0,0.10526315789473684,0.02631578947368421,0.7025,0.08587782018658832
11,0.0,0.10526315789473684,0.05263157894736842,0.7075,0.08459462157844314
11,0.0,0.10526315789473684,0.07894736842105263,0.7075,0.08459462157844314
11,0.0,0.10526315789473684,0.10526315789473684,0.7075,0.08459462157844314
11,0.0,0.10526315789473684,0.13157894736842105,0.7,0.0972271824131503
11,0.0,0.10526315789473684,0.15789473684210525,0.7,0.0972271824131503
11,0.0,0.10526315789473684,0.18421052631578946,0.7075,0.0921106671347027
11,0.0,0.10526315789473684,0.21052631578947367,0.6950000000000001,0.08687275176947028
11,0.0,0.10526315789473684,0.23684210526315788,0.69,0.08944271909999159
11,0.0,0.10526315789473684,0.2631578947368421,0.69,0.08944271909999159
11,0.0,0.10526315789473684,0.2894736842105263,0.69,0.08944271909999159
11,0.0,0.10526315789473684,0.3157894736842105,0.7025,0.09074345706440766
11,0.0,0.10526315789473684,0.3421052631578947,0.67,0.06531175238806565
11,0.0,0.10526315789473684,0.3684210526315789,0.6649999999999999,0.06812213296719356
11,0.0,0.10526315789473684,0.39473684210526316,0.6649999999999999,0.06812213296719356
11,0.0,0.10526315789473684,0.42105263157894735,0.6575,0.07531185165696035
11,0.0,0.10526315789473684,0.4473684210526315,0.6475,0.0890049155945895
11,0.0,0.10526315789473684,0.47368421052631576,0.6475,0.0890049155945895
11,0.0,0.10526315789473684,0.5,0.6425,0.08687275176947028
11,0.0,0.15789473684210525,0.0,0.725,0.09802741963348824
11,0.0,0.15789473684210525,0.02631578947368421,0.7025,0.08587782018658832
11,0.0,0.15789473684210525,0.05263157894736842,0.7075,0.08459462157844314
11,0.0,0.15789473684210525,0.07894736842105263,0.705,0.08596874432024698
11,0.0,0.15789473684210525,0.10526315789473684,0.705,0.08596874432024698
11,0.0,0.15789473684210525,0.13157894736842105,0.7,0.0972271824131503
11,0.0,0.15789473684210525,0.15789473684210525,0.7,0.0972271824131503
11,0.0,0.15789473684210525,0.18421052631578946,0.7075,0.0921106671347027
11,0.0,0.15789473684210525,0.21052631578947367,0.6950000000000001,0.08687275176947028
11,0.0,0.15789473684210525,0.23684210526315788,0.6925,0.08687275176947028
11,0.0,0.15789473684210525,0.2631578947368421,0.6875,0.08794529549668931
11,0.0,0.15789473684210525,0.2894736842105263,0.6875,0.08794529549668931
11,0.0,0.15789473684210525,0.3157894736842105,0.7,0.08970437559004575
11,0.0,0.15789473684210525,0.3421052631578947,0.6799999999999999,0.08953002289734993
11,0.0,0.15789473684210525,0.3684210526315789,0.675,0.09228014412645877
11,0.0,0.15789473684210525,0.39473684210526316,0.675,0.09228014412645877
11,0.0,0.15789473684210525,0.42105263157894735,0.6675,0.09866293630335558
11,0.0,0.15789473684210525,0.4473684210526315,0.6575,0.1106091090281447
11,0.0,0.15789473684210525,0.47368421052631576,0.65,0.09560661587986474
11,0.0,0.15789473684210525,0.5,0.6475,0.09658221886040931
11,0.0,0.21052631578947367,0.0,0.725,0.09802741963348824
11,0.0,0.21052631578947367,0.02631578947368421,0.725,0.09142961773954869
11,0.0,0.21052631578947367,0.05263157894736842,0.7175,0.08642193008721802
11,0.0,0.21052631578947367,0.07894736842105263,0.7150000000000001,0.08812278366007283
11,0.0,0.21052631578947367,0.10526315789473684,0.7000000000000001,0.08705242673240074
11,0.0,0.21052631578947367,0.13157894736842105,0.7074999999999999,0.0986629363033556
11,0.0,0.21052631578947367,0.15789473684210525,0.7050000000000001,0.09786789565531694
11,0.0,0.21052631578947367,0.18421052631578946,0.7,0.08794529549668931
11,0.0,0.21052631578947367,0.21052631578947367,0.6625,0.11145346562579381
11,0.0,0.21052631578947367,0.23684210526315788,0.6625,0.11145346562579381
11,0.0,0.21052631578947367,0.2631578947368421,0.6575,0.1106091090281447
11,0.0,0.21052631578947367,0.2894736842105263,0.6575,0.1106091090281447
11,0.0,0.21052631578947367,0.3157894736842105,0.655,0.10554915916292275
11,0.0,0.21052631578947367,0.3421052631578947,0.655,0.10554915916292275
11,0.0,0.21052631578947367,0.3684210526315789,0.6425,0.08687275176947028
11,0.0,0.21052631578947367,0.39473684210526316,0.6425,0.08687275176947028
11,0.0,0.21052631578947367,0.42105263157894735,0.6425,0.08687275176947028
11,0.0,0.21052631578947367,0.4473684210526315,0.6425,0.08687275176947028
11,0.0,0.21052631578947367,0.47368421052631576,0.6425,0.08687275176947028
11,0.0,0.21052631578947367,0.5,0.6425,0.08687275176947028
11,0.0,0.2631578947368421,0.0,0.725,0.09802741963348824
11,0.0,0.2631578947368421,0.02631578947368421,0.725,0.09142961773954869
11,0.0,0.2631578947368421,0.05263157894736842,0.7175,0.08642193008721802
11,0.0,0.2631578947368421,0.07894736842105263,0.7150000000000001,0.08812278366007283
11,0.0,0.2631578947368421,0.10526315789473684,0.7000000000000001,0.08705242673240074
11,0.0,0.2631578947368421,0.13157894736842105,0.7074999999999999,0.0986629363033556
11,0.0,0.2631578947368421,0.15789473684210525,0.7050000000000001,0.09786789565531694
11,0.0,0.2631578947368421,0.18421052631578946,0.7,0.08794529549668931
11,0.0,0.2631578947368421,0.21052631578947367,0.6625,0.11145346562579381
11,0.0,0.2631578947368421,0.23684210526315788,0.6625,0.11145346562579381
11,0.0,0.2631578947368421,0.2631578947368421,0.645,0.08596874432024701
11,0.0,0.2631578947368421,0.2894736842105263,0.645,0.08596874432024701
11,0.0,0.2631578947368421,0.3157894736842105,0.645,0.08596874432024701
11,0.0,0.2631578947368421,0.3421052631578947,0.635,0.07310095758606724
11,0.0,0.2631578947368421,0.3684210526315789,0.635,0.07310095758606724
11,0.0,0.2631578947368421,0.39473684210526316,0.635,0.07310095758606724
11,0.0,0.2631578947368421,0.42105263157894735,0.6325000000000001,0.06880679472261442
11,0.0,0.2631578947368421,0.4473684210526315,0.6325000000000001,0.06880679472261442
11,0.0,0.2631578947368421,0.47368421052631576,0.6325000000000001,0.06880679472261442
11,0.0,0.2631578947368421,0.5,0.6325000000000001,0.06880679472261442
11,0.0,0.3157894736842105,0.0,0.725,0.09802741963348824
11,0.0,0.3157894736842105,0.02631578947368421,0.725,0.09142961773954869
11,0.0,0.3157894736842105,0.05263157894736842,0.7125,0.09013878188659973
11,0.0,0.3157894736842105,0.07894736842105263,0.7075,0.09503288904374105
11,0.0,0.3157894736842105,0.10526315789473684,0.6925,0.09253377761660873
11,0.0,0.3157894736842105,0.13157894736842105,0.7074999999999999,0.0986629363033556
11,0.0,0.3157894736842105,0.15789473684210525,0.7050000000000001,0.09786789565531694
11,0.0,0.3157894736842105,0.18421052631578946,0.7,0.08794529549668931
11,0.0,0.3157894736842105,0.21052631578947367,0.6599999999999999,0.1126388032606881
11,0.0,0.3157894736842105,0.23684210526315788,0.6599999999999999,0.1126388032606881
11,0.0,0.3157894736842105,0.2631578947368421,0.6575,0.11201283408609927
11,0.0,0.3157894736842105,0.2894736842105263,0.6575,0.11201283408609927
11,0.0,0.3157894736842105,0.3157894736842105,0.6575,0.11201283408609927
11,0.0,0.3157894736842105,0.3421052631578947,0.6375,0.07447734554883119
11,0.0,0.3157894736842105,0.3684210526315789,0.635,0.07310095758606724
11,0.0,0.3157894736842105,0.39473684210526316,0.635,0.07310095758606724
11,0.0,0.3157894736842105,0.42105263157894735,0.6449999999999999,0.05836308764964376
11,0.0,0.3157894736842105,0.4473684210526315,0.6449999999999999,0.05836308764964376
11,0.0,0.3157894736842105,0.47368421052631576,0.6325,0.077358742233829
11,0.0,0.3157894736842105,0.5,0.6325,0.077358742233829
11,0.0,0.3684210526315789,0.0,0.725,0.09802741963348824
11,0.0,0.3684210526315789,0.02631578947368421,0.7324999999999999,0.1048063690812729
11,0.0,0.3684210526315789,0.05263157894736842,0.72,0.1048063690812729
11,0.0,0.3684210526315789,0.07894736842105263,0.7125,0.10458250331675945
11,0.0,0.3684210526315789,0.10526315789473684,0.6975,0.10322911411031288
11,0.0,0.3684210526315789,0.13157894736842105,0.705,0.09379165741152035
11,0.0,0.3684210526315789,0.15789473684210525,0.7025,0.09287087810503354
11,0.0,0.3684210526315789,0.18421052631578946,0.7025,0.09287087810503354
11,0.0,0.3684210526315789,0.21052631578947367,0.67,0.12642932808490284
11,0.0,0.3684210526315789,0.23684210526315788,0.67,0.12642932808490284
11,0.0,0.3684210526315789,0.2631578947368421,0.6375,0.07447734554883119
11,0.0,0.3684210526315789,0.2894736842105263,0.655,0.05199158585771357
11,0.0,0.3684210526315789,0.3157894736842105,0.655,0.05199158585771357
11,0.0,0.3684210526315789,0.3421052631578947,0.655,0.05199158585771357
11,0.0,0.3684210526315789,0.3684210526315789,0.6525000000000001,0.05108204185425638
11,0.0,0.3684210526315789,0.39473684210526316,0.6525000000000001,0.05108204185425638
11,0.0,0.3684210526315789,0.42105263157894735,0.65,0.04592793267718457
11,0.0,0.3684210526315789,0.4473684210526315,0.63,0.07320775232173159
11,0.0,0.3684210526315789,0.47368421052631576,0.63,0.07320775232173159
11,0.0,0.3684210526315789,0.5,0.63,0.07320775232173159
11,0.0,0.42105263157894735,0.0,0.725,0.09802741963348824
11,0.0,0.42105263157894735,0.02631578947368421,0.7449999999999999,0.09984362773857927
11,0.0,0.42105263157894735,0.05263157894736842,0.7375,0.09722718241315026
11,0.0,0.42105263157894735,0.07894736842105263,0.7324999999999999,0.0921106671347027
11,0.0,0.42105263157894735,0.10526315789473684,0.7324999999999999,0.0921106671347027
11,0.0,0.42105263157894735,0.13157894736842105,0.7125000000000001,0.08705242673240074
11,0.0,0.42105263157894735,0.15789473684210525,0.72,0.0912585612422199
11,0.0,0.42105263157894735,0.18421052631578946,0.7250000000000001,0.09560661587986473
11,0.0,0.42105263157894735,0.21052631578947367,0.7125000000000001,0.07756046028744286
11,0.0,0.42105263157894735,0.23684210526315788,0.7100000000000001,0.07416198487095663
11,0.0,0.42105263157894735,0.2631578947368421,0.675,0.05077524002897477
11,0.0,0.42105263157894735,0.2894736842105263,0.6725,0.05108204185425639
11,0.0,0.42105263157894735,0.3157894736842105,0.6725,0.05108204185425639
11,0.0,0.42105263157894735,0.3421052631578947,0.6375,0.07234898064243893
11,0.0,0.42105263157894735,0.3684210526315789,0.6375,0.07234898064243893
11,0.0,0.42105263157894735,0.39473684210526316,0.635,0.07675040716504376
11,0.0,0.42105263157894735,0.42105263157894735,0.6325,0.077358742233829
11,0.0,0.42105263157894735,0.4473684210526315,0.63,0.07320775232173159
11,0.0,0.42105263157894735,0.47368421052631576,0.63,0.07320775232173159
11,0.0,0.42105263157894735,0.5,0.63,0.07320775232173159
11,0.0,0.47368421052631576,0.0,0.725,0.09802741963348824
11,0.0,0.47368421052631576,0.02631578947368421,0.7449999999999999,0.09984362773857927
11,0.0,0.47368421052631576,0.05263157894736842,0.7375,0.09722718241315026
11,0.0,0.47368421052631576,0.07894736842105263,0.7324999999999999,0.0921106671347027
11,0.0,0.47368421052631576,0.10526315789473684,0.7324999999999999,0.0921106671347027
11,0.0,0.47368421052631576,0.13157894736842105,0.7125000000000001,0.08705242673240074
11,0.0,0.47368421052631576,0.15789473684210525,0.72,0.0912585612422199
11,0.0,0.47368421052631576,0.18421052631578946,0.7250000000000001,0.09560661587986473
11,0.0,0.47368421052631576,0.21052631578947367,0.7250000000000001,0.09560661587986473
11,0.0,0.47368421052631576,0.23684210526315788,0.7225,0.09329054078522644
11,0.0,0.47368421052631576,0.2631578947368421,0.6925,0.077358742233829
11,0.0,0.47368421052631576,0.2894736842105263,0.6925,0.077358742233829
11,0.0,0.47368421052631576,0.3157894736842105,0.6925,0.077358742233829
11,0.0,0.47368421052631576,0.3421052631578947,0.6575,0.10178101492911142
11,0.0,0.47368421052631576,0.3684210526315789,0.655,0.09706634329158591
11,0.0,0.47368421052631576,0.39473684210526316,0.6525000000000001,0.10093314619093176
11,0.0,0.47368421052631576,0.42105263157894735,0.65,0.10193441518937557
11,0.0,0.47368421052631576,0.4473684210526315,0.65,0.10193441518937557
11,0.0,0.47368421052631576,0.47368421052631576,0.635,0.07675040716504374
11,0.0,0.47368421052631576,0.5,0.635,0.07675040716504374
11,0.0,0.5263157894736842,0.0,0.725,0.09802741963348824
11,0.0,0.5263157894736842,0.02631578947368421,0.7449999999999999,0.09984362773857927
11,0.0,0.5263157894736842,0.05263157894736842,0.7375,0.09722718241315026
11,0.0,0.5263157894736842,0.07894736842105263,0.7324999999999999,0.0921106671347027
11,0.0,0.5263157894736842,0.10526315789473684,0.7324999999999999,0.0921106671347027
11,0.0,0.5263157894736842,0.13157894736842105,0.7125000000000001,0.08705242673240074
11,0.0,0.5263157894736842,0.15789473684210525,0.72,0.0912585612422199
11,0.0,0.5263157894736842,0.18421052631578946,0.7250000000000001,0.09560661587986473
11,0.0,0.5263157894736842,0.21052631578947367,0.7175,0.10292594425119451
11,0.0,0.5263157894736842,0.23684210526315788,0.7150000000000001,0.10054538776095101
11,0.0,0.5263157894736842,0.2631578947368421,0.6925,0.077358742233829
11,0.0,0.5263157894736842,0.2894736842105263,0.6925,0.077358742233829
11,0.0,0.5263157894736842,0.3157894736842105,0.6575,0.10178101492911142
11,0.0,0.5263157894736842,0.3421052631578947,0.6575,0.10178101492911142
11,0.0,0.5263157894736842,0.3684210526315789,0.6475,0.10093314619093176
11,0.0,0.5263157894736842,0.39473684210526316,0.6475,0.10093314619093176
11,0.0,0.5263157894736842,0.42105263157894735,0.6475,0.10093314619093176
11,0.0,0.5263157894736842,0.4473684210526315,0.6325000000000001,0.07479137650825794
11,0.0,0.5263157894736842,0.47368421052631576,0.6325000000000001,0.07479137650825794
11,0.0,0.5263157894736842,0.5,0.63,0.07320775232173159
11,0.0,0.5789473684210527,0.0,0.725,0.09802741963348824
11,0.0,0.5789473684210527,0.02631578947368421,0.7449999999999999,0.09984362773857927
11,0.0,0.5789473684210527,0.05263157894736842,0.7375,0.09722718241315026
11,0.0,0.5789473684210527,0.07894736842105263,0.7224999999999999,0.07363338237511569
11,0.0,0.5789473684210527,0.10526315789473684,0.7224999999999999,0.07363338237511569
11,0.0,0.5789473684210527,0.13157894736842105,0.7200000000000001,0.10216408370851274
11,0.0,0.5789473684210527,0.15789473684210525,0.71,0.0746868462314483
11,0.0,0.5789473684210527,0.18421052631578946,0.7150000000000001,0.08071942145481473
11,0.0,0.5789473684210527,0.21052631578947367,0.7074999999999999,0.08821139382188678
11,0.0,0.5789473684210527,0.23684210526315788,0.655,0.09706634329158591
11,0.0,0.5789473684210527,0.2631578947368421,0.655,0.09706634329158591
11,0.0,0.5789473684210527,0.2894736842105263,0.6525000000000001,0.09818668443327742
11,0.0,0.5789473684210527,0.3157894736842105,0.665,0.13240562676865358
11,0.0,0.5789473684210527,0.3421052631578947,0.6625,0.13549677117924247
11,0.0,0.5789473684210527,0.3684210526315789,0.6625,0.13549677117924247
11,0.0,0.5789473684210527,0.39473684210526316,0.6575,0.12518735958554283
11,0.0,0.5789473684210527,0.42105263157894735,0.6575,0.12518735958554283
11,0.0,0.5789473684210527,0.4473684210526315,0.6325,0.077358742233829
11,0.0,0.5789473684210527,0.47368421052631576,0.63,0.07320775232173159
11,0.0,0.5789473684210527,0.5,0.63,0.07320775232173159
11,0.0,0.631578947368421,0.0,0.725,0.09802741963348824
11,0.0,0.631578947368421,0.02631578947368421,0.7449999999999999,0.09984362773857927
11,0.0,0.631578947368421,0.05263157894736842,0.7375,0.09722718241315026
11,0.0,0.631578947368421,0.07894736842105263,0.7224999999999999,0.07363338237511569
11,0.0,0.631578947368421,0.10526315789473684,0.75,0.10116508785149152
11,0.0,0.631578947368421,0.13157894736842105,0.7474999999999999,0.12418484207019792
11,0.0,0.631578947368421,0.15789473684210525,0.6875,0.06673173907519572
11,0.0,0.631578947368421,0.18421052631578946,0.6625,0.09560661587986474
11,0.0,0.631578947368421,0.21052631578947367,0.655,0.09706634329158591
11,0.0,0.631578947368421,0.23684210526315788,0.6525000000000001,0.09818668443327742
11,0.0,0.631578947368421,0.2631578947368421,0.6475,0.09658221886040931
11,0.0,0.631578947368421,0.2894736842105263,0.6475,0.09658221886040931
11,0.0,0.631578947368421,0.3157894736842105,0.6625,0.13549677117924247
11,0.0,0.631578947368421,0.3421052631578947,0.6325,0.077358742233829
11,0.0,0.631578947368421,0.3684210526315789,0.6325,0.077358742233829
11,0.0,0.631578947368421,0.39473684210526316,0.6325,0.077358742233829
11,0.0,0.631578947368421,0.42105263157894735,0.6325,0.077358742233829
11,0.0,0.631578947368421,0.4473684210526315,0.6325,0.077358742233829
11,0.0,0.631578947368421,0.47368421052631576,0.6325,0.077358742233829
11,0.0,0.631578947368421,0.5,0.6325,0.077358742233829
11,0.0,0.6842105263157894,0.0,0.725,0.09802741963348824
11,0.0,0.6842105263157894,0.02631578947368421,0.7449999999999999,0.09984362773857927
11,0.0,0.6842105263157894,0.05263157894736842,0.7449999999999999,0.09984362773857927
11,0.0,0.6842105263157894,0.07894736842105263,0.7324999999999999,0.07935285124051938
11,0.0,0.6842105263157894,0.10526315789473684,0.7375,0.08431710977020025
11,0.0,0.6842105263157894,0.13157894736842105,0.7125,0.10193441518937556
11,0.0,0.6842105263157894,0.15789473684210525,0.71,0.0746868462314483
11,0.0,0.6842105263157894,0.18421052631578946,0.6625,0.09560661587986474
11,0.0,0.6842105263157894,0.21052631578947367,0.655,0.09706634329158591
11,0.0,0.6842105263157894,0.23684210526315788,0.6525000000000001,0.10093314619093176
11,0.0,0.6842105263157894,0.2631578947368421,0.6525000000000001,0.10093314619093176
11,0.0,0.6842105263157894,0.2894736842105263,0.6475,0.09937303457175896
11,0.0,0.6842105263157894,0.3157894736842105,0.665,0.13445491809524854
11,0.0,0.6842105263157894,0.3421052631578947,0.6325,0.077358742233829
11,0.0,0.6842105263157894,0.3684210526315789,0.6325,0.077358742233829
11,0.0,0.6842105263157894,0.39473684210526316,0.6325,0.077358742233829
11,0.0,0.6842105263157894,0.42105263157894735,0.6325,0.077358742233829
11,0.0,0.6842105263157894,0.4473684210526315,0.6325,0.077358742233829
11,0.0,0.6842105263157894,0.47368421052631576,0.6325,0.077358742233829
11,0.0,0.6842105263157894,0.5,0.6325,0.077358742233829
11,0.0,0.7368421052631579,0.0,0.725,0.09802741963348824
11,0.0,0.7368421052631579,0.02631578947368421,0.7449999999999999,0.09984362773857927
11,0.0,0.7368421052631579,0.05263157894736842,0.7449999999999999,0.09984362773857927
11,0.0,0.7368421052631579,0.07894736842105263,0.7375,0.08431710977020025
11,0.0,0.7368421052631579,0.10526315789473684,0.7174999999999999,0.0732077523217316
11,0.0,0.7368421052631579,0.13157894736842105,0.7074999999999999,0.10774680969754973
11,0.0,0.7368421052631579,0.15789473684210525,0.675,0.07447734554883118
11,0.0,0.7368421052631579,0.18421052631578946,0.655,0.09706634329158591
11,0.0,0.7368421052631579,0.21052631578947367,0.65,0.10193441518937557
11,0.0,0.7368421052631579,0.23684210526315788,0.65,0.10193441518937557
11,0.0,0.7368421052631579,0.2631578947368421,0.65,0.10193441518937557
11,0.0,0.7368421052631579,0.2894736842105263,0.65,0.10193441518937557
11,0.0,0.7368421052631579,0.3157894736842105,0.6375,0.08052561704203204
11,0.0,0.7368421052631579,0.3421052631578947,0.6325,0.077358742233829
11,0.0,0.7368421052631579,0.3684210526315789,0.6325,0.077358742233829
11,0.0,0.7368421052631579,0.39473684210526316,0.6325,0.077358742233829
11,0.0,0.7368421052631579,0.42105263157894735,0.6325,0.077358742233829
11,0.0,0.7368421052631579,0.4473684210526315,0.6325,0.077358742233829
11,0.0,0.7368421052631579,0.47368421052631576,0.63,0.07320775232173159
11,0.0,0.7368421052631579,0.5,0.63,0.07320775232173159
11,0.0,0.7894736842105263,0.0,0.725,0.09802741963348824
11,0.0,0.7894736842105263,0.02631578947368421,0.7474999999999999,0.10131942064579721
11,0.0,0.7894736842105263,0.05263157894736842,0.74,0.09778803607803971
11,0.0,0.7894736842105263,0.07894736842105263,0.72,0.0732077523217316
11,0.0,0.7894736842105263,0.10526315789473684,0.75,0.10116508785149152
11,0.0,0.7894736842105263,0.13157894736842105,0.7175,0.1017810149291114
11,0.0,0.7894736842105263,0.15789473684210525,0.6599999999999999,0.09976534969617458
11,0.0,0.7894736842105263,0.18421052631578946,0.6599999999999999,0.09976534969617458
11,0.0,0.7894736842105263,0.21052631578947367,0.6525000000000001,0.10093314619093176
11,0.0,0.7894736842105263,0.23684210526315788,0.6525000000000001,0.10093314619093176
11,0.0,0.7894736842105263,0.2631578947368421,0.6475,0.09937303457175896
11,0.0,0.7894736842105263,0.2894736842105263,0.6475,0.09937303457175896
11,0.0,0.7894736842105263,0.3157894736842105,0.635,0.07675040716504376
11,0.0,0.7894736842105263,0.3421052631578947,0.64,0.07675040716504376
11,0.0,0.7894736842105263,0.3684210526315789,0.6325,0.077358742233829
11,0.0,0.7894736842105263,0.39473684210526316,0.6325,0.077358742233829
11,0.0,0.7894736842105263,0.42105263157894735,0.6325,0.077358742233829
11,0.0,0.7894736842105263,0.4473684210526315,0.63,0.07320775232173159
11,0.0,0.7894736842105263,0.47368421052631576,0.63,0.07320775232173159
11,0.0,0.7894736842105263,0.5,0.63,0.07320775232173159
11,0.0,0.8421052631578947,0.0,0.725,0.09802741963348824
11,0.0,0.8421052631578947,0.02631578947368421,0.7474999999999999,0.10131942064579721
11,0.0,0.8421052631578947,0.05263157894736842,0.74,0.09778803607803971
11,0.0,0.8421052631578947,0.07894736842105263,0.72,0.0732077523217316
11,0.0,0.8421052631578947,0.10526315789473684,0.735,0.10875718367078104
11,0.0,0.8421052631578947,0.13157894736842105,0.7125,0.09142961773954873
11,0.0,0.8421052631578947,0.15789473684210525,0.6725,0.12292019768939523
11,0.0,0.8421052631578947,0.18421052631578946,0.6725,0.12292019768939523
11,0.0,0.8421052631578947,0.21052631578947367,0.6725,0.12292019768939523
11,0.0,0.8421052631578947,0.23684210526315788,0.6725,0.12292019768939523
11,0.0,0.8421052631578947,0.2631578947368421,0.6725,0.13270032027090212
11,0.0,0.8421052631578947,0.2894736842105263,0.6625,0.13549677117924247
11,0.0,0.8421052631578947,0.3157894736842105,0.6799999999999999,0.17243658254558397
11,0.0,0.8421052631578947,0.3421052631578947,0.6799999999999999,0.17243658254558397
11,0.0,0.8421052631578947,0.3684210526315789,0.6649999999999999,0.14070136815255208
11,0.0,0.8421052631578947,0.39473684210526316,0.63,0.07320775232173159
11,0.0,0.8421052631578947,0.42105263157894735,0.63,0.07320775232173159
11,0.0,0.8421052631578947,0.4473684210526315,0.63,0.07320775232173159
11,0.0,0.8421052631578947,0.47368421052631576,0.63,0.07320775232173159
11,0.0,0.8421052631578947,0.5,0.63,0.07320775232173159
11,0.0,0.894736842105263,0.0,0.725,0.09802741963348824
11,0.0,0.894736842105263,0.02631578947368421,0.7474999999999999,0.10131942064579721
11,0.0,0.894736842105263,0.05263157894736842,0.74,0.09778803607803971
11,0.0,0.894736842105263,0.07894736842105263,0.72,0.0732077523217316
11,0.0,0.894736842105263,0.10526315789473684,0.75,0.10116508785149152
11,0.0,0.894736842105263,0.13157894736842105,0.7275,0.08723173161183953
11,0.0,0.894736842105263,0.15789473684210525,0.665,0.12481235916366618
11,0.0,0.894736842105263,0.18421052631578946,0.665,0.12481235916366618
11,0.0,0.894736842105263,0.21052631578947367,0.665,0.12481235916366618
11,0.0,0.894736842105263,0.23684210526315788,0.68,0.1616806265450502
11,0.0,0.894736842105263,0.2631578947368421,0.65,0.11004260538536878
11,0.0,0.894736842105263,0.2894736842105263,0.65,0.11004260538536878
11,0.0,0.894736842105263,0.3157894736842105,0.65,0.11004260538536878
11,0.0,0.894736842105263,0.3421052631578947,0.65,0.11004260538536878
11,0.0,0.894736842105263,0.3684210526315789,0.63,0.07320775232173159
11,0.0,0.894736842105263,0.39473684210526316,0.63,0.07320775232173159
11,0.0,0.894736842105263,0.42105263157894735,0.63,0.07320775232173159
11,0.0,0.894736842105263,0.4473684210526315,0.63,0.07320775232173159
11,0.0,0.894736842105263,0.47368421052631576,0.63,0.07320775232173159
11,0.0,0.894736842105263,0.5,0.63,0.07320775232173159
11,0.0,0.9473684210526315,0.0,0.725,0.09802741963348824
11,0.0,0.9473684210526315,0.02631578947368421,0.7474999999999999,0.10131942064579721
11,0.0,0.9473684210526315,0.05263157894736842,0.74,0.09778803607803971
11,0.0,0.9473684210526315,0.07894736842105263,0.72,0.0732077523217316
11,0.0,0.9473684210526315,0.10526315789473684,0.75,0.10116508785149152
11,0.0,0.9473684210526315,0.13157894736842105,0.675,0.11924240017711824
11,0.0,0.9473684210526315,0.15789473684210525,0.6725,0.12292019768939523
11,0.0,0.9473684210526315,0.18421052631578946,0.665,0.12481235916366618
11,0.0,0.9473684210526315,0.21052631578947367,0.665,0.12481235916366618
11,0.0,0.9473684210526315,0.23684210526315788,0.68,0.1616806265450502
11,0.0,0.9473684210526315,0.2631578947368421,0.65,0.11004260538536878
11,0.0,0.9473684210526315,0.2894736842105263,0.65,0.11004260538536878
11,0.0,0.9473684210526315,0.3157894736842105,0.65,0.11004260538536878
11,0.0,0.9473684210526315,0.3421052631578947,0.65,0.11004260538536878
11,0.0,0.9473684210526315,0.3684210526315789,0.63,0.07320775232173159
11,0.0,0.9473684210526315,0.39473684210526316,0.63,0.07320775232173159
11,0.0,0.9473684210526315,0.42105263157894735,0.63,0.07320775232173159
11,0.0,0.9473684210526315,0.4473684210526315,0.63,0.07320775232173159
11,0.0,0.9473684210526315,0.47368421052631576,0.63,0.07320775232173159
11,0.0,0.9473684210526315,0.5,0.63,0.07320775232173159
11,0.0,1.0,0.0,0.725,0.09802741963348824
11,0.0,1.0,0.02631578947368421,0.7474999999999999,0.10131942064579721
11,0.0,1.0,0.05263157894736842,0.74,0.09778803607803971
11,0.0,1.0,0.07894736842105263,0.7275,0.07572565615430478
11,0.0,1.0,0.10526315789473684,0.7375,0.10716517624676403
11,0.0,1.0,0.13157894736842105,0.74,0.12972326314119606
11,0.0,1.0,0.15789473684210525,0.6925000000000001,0.1547679714928124
11,0.0,1.0,0.18421052631578946,0.6824999999999999,0.1604680653588121
11,0.0,1.0,0.21052631578947367,0.6824999999999999,0.1604680653588121
11,0.0,1.0,0.23684210526315788,0.655,0.1113131843044659
11,0.0,1.0,0.2631578947368421,0.655,0.1113131843044659
11,0.0,1.0,0.2894736842105263,0.65,0.11004260538536878
11,0.0,1.0,0.3157894736842105,0.65,0.11004260538536878
11,0.0,1.0,0.3421052631578947,0.65,0.11004260538536878
11,0.0,1.0,0.3684210526315789,0.65,0.11004260538536878
11,0.0,1.0,0.39473684210526316,0.63,0.07320775232173159
11,0.0,1.0,0.42105263157894735,0.63,0.07320775232173159
11,0.0,1.0,0.4473684210526315,0.63,0.07320775232173159
11,0.0,1.0,0.47368421052631576,0.63,0.07320775232173159
11,0.0,1.0,0.5,0.63,0.07320775232173159
11,0.5,0.0,0.0,0.725,0.09802741963348824
11,0.5,0.0,0.02631578947368421,0.7025,0.08587782018658832
11,0.5,0.0,0.05263157894736842,0.7075,0.08459462157844314
11,0.5,0.0,0.07894736842105263,0.705,0.08596874432024698
11,0.5,0.0,0.10526315789473684,0.705,0.08596874432024698
11,0.5,0.0,0.13157894736842105,0.7474999999999999,0.14399435752834208
11,0.5,0.0,0.15789473684210525,0.7175,0.10480636908127293
11,0.5,0.0,0.18421052631578946,0.7024999999999999,0.0890049155945895
11,0.5,0.0,0.21052631578947367,0.7075,0.0921106671347027
11,0.5,0.0,0.23684210526315788,0.6975,0.09074345706440767
11,0.5,0.0,0.2631578947368421,0.6950000000000001,0.08996527107723291
11,0.5,0.0,0.2894736842105263,0.6950000000000001,0.08996527107723291
11,0.5,0.0,0.3157894736842105,0.6925000000000001,0.08505512918101997
11,0.5,0.0,0.3421052631578947,0.6799999999999999,0.06531175238806565
11,0.5,0.0,0.3684210526315789,0.6649999999999999,0.06812213296719356
11,0.5,0.0,0.39473684210526316,0.6649999999999999,0.06812213296719356
11,0.5,0.0,0.42105263157894735,0.6475,0.0890049155945895
11,0.5,0.0,0.4473684210526315,0.6475,0.0890049155945895
11,0.5,0.0,0.47368421052631576,0.6475,0.0890049155945895
11,0.5,0.0,0.5,0.6475,0.0890049155945895
11,0.5,0.05263157894736842,0.0,0.725,0.09802741963348824
11,0.5,0.05263157894736842,0.02631578947368421,0.7025,0.08587782018658832
11,0.5,0.05263157894736842,0.05263157894736842,0.7075,0.08459462157844314
11,0.5,0.05263157894736842,0.07894736842105263,0.705,0.08596874432024698
11,0.5,0.05263157894736842,0.10526315789473684,0.7275,0.09818668443327741
11,0.5,0.05263157894736842,0.13157894736842105,0.7050000000000001,0.09786789565531694
11,0.5,0.05263157894736842,0.15789473684210525,0.7074999999999999,0.0986629363033556
11,0.5,0.05263157894736842,0.18421052631578946,0.7024999999999999,0.0890049155945895
11,0.5,0.05263157894736842,0.21052631578947367,0.715,0.09897916447414579
11,0.5,0.05263157894736842,0.23684210526315788,0.7125,0.10193441518937557
11,0.5,0.05263157894736842,0.2631578947368421,0.6849999999999999,0.09031195934094222
11,0.5,0.05263157894736842,0.2894736842105263,0.6849999999999999,0.09031195934094222
11,0.5,0.05263157894736842,0.3157894736842105,0.6824999999999999,0.08505512918101997
11,0.5,0.05263157894736842,0.3421052631578947,0.6725,0.06459005341381907
11,0.5,0.05263157894736842,0.3684210526315789,0.6725,0.06459005341381907
11,0.5,0.05263157894736842,0.39473684210526316,0.67,0.06531175238806565
11,0.5,0.05263157894736842,0.42105263157894735,0.6475,0.0890049155945895
11,0.5,0.05263157894736842,0.4473684210526315,0.6475,0.0890049155945895
11,0.5,0.05263157894736842,0.47368421052631576,0.6475,0.0890049155945895
11,0.5,0.05263157894736842,0.5,0.6475,0.0890049155945895
11,0.5,0.10526315789473684,0.0,0.725,0.09802741963348824
11,0.5,0.10526315789473684,0.02631578947368421,0.7025,0.08587782018658832
11,0.5,0.10526315789473684,0.05263157894736842,0.7075,0.08459462157844314
11,0.5,0.10526315789473684,0.07894736842105263,0.7075,0.08459462157844314
11,0.5,0.10526315789473684,0.10526315789473684,0.73,0.09625811654089227
11,0.5,0.10526315789473684,0.13157894736842105,0.7125,0.09142961773954873
11,0.5,0.10526315789473684,0.15789473684210525,0.7150000000000001,0.09202581159652982
11,0.5,0.10526315789473684,0.18421052631578946,0.7100000000000001,0.08215838362577493
11,0.5,0.10526315789473684,0.21052631578947367,0.7225,0.09160035480280633
11,0.5,0.10526315789473684,0.23684210526315788,0.7225,0.09160035480280633
11,0.5,0.10526315789473684,0.2631578947368421,0.6950000000000001,0.0827269605388715
11,0.5,0.10526315789473684,0.2894736842105263,0.6950000000000001,0.0827269605388715
11,0.5,0.10526315789473684,0.3157894736842105,0.6900000000000001,0.07875992001011681
11,0.5,0.10526315789473684,0.3421052631578947,0.6799999999999999,0.05768990379607164
11,0.5,0.10526315789473684,0.3684210526315789,0.6799999999999999,0.05768990379607164
11,0.5,0.10526315789473684,0.39473684210526316,0.6775,0.05889609494694874
11,0.5,0.10526315789473684,0.42105263157894735,0.6749999999999999,0.06059599821770413
11,0.5,0.10526315789473684,0.4473684210526315,0.6749999999999999,0.06059599821770413
11,0.5,0.10526315789473684,0.47368421052631576,0.6649999999999999,0.06812213296719356
11,0.5,0.10526315789473684,0.5,0.6649999999999999,0.06812213296719356
11,0.5,0.15789473684210525,0.0,0.725,0.09802741963348824
11,0.5,0.15789473684210525,0.02631578947368421,0.7025,0.08587782018658832
11,0.5,0.15789473684210525,0.05263157894736842,0.7075,0.08459462157844314
11,0.5,0.15789473684210525,0.07894736842105263,0.7075,0.08459462157844314
11,0.5,0.15789473684210525,0.10526315789473684,0.73,0.09625811654089227
11,0.5,0.15789473684210525,0.13157894736842105,0.7025,0.0651920240520265
11,0.5,0.15789473684210525,0.15789473684210525,0.7050000000000001,0.06649718039135195
11,0.5,0.15789473684210525,0.18421052631578946,0.7025,0.06812213296719359
11,0.5,0.15789473684210525,0.21052631578947367,0.7150000000000001,0.08071942145481473
11,0.5,0.15789473684210525,0.23684210526315788,0.7150000000000001,0.08071942145481473
11,0.5,0.15789473684210525,0.2631578947368421,0.7,0.10606601717798211
11,0.5,0.15789473684210525,0.2894736842105263,0.6925000000000001,0.0962581165408923
11,0.5,0.15789473684210525,0.3157894736842105,0.6849999999999999,0.07974568953868288
11,0.5,0.15789473684210525,0.3421052631578947,0.6849999999999999,0.07974568953868288
11,0.5,0.15789473684210525,0.3684210526315789,0.6849999999999999,0.07974568953868288
11,0.5,0.15789473684210525,0.39473684210526316,0.6824999999999999,0.08081614937622304
11,0.5,0.15789473684210525,0.42105263157894735,0.66,0.03893102875599359
11,0.5,0.15789473684210525,0.4473684210526315,0.66,0.03893102875599359
11,0.5,0.15789473684210525,0.47368421052631576,0.6500000000000001,0.04592793267718457
11,0.5,0.15789473684210525,0.5,0.6500000000000001,0.04592793267718457
11,0.5,0.21052631578947367,0.0,0.725,0.09802741963348824
11,0.5,0.21052631578947367,0.02631578947368421,0.725,0.09142961773954869
11,0.5,0.21052631578947367,0.05263157894736842,0.7175,0.08642193008721802
11,0.5,0.21052631578947367,0.07894736842105263,0.7175,0.08642193008721802
11,0.5,0.21052631578947367,0.10526315789473684,0.7175,0.08642193008721802
11,0.5,0.21052631578947367,0.13157894736842105,0.7074999999999999,0.06823672031978091
11,0.5,0.21052631578947367,0.15789473684210525,0.7125,0.08970437559004578
11,0.5,0.21052631578947367,0.18421052631578946,0.7125,0.09142961773954873
11,0.5,0.21052631578947367,0.21052631578947367,0.71,0.09117291264405236
11,0.5,0.21052631578947367,0.23684210526315788,0.71,0.09117291264405236
11,0.5,0.21052631578947367,0.2631578947368421,0.6875,0.05376453291901643
11,0.5,0.21052631578947367,0.2894736842105263,0.6824999999999999,0.051991585857713574
11,0.5,0.21052631578947367,0.3157894736842105,0.675,0.04419417382415923
11,0.5,0.21052631578947367,0.3421052631578947,0.675,0.04419417382415923
11,0.5,0.21052631578947367,0.3684210526315789,0.6425000000000001,0.07213269023126757
11,0.5,0.21052631578947367,0.39473684210526316,0.6425000000000001,0.07213269023126757
11,0.5,0.21052631578947367,0.42105263157894735,0.6425000000000001,0.07213269023126757
11,0.5,0.21052631578947367,0.4473684210526315,0.6425000000000001,0.07213269023126757
11,0.5,0.21052631578947367,0.47368421052631576,0.6425000000000001,0.07213269023126757
11,0.5,0.21052631578947367,0.5,0.6375,0.07234898064243893
11,0.5,0.2631578947368421,0.0,0.725,0.09802741963348824
11,0.5,0.2631578947368421,0.02631578947368421,0.725,0.09142961773954869
11,0.5,0.2631578947368421,0.05263157894736842,0.7175,0.08642193008721802
11,0.5,0.2631578947368421,0.07894736842105263,0.7175,0.08642193008721802
11,0.5,0.2631578947368421,0.10526315789473684,0.7175,0.08642193008721802
11,0.5,0.2631578947368421,0.13157894736842105,0.7074999999999999,0.06823672031978091
11,0.5,0.2631578947368421,0.15789473684210525,0.7125,0.08970437559004578
11,0.5,0.2631578947368421,0.18421052631578946,0.7125,0.09142961773954873
11,0.5,0.2631578947368421,0.21052631578947367,0.71,0.09117291264405236
11,0.5,0.2631578947368421,0.23684210526315788,0.71,0.09117291264405236
11,0.5,0.2631578947368421,0.2631578947368421,0.6849999999999999,0.05548085255293038
11,0.5,0.2631578947368421,0.2894736842105263,0.6824999999999999,0.051991585857713574
11,0.5,0.2631578947368421,0.3157894736842105,0.675,0.04419417382415923
11,0.5,0.2631578947368421,0.3421052631578947,0.675,0.04419417382415923
11,0.5,0.2631578947368421,0.3684210526315789,0.6425000000000001,0.07213269023126757
11,0.5,0.2631578947368421,0.39473684210526316,0.65,0.07500000000000002
11,0.5,0.2631578947368421,0.42105263157894735,0.65,0.07500000000000002
11,0.5,0.2631578947368421,0.4473684210526315,0.65,0.07500000000000002
11,0.5,0.2631578947368421,0.47368421052631576,0.65,0.07500000000000002
11,0.5,0.2631578947368421,0.5,0.65,0.07500000000000002
11,0.5,0.3157894736842105,0.0,0.725,0.09802741963348824
11,0.5,0.3157894736842105,0.02631578947368421,0.725,0.09142961773954869
11,0.5,0.3157894736842105,0.05263157894736842,0.7175,0.08642193008721802
11,0.5,0.3157894736842105,0.07894736842105263,0.7175,0.08642193008721802
11,0.5,0.3157894736842105,0.10526315789473684,0.7175,0.08642193008721802
11,0.5,0.3157894736842105,0.13157894736842105,0.7074999999999999,0.06823672031978091
11,0.5,0.3157894736842105,0.15789473684210525,0.7125,0.08970437559004578
11,0.5,0.3157894736842105,0.18421052631578946,0.72,0.09125856124221991
11,0.5,0.3157894736842105,0.21052631578947367,0.7150000000000001,0.08987839006123775
11,0.5,0.3157894736842105,0.23684210526315788,0.7150000000000001,0.08987839006123775
11,0.5,0.3157894736842105,0.2631578947368421,0.675,0.04238956239453294
11,0.5,0.3157894736842105,0.2894736842105263,0.675,0.04238956239453294
11,0.5,0.3157894736842105,0.3157894736842105,0.6625,0.046770717334674285
11,0.5,0.3157894736842105,0.3421052631578947,0.6625,0.046770717334674285
11,0.5,0.3157894736842105,0.3684210526315789,0.6725,0.04275657844121769
11,0.5,0.3157894736842105,0.39473684210526316,0.6425000000000001,0.07213269023126757
11,0.5,0.3157894736842105,0.42105263157894735,0.6425000000000001,0.07213269023126757
11,0.5,0.3157894736842105,0.4473684210526315,0.6425000000000001,0.07213269023126757
11,0.5,0.3157894736842105,0.47368421052631576,0.6325,0.077358742233829
11,0.5,0.3157894736842105,0.5,0.6325,0.077358742233829
11,0.5,0.3684210526315789,0.0,0.725,0.09802741963348824
11,0.5,0.3684210526315789,0.02631578947368421,0.7324999999999999,0.1048063690812729
11,0.5,0.3684210526315789,0.05263157894736842,0.725,0.10116508785149152
11,0.5,0.3684210526315789,0.07894736842105263,0.7224999999999999,0.09617692030835673
11,0.5,0.3684210526315789,0.10526315789473684,0.7224999999999999,0.09617692030835673
11,0.5,0.3684210526315789,0.13157894736842105,0.7125,0.07705517503711218
11,0.5,0.3684210526315789,0.15789473684210525,0.7100000000000001,0.08450221890577785
11,0.5,0.3684210526315789,0.18421052631578946,0.7175,0.08642193008721802
11,0.5,0.3684210526315789,0.21052631578947367,0.7125,0.08477912478906584
11,0.5,0.3684210526315789,0.23684210526315788,0.7125,0.08477912478906584
11,0.5,0.3684210526315789,0.2631578947368421,0.675,0.04238956239453294
11,0.5,0.3684210526315789,0.2894736842105263,0.675,0.04238956239453294
11,0.5,0.3684210526315789,0.3157894736842105,0.675,0.04238956239453294
11,0.5,0.3684210526315789,0.3421052631578947,0.675,0.04238956239453294
11,0.5,0.3684210526315789,0.3684210526315789,0.6725,0.04275657844121769
11,0.5,0.3684210526315789,0.39473684210526316,0.6425000000000001,0.07213269023126757
11,0.5,0.3684210526315789,0.42105263157894735,0.6325,0.077358742233829
11,0.5,0.3684210526315789,0.4473684210526315,0.63,0.07320775232173159
11,0.5,0.3684210526315789,0.47368421052631576,0.63,0.07320775232173159
11,0.5,0.3684210526315789,0.5,0.63,0.07320775232173159
11,0.5,0.42105263157894735,0.0,0.725,0.09802741963348824
11,0.5,0.42105263157894735,0.02631578947368421,0.7449999999999999,0.09984362773857927
11,0.5,0.42105263157894735,0.05263157894736842,0.7375,0.09722718241315026
11,0.5,0.42105263157894735,0.07894736842105263,0.735,0.09244931043550299
11,0.5,0.42105263157894735,0.10526315789473684,0.75,0.10116508785149153
11,0.5,0.42105263157894735,0.13157894736842105,0.7224999999999999,0.0961769203083567
11,0.5,0.42105263157894735,0.15789473684210525,0.7274999999999999,0.10322911411031287
11,0.5,0.42105263157894735,0.18421052631578946,0.72,0.09544304584410535
11,0.5,0.42105263157894735,0.21052631578947367,0.71,0.07623975340988452
11,0.5,0.42105263157894735,0.23684210526315788,0.7074999999999999,0.07836214009328739
11,0.5,0.42105263157894735,0.2631578947368421,0.6900000000000001,0.05822907349426057
11,0.5,0.42105263157894735,0.2894736842105263,0.6675000000000001,0.04201934078492904
11,0.5,0.42105263157894735,0.3157894736842105,0.6425000000000001,0.07213269023126757
11,0.5,0.42105263157894735,0.3421052631578947,0.6425000000000001,0.07213269023126757
11,0.5,0.42105263157894735,0.3684210526315789,0.6375,0.06789237807000134
11,0.5,0.42105263157894735,0.39473684210526316,0.635,0.07256462636849995
11,0.5,0.42105263157894735,0.42105263157894735,0.635,0.07256462636849995
11,0.5,0.42105263157894735,0.4473684210526315,0.635,0.07256462636849995
11,0.5,0.42105263157894735,0.47368421052631576,0.635,0.07256462636849995
11,0.5,0.42105263157894735,0.5,0.635,0.07256462636849995
11,0.5,0.47368421052631576,0.0,0.725,0.09802741963348824
11,0.5,0.47368421052631576,0.02631578947368421,0.7449999999999999,0.09984362773857927
11,0.5,0.47368421052631576,0.05263157894736842,0.7375,0.09722718241315026
11,0.5,0.47368421052631576,0.07894736842105263,0.735,0.09244931043550299
11,0.5,0.47368421052631576,0.10526315789473684,0.74,0.0941242529850835
11,0.5,0.47368421052631576,0.13157894736842105,0.7125,0.08477912478906584
11,0.5,0.47368421052631576,0.15789473684210525,0.7100000000000001,0.08900491559458948
11,0.5,0.47368421052631576,0.18421052631578946,0.7075,0.08821139382188674
11,0.5,0.47368421052631576,0.21052631578947367,0.6625,0.10038986502630633
11,0.5,0.47368421052631576,0.23684210526315788,0.6625,0.10038986502630633
11,0.5,0.47368421052631576,0.2631578947368421,0.6475,0.0746868462314483
11,0.5,0.47368421052631576,0.2894736842105263,0.6674999999999999,0.045586456322026195
11,0.5,0.47368421052631576,0.3157894736842105,0.6674999999999999,0.045586456322026195
11,0.5,0.47368421052631576,0.3421052631578947,0.6674999999999999,0.045586456322026195
11,0.5,0.47368421052631576,0.3684210526315789,0.645,0.0710413611919141
11,0.5,0.47368421052631576,0.39473684210526316,0.645,0.0710413611919141
11,0.5,0.47368421052631576,0.42105263157894735,0.64,0.07572565615430478
11,0.5,0.47368421052631576,0.4473684210526315,0.64,0.07572565615430478
11,0.5,0.47368421052631576,0.47368421052631576,0.635,0.07256462636849995
11,0.5,0.47368421052631576,0.5,0.635,0.07256462636849995
11,0.5,0.5263157894736842,0.0,0.725,0.09802741963348824
11,0.5,0.5263157894736842,0.02631578947368421,0.7449999999999999,0.09984362773857927
11,0.5,0.5263157894736842,0.05263157894736842,0.7375,0.09722718241315026
11,0.5,0.5263157894736842,0.07894736842105263,0.735,0.09244931043550299
11,0.5,0.5263157894736842,0.10526315789473684,0.74,0.0941242529850835
11,0.5,0.5263157894736842,0.13157894736842105,0.7125,0.08477912478906584
11,0.5,0.5263157894736842,0.15789473684210525,0.7100000000000001,0.08900491559458948
11,0.5,0.5263157894736842,0.18421052631578946,0.7075,0.08821139382188674
11,0.5,0.5263157894736842,0.21052631578947367,0.7,0.07342087577794207
11,0.5,0.5263157894736842,0.23684210526315788,0.7,0.07342087577794207
11,0.5,0.5263157894736842,0.2631578947368421,0.6849999999999999,0.04792572378170204
11,0.5,0.5263157894736842,0.2894736842105263,0.6475,0.0746868462314483
11,0.5,0.5263157894736842,0.3157894736842105,0.6674999999999999,0.045586456322026195
11,0.5,0.5263157894736842,0.3421052631578947,0.6475,0.0746868462314483
11,0.5,0.5263157894736842,0.3684210526315789,0.6425000000000001,0.0778620575119872
11,0.5,0.5263157894736842,0.39473684210526316,0.6425000000000001,0.0778620575119872
11,0.5,0.5263157894736842,0.42105263157894735,0.635,0.07875992001011684
11,0.5,0.5263157894736842,0.4473684210526315,0.635,0.07875992001011684
11,0.5,0.5263157894736842,0.47368421052631576,0.635,0.07875992001011684
11,0.5,0.5263157894736842,0.5,0.6325,0.077358742233829
11,0.5,0.5789473684210527,0.0,0.725,0.09802741963348824
11,0.5,0.5789473684210527,0.02631578947368421,0.75,0.10897247358851683
11,0.5,0.5789473684210527,0.05263157894736842,0.7424999999999999,0.10701927396501995
11,0.5,0.5789473684210527,0.07894736842105263,0.7424999999999999,0.10701927396501995
11,0.5,0.5789473684210527,0.10526315789473684,0.7474999999999999,0.1080364521816595
11,0.5,0.5789473684210527,0.13157894736842105,0.71,0.0807194214548147
11,0.5,0.5789473684210527,0.15789473684210525,0.7025,0.07468684623144828
11,0.5,0.5789473684210527,0.18421052631578946,0.695,0.07213269023126753
11,0.5,0.5789473684210527,0.21052631578947367,0.6975,0.07037844130129624
11,0.5,0.5789473684210527,0.23684210526315788,0.6975,0.07037844130129624
11,0.5,0.5789473684210527,0.2631578947368421,0.6975,0.07037844130129624
11,0.5,0.5789473684210527,0.2894736842105263,0.6950000000000001,0.05768990379607164
11,0.5,0.5789473684210527,0.3157894736842105,0.65,0.07500000000000002
11,0.5,0.5789473684210527,0.3421052631578947,0.6449999999999999,0.0783621400932874
11,0.5,0.5789473684210527,0.3684210526315789,0.6425000000000001,0.0778620575119872
11,0.5,0.5789473684210527,0.39473684210526316,0.64,0.07416198487095663
11,0.5,0.5789473684210527,0.42105263157894735,0.64,0.07416198487095663
11,0.5,0.5789473684210527,0.4473684210526315,0.64,0.07416198487095663
11,0.5,0.5789473684210527,0.47368421052631576,0.64,0.07416198487095663
11,0.5,0.5789473684210527,0.5,0.63,0.07320775232173159
11,0.5,0.631578947368421,0.0,0.725,0.09802741963348824
11,0.5,0.631578947368421,0.02631578947368421,0.75,0.10897247358851683
11,0.5,0.631578947368421,0.05263157894736842,0.7424999999999999,0.10701927396501995
11,0.5,0.631578947368421,0.07894736842105263,0.7424999999999999,0.10701927396501995
11,0.5,0.631578947368421,0.10526315789473684,0.7474999999999999,0.1080364521816595
11,0.5,0.631578947368421,0.13157894736842105,0.71,0.0807194214548147
11,0.5,0.631578947368421,0.15789473684210525,0.7025,0.07468684623144828
11,0.5,0.631578947368421,0.18421052631578946,0.695,0.07213269023126753
11,0.5,0.631578947368421,0.21052631578947367,0.6849999999999999,0.07520804478245663
11,0.5,0.631578947368421,0.23684210526315788,0.665,0.10015612812005066
11,0.5,0.631578947368421,0.2631578947368421,0.6625,0.10038986502630633
11,0.5,0.631578947368421,0.2894736842105263,0.6525,0.09117291264405235
11,0.5,0.631578947368421,0.3157894736842105,0.6449999999999999,0.0793528512405194
11,0.5,0.631578947368421,0.3421052631578947,0.6449999999999999,0.0793528512405194
11,0.5,0.631578947368421,0.3684210526315789,0.6449999999999999,0.0793528512405194
11,0.5,0.631578947368421,0.39473684210526316,0.6375,0.08052561704203204
11,0.5,0.631578947368421,0.42105263157894735,0.6375,0.08052561704203204
11,0.5,0.631578947368421,0.4473684210526315,0.6375,0.08052561704203204
11,0.5,0.631578947368421,0.47368421052631576,0.6375,0.08052561704203204
11,0.5,0.631578947368421,0.5,0.6375,0.08052561704203204
11,0.5,0.6842105263157894,0.0,0.725,0.09802741963348824
11,0.5,0.6842105263157894,0.02631578947368421,0.75,0.10897247358851683
11,0.5,0.6842105263157894,0.05263157894736842,0.75,0.10897247358851683
11,0.5,0.6842105263157894,0.07894736842105263,0.75,0.10897247358851683
11,0.5,0.6842105263157894,0.10526315789473684,0.7649999999999999,0.12002603884157804
11,0.5,0.6842105263157894,0.13157894736842105,0.7275,0.10435815732370902
11,0.5,0.6842105263157894,0.15789473684210525,0.7125,0.08338540040078958
11,0.5,0.6842105263157894,0.18421052631578946,0.7125,0.08338540040078958
11,0.5,0.6842105263157894,0.21052631578947367,0.7125,0.07856128181235335
11,0.5,0.6842105263157894,0.23684210526315788,0.7125,0.07856128181235335
11,0.5,0.6842105263157894,0.2631578947368421,0.665,0.10015612812005066
11,0.5,0.6842105263157894,0.2894736842105263,0.655,0.0912585612422199
11,0.5,0.6842105263157894,0.3157894736842105,0.6475,0.07974568953868291
11,0.5,0.6842105263157894,0.3421052631578947,0.6475,0.07974568953868291
11,0.5,0.6842105263157894,0.3684210526315789,0.6449999999999999,0.0793528512405194
11,0.5,0.6842105263157894,0.39473684210526316,0.6375,0.08052561704203204
11,0.5,0.6842105263157894,0.42105263157894735,0.6375,0.08052561704203204
11,0.5,0.6842105263157894,0.4473684210526315,0.6375,0.08052561704203204
11,0.5,0.6842105263157894,0.47368421052631576,0.6375,0.08052561704203204
11,0.5,0.6842105263157894,0.5,0.6375,0.08052561704203204
11,0.5,0.7368421052631579,0.0,0.725,0.09802741963348824
11,0.5,0.7368421052631579,0.02631578947368421,0.75,0.10897247358851683
11,0.5,0.7368421052631579,0.05263157894736842,0.75,0.10897247358851683
11,0.5,0.7368421052631579,0.07894736842105263,0.74,0.10694624818103718
11,0.5,0.7368421052631579,0.10526315789473684,0.7625,0.11759304826391735
11,0.5,0.7368421052631579,0.13157894736842105,0.7275,0.09818668443327741
11,0.5,0.7368421052631579,0.15789473684210525,0.7125,0.07856128181235335
11,0.5,0.7368421052631579,0.18421052631578946,0.705,0.085968744320247
11,0.5,0.7368421052631579,0.21052631578947367,0.6575,0.10178101492911142
11,0.5,0.7368421052631579,0.23684210526315788,0.655,0.10292594425119451
11,0.5,0.7368421052631579,0.2631578947368421,0.6525000000000001,0.10658036873646103
11,0.5,0.7368421052631579,0.2894736842105263,0.6525000000000001,0.10658036873646103
11,0.5,0.7368421052631579,0.3157894736842105,0.6375,0.08052561704203204
11,0.5,0.7368421052631579,0.3421052631578947,0.6375,0.08052561704203204
11,0.5,0.7368421052631579,0.3684210526315789,0.6375,0.08052561704203204
11,0.5,0.7368421052631579,0.39473684210526316,0.6375,0.08052561704203204
11,0.5,0.7368421052631579,0.42105263157894735,0.6325,0.077358742233829
11,0.5,0.7368421052631579,0.4473684210526315,0.6325,0.077358742233829
11,0.5,0.7368421052631579,0.47368421052631576,0.6325,0.077358742233829
11,0.5,0.7368421052631579,0.5,0.63,0.07320775232173159
11,0.5,0.7894736842105263,0.0,0.725,0.09802741963348824
11,0.5,0.7894736842105263,0.02631578947368421,0.7525,0.11018450435519506
11,0.5,0.7894736842105263,0.05263157894736842,0.7474999999999999,0.1080364521816595
11,0.5,0.7894736842105263,0.07894736842105263,0.7474999999999999,0.1080364521816595
11,0.5,0.7894736842105263,0.10526315789473684,0.72,0.11645814698852115
11,0.5,0.7894736842105263,0.13157894736842105,0.6849999999999999,0.07520804478245663
11,0.5,0.7894736842105263,0.15789473684210525,0.6849999999999999,0.07520804478245663
11,0.5,0.7894736842105263,0.18421052631578946,0.6575,0.10178101492911142
11,0.5,0.7894736842105263,0.21052631578947367,0.6575,0.10178101492911142
11,0.5,0.7894736842105263,0.23684210526315788,0.655,0.10292594425119451
11,0.5,0.7894736842105263,0.2631578947368421,0.6525000000000001,0.10658036873646103
11,0.5,0.7894736842105263,0.2894736842105263,0.6525000000000001,0.10658036873646103
11,0.5,0.7894736842105263,0.3157894736842105,0.635,0.07675040716504374
11,0.5,0.7894736842105263,0.3421052631578947,0.635,0.07675040716504374
11,0.5,0.7894736842105263,0.3684210526315789,0.635,0.07675040716504374
11,0.5,0.7894736842105263,0.39473684210526316,0.635,0.07675040716504374
11,0.5,0.7894736842105263,0.42105263157894735,0.635,0.07675040716504374
11,0.5,0.7894736842105263,0.4473684210526315,0.635,0.07675040716504374
11,0.5,0.7894736842105263,0.47368421052631576,0.635,0.07675040716504374
11,0.5,0.7894736842105263,0.5,0.635,0.07675040716504374
11,0.5,0.8421052631578947,0.0,0.725,0.09802741963348824
11,0.5,0.8421052631578947,0.02631578947368421,0.7525,0.11018450435519506
11,0.5,0.8421052631578947,0.05263157894736842,0.7474999999999999,0.1080364521816595
11,0.5,0.8421052631578947,0.07894736842105263,0.7474999999999999,0.1080364521816595
11,0.5,0.8421052631578947,0.10526315789473684,0.72,0.11645814698852115
11,0.5,0.8421052631578947,0.13157894736842105,0.7074999999999999,0.1239329455794544
11,0.5,0.8421052631578947,0.15789473684210525,0.7074999999999999,0.1239329455794544
11,0.5,0.8421052631578947,0.18421052631578946,0.68,0.1470012755046704
11,0.5,0.8421052631578947,0.21052631578947367,0.68,0.1470012755046704
11,0.5,0.8421052631578947,0.23684210526315788,0.675,0.15129648046137756
11,0.5,0.8421052631578947,0.2631578947368421,0.6475000000000001,0.09738775590391226
11,0.5,0.8421052631578947,0.2894736842105263,0.6475000000000001,0.09738775590391226
11,0.5,0.8421052631578947,0.3157894736842105,0.6475000000000001,0.09738775590391226
11,0.5,0.8421052631578947,0.3421052631578947,0.6475000000000001,0.09738775590391226
11,0.5,0.8421052631578947,0.3684210526315789,0.655,0.1113131843044659
11,0.5,0.8421052631578947,0.39473684210526316,0.655,0.1113131843044659
11,0.5,0.8421052631578947,0.42105263157894735,0.655,0.1113131843044659
11,0.5,0.8421052631578947,0.4473684210526315,0.635,0.07675040716504374
11,0.5,0.8421052631578947,0.47368421052631576,0.635,0.07675040716504374
11,0.5,0.8421052631578947,0.5,0.635,0.07675040716504374
11,0.5,0.894736842105263,0.0,0.725,0.09802741963348824
11,0.5,0.894736842105263,0.02631578947368421,0.7525,0.11018450435519506
11,0.5,0.894736842105263,0.05263157894736842,0.7474999999999999,0.1080364521816595
11,0.5,0.894736842105263,0.07894736842105263,0.7474999999999999,0.1080364521816595
11,0.5,0.894736842105263,0.10526315789473684,0.72,0.11645814698852115
11,0.5,0.894736842105263,0.13157894736842105,0.7125,0.13491895715576813
11,0.5,0.894736842105263,0.15789473684210525,0.7125,0.13491895715576813
11,0.5,0.894736842105263,0.18421052631578946,0.6849999999999999,0.15747023528273524
11,0.5,0.894736842105263,0.21052631578947367,0.6849999999999999,0.15747023528273524
11,0.5,0.894736842105263,0.23684210526315788,0.6375,0.07603453162872774
11,0.5,0.894736842105263,0.2631578947368421,0.635,0.07675040716504374
11,0.5,0.894736842105263,0.2894736842105263,0.635,0.07675040716504374
11,0.5,0.894736842105263,0.3157894736842105,0.635,0.07675040716504374
11,0.5,0.894736842105263,0.3421052631578947,0.635,0.07675040716504374
11,0.5,0.894736842105263,0.3684210526315789,0.635,0.07675040716504374
11,0.5,0.894736842105263,0.39473684210526316,0.635,0.07675040716504374
11,0.5,0.894736842105263,0.42105263157894735,0.635,0.07675040716504374
11,0.5,0.894736842105263,0.4473684210526315,0.635,0.07675040716504374
11,0.5,0.894736842105263,0.47368421052631576,0.635,0.07675040716504374
11,0.5,0.894736842105263,0.5,0.635,0.07675040716504374
11,0.5,0.9473684210526315,0.0,0.725,0.09802741963348824
11,0.5,0.9473684210526315,0.02631578947368421,0.7525,0.11018450435519506
11,0.5,0.9473684210526315,0.05263157894736842,0.7474999999999999,0.1080364521816595
11,0.5,0.9473684210526315,0.07894736842105263,0.7825,0.13008410740747695
11,0.5,0.9473684210526315,0.10526315789473684,0.7024999999999999,0.11970014619874113
11,0.5,0.9473684210526315,0.13157894736842105,0.71,0.13618691199964847
11,0.5,0.9473684210526315,0.15789473684210525,0.71,0.13618691199964847
11,0.5,0.9473684210526315,0.18421052631578946,0.6900000000000001,0.15547306840736114
11,0.5,0.9473684210526315,0.21052631578947367,0.6824999999999999,0.15875492118356518
11,0.5,0.9473684210526315,0.23684210526315788,0.6375,0.0723489806424389
11,0.5,0.9473684210526315,0.2631578947368421,0.635,0.07675040716504374
11,0.5,0.9473684210526315,0.2894736842105263,0.635,0.07675040716504374
11,0.5,0.9473684210526315,0.3157894736842105,0.635,0.07675040716504374
11,0.5,0.9473684210526315,0.3421052631578947,0.635,0.07675040716504374
11,0.5,0.9473684210526315,0.3684210526315789,0.635,0.07675040716504374
11,0.5,0.9473684210526315,0.39473684210526316,0.635,0.07675040716504374
11,0.5,0.9473684210526315,0.42105263157894735,0.635,0.07675040716504374
11,0.5,0.9473684210526315,0.4473684210526315,0.635,0.07675040716504374
11,0.5,0.9473684210526315,0.47368421052631576,0.635,0.07675040716504374
11,0.5,0.9473684210526315,0.5,0.635,0.07675040716504374
11,0.5,1.0,0.0,0.725,0.09802741963348824
11,0.5,1.0,0.02631578947368421,0.7525,0.11018450435519506
11,0.5,1.0,0.05263157894736842,0.7525,0.11018450435519506
11,0.5,1.0,0.07894736842105263,0.785,0.13002403623945843
11,0.5,1.0,0.10526315789473684,0.72,0.11408604209104634
11,0.5,1.0,0.13157894736842105,0.7025,0.07826237921249261
11,0.5,1.0,0.15789473684210525,0.6849999999999999,0.08168154626352268
11,0.5,1.0,0.18421052631578946,0.665,0.10510411504788952
11,0.5,1.0,0.21052631578947367,0.6575,0.10774680969754973
11,0.5,1.0,0.23684210526315788,0.655,0.1113131843044659
11,0.5,1.0,0.2631578947368421,0.655,0.1113131843044659
11,0.5,1.0,0.2894736842105263,0.655,0.1113131843044659
11,0.5,1.0,0.3157894736842105,0.655,0.1113131843044659
11,0.5,1.0,0.3421052631578947,0.655,0.1113131843044659
11,0.5,1.0,0.3684210526315789,0.655,0.1113131843044659
11,0.5,1.0,0.39473684210526316,0.65,0.11004260538536878
11,0.5,1.0,0.42105263157894735,0.63,0.07320775232173159
11,0.5,1.0,0.4473684210526315,0.63,0.07320775232173159
11,0.5,1.0,0.47368421052631576,0.63,0.07320775232173159
11,0.5,1.0,0.5,0.63,0.07320775232173159
11,1.0,0.0,0.0,0.725,0.09802741963348824
11,1.0,0.0,0.02631578947368421,0.7025,0.08587782018658832
11,1.0,0.0,0.05263157894736842,0.7075,0.08459462157844314
11,1.0,0.0,0.07894736842105263,0.705,0.08596874432024698
11,1.0,0.0,0.10526315789473684,0.705,0.08596874432024698
11,1.0,0.0,0.13157894736842105,0.7474999999999999,0.14399435752834208
11,1.0,0.0,0.15789473684210525,0.7175,0.10480636908127293
11,1.0,0.0,0.18421052631578946,0.7024999999999999,0.0890049155945895
11,1.0,0.0,0.21052631578947367,0.7075,0.0921106671347027
11,1.0,0.0,0.23684210526315788,0.6975,0.09074345706440767
11,1.0,0.0,0.2631578947368421,0.6950000000000001,0.08996527107723291
11,1.0,0.0,0.2894736842105263,0.6950000000000001,0.08996527107723291
11,1.0,0.0,0.3157894736842105,0.6925000000000001,0.08505512918101997
11,1.0,0.0,0.3421052631578947,0.6799999999999999,0.06531175238806565
11,1.0,0.0,0.3684210526315789,0.6649999999999999,0.06812213296719356
11,1.0,0.0,0.39473684210526316,0.6649999999999999,0.06812213296719356
11,1.0,0.0,0.42105263157894735,0.6475,0.0890049155945895
11,1.0,0.0,0.4473684210526315,0.6475,0.0890049155945895
11,1.0,0.0,0.47368421052631576,0.6475,0.0890049155945895
11,1.0,0.0,0.5,0.6475,0.0890049155945895
11,1.0,0.05263157894736842,0.0,0.725,0.09802741963348824
11,1.0,0.05263157894736842,0.02631578947368421,0.7025,0.08587782018658832
11,1.0,0.05263157894736842,0.05263157894736842,0.7075,0.08459462157844314
11,1.0,0.05263157894736842,0.07894736842105263,0.705,0.08596874432024698
11,1.0,0.05263157894736842,0.10526315789473684,0.705,0.08596874432024698
11,1.0,0.05263157894736842,0.13157894736842105,0.7474999999999999,0.14399435752834208
11,1.0,0.05263157894736842,0.15789473684210525,0.7175,0.10480636908127293
11,1.0,0.05263157894736842,0.18421052631578946,0.7125,0.09642030387838446
11,1.0,0.05263157894736842,0.21052631578947367,0.7125,0.09642030387838446
11,1.0,0.05263157894736842,0.23684210526315788,0.7075,0.09706634329158588
11,1.0,0.05263157894736842,0.2631578947368421,0.6975,0.09074345706440767
11,1.0,0.05263157894736842,0.2894736842105263,0.6975,0.09074345706440767
11,1.0,0.05263157894736842,0.3157894736842105,0.695,0.08596874432024697
11,1.0,0.05263157894736842,0.3421052631578947,0.6775,0.056871565830386626
11,1.0,0.05263157894736842,0.3684210526315789,0.6775,0.056871565830386626
11,1.0,0.05263157894736842,0.39473684210526316,0.665,0.050311529493745274
11,1.0,0.05263157894736842,0.42105263157894735,0.6625,0.05077524002897476
11,1.0,0.05263157894736842,0.4473684210526315,0.6625,0.05077524002897476
11,1.0,0.05263157894736842,0.47368421052631576,0.6625,0.05077524002897476
11,1.0,0.05263157894736842,0.5,0.655,0.05562148865321747
11,1.0,0.10526315789473684,0.0,0.725,0.09802741963348824
11,1.0,0.10526315789473684,0.02631578947368421,0.7025,0.08587782018658832
11,1.0,0.10526315789473684,0.05263157894736842,0.7075,0.08459462157844314
11,1.0,0.10526315789473684,0.07894736842105263,0.7024999999999999,0.0876783895837509
11,1.0,0.10526315789473684,0.10526315789473684,0.7024999999999999,0.0876783895837509
11,1.0,0.10526315789473684,0.13157894736842105,0.7474999999999999,0.14399435752834208
11,1.0,0.10526315789473684,0.15789473684210525,0.7175,0.10480636908127293
11,1.0,0.10526315789473684,0.18421052631578946,0.7125,0.09642030387838446
11,1.0,0.10526315789473684,0.21052631578947367,0.7125,0.09642030387838446
11,1.0,0.10526315789473684,0.23684210526315788,0.71,0.09412425298508352
11,1.0,0.10526315789473684,0.2631578947368421,0.7,0.08794529549668931
11,1.0,0.10526315789473684,0.2894736842105263,0.7,0.08794529549668931
11,1.0,0.10526315789473684,0.3157894736842105,0.6975,0.08310385069297328
11,1.0,0.10526315789473684,0.3421052631578947,0.68,0.0534731240905186
11,1.0,0.10526315789473684,0.3684210526315789,0.68,0.0534731240905186
11,1.0,0.10526315789473684,0.39473684210526316,0.6775,0.05108204185425639
11,1.0,0.10526315789473684,0.42105263157894735,0.6775,0.05108204185425639
11,1.0,0.10526315789473684,0.4473684210526315,0.6675000000000001,0.04726917600297261
11,1.0,0.10526315789473684,0.47368421052631576,0.665,0.047925723781702054
11,1.0,0.10526315789473684,0.5,0.665,0.047925723781702054
11,1.0,0.15789473684210525,0.0,0.725,0.09802741963348824
11,1.0,0.15789473684210525,0.02631578947368421,0.7025,0.08587782018658832
11,1.0,0.15789473684210525,0.05263157894736842,0.7075,0.08459462157844314
11,1.0,0.15789473684210525,0.07894736842105263,0.7024999999999999,0.0876783895837509
11,1.0,0.15789473684210525,0.10526315789473684,0.7024999999999999,0.0876783895837509
11,1.0,0.15789473684210525,0.13157894736842105,0.74,0.1291196150861673
11,1.0,0.15789473684210525,0.15789473684210525,0.71,0.07974568953868291
11,1.0,0.15789473684210525,0.18421052631578946,0.7050000000000001,0.08505512918102001
11,1.0,0.15789473684210525,0.21052631578947367,0.7050000000000001,0.08505512918102001
11,1.0,0.15789473684210525,0.23684210526315788,0.7025,0.08215838362577493
11,1.0,0.15789473684210525,0.2631578947368421,0.7050000000000001,0.10990052320166632
11,1.0,0.15789473684210525,0.2894736842105263,0.7,0.09960860906568268
11,1.0,0.15789473684210525,0.3157894736842105,0.6925000000000001,0.08459462157844314
11,1.0,0.15789473684210525,0.3421052631578947,0.6925000000000001,0.08459462157844314
11,1.0,0.15789473684210525,0.3684210526315789,0.6925000000000001,0.08459462157844314
11,1.0,0.15789473684210525,0.39473684210526316,0.6900000000000001,0.08357257325223388
11,1.0,0.15789473684210525,0.42105263157894735,0.6725,0.05108204185425639
11,1.0,0.15789473684210525,0.4473684210526315,0.6625,0.04592793267718461
11,1.0,0.15789473684210525,0.47368421052631576,0.6575,0.048894018039019875
11,1.0,0.15789473684210525,0.5,0.6575,0.048894018039019875
11,1.0,0.21052631578947367,0.0,0.725,0.09802741963348824
11,1.0,0.21052631578947367,0.02631578947368421,0.725,0.09142961773954869
11,1.0,0.21052631578947367,0.05263157894736842,0.7175,0.08642193008721802
11,1.0,0.21052631578947367,0.07894736842105263,0.7125,0.09013878188659973
11,1.0,0.21052631578947367,0.10526315789473684,0.7275,0.12002603884157806
11,1.0,0.21052631578947367,0.13157894736842105,0.705,0.07634215742301234
11,1.0,0.21052631578947367,0.15789473684210525,0.695,0.07213269023126753
11,1.0,0.21052631578947367,0.18421052631578946,0.7025,0.08357257325223388
11,1.0,0.21052631578947367,0.21052631578947367,0.6799999999999999,0.07836214009328739
11,1.0,0.21052631578947367,0.23684210526315788,0.6799999999999999,0.07836214009328739
11,1.0,0.21052631578947367,0.2631578947368421,0.6475,0.05687156583038664
11,1.0,0.21052631578947367,0.2894736842105263,0.6475,0.05687156583038664
11,1.0,0.21052631578947367,0.3157894736842105,0.6475,0.05687156583038664
11,1.0,0.21052631578947367,0.3421052631578947,0.6475,0.05687156583038664
11,1.0,0.21052631578947367,0.3684210526315789,0.6475,0.05687156583038664
11,1.0,0.21052631578947367,0.39473684210526316,0.6425000000000001,0.06410440702479044
11,1.0,0.21052631578947367,0.42105263157894735,0.6375,0.07234898064243893
11,1.0,0.21052631578947367,0.4473684210526315,0.6375,0.07234898064243893
11,1.0,0.21052631578947367,0.47368421052631576,0.6325,0.077358742233829
11,1.0,0.21052631578947367,0.5,0.6325,0.077358742233829
11,1.0,0.2631578947368421,0.0,0.725,0.09802741963348824
11,1.0,0.2631578947368421,0.02631578947368421,0.725,0.09142961773954869
11,1.0,0.2631578947368421,0.05263157894736842,0.7175,0.08642193008721802
11,1.0,0.2631578947368421,0.07894736842105263,0.7125,0.09013878188659973
11,1.0,0.2631578947368421,0.10526315789473684,0.7275,0.12002603884157806
11,1.0,0.2631578947368421,0.13157894736842105,0.705,0.07634215742301234
11,1.0,0.2631578947368421,0.15789473684210525,0.695,0.07213269023126753
11,1.0,0.2631578947368421,0.18421052631578946,0.7025,0.08357257325223388
11,1.0,0.2631578947368421,0.21052631578947367,0.6799999999999999,0.07836214009328739
11,1.0,0.2631578947368421,0.23684210526315788,0.6799999999999999,0.07836214009328739
11,1.0,0.2631578947368421,0.2631578947368421,0.6475,0.05687156583038664
11,1.0,0.2631578947368421,0.2894736842105263,0.6475,0.05687156583038664
11,1.0,0.2631578947368421,0.3157894736842105,0.6475,0.05687156583038664
11,1.0,0.2631578947368421,0.3421052631578947,0.6475,0.05687156583038664
11,1.0,0.2631578947368421,0.3684210526315789,0.6475,0.05687156583038664
11,1.0,0.2631578947368421,0.39473684210526316,0.6475,0.05687156583038664
11,1.0,0.2631578947368421,0.42105263157894735,0.6425000000000001,0.06410440702479044
11,1.0,0.2631578947368421,0.4473684210526315,0.6425000000000001,0.06410440702479044
11,1.0,0.2631578947368421,0.47368421052631576,0.6425000000000001,0.06410440702479044
11,1.0,0.2631578947368421,0.5,0.64,0.0651920240520265
11,1.0,0.3157894736842105,0.0,0.725,0.09802741963348824
11,1.0,0.3157894736842105,0.02631578947368421,0.725,0.09142961773954869
11,1.0,0.3157894736842105,0.05263157894736842,0.7175,0.08642193008721802
11,1.0,0.3157894736842105,0.07894736842105263,0.7175,0.08642193008721802
11,1.0,0.3157894736842105,0.10526315789473684,0.7275,0.12002603884157806
11,1.0,0.3157894736842105,0.13157894736842105,0.7,0.08149003006503311
11,1.0,0.3157894736842105,0.15789473684210525,0.6900000000000001,0.07675040716504376
11,1.0,0.3157894736842105,0.18421052631578946,0.7025,0.08357257325223388
11,1.0,0.3157894736842105,0.21052631578947367,0.6950000000000001,0.07836214009328739
11,1.0,0.3157894736842105,0.23684210526315788,0.6950000000000001,0.07836214009328739
11,1.0,0.3157894736842105,0.2631578947368421,0.6575,0.050466573095465886
11,1.0,0.3157894736842105,0.2894736842105263,0.6575,0.050466573095465886
11,1.0,0.3157894736842105,0.3157894736842105,0.6575,0.050466573095465886
11,1.0,0.3157894736842105,0.3421052631578947,0.6575,0.050466573095465886
11,1.0,0.3157894736842105,0.3684210526315789,0.6525000000000001,0.05108204185425638
11,1.0,0.3157894736842105,0.39473684210526316,0.6525000000000001,0.05108204185425638
11,1.0,0.3157894736842105,0.42105263157894735,0.6375,0.06903350635742038
11,1.0,0.3157894736842105,0.4473684210526315,0.6375,0.06903350635742038
11,1.0,0.3157894736842105,0.47368421052631576,0.6375,0.06903350635742038
11,1.0,0.3157894736842105,0.5,0.635,0.06459005341381904
11,1.0,0.3684210526315789,0.0,0.725,0.09802741963348824
11,1.0,0.3684210526315789,0.02631578947368421,0.7324999999999999,0.1048063690812729
11,1.0,0.3684210526315789,0.05263157894736842,0.725,0.10116508785149152
11,1.0,0.3684210526315789,0.07894736842105263,0.7224999999999999,0.09617692030835673
11,1.0,0.3684210526315789,0.10526315789473684,0.7324999999999999,0.11645814698852118
11,1.0,0.3684210526315789,0.13157894736842105,0.7074999999999999,0.06823672031978091
11,1.0,0.3684210526315789,0.15789473684210525,0.6975,0.06398241946034865
11,1.0,0.3684210526315789,0.18421052631578946,0.71,0.07037844130129624
11,1.0,0.3684210526315789,0.21052631578947367,0.7,0.06673173907519571
11,1.0,0.3684210526315789,0.23684210526315788,0.6925000000000001,0.07373940601876315
11,1.0,0.3684210526315789,0.2631578947368421,0.675,0.07954951288348659
11,1.0,0.3684210526315789,0.2894736842105263,0.6675,0.06349212549600149
11,1.0,0.3684210526315789,0.3157894736842105,0.6649999999999999,0.0651920240520265
11,1.0,0.3684210526315789,0.3421052631578947,0.67,0.06224949798994367
11,1.0,0.3684210526315789,0.3684210526315789,0.6675,0.06224949798994367
11,1.0,0.3684210526315789,0.39473684210526316,0.6599999999999999,0.06696547617989437
11,1.0,0.3684210526315789,0.42105263157894735,0.645,0.08319780646146867
11,1.0,0.3684210526315789,0.4473684210526315,0.645,0.08319780646146867
11,1.0,0.3684210526315789,0.47368421052631576,0.645,0.08319780646146867
11,1.0,0.3684210526315789,0.5,0.635,0.07310095758606724
11,1.0,0.42105263157894735,0.0,0.725,0.09802741963348824
11,1.0,0.42105263157894735,0.02631578947368421,0.7449999999999999,0.09984362773857927
11,1.0,0.42105263157894735,0.05263157894736842,0.7375,0.09722718241315026
11,1.0,0.42105263157894735,0.07894736842105263,0.735,0.09244931043550299
11,1.0,0.42105263157894735,0.10526315789473684,0.7549999999999999,0.11476878931138032
11,1.0,0.42105263157894735,0.13157894736842105,0.7299999999999999,0.07531185165696037
11,1.0,0.42105263157894735,0.15789473684210525,0.7275,0.07256462636849997
11,1.0,0.42105263157894735,0.18421052631578946,0.7,0.07015607600201142
11,1.0,0.42105263157894735,0.21052631578947367,0.6975,0.06869315832017044
11,1.0,0.42105263157894735,0.23684210526315788,0.6925000000000001,0.07373940601876315
11,1.0,0.42105263157894735,0.2631578947368421,0.6725,0.0816815462635227
11,1.0,0.42105263157894735,0.2894736842105263,0.6624999999999999,0.06555055301063448
11,1.0,0.42105263157894735,0.3157894736842105,0.6624999999999999,0.06555055301063448
11,1.0,0.42105263157894735,0.3421052631578947,0.6599999999999999,0.06696547617989437
11,1.0,0.42105263157894735,0.3684210526315789,0.6599999999999999,0.06696547617989437
11,1.0,0.42105263157894735,0.39473684210526316,0.6525,0.0736333823751157
11,1.0,0.42105263157894735,0.42105263157894735,0.6525,0.0736333823751157
11,1.0,0.42105263157894735,0.4473684210526315,0.6525,0.0736333823751157
11,1.0,0.42105263157894735,0.47368421052631576,0.6525,0.0736333823751157
11,1.0,0.42105263157894735,0.5,0.6449999999999999,0.05836308764964376
11,1.0,0.47368421052631576,0.0,0.725,0.09802741963348824
11,1.0,0.47368421052631576,0.02631578947368421,0.7449999999999999,0.09984362773857927
11,1.0,0.47368421052631576,0.05263157894736842,0.7375,0.09722718241315026
11,1.0,0.47368421052631576,0.07894736842105263,0.735,0.09244931043550299
11,1.0,0.47368421052631576,0.10526315789473684,0.7674999999999998,0.1239329455794544
11,1.0,0.47368421052631576,0.13157894736842105,0.7424999999999999,0.09295496221289105
11,1.0,0.47368421052631576,0.15789473684210525,0.74,0.08900491559458949
11,1.0,0.47368421052631576,0.18421052631578946,0.6900000000000001,0.06696547617989439
11,1.0,0.47368421052631576,0.21052631578947367,0.6900000000000001,0.06696547617989439
11,1.0,0.47368421052631576,0.23684210526315788,0.6849999999999999,0.071479892277479
11,1.0,0.47368421052631576,0.2631578947368421,0.6925,0.08129806270754548
11,1.0,0.47368421052631576,0.2894736842105263,0.6849999999999999,0.06812213296719355
11,1.0,0.47368421052631576,0.3157894736842105,0.6475,0.0890049155945895
11,1.0,0.47368421052631576,0.3421052631578947,0.6475,0.0890049155945895
11,1.0,0.47368421052631576,0.3684210526315789,0.6475,0.0890049155945895
11,1.0,0.47368421052631576,0.39473684210526316,0.6475,0.0890049155945895
11,1.0,0.47368421052631576,0.42105263157894735,0.65,0.08523863560616159
11,1.0,0.47368421052631576,0.4473684210526315,0.65,0.08523863560616159
11,1.0,0.47368421052631576,0.47368421052631576,0.645,0.08319780646146867
11,1.0,0.47368421052631576,0.5,0.6375,0.06903350635742038
11,1.0,0.5263157894736842,0.0,0.725,0.09802741963348824
11,1.0,0.5263157894736842,0.02631578947368421,0.7449999999999999,0.09984362773857927
11,1.0,0.5263157894736842,0.05263157894736842,0.7375,0.09722718241315026
11,1.0,0.5263157894736842,0.07894736842105263,0.735,0.09244931043550299
11,1.0,0.5263157894736842,0.10526315789473684,0.7674999999999998,0.1239329455794544
11,1.0,0.5263157894736842,0.13157894736842105,0.7424999999999999,0.09295496221289105
11,1.0,0.5263157894736842,0.15789473684210525,0.74,0.08900491559458949
11,1.0,0.5263157894736842,0.18421052631578946,0.6900000000000001,0.06696547617989439
11,1.0,0.5263157894736842,0.21052631578947367,0.7,0.07015607600201142
11,1.0,0.5263157894736842,0.23684210526315788,0.695,0.07531185165696036
11,1.0,0.5263157894736842,0.2631578947368421,0.6824999999999999,0.10480636908127293
11,1.0,0.5263157894736842,0.2894736842105263,0.6824999999999999,0.10480636908127293
11,1.0,0.5263157894736842,0.3157894736842105,0.6824999999999999,0.10480636908127293
11,1.0,0.5263157894736842,0.3421052631578947,0.6975,0.13732943966972266
11,1.0,0.5263157894736842,0.3684210526315789,0.67,0.08319780646146868
11,1.0,0.5263157894736842,0.39473684210526316,0.67,0.08319780646146868
11,1.0,0.5263157894736842,0.42105263157894735,0.655,0.09866293630335556
11,1.0,0.5263157894736842,0.4473684210526315,0.655,0.09866293630335556
11,1.0,0.5263157894736842,0.47368421052631576,0.655,0.09866293630335556
11,1.0,0.5263157894736842,0.5,0.65,0.1015504800579495
11,1.0,0.5789473684210527,0.0,0.725,0.09802741963348824
11,1.0,0.5789473684210527,0.02631578947368421,0.7324999999999999,0.07935285124051938
11,1.0,0.5789473684210527,0.05263157894736842,0.725,0.07447734554883115
11,1.0,0.5789473684210527,0.07894736842105263,0.725,0.07447734554883115
11,1.0,0.5789473684210527,0.10526315789473684,0.7474999999999999,0.09738775590391228
11,1.0,0.5789473684210527,0.13157894736842105,0.76,0.11263880326068809
11,1.0,0.5789473684210527,0.15789473684210525,0.7575,0.10990052320166631
11,1.0,0.5789473684210527,0.18421052631578946,0.72,0.1048063690812729
11,1.0,0.5789473684210527,0.21052631578947367,0.7175,0.10405827694133704
11,1.0,0.5789473684210527,0.23684210526315788,0.72,0.1048063690812729
11,1.0,0.5789473684210527,0.2631578947368421,0.7150000000000001,0.10947317022905656
11,1.0,0.5789473684210527,0.2894736842105263,0.7224999999999999,0.11367442544389655
11,1.0,0.5789473684210527,0.3157894736842105,0.72,0.11645814698852112
11,1.0,0.5789473684210527,0.3421052631578947,0.6975,0.11089127558108434
11,1.0,0.5789473684210527,0.3684210526315789,0.6849999999999999,0.11571786811033115
11,1.0,0.5789473684210527,0.39473684210526316,0.655,0.10701927396501995
11,1.0,0.5789473684210527,0.42105263157894735,0.655,0.10701927396501995
11,1.0,0.5789473684210527,0.4473684210526315,0.655,0.10701927396501995
11,1.0,0.5789473684210527,0.47368421052631576,0.655,0.10701927396501995
11,1.0,0.5789473684210527,0.5,0.65,0.11004260538536878
11,1.0,0.631578947368421,0.0,0.725,0.09802741963348824
11,1.0,0.631578947368421,0.02631578947368421,0.7324999999999999,0.07935285124051938
11,1.0,0.631578947368421,0.05263157894736842,0.725,0.07447734554883115
11,1.0,0.631578947368421,0.07894736842105263,0.725,0.07447734554883115
11,1.0,0.631578947368421,0.10526315789473684,0.7474999999999999,0.09738775590391228
11,1.0,0.631578947368421,0.13157894736842105,0.76,0.11263880326068809
11,1.0,0.631578947368421,0.15789473684210525,0.7575,0.10990052320166631
11,1.0,0.631578947368421,0.18421052631578946,0.72,0.1048063690812729
11,1.0,0.631578947368421,0.21052631578947367,0.72,0.1048063690812729
11,1.0,0.631578947368421,0.23684210526315788,0.7125,0.10345590848279278
11,1.0,0.631578947368421,0.2631578947368421,0.7050000000000001,0.10774680969754973
11,1.0,0.631578947368421,0.2894736842105263,0.7224999999999999,0.11367442544389655
11,1.0,0.631578947368421,0.3157894736842105,0.72,0.11645814698852112
11,1.0,0.631578947368421,0.3421052631578947,0.7,0.08477912478906582
11,1.0,0.631578947368421,0.3684210526315789,0.6675,0.0732077523217316
11,1.0,0.631578947368421,0.39473684210526316,0.6675,0.0732077523217316
11,1.0,0.631578947368421,0.42105263157894735,0.6525000000000001,0.08987839006123771
11,1.0,0.631578947368421,0.4473684210526315,0.6525000000000001,0.08987839006123771
11,1.0,0.631578947368421,0.47368421052631576,0.6525000000000001,0.08987839006123771
11,1.0,0.631578947368421,0.5,0.6575,0.09945162140458041
11,1.0,0.6842105263157894,0.0,0.725,0.09802741963348824
11,1.0,0.6842105263157894,0.02631578947368421,0.7324999999999999,0.07935285124051938
11,1.0,0.6842105263157894,0.05263157894736842,0.7324999999999999,0.07935285124051938
11,1.0,0.6842105263157894,0.07894736842105263,0.7324999999999999,0.07935285124051938
11,1.0,0.6842105263157894,0.10526315789473684,0.72,0.09295496221289101
11,1.0,0.6842105263157894,0.13157894736842105,0.7324999999999999,0.11270814078849849
11,1.0,0.6842105263157894,0.15789473684210525,0.6775,0.12972326314119606
11,1.0,0.6842105263157894,0.18421052631578946,0.6775,0.12972326314119606
11,1.0,0.6842105263157894,0.21052631578947367,0.6775,0.12972326314119606
11,1.0,0.6842105263157894,0.23684210526315788,0.6775,0.12972326314119606
11,1.0,0.6842105263157894,0.2631578947368421,0.6699999999999999,0.1327591804735175
11,1.0,0.6842105263157894,0.2894736842105263,0.6699999999999999,0.1327591804735175
11,1.0,0.6842105263157894,0.3157894736842105,0.7125,0.11215224028078973
11,1.0,0.6842105263157894,0.3421052631578947,0.6925,0.07634215742301234
11,1.0,0.6842105263157894,0.3684210526315789,0.6875,0.07234898064243889
11,1.0,0.6842105263157894,0.39473684210526316,0.6925,0.08129806270754548
11,1.0,0.6842105263157894,0.42105263157894735,0.6925,0.08129806270754548
11,1.0,0.6842105263157894,0.4473684210526315,0.6725,0.08357257325223388
11,1.0,0.6842105263157894,0.47368421052631576,0.6725,0.08357257325223388
11,1.0,0.6842105263157894,0.5,0.6725,0.08357257325223388
11,1.0,0.7368421052631579,0.0,0.725,0.09802741963348824
11,1.0,0.7368421052631579,0.02631578947368421,0.7324999999999999,0.07935285124051938
11,1.0,0.7368421052631579,0.05263157894736842,0.7324999999999999,0.07935285124051938
11,1.0,0.7368421052631579,0.07894736842105263,0.7324999999999999,0.07935285124051938
11,1.0,0.7368421052631579,0.10526315789473684,0.7,0.07551903733496607
11,1.0,0.7368421052631579,0.13157894736842105,0.7125,0.10193441518937556
11,1.0,0.7368421052631579,0.15789473684210525,0.7125,0.10193441518937556
11,1.0,0.7368421052631579,0.18421052631578946,0.7125,0.10193441518937556
11,1.0,0.7368421052631579,0.21052631578947367,0.7200000000000001,0.10216408370851274
11,1.0,0.7368421052631579,0.23684210526315788,0.72,0.11645814698852112
11,1.0,0.7368421052631579,0.2631578947368421,0.7074999999999999,0.11060910902814466
11,1.0,0.7368421052631579,0.2894736842105263,0.7074999999999999,0.11060910902814466
11,1.0,0.7368421052631579,0.3157894736842105,0.7024999999999999,0.11571786811033118
11,1.0,0.7368421052631579,0.3421052631578947,0.69,0.12099845040330062
11,1.0,0.7368421052631579,0.3684210526315789,0.69,0.12099845040330062
11,1.0,0.7368421052631579,0.39473684210526316,0.6849999999999999,0.12481235916366616
11,1.0,0.7368421052631579,0.42105263157894735,0.6675,0.13767034902258368
11,1.0,0.7368421052631579,0.4473684210526315,0.6675,0.13767034902258368
11,1.0,0.7368421052631579,0.47368421052631576,0.6675,0.13767034902258368
11,1.0,0.7368421052631579,0.5,0.6575,0.12518735958554283
11,1.0,0.7894736842105263,0.0,0.725,0.09802741963348824
11,1.0,0.7894736842105263,0.02631578947368421,0.735,0.0816815462635227
11,1.0,0.7894736842105263,0.05263157894736842,0.7299999999999999,0.07735874223382899
11,1.0,0.7894736842105263,0.07894736842105263,0.7299999999999999,0.07735874223382899
11,1.0,0.7894736842105263,0.10526315789473684,0.7150000000000001,0.08263246940519205
11,1.0,0.7894736842105263,0.13157894736842105,0.7275,0.10510411504788952
11,1.0,0.7894736842105263,0.15789473684210525,0.68,0.1291801068276381
11,1.0,0.7894736842105263,0.18421052631578946,0.68,0.1291801068276381
11,1.0,0.7894736842105263,0.21052631578947367,0.735,0.1105384548471707
11,1.0,0.7894736842105263,0.23684210526315788,0.725,0.12054563451241192
11,1.0,0.7894736842105263,0.2631578947368421,0.7074999999999999,0.11060910902814466
11,1.0,0.7894736842105263,0.2894736842105263,0.7074999999999999,0.11060910902814466
11,1.0,0.7894736842105263,0.3157894736842105,0.7024999999999999,0.11571786811033118
11,1.0,0.7894736842105263,0.3421052631578947,0.69,0.12099845040330062
11,1.0,0.7894736842105263,0.3684210526315789,0.69,0.12099845040330062
11,1.0,0.7894736842105263,0.39473684210526316,0.6849999999999999,0.12481235916366616
11,1.0,0.7894736842105263,0.42105263157894735,0.6725,0.13789715370521613
11,1.0,0.7894736842105263,0.4473684210526315,0.6699999999999999,0.1327591804735175
11,1.0,0.7894736842105263,0.47368421052631576,0.6475,0.0890049155945895
11,1.0,0.7894736842105263,0.5,0.645,0.09295496221289103
11,1.0,0.8421052631578947,0.0,0.725,0.09802741963348824
11,1.0,0.8421052631578947,0.02631578947368421,0.735,0.0816815462635227
11,1.0,0.8421052631578947,0.05263157894736842,0.7299999999999999,0.07735874223382899
11,1.0,0.8421052631578947,0.07894736842105263,0.7299999999999999,0.07735874223382899
11,1.0,0.8421052631578947,0.10526315789473684,0.74,0.12972326314119606
11,1.0,0.8421052631578947,0.13157894736842105,0.74,0.12972326314119606
11,1.0,0.8421052631578947,0.15789473684210525,0.6925000000000001,0.1547679714928124
11,1.0,0.8421052631578947,0.18421052631578946,0.6849999999999999,0.15747023528273524
11,1.0,0.8421052631578947,0.21052631578947367,0.74,0.1401450141817396
11,1.0,0.8421052631578947,0.23684210526315788,0.7424999999999999,0.13068330038685128
11,1.0,0.8421052631578947,0.2631578947368421,0.72,0.09295496221289101
11,1.0,0.8421052631578947,0.2894736842105263,0.72,0.09295496221289101
11,1.0,0.8421052631578947,0.3157894736842105,0.695,0.08272696053887149
11,1.0,0.8421052631578947,0.3421052631578947,0.6775,0.056871565830386626
11,1.0,0.8421052631578947,0.3684210526315789,0.6575,0.0534731240905186
11,1.0,0.8421052631578947,0.39473684210526316,0.6625,0.05077524002897476
11,1.0,0.8421052631578947,0.42105263157894735,0.6525000000000001,0.0582290734942606
11,1.0,0.8421052631578947,0.4473684210526315,0.64,0.07623975340988455
11,1.0,0.8421052631578947,0.47368421052631576,0.64,0.07623975340988455
11,1.0,0.8421052631578947,0.5,0.64,0.07623975340988455
11,1.0,0.894736842105263,0.0,0.725,0.09802741963348824
11,1.0,0.894736842105263,0.02631578947368421,0.735,0.0816815462635227
11,1.0,0.894736842105263,0.05263157894736842,0.7299999999999999,0.07735874223382899
11,1.0,0.894736842105263,0.07894736842105263,0.7299999999999999,0.07735874223382899
11,1.0,0.894736842105263,0.10526315789473684,0.74,0.12972326314119606
11,1.0,0.894736842105263,0.13157894736842105,0.74,0.12972326314119606
11,1.0,0.894736842105263,0.15789473684210525,0.6925000000000001,0.1547679714928124
11,1.0,0.894736842105263,0.18421052631578946,0.6849999999999999,0.15747023528273524
11,1.0,0.894736842105263,0.21052631578947367,0.74,0.1401450141817396
11,1.0,0.894736842105263,0.23684210526315788,0.74,0.1401450141817396
11,1.0,0.894736842105263,0.2631578947368421,0.7375,0.14279574573494824
11,1.0,0.894736842105263,0.2894736842105263,0.7375,0.14279574573494824
11,1.0,0.894736842105263,0.3157894736842105,0.7,0.14279574573494824
11,1.0,0.894736842105263,0.3421052631578947,0.7,0.14279574573494824
11,1.0,0.894736842105263,0.3684210526315789,0.7,0.14279574573494824
11,1.0,0.894736842105263,0.39473684210526316,0.695,0.13187351894902935
11,1.0,0.894736842105263,0.42105263157894735,0.675,0.08882919002219931
11,1.0,0.894736842105263,0.4473684210526315,0.64,0.07623975340988455
11,1.0,0.894736842105263,0.47368421052631576,0.64,0.07623975340988455
11,1.0,0.894736842105263,0.5,0.64,0.07623975340988455
11,1.0,0.9473684210526315,0.0,0.725,0.09802741963348824
11,1.0,0.9473684210526315,0.02631578947368421,0.735,0.0816815462635227
11,1.0,0.9473684210526315,0.05263157894736842,0.7299999999999999,0.07735874223382899
11,1.0,0.9473684210526315,0.07894736842105263,0.7299999999999999,0.07735874223382899
11,1.0,0.9473684210526315,0.10526315789473684,0.74,0.12972326314119606
11,1.0,0.9473684210526315,0.13157894736842105,0.74,0.12972326314119606
11,1.0,0.9473684210526315,0.15789473684210525,0.6925000000000001,0.1547679714928124
11,1.0,0.9473684210526315,0.18421052631578946,0.6824999999999999,0.15875492118356518
11,1.0,0.9473684210526315,0.21052631578947367,0.7375,0.14279574573494824
11,1.0,0.9473684210526315,0.23684210526315788,0.7375,0.14279574573494824
11,1.0,0.9473684210526315,0.2631578947368421,0.7375,0.14279574573494824
11,1.0,0.9473684210526315,0.2894736842105263,0.7300000000000001,0.13880066642491307
11,1.0,0.9473684210526315,0.3157894736842105,0.7300000000000001,0.13880066642491307
11,1.0,0.9473684210526315,0.3421052631578947,0.72,0.13653067420913145
11,1.0,0.9473684210526315,0.3684210526315789,0.7,0.14279574573494824
11,1.0,0.9473684210526315,0.39473684210526316,0.695,0.13187351894902935
11,1.0,0.9473684210526315,0.42105263157894735,0.675,0.08882919002219931
11,1.0,0.9473684210526315,0.4473684210526315,0.64,0.07623975340988455
11,1.0,0.9473684210526315,0.47368421052631576,0.64,0.07623975340988455
11,1.0,0.9473684210526315,0.5,0.64,0.07623975340988455
11,1.0,1.0,0.0,0.725,0.09802741963348824
11,1.0,1.0,0.02631578947368421,0.735,0.0816815462635227
11,1.0,1.0,0.05263157894736842,0.735,0.0816815462635227
11,1.0,1.0,0.07894736842105263,0.735,0.0816815462635227
11,1.0,1.0,0.10526315789473684,0.7525000000000001,0.13675936896607852
11,1.0,1.0,0.13157894736842105,0.7525000000000001,0.13675936896607852
11,1.0,1.0,0.15789473684210525,0.7525000000000001,0.13675936896607852
11,1.0,1.0,0.18421052631578946,0.7224999999999999,0.1367593689660785
11,1.0,1.0,0.21052631578947367,0.7224999999999999,0.1367593689660785
11,1.0,1.0,0.23684210526315788,0.7375,0.14279574573494824
11,1.0,1.0,0.2631578947368421,0.7300000000000001,0.13880066642491307
11,1.0,1.0,0.2894736842105263,0.7300000000000001,0.13880066642491307
11,1.0,1.0,0.3157894736842105,0.7125,0.1372156150006259
11,1.0,1.0,0.3421052631578947,0.7125,0.1372156150006259
11,1.0,1.0,0.3684210526315789,0.6875,0.08431710977020024
11,1.0,1.0,0.39473684210526316,0.6824999999999999,0.08505512918101997
11,1.0,1.0,0.42105263157894735,0.6824999999999999,0.08505512918101997
11,1.0,1.0,0.4473684210526315,0.665,0.05031152949374527
11,1.0,1.0,0.47368421052631576,0.6449999999999999,0.05836308764964376
11,1.0,1.0,0.5,0.6599999999999999,0.048733971724044825
11,2.0,0.0,0.0,0.725,0.09802741963348824
11,2.0,0.0,0.02631578947368421,0.7025,0.08587782018658832
11,2.0,0.0,0.05263157894736842,0.7075,0.08459462157844314
11,2.0,0.0,0.07894736842105263,0.705,0.08596874432024698
11,2.0,0.0,0.10526315789473684,0.705,0.08596874432024698
11,2.0,0.0,0.13157894736842105,0.7474999999999999,0.14399435752834208
11,2.0,0.0,0.15789473684210525,0.7175,0.10480636908127293
11,2.0,0.0,0.18421052631578946,0.7024999999999999,0.0890049155945895
11,2.0,0.0,0.21052631578947367,0.7075,0.0921106671347027
11,2.0,0.0,0.23684210526315788,0.6975,0.09074345706440767
11,2.0,0.0,0.2631578947368421,0.6950000000000001,0.08996527107723291
11,2.0,0.0,0.2894736842105263,0.6950000000000001,0.08996527107723291
11,2.0,0.0,0.3157894736842105,0.6925000000000001,0.08505512918101997
11,2.0,0.0,0.3421052631578947,0.6799999999999999,0.06531175238806565
11,2.0,0.0,0.3684210526315789,0.6649999999999999,0.06812213296719356
11,2.0,0.0,0.39473684210526316,0.6649999999999999,0.06812213296719356
11,2.0,0.0,0.42105263157894735,0.6475,0.0890049155945895
11,2.0,0.0,0.4473684210526315,0.6475,0.0890049155945895
11,2.0,0.0,0.47368421052631576,0.6475,0.0890049155945895
11,2.0,0.0,0.5,0.6475,0.0890049155945895
11,2.0,0.05263157894736842,0.0,0.725,0.09802741963348824
11,2.0,0.05263157894736842,0.02631578947368421,0.7025,0.08587782018658832
11,2.0,0.05263157894736842,0.05263157894736842,0.7075,0.08459462157844314
11,2.0,0.05263157894736842,0.07894736842105263,0.705,0.08596874432024698
11,2.0,0.05263157894736842,0.10526315789473684,0.705,0.08596874432024698
11,2.0,0.05263157894736842,0.13157894736842105,0.7275,0.11504075364843541
11,2.0,0.05263157894736842,0.15789473684210525,0.7150000000000001,0.10285001215362108
11,2.0,0.05263157894736842,0.18421052631578946,0.71,0.09412425298508352
11,2.0,0.05263157894736842,0.21052631578947367,0.69,0.08723173161183952
11,2.0,0.05263157894736842,0.23684210526315788,0.6875,0.08970437559004578
11,2.0,0.05263157894736842,0.2631578947368421,0.7,0.09185586535436918
11,2.0,0.05263157894736842,0.2894736842105263,0.6975,0.09074345706440767
11,2.0,0.05263157894736842,0.3157894736842105,0.695,0.08596874432024697
11,2.0,0.05263157894736842,0.3421052631578947,0.675,0.05448623679425842
11,2.0,0.05263157894736842,0.3684210526315789,0.6725,0.052589209919906565
11,2.0,0.05263157894736842,0.39473684210526316,0.665,0.050311529493745274
11,2.0,0.05263157894736842,0.42105263157894735,0.665,0.050311529493745274
11,2.0,0.05263157894736842,0.4473684210526315,0.665,0.050311529493745274
11,2.0,0.05263157894736842,0.47368421052631576,0.665,0.050311529493745274
11,2.0,0.05263157894736842,0.5,0.665,0.050311529493745274
11,2.0,0.10526315789473684,0.0,0.725,0.09802741963348824
11,2.0,0.10526315789473684,0.02631578947368421,0.7025,0.08587782018658832
11,2.0,0.10526315789473684,0.05263157894736842,0.7075,0.08459462157844314
11,2.0,0.10526315789473684,0.07894736842105263,0.7075,0.08459462157844314
11,2.0,0.10526315789473684,0.10526315789473684,0.7075,0.08459462157844314
11,2.0,0.10526315789473684,0.13157894736842105,0.7275,0.11504075364843541
11,2.0,0.10526315789473684,0.15789473684210525,0.7150000000000001,0.10285001215362108
11,2.0,0.10526315789473684,0.18421052631578946,0.71,0.09412425298508352
11,2.0,0.10526315789473684,0.21052631578947367,0.69,0.08723173161183952
11,2.0,0.10526315789473684,0.23684210526315788,0.6875,0.08970437559004578
11,2.0,0.10526315789473684,0.2631578947368421,0.7,0.09185586535436918
11,2.0,0.10526315789473684,0.2894736842105263,0.6975,0.09074345706440767
11,2.0,0.10526315789473684,0.3157894736842105,0.695,0.08596874432024697
11,2.0,0.10526315789473684,0.3421052631578947,0.675,0.05448623679425842
11,2.0,0.10526315789473684,0.3684210526315789,0.6725,0.052589209919906565
11,2.0,0.10526315789473684,0.39473684210526316,0.6725,0.052589209919906565
11,2.0,0.10526315789473684,0.42105263157894735,0.6675000000000001,0.05046657309546588
11,2.0,0.10526315789473684,0.4473684210526315,0.6675000000000001,0.05046657309546588
11,2.0,0.10526315789473684,0.47368421052631576,0.6575,0.0534731240905186
11,2.0,0.10526315789473684,0.5,0.6575,0.0534731240905186
11,2.0,0.15789473684210525,0.0,0.725,0.09802741963348824
11,2.0,0.15789473684210525,0.02631578947368421,0.7025,0.08587782018658832
11,2.0,0.15789473684210525,0.05263157894736842,0.7024999999999999,0.0876783895837509
11,2.0,0.15789473684210525,0.07894736842105263,0.7024999999999999,0.0876783895837509
11,2.0,0.15789473684210525,0.10526315789473684,0.7024999999999999,0.0876783895837509
11,2.0,0.15789473684210525,0.13157894736842105,0.73,0.10628675834740656
11,2.0,0.15789473684210525,0.15789473684210525,0.7125,0.08477912478906584
11,2.0,0.15789473684210525,0.18421052631578946,0.7125,0.08477912478906584
11,2.0,0.15789473684210525,0.21052631578947367,0.6925000000000001,0.07786205751198716
11,2.0,0.15789473684210525,0.23684210526315788,0.6925000000000001,0.07786205751198716
11,2.0,0.15789473684210525,0.2631578947368421,0.7,0.08431710977020025
11,2.0,0.15789473684210525,0.2894736842105263,0.6975,0.08310385069297328
11,2.0,0.15789473684210525,0.3157894736842105,0.6975,0.08310385069297328
11,2.0,0.15789473684210525,0.3421052631578947,0.68,0.05902859476558796
11,2.0,0.15789473684210525,0.3684210526315789,0.6775,0.05755432216610667
11,2.0,0.15789473684210525,0.39473684210526316,0.6775,0.05755432216610667
11,2.0,0.15789473684210525,0.42105263157894735,0.6725,0.05618051263561056
11,2.0,0.15789473684210525,0.4473684210526315,0.6725,0.05618051263561056
11,2.0,0.15789473684210525,0.47368421052631576,0.6599999999999999,0.05477225575051661
11,2.0,0.15789473684210525,0.5,0.6575,0.0496865172858795
11,2.0,0.21052631578947367,0.0,0.725,0.09802741963348824
11,2.0,0.21052631578947367,0.02631578947368421,0.725,0.09142961773954869
11,2.0,0.21052631578947367,0.05263157894736842,0.7125,0.09013878188659973
11,2.0,0.21052631578947367,0.07894736842105263,0.7125,0.09013878188659973
11,2.0,0.21052631578947367,0.10526315789473684,0.7125,0.09013878188659973
11,2.0,0.21052631578947367,0.13157894736842105,0.7175,0.09337424698491549
11,2.0,0.21052631578947367,0.15789473684210525,0.7150000000000001,0.08723173161183949
11,2.0,0.21052631578947367,0.18421052631578946,0.7150000000000001,0.08723173161183949
11,2.0,0.21052631578947367,0.21052631578947367,0.71,0.08263246940519202
11,2.0,0.21052631578947367,0.23684210526315788,0.71,0.08263246940519202
11,2.0,0.21052631578947367,0.2631578947368421,0.7050000000000001,0.08776744840770977
11,2.0,0.21052631578947367,0.2894736842105263,0.7050000000000001,0.08776744840770977
11,2.0,0.21052631578947367,0.3157894736842105,0.7050000000000001,0.08776744840770977
11,2.0,0.21052631578947367,0.3421052631578947,0.6875,0.06614378277661476
11,2.0,0.21052631578947367,0.3684210526315789,0.6775,0.05755432216610667
11,2.0,0.21052631578947367,0.39473684210526316,0.6625,0.059947894041408975
11,2.0,0.21052631578947367,0.42105263157894735,0.6575,0.0496865172858795
11,2.0,0.21052631578947367,0.4473684210526315,0.6575,0.0496865172858795
11,2.0,0.21052631578947367,0.47368421052631576,0.6575,0.0496865172858795
11,2.0,0.21052631578947367,0.5,0.655,0.04472135954999579
11,2.0,0.2631578947368421,0.0,0.725,0.09802741963348824
11,2.0,0.2631578947368421,0.02631578947368421,0.725,0.09142961773954869
11,2.0,0.2631578947368421,0.05263157894736842,0.7125,0.09013878188659973
11,2.0,0.2631578947368421,0.07894736842105263,0.7125,0.09013878188659973
11,2.0,0.2631578947368421,0.10526315789473684,0.7125,0.09013878188659973
11,2.0,0.2631578947368421,0.13157894736842105,0.7175,0.09337424698491549
11,2.0,0.2631578947368421,0.15789473684210525,0.7150000000000001,0.08723173161183949
11,2.0,0.2631578947368421,0.18421052631578946,0.7150000000000001,0.08723173161183949
11,2.0,0.2631578947368421,0.21052631578947367,0.71,0.08263246940519202
11,2.0,0.2631578947368421,0.23684210526315788,0.71,0.08263246940519202
11,2.0,0.2631578947368421,0.2631578947368421,0.7050000000000001,0.08776744840770977
11,2.0,0.2631578947368421,0.2894736842105263,0.7050000000000001,0.08776744840770977
11,2.0,0.2631578947368421,0.3157894736842105,0.7050000000000001,0.08776744840770977
11,2.0,0.2631578947368421,0.3421052631578947,0.705,0.09585144756340405
11,2.0,0.2631578947368421,0.3684210526315789,0.7,0.09354143466934851
11,2.0,0.2631578947368421,0.39473684210526316,0.6900000000000001,0.09287087810503354
11,2.0,0.2631578947368421,0.42105263157894735,0.6900000000000001,0.09287087810503354
11,2.0,0.2631578947368421,0.4473684210526315,0.6900000000000001,0.09287087810503354
11,2.0,0.2631578947368421,0.47368421052631576,0.6725000000000001,0.10398317171542709
11,2.0,0.2631578947368421,0.5,0.66,0.07776165507497894
11,2.0,0.3157894736842105,0.0,0.725,0.09802741963348824
11,2.0,0.3157894736842105,0.02631578947368421,0.725,0.09142961773954869
11,2.0,0.3157894736842105,0.05263157894736842,0.7175,0.08642193008721802
11,2.0,0.3157894736842105,0.07894736842105263,0.7125,0.09013878188659973
11,2.0,0.3157894736842105,0.10526315789473684,0.7125,0.09013878188659973
11,2.0,0.3157894736842105,0.13157894736842105,0.7125,0.09013878188659973
11,2.0,0.3157894736842105,0.15789473684210525,0.7224999999999999,0.0961769203083567
11,2.0,0.3157894736842105,0.18421052631578946,0.7224999999999999,0.0961769203083567
11,2.0,0.3157894736842105,0.21052631578947367,0.7050000000000001,0.08776744840770977
11,2.0,0.3157894736842105,0.23684210526315788,0.7050000000000001,0.08776744840770977
11,2.0,0.3157894736842105,0.2631578947368421,0.7025,0.08587782018658834
11,2.0,0.3157894736842105,0.2894736842105263,0.7025,0.08587782018658834
11,2.0,0.3157894736842105,0.3157894736842105,0.7025,0.08587782018658834
11,2.0,0.3157894736842105,0.3421052631578947,0.7025,0.10803645218165948
11,2.0,0.3157894736842105,0.3684210526315789,0.6950000000000001,0.09211066713470269
11,2.0,0.3157894736842105,0.39473684210526316,0.6950000000000001,0.09211066713470269
11,2.0,0.3157894736842105,0.42105263157894735,0.6975,0.0920258115965298
11,2.0,0.3157894736842105,0.4473684210526315,0.685,0.06696547617989436
11,2.0,0.3157894736842105,0.47368421052631576,0.6675,0.0732077523217316
11,2.0,0.3157894736842105,0.5,0.6649999999999999,0.06812213296719356
11,2.0,0.3684210526315789,0.0,0.725,0.09802741963348824
11,2.0,0.3684210526315789,0.02631578947368421,0.7324999999999999,0.1048063690812729
11,2.0,0.3684210526315789,0.05263157894736842,0.72,0.1048063690812729
11,2.0,0.3684210526315789,0.07894736842105263,0.7175,0.09984362773857929
11,2.0,0.3684210526315789,0.10526315789473684,0.7175,0.09984362773857929
11,2.0,0.3684210526315789,0.13157894736842105,0.7175,0.09984362773857929
11,2.0,0.3684210526315789,0.15789473684210525,0.7174999999999999,0.0899652710772329
11,2.0,0.3684210526315789,0.18421052631578946,0.7174999999999999,0.0899652710772329
11,2.0,0.3684210526315789,0.21052631578947367,0.7,0.0795495128834866
11,2.0,0.3684210526315789,0.23684210526315788,0.7,0.0795495128834866
11,2.0,0.3684210526315789,0.2631578947368421,0.6975,0.07725768570181223
11,2.0,0.3684210526315789,0.2894736842105263,0.7025,0.08587782018658834
11,2.0,0.3684210526315789,0.3157894736842105,0.6599999999999999,0.10658036873646103
11,2.0,0.3684210526315789,0.3421052631578947,0.665,0.1163910434698478
11,2.0,0.3684210526315789,0.3684210526315789,0.6825,0.09746794344808962
11,2.0,0.3684210526315789,0.39473684210526316,0.6825,0.09746794344808962
11,2.0,0.3684210526315789,0.42105263157894735,0.6825,0.09746794344808962
11,2.0,0.3684210526315789,0.4473684210526315,0.6799999999999999,0.09945162140458041
11,2.0,0.3684210526315789,0.47368421052631576,0.6799999999999999,0.09945162140458041
11,2.0,0.3684210526315789,0.5,0.6675,0.0732077523217316
11,2.0,0.42105263157894735,0.0,0.725,0.09802741963348824
11,2.0,0.42105263157894735,0.02631578947368421,0.7449999999999999,0.09984362773857927
11,2.0,0.42105263157894735,0.05263157894736842,0.72,0.1048063690812729
11,2.0,0.42105263157894735,0.07894736842105263,0.7125,0.10458250331675945
11,2.0,0.42105263157894735,0.10526315789473684,0.7125,0.10458250331675945
11,2.0,0.42105263157894735,0.13157894736842105,0.7125,0.10458250331675945
11,2.0,0.42105263157894735,0.15789473684210525,0.7025,0.08215838362577493
11,2.0,0.42105263157894735,0.18421052631578946,0.6900000000000001,0.07256462636849999
11,2.0,0.42105263157894735,0.21052631578947367,0.6849999999999999,0.071479892277479
11,2.0,0.42105263157894735,0.23684210526315788,0.6849999999999999,0.071479892277479
11,2.0,0.42105263157894735,0.2631578947368421,0.6849999999999999,0.071479892277479
11,2.0,0.42105263157894735,0.2894736842105263,0.71,0.12418484207019795
11,2.0,0.42105263157894735,0.3157894736842105,0.6950000000000001,0.09211066713470269
11,2.0,0.42105263157894735,0.3421052631578947,0.6599999999999999,0.05108204185425639
11,2.0,0.42105263157894735,0.3684210526315789,0.6599999999999999,0.05108204185425639
11,2.0,0.42105263157894735,0.39473684210526316,0.6599999999999999,0.05108204185425639
11,2.0,0.42105263157894735,0.42105263157894735,0.6675000000000001,0.05046657309546588
11,2.0,0.42105263157894735,0.4473684210526315,0.65,0.06123724356957946
11,2.0,0.42105263157894735,0.47368421052631576,0.65,0.06123724356957946
11,2.0,0.42105263157894735,0.5,0.65,0.06123724356957946
11,2.0,0.47368421052631576,0.0,0.725,0.09802741963348824
11,2.0,0.47368421052631576,0.02631578947368421,0.7449999999999999,0.09984362773857927
11,2.0,0.47368421052631576,0.05263157894736842,0.72,0.1048063690812729
11,2.0,0.47368421052631576,0.07894736842105263,0.7125,0.10458250331675945
11,2.0,0.47368421052631576,0.10526315789473684,0.735,0.12481235916366618
11,2.0,0.47368421052631576,0.13157894736842105,0.735,0.12481235916366618
11,2.0,0.47368421052631576,0.15789473684210525,0.7050000000000001,0.08505512918102001
11,2.0,0.47368421052631576,0.18421052631578946,0.695,0.07531185165696036
11,2.0,0.47368421052631576,0.21052631578947367,0.6925000000000001,0.07373940601876315
11,2.0,0.47368421052631576,0.23684210526315788,0.71,0.10803645218165948
11,2.0,0.47368421052631576,0.2631578947368421,0.6925000000000001,0.11201283408609924
11,2.0,0.47368421052631576,0.2894736842105263,0.6625,0.04921254921257384
11,2.0,0.47368421052631576,0.3157894736842105,0.6625,0.04921254921257384
11,2.0,0.47368421052631576,0.3421052631578947,0.6625,0.04921254921257384
11,2.0,0.47368421052631576,0.3684210526315789,0.6625,0.04921254921257384
11,2.0,0.47368421052631576,0.39473684210526316,0.6625,0.04921254921257384
11,2.0,0.47368421052631576,0.42105263157894735,0.6449999999999999,0.06823672031978091
11,2.0,0.47368421052631576,0.4473684210526315,0.6449999999999999,0.06823672031978091
11,2.0,0.47368421052631576,0.47368421052631576,0.6449999999999999,0.06823672031978091
11,2.0,0.47368421052631576,0.5,0.6425,0.06410440702479041
11,2.0,0.5263157894736842,0.0,0.725,0.09802741963348824
11,2.0,0.5263157894736842,0.02631578947368421,0.7449999999999999,0.09984362773857927
11,2.0,0.5263157894736842,0.05263157894736842,0.72,0.1048063690812729
11,2.0,0.5263157894736842,0.07894736842105263,0.7125,0.10458250331675945
11,2.0,0.5263157894736842,0.10526315789473684,0.735,0.12481235916366618
11,2.0,0.5263157894736842,0.13157894736842105,0.735,0.12481235916366618
11,2.0,0.5263157894736842,0.15789473684210525,0.7050000000000001,0.08505512918102001
11,2.0,0.5263157894736842,0.18421052631578946,0.695,0.07531185165696036
11,2.0,0.5263157894736842,0.21052631578947367,0.695,0.07531185165696036
11,2.0,0.5263157894736842,0.23684210526315788,0.7175,0.11878289018204599
11,2.0,0.5263157894736842,0.2631578947368421,0.6975,0.12292019768939522
11,2.0,0.5263157894736842,0.2894736842105263,0.7,0.1283914911510884
11,2.0,0.5263157894736842,0.3157894736842105,0.6975,0.13002403623945846
11,2.0,0.5263157894736842,0.3421052631578947,0.6599999999999999,0.05108204185425639
11,2.0,0.5263157894736842,0.3684210526315789,0.6599999999999999,0.05108204185425639
11,2.0,0.5263157894736842,0.39473684210526316,0.6599999999999999,0.05108204185425639
11,2.0,0.5263157894736842,0.42105263157894735,0.6599999999999999,0.05108204185425639
11,2.0,0.5263157894736842,0.4473684210526315,0.6599999999999999,0.05108204185425639
11,2.0,0.5263157894736842,0.47368421052631576,0.6599999999999999,0.05108204185425639
11,2.0,0.5263157894736842,0.5,0.655,0.04889401803901985
11,2.0,0.5789473684210527,0.0,0.725,0.09802741963348824
11,2.0,0.5789473684210527,0.02631578947368421,0.7324999999999999,0.07935285124051938
11,2.0,0.5789473684210527,0.05263157894736842,0.7074999999999999,0.08081614937622304
11,2.0,0.5789473684210527,0.07894736842105263,0.7025,0.08587782018658834
11,2.0,0.5789473684210527,0.10526315789473684,0.725,0.11215224028078975
11,2.0,0.5789473684210527,0.13157894736842105,0.75,0.14816586988912123
11,2.0,0.5789473684210527,0.15789473684210525,0.7150000000000001,0.10054538776095101
11,2.0,0.5789473684210527,0.18421052631578946,0.7075,0.09503288904374105
11,2.0,0.5789473684210527,0.21052631578947367,0.7075,0.09503288904374105
11,2.0,0.5789473684210527,0.23684210526315788,0.6950000000000001,0.09211066713470269
11,2.0,0.5789473684210527,0.2631578947368421,0.7074999999999999,0.0986629363033556
11,2.0,0.5789473684210527,0.2894736842105263,0.7074999999999999,0.0986629363033556
11,2.0,0.5789473684210527,0.3157894736842105,0.6824999999999999,0.056319401630344074
11,2.0,0.5789473684210527,0.3421052631578947,0.6675000000000001,0.04726917600297261
11,2.0,0.5789473684210527,0.3684210526315789,0.6675000000000001,0.04726917600297261
11,2.0,0.5789473684210527,0.39473684210526316,0.6675000000000001,0.04726917600297261
11,2.0,0.5789473684210527,0.42105263157894735,0.655,0.056319401630344074
11,2.0,0.5789473684210527,0.4473684210526315,0.655,0.056319401630344074
11,2.0,0.5789473684210527,0.47368421052631576,0.6425000000000001,0.07531185165696036
11,2.0,0.5789473684210527,0.5,0.6425000000000001,0.07531185165696036
11,2.0,0.631578947368421,0.0,0.725,0.09802741963348824
11,2.0,0.631578947368421,0.02631578947368421,0.7324999999999999,0.07935285124051938
11,2.0,0.631578947368421,0.05263157894736842,0.7074999999999999,0.08081614937622304
11,2.0,0.631578947368421,0.07894736842105263,0.7025,0.08587782018658834
11,2.0,0.631578947368421,0.10526315789473684,0.725,0.11215224028078975
11,2.0,0.631578947368421,0.13157894736842105,0.75,0.14816586988912123
11,2.0,0.631578947368421,0.15789473684210525,0.7150000000000001,0.10054538776095101
11,2.0,0.631578947368421,0.18421052631578946,0.7075,0.09503288904374105
11,2.0,0.631578947368421,0.21052631578947367,0.7075,0.09503288904374105
11,2.0,0.631578947368421,0.23684210526315788,0.6950000000000001,0.09211066713470269
11,2.0,0.631578947368421,0.2631578947368421,0.7074999999999999,0.0986629363033556
11,2.0,0.631578947368421,0.2894736842105263,0.695,0.09786789565531694
11,2.0,0.631578947368421,0.3157894736842105,0.6699999999999999,0.04726917600297261
11,2.0,0.631578947368421,0.3421052631578947,0.6699999999999999,0.04726917600297261
11,2.0,0.631578947368421,0.3684210526315789,0.6699999999999999,0.04726917600297261
11,2.0,0.631578947368421,0.39473684210526316,0.6699999999999999,0.04726917600297261
11,2.0,0.631578947368421,0.42105263157894735,0.6675000000000001,0.04726917600297261
11,2.0,0.631578947368421,0.4473684210526315,0.6675000000000001,0.04726917600297261
11,2.0,0.631578947368421,0.47368421052631576,0.6675000000000001,0.04726917600297261
11,2.0,0.631578947368421,0.5,0.6675000000000001,0.04726917600297261
11,2.0,0.6842105263157894,0.0,0.725,0.09802741963348824
11,2.0,0.6842105263157894,0.02631578947368421,0.7324999999999999,0.07935285124051938
11,2.0,0.6842105263157894,0.05263157894736842,0.7150000000000001,0.08723173161183949
11,2.0,0.6842105263157894,0.07894736842105263,0.71,0.09244931043550296
11,2.0,0.6842105263157894,0.10526315789473684,0.7150000000000001,0.0981866844332774
11,2.0,0.6842105263157894,0.13157894736842105,0.7375,0.1386317063301177
11,2.0,0.6842105263157894,0.15789473684210525,0.7175,0.10292594425119451
11,2.0,0.6842105263157894,0.18421052631578946,0.7150000000000001,0.10054538776095101
11,2.0,0.6842105263157894,0.21052631578947367,0.7150000000000001,0.10054538776095101
11,2.0,0.6842105263157894,0.23684210526315788,0.7125,0.09842509842514764
11,2.0,0.6842105263157894,0.2631578947368421,0.7150000000000001,0.10285001215362108
11,2.0,0.6842105263157894,0.2894736842105263,0.71,0.0997653496961746
11,2.0,0.6842105263157894,0.3157894736842105,0.6849999999999999,0.05955564624785799
11,2.0,0.6842105263157894,0.3421052631578947,0.6849999999999999,0.05955564624785799
11,2.0,0.6842105263157894,0.3684210526315789,0.665,0.047925723781702054
11,2.0,0.6842105263157894,0.39473684210526316,0.665,0.047925723781702054
11,2.0,0.6842105263157894,0.42105263157894735,0.6775,0.05108204185425639
11,2.0,0.6842105263157894,0.4473684210526315,0.6425000000000001,0.07531185165696036
11,2.0,0.6842105263157894,0.47368421052631576,0.64,0.07623975340988455
11,2.0,0.6842105263157894,0.5,0.64,0.07623975340988455
11,2.0,0.7368421052631579,0.0,0.725,0.09802741963348824
11,2.0,0.7368421052631579,0.02631578947368421,0.7324999999999999,0.07935285124051938
11,2.0,0.7368421052631579,0.05263157894736842,0.7175,0.08505512918101998
11,2.0,0.7368421052631579,0.07894736842105263,0.7150000000000001,0.08263246940519205
11,2.0,0.7368421052631579,0.10526315789473684,0.7150000000000001,0.08263246940519205
11,2.0,0.7368421052631579,0.13157894736842105,0.74,0.12972326314119606
11,2.0,0.7368421052631579,0.15789473684210525,0.72,0.0912585612422199
11,2.0,0.7368421052631579,0.18421052631578946,0.7025,0.08633148324916003
11,2.0,0.7368421052631579,0.21052631578947367,0.6950000000000001,0.09211066713470269
11,2.0,0.7368421052631579,0.23684210526315788,0.6950000000000001,0.09211066713470269
11,2.0,0.7368421052631579,0.2631578947368421,0.7224999999999999,0.1094731702290566
11,2.0,0.7368421052631579,0.2894736842105263,0.7224999999999999,0.1094731702290566
11,2.0,0.7368421052631579,0.3157894736842105,0.6975,0.07974568953868291
11,2.0,0.7368421052631579,0.3421052631578947,0.6725,0.047925723781702054
11,2.0,0.7368421052631579,0.3684210526315789,0.6725,0.047925723781702054
11,2.0,0.7368421052631579,0.39473684210526316,0.6675000000000001,0.04726917600297261
11,2.0,0.7368421052631579,0.42105263157894735,0.6625,0.04921254921257384
11,2.0,0.7368421052631579,0.4473684210526315,0.6425000000000001,0.07213269023126753
11,2.0,0.7368421052631579,0.47368421052631576,0.64,0.07623975340988455
11,2.0,0.7368421052631579,0.5,0.635,0.07310095758606724
11,2.0,0.7894736842105263,0.0,0.725,0.09802741963348824
11,2.0,0.7894736842105263,0.02631578947368421,0.735,0.0816815462635227
11,2.0,0.7894736842105263,0.05263157894736842,0.7200000000000001,0.0877674484077098
11,2.0,0.7894736842105263,0.07894736842105263,0.7200000000000001,0.0877674484077098
11,2.0,0.7894736842105263,0.10526315789473684,0.7224999999999999,0.09074345706440767
11,2.0,0.7894736842105263,0.13157894736842105,0.7375,0.1386317063301177
11,2.0,0.7894736842105263,0.15789473684210525,0.7175,0.10292594425119451
11,2.0,0.7894736842105263,0.18421052631578946,0.7175,0.10292594425119451
11,2.0,0.7894736842105263,0.21052631578947367,0.7175,0.10292594425119451
11,2.0,0.7894736842105263,0.23684210526315788,0.7175,0.10292594425119451
11,2.0,0.7894736842105263,0.2631578947368421,0.7275,0.11504075364843541
11,2.0,0.7894736842105263,0.2894736842105263,0.7275,0.11504075364843541
11,2.0,0.7894736842105263,0.3157894736842105,0.6900000000000001,0.06696547617989439
11,2.0,0.7894736842105263,0.3421052631578947,0.6900000000000001,0.06696547617989439
11,2.0,0.7894736842105263,0.3684210526315789,0.6849999999999999,0.05955564624785799
11,2.0,0.7894736842105263,0.39473684210526316,0.6900000000000001,0.06696547617989439
11,2.0,0.7894736842105263,0.42105263157894735,0.6425000000000001,0.07531185165696036
11,2.0,0.7894736842105263,0.4473684210526315,0.64,0.07623975340988455
11,2.0,0.7894736842105263,0.47368421052631576,0.64,0.07623975340988455
11,2.0,0.7894736842105263,0.5,0.64,0.07623975340988455
11,2.0,0.8421052631578947,0.0,0.725,0.09802741963348824
11,2.0,0.8421052631578947,0.02631578947368421,0.735,0.0816815462635227
11,2.0,0.8421052631578947,0.05263157894736842,0.7200000000000001,0.0877674484077098
11,2.0,0.8421052631578947,0.07894736842105263,0.7200000000000001,0.0877674484077098
11,2.0,0.8421052631578947,0.10526315789473684,0.7224999999999999,0.09074345706440767
11,2.0,0.8421052631578947,0.13157894736842105,0.7325000000000002,0.10846946574958317
11,2.0,0.8421052631578947,0.15789473684210525,0.7200000000000001,0.0877674484077098
11,2.0,0.8421052631578947,0.18421052631578946,0.7200000000000001,0.0877674484077098
11,2.0,0.8421052631578947,0.21052631578947367,0.7200000000000001,0.0877674484077098
11,2.0,0.8421052631578947,0.23684210526315788,0.7200000000000001,0.0877674484077098
11,2.0,0.8421052631578947,0.2631578947368421,0.7175,0.0841315933523192
11,2.0,0.8421052631578947,0.2894736842105263,0.725,0.09437293044088439
11,2.0,0.8421052631578947,0.3157894736842105,0.6925000000000001,0.05199158585771357
11,2.0,0.8421052631578947,0.3421052631578947,0.6849999999999999,0.05955564624785799
11,2.0,0.8421052631578947,0.3684210526315789,0.675,0.04921254921257383
11,2.0,0.8421052631578947,0.39473684210526316,0.6775,0.05108204185425639
11,2.0,0.8421052631578947,0.42105263157894735,0.6775,0.05108204185425639
11,2.0,0.8421052631578947,0.4473684210526315,0.6824999999999999,0.056319401630344074
11,2.0,0.8421052631578947,0.47368421052631576,0.6824999999999999,0.056319401630344074
11,2.0,0.8421052631578947,0.5,0.68,0.0534731240905186
11,2.0,0.894736842105263,0.0,0.725,0.09802741963348824
11,2.0,0.894736842105263,0.02631578947368421,0.735,0.0816815462635227
11,2.0,0.894736842105263,0.05263157894736842,0.7200000000000001,0.0877674484077098
11,2.0,0.894736842105263,0.07894736842105263,0.7200000000000001,0.0877674484077098
11,2.0,0.894736842105263,0.10526315789473684,0.7224999999999999,0.09074345706440767
11,2.0,0.894736842105263,0.13157894736842105,0.7325000000000002,0.10846946574958317
11,2.0,0.894736842105263,0.15789473684210525,0.7200000000000001,0.0877674484077098
11,2.0,0.894736842105263,0.18421052631578946,0.7200000000000001,0.0877674484077098
11,2.0,0.894736842105263,0.21052631578947367,0.7200000000000001,0.0877674484077098
11,2.0,0.894736842105263,0.23684210526315788,0.7200000000000001,0.0877674484077098
11,2.0,0.894736842105263,0.2631578947368421,0.7125,0.09519716382329885
11,2.0,0.894736842105263,0.2894736842105263,0.72,0.1048063690812729
11,2.0,0.894736842105263,0.3157894736842105,0.71,0.0997653496961746
11,2.0,0.894736842105263,0.3421052631578947,0.6849999999999999,0.05955564624785799
11,2.0,0.894736842105263,0.3684210526315789,0.675,0.04921254921257383
11,2.0,0.894736842105263,0.39473684210526316,0.6775,0.05108204185425639
11,2.0,0.894736842105263,0.42105263157894735,0.6775,0.05108204185425639
11,2.0,0.894736842105263,0.4473684210526315,0.6824999999999999,0.056319401630344074
11,2.0,0.894736842105263,0.47368421052631576,0.6824999999999999,0.056319401630344074
11,2.0,0.894736842105263,0.5,0.68,0.0534731240905186
11,2.0,0.9473684210526315,0.0,0.725,0.09802741963348824
11,2.0,0.9473684210526315,0.02631578947368421,0.7200000000000001,0.0877674484077098
11,2.0,0.9473684210526315,0.05263157894736842,0.7125,0.09519716382329885
11,2.0,0.9473684210526315,0.07894736842105263,0.7125,0.09519716382329885
11,2.0,0.9473684210526315,0.10526315789473684,0.7150000000000001,0.0981866844332774
11,2.0,0.9473684210526315,0.13157894736842105,0.7275,0.11772584677971103
11,2.0,0.9473684210526315,0.15789473684210525,0.7474999999999999,0.14399435752834208
11,2.0,0.9473684210526315,0.18421052631578946,0.7474999999999999,0.14399435752834208
11,2.0,0.9473684210526315,0.21052631578947367,0.7474999999999999,0.14399435752834208
11,2.0,0.9473684210526315,0.23684210526315788,0.7474999999999999,0.14399435752834208
11,2.0,0.9473684210526315,0.2631578947368421,0.7474999999999999,0.14399435752834208
11,2.0,0.9473684210526315,0.2894736842105263,0.72,0.12887736418782003
11,2.0,0.9473684210526315,0.3157894736842105,0.68,0.0534731240905186
11,2.0,0.9473684210526315,0.3421052631578947,0.68,0.0534731240905186
11,2.0,0.9473684210526315,0.3684210526315789,0.68,0.0534731240905186
11,2.0,0.9473684210526315,0.39473684210526316,0.68,0.0534731240905186
11,2.0,0.9473684210526315,0.42105263157894735,0.655,0.04889401803901988
11,2.0,0.9473684210526315,0.4473684210526315,0.655,0.04889401803901988
11,2.0,0.9473684210526315,0.47368421052631576,0.655,0.04889401803901988
11,2.0,0.9473684210526315,0.5,0.655,0.04889401803901988
11,2.0,1.0,0.0,0.725,0.09802741963348824
11,2.0,1.0,0.02631578947368421,0.7200000000000001,0.0877674484077098
11,2.0,1.0,0.05263157894736842,0.6925000000000001,0.08177713616898061
11,2.0,1.0,0.07894736842105263,0.6925000000000001,0.08177713616898061
11,2.0,1.0,0.10526315789473684,0.725,0.11215224028078975
11,2.0,1.0,0.13157894736842105,0.7375,0.12839149115108836
11,2.0,1.0,0.15789473684210525,0.7474999999999999,0.14399435752834208
11,2.0,1.0,0.18421052631578946,0.7474999999999999,0.14399435752834208
11,2.0,1.0,0.21052631578947367,0.7474999999999999,0.14399435752834208
11,2.0,1.0,0.23684210526315788,0.7474999999999999,0.14399435752834208
11,2.0,1.0,0.2631578947368421,0.7474999999999999,0.14399435752834208
11,2.0,1.0,0.2894736842105263,0.695,0.0822534193818105
11,2.0,1.0,0.3157894736842105,0.68,0.0534731240905186
11,2.0,1.0,0.3421052631578947,0.68,0.0534731240905186
11,2.0,1.0,0.3684210526315789,0.675,0.04921254921257383
11,2.0,1.0,0.39473684210526316,0.6699999999999999,0.04726917600297261
11,2.0,1.0,0.42105263157894735,0.665,0.04626688880830439
11,2.0,1.0,0.4473684210526315,0.655,0.04889401803901988
11,2.0,1.0,0.47368421052631576,0.655,0.04889401803901988
11,2.0,1.0,0.5,0.6375,0.07234898064243893
11,3.0,0.0,0.0,0.725,0.09802741963348824
11,3.0,0.0,0.02631578947368421,0.7025,0.08587782018658832
11,3.0,0.0,0.05263157894736842,0.7075,0.08459462157844314
11,3.0,0.0,0.07894736842105263,0.705,0.08596874432024698
11,3.0,0.0,0.10526315789473684,0.705,0.08596874432024698
11,3.0,0.0,0.13157894736842105,0.7474999999999999,0.14399435752834208
11,3.0,0.0,0.15789473684210525,0.7175,0.10480636908127293
11,3.0,0.0,0.18421052631578946,0.7024999999999999,0.0890049155945895
11,3.0,0.0,0.21052631578947367,0.7075,0.0921106671347027
11,3.0,0.0,0.23684210526315788,0.6975,0.09074345706440767
11,3.0,0.0,0.2631578947368421,0.6950000000000001,0.08996527107723291
11,3.0,0.0,0.2894736842105263,0.6950000000000001,0.08996527107723291
11,3.0,0.0,0.3157894736842105,0.6925000000000001,0.08505512918101997
11,3.0,0.0,0.3421052631578947,0.6799999999999999,0.06531175238806565
11,3.0,0.0,0.3684210526315789,0.6649999999999999,0.06812213296719356
11,3.0,0.0,0.39473684210526316,0.6649999999999999,0.06812213296719356
11,3.0,0.0,0.42105263157894735,0.6475,0.0890049155945895
11,3.0,0.0,0.4473684210526315,0.6475,0.0890049155945895
11,3.0,0.0,0.47368421052631576,0.6475,0.0890049155945895
11,3.0,0.0,0.5,0.6475,0.0890049155945895
11,3.0,0.05263157894736842,0.0,0.725,0.09802741963348824
11,3.0,0.05263157894736842,0.02631578947368421,0.7025,0.08587782018658832
11,3.0,0.05263157894736842,0.05263157894736842,0.7075,0.08459462157844314
11,3.0,0.05263157894736842,0.07894736842105263,0.705,0.08596874432024698
11,3.0,0.05263157894736842,0.10526315789473684,0.705,0.08596874432024698
11,3.0,0.05263157894736842,0.13157894736842105,0.7,0.0972271824131503
11,3.0,0.05263157894736842,0.15789473684210525,0.7150000000000001,0.10285001215362108
11,3.0,0.05263157894736842,0.18421052631578946,0.7125,0.09642030387838446
11,3.0,0.05263157894736842,0.21052631578947367,0.6950000000000001,0.08687275176947028
11,3.0,0.05263157894736842,0.23684210526315788,0.6925,0.08953002289734992
11,3.0,0.05263157894736842,0.2631578947368421,0.6925,0.08953002289734992
11,3.0,0.05263157894736842,0.2894736842105263,0.6925,0.08953002289734992
11,3.0,0.05263157894736842,0.3157894736842105,0.6900000000000001,0.08450221890577782
11,3.0,0.05263157894736842,0.3421052631578947,0.665,0.050311529493745274
11,3.0,0.05263157894736842,0.3684210526315789,0.665,0.050311529493745274
11,3.0,0.05263157894736842,0.39473684210526316,0.665,0.050311529493745274
11,3.0,0.05263157894736842,0.42105263157894735,0.6625,0.05077524002897476
11,3.0,0.05263157894736842,0.4473684210526315,0.6625,0.05077524002897476
11,3.0,0.05263157894736842,0.47368421052631576,0.6599999999999999,0.05184110338331931
11,3.0,0.05263157894736842,0.5,0.6599999999999999,0.05184110338331931
11,3.0,0.10526315789473684,0.0,0.725,0.09802741963348824
11,3.0,0.10526315789473684,0.02631578947368421,0.7025,0.08587782018658832
11,3.0,0.10526315789473684,0.05263157894736842,0.7075,0.08459462157844314
11,3.0,0.10526315789473684,0.07894736842105263,0.7075,0.08459462157844314
11,3.0,0.10526315789473684,0.10526315789473684,0.7075,0.08459462157844314
11,3.0,0.10526315789473684,0.13157894736842105,0.7,0.0972271824131503
11,3.0,0.10526315789473684,0.15789473684210525,0.7150000000000001,0.10285001215362108
11,3.0,0.10526315789473684,0.18421052631578946,0.7125,0.09642030387838446
11,3.0,0.10526315789473684,0.21052631578947367,0.6950000000000001,0.08687275176947028
11,3.0,0.10526315789473684,0.23684210526315788,0.6950000000000001,0.08687275176947028
11,3.0,0.10526315789473684,0.2631578947368421,0.6950000000000001,0.08687275176947028
11,3.0,0.10526315789473684,0.2894736842105263,0.6950000000000001,0.08687275176947028
11,3.0,0.10526315789473684,0.3157894736842105,0.6900000000000001,0.07675040716504376
11,3.0,0.10526315789473684,0.3421052631578947,0.675,0.06187184335382292
11,3.0,0.10526315789473684,0.3684210526315789,0.675,0.06187184335382292
11,3.0,0.10526315789473684,0.39473684210526316,0.675,0.06187184335382292
11,3.0,0.10526315789473684,0.42105263157894735,0.675,0.06187184335382292
11,3.0,0.10526315789473684,0.4473684210526315,0.675,0.06187184335382292
11,3.0,0.10526315789473684,0.47368421052631576,0.675,0.06187184335382292
11,3.0,0.10526315789473684,0.5,0.675,0.06187184335382292
11,3.0,0.15789473684210525,0.0,0.725,0.09802741963348824
11,3.0,0.15789473684210525,0.02631578947368421,0.7025,0.08587782018658832
11,3.0,0.15789473684210525,0.05263157894736842,0.7075,0.08459462157844314
11,3.0,0.15789473684210525,0.07894736842105263,0.7075,0.08459462157844314
11,3.0,0.15789473684210525,0.10526315789473684,0.7075,0.08459462157844314
11,3.0,0.15789473684210525,0.13157894736842105,0.7075,0.08459462157844314
11,3.0,0.15789473684210525,0.15789473684210525,0.7175,0.08081614937622304
11,3.0,0.15789473684210525,0.18421052631578946,0.72,0.08319780646146865
11,3.0,0.15789473684210525,0.21052631578947367,0.6975,0.0772576857018122
11,3.0,0.15789473684210525,0.23684210526315788,0.6975,0.0772576857018122
11,3.0,0.15789473684210525,0.2631578947368421,0.6925000000000001,0.07885905147793751
11,3.0,0.15789473684210525,0.2894736842105263,0.6925000000000001,0.07885905147793751
11,3.0,0.15789473684210525,0.3157894736842105,0.6925000000000001,0.07885905147793751
11,3.0,0.15789473684210525,0.3421052631578947,0.6849999999999999,0.07974568953868288
11,3.0,0.15789473684210525,0.3684210526315789,0.68,0.06880679472261444
11,3.0,0.15789473684210525,0.39473684210526316,0.68,0.06880679472261444
11,3.0,0.15789473684210525,0.42105263157894735,0.68,0.06880679472261444
11,3.0,0.15789473684210525,0.4473684210526315,0.68,0.06880679472261444
11,3.0,0.15789473684210525,0.47368421052631576,0.68,0.06880679472261444
11,3.0,0.15789473684210525,0.5,0.6775,0.06336895927818287
11,3.0,0.21052631578947367,0.0,0.725,0.09802741963348824
11,3.0,0.21052631578947367,0.02631578947368421,0.725,0.09142961773954869
11,3.0,0.21052631578947367,0.05263157894736842,0.7175,0.08642193008721802
11,3.0,0.21052631578947367,0.07894736842105263,0.7175,0.08642193008721802
11,3.0,0.21052631578947367,0.10526315789473684,0.7075,0.08459462157844314
11,3.0,0.21052631578947367,0.13157894736842105,0.7075,0.08459462157844314
11,3.0,0.21052631578947367,0.15789473684210525,0.7,0.07447734554883113
11,3.0,0.21052631578947367,0.18421052631578946,0.7,0.07447734554883113
11,3.0,0.21052631578947367,0.21052631578947367,0.675,0.09142961773954868
11,3.0,0.21052631578947367,0.23684210526315788,0.675,0.09142961773954868
11,3.0,0.21052631578947367,0.2631578947368421,0.6675000000000001,0.09420721840708385
11,3.0,0.21052631578947367,0.2894736842105263,0.6625,0.08385254915624214
11,3.0,0.21052631578947367,0.3157894736842105,0.665,0.0890049155945895
11,3.0,0.21052631578947367,0.3421052631578947,0.665,0.0890049155945895
11,3.0,0.21052631578947367,0.3684210526315789,0.665,0.0890049155945895
11,3.0,0.21052631578947367,0.39473684210526316,0.665,0.0890049155945895
11,3.0,0.21052631578947367,0.42105263157894735,0.66,0.07875992001011682
11,3.0,0.21052631578947367,0.4473684210526315,0.66,0.07875992001011682
11,3.0,0.21052631578947367,0.47368421052631576,0.67,0.09945162140458044
11,3.0,0.21052631578947367,0.5,0.6475000000000001,0.05477225575051661
11,3.0,0.2631578947368421,0.0,0.725,0.09802741963348824
11,3.0,0.2631578947368421,0.02631578947368421,0.725,0.09142961773954869
11,3.0,0.2631578947368421,0.05263157894736842,0.7175,0.08642193008721802
11,3.0,0.2631578947368421,0.07894736842105263,0.7175,0.08642193008721802
11,3.0,0.2631578947368421,0.10526315789473684,0.7075,0.08459462157844314
11,3.0,0.2631578947368421,0.13157894736842105,0.7075,0.08459462157844314
11,3.0,0.2631578947368421,0.15789473684210525,0.7,0.07447734554883113
11,3.0,0.2631578947368421,0.18421052631578946,0.7,0.07447734554883113
11,3.0,0.2631578947368421,0.21052631578947367,0.675,0.09142961773954868
11,3.0,0.2631578947368421,0.23684210526315788,0.675,0.09142961773954868
11,3.0,0.2631578947368421,0.2631578947368421,0.6675000000000001,0.09420721840708385
11,3.0,0.2631578947368421,0.2894736842105263,0.6625,0.08385254915624214
11,3.0,0.2631578947368421,0.3157894736842105,0.67,0.09945162140458044
11,3.0,0.2631578947368421,0.3421052631578947,0.67,0.09945162140458044
11,3.0,0.2631578947368421,0.3684210526315789,0.6725000000000001,0.10473180032826705
11,3.0,0.2631578947368421,0.39473684210526316,0.6725000000000001,0.10473180032826705
11,3.0,0.2631578947368421,0.42105263157894735,0.6725000000000001,0.10473180032826705
11,3.0,0.2631578947368421,0.4473684210526315,0.6725000000000001,0.10473180032826705
11,3.0,0.2631578947368421,0.47368421052631576,0.6675,0.1066536450385077
11,3.0,0.2631578947368421,0.5,0.6525000000000001,0.09202581159652981
11,3.0,0.3157894736842105,0.0,0.725,0.09802741963348824
11,3.0,0.3157894736842105,0.02631578947368421,0.725,0.09142961773954869
11,3.0,0.3157894736842105,0.05263157894736842,0.7175,0.08642193008721802
11,3.0,0.3157894736842105,0.07894736842105263,0.7175,0.08642193008721802
11,3.0,0.3157894736842105,0.10526315789473684,0.7024999999999999,0.0876783895837509
11,3.0,0.3157894736842105,0.13157894736842105,0.7024999999999999,0.0876783895837509
11,3.0,0.3157894736842105,0.15789473684210525,0.695,0.07735874223382899
11,3.0,0.3157894736842105,0.18421052631578946,0.695,0.07735874223382899
11,3.0,0.3157894736842105,0.21052631578947367,0.695,0.07735874223382899
11,3.0,0.3157894736842105,0.23684210526315788,0.695,0.07735874223382899
11,3.0,0.3157894736842105,0.2631578947368421,0.6875,0.08003905296791058
11,3.0,0.3157894736842105,0.2894736842105263,0.6824999999999999,0.06937218462755805
11,3.0,0.3157894736842105,0.3157894736842105,0.6824999999999999,0.06937218462755805
11,3.0,0.3157894736842105,0.3421052631578947,0.6824999999999999,0.06937218462755805
11,3.0,0.3157894736842105,0.3684210526315789,0.6824999999999999,0.06937218462755805
11,3.0,0.3157894736842105,0.39473684210526316,0.6824999999999999,0.06937218462755805
11,3.0,0.3157894736842105,0.42105263157894735,0.6775,0.06982120021884472
11,3.0,0.3157894736842105,0.4473684210526315,0.6775,0.06982120021884472
11,3.0,0.3157894736842105,0.47368421052631576,0.6775,0.06982120021884472
11,3.0,0.3157894736842105,0.5,0.67,0.04726917600297259
11,3.0,0.3684210526315789,0.0,0.725,0.09802741963348824
11,3.0,0.3684210526315789,0.02631578947368421,0.7324999999999999,0.1048063690812729
11,3.0,0.3684210526315789,0.05263157894736842,0.725,0.10116508785149152
11,3.0,0.3684210526315789,0.07894736842105263,0.7224999999999999,0.09617692030835673
11,3.0,0.3684210526315789,0.10526315789473684,0.7074999999999999,0.09826622003516773
11,3.0,0.3684210526315789,0.13157894736842105,0.7074999999999999,0.09826622003516773
11,3.0,0.3684210526315789,0.15789473684210525,0.6900000000000001,0.06696547617989439
11,3.0,0.3684210526315789,0.18421052631578946,0.6900000000000001,0.06696547617989439
11,3.0,0.3684210526315789,0.21052631578947367,0.6900000000000001,0.06696547617989439
11,3.0,0.3684210526315789,0.23684210526315788,0.6900000000000001,0.06696547617989439
11,3.0,0.3684210526315789,0.2631578947368421,0.6824999999999999,0.06937218462755805
11,3.0,0.3684210526315789,0.2894736842105263,0.6875,0.08003905296791058
11,3.0,0.3684210526315789,0.3157894736842105,0.6875,0.08003905296791058
11,3.0,0.3684210526315789,0.3421052631578947,0.6875,0.09437293044088436
11,3.0,0.3684210526315789,0.3684210526315789,0.6900000000000001,0.0997653496961746
11,3.0,0.3684210526315789,0.39473684210526316,0.6900000000000001,0.0997653496961746
11,3.0,0.3684210526315789,0.42105263157894735,0.6699999999999999,0.11201283408609929
11,3.0,0.3684210526315789,0.4473684210526315,0.6575,0.08551315688243538
11,3.0,0.3684210526315789,0.47368421052631576,0.6575,0.08551315688243538
11,3.0,0.3684210526315789,0.5,0.6475000000000001,0.04873397172404481
11,3.0,0.42105263157894735,0.0,0.725,0.09802741963348824
11,3.0,0.42105263157894735,0.02631578947368421,0.7449999999999999,0.09984362773857927
11,3.0,0.42105263157894735,0.05263157894736842,0.7375,0.09722718241315026
11,3.0,0.42105263157894735,0.07894736842105263,0.735,0.09244931043550299
11,3.0,0.42105263157894735,0.10526315789473684,0.735,0.09244931043550299
11,3.0,0.42105263157894735,0.13157894736842105,0.755,0.10628675834740656
11,3.0,0.42105263157894735,0.15789473684210525,0.725,0.07015607600201142
11,3.0,0.42105263157894735,0.18421052631578946,0.725,0.07015607600201142
11,3.0,0.42105263157894735,0.21052631578947367,0.6625,0.09560661587986474
11,3.0,0.42105263157894735,0.23684210526315788,0.6625,0.09560661587986474
11,3.0,0.42105263157894735,0.2631578947368421,0.6625,0.09560661587986474
11,3.0,0.42105263157894735,0.2894736842105263,0.65,0.07500000000000002
11,3.0,0.42105263157894735,0.3157894736842105,0.65,0.07500000000000002
11,3.0,0.42105263157894735,0.3421052631578947,0.6425000000000001,0.07531185165696036
11,3.0,0.42105263157894735,0.3684210526315789,0.6425000000000001,0.07531185165696036
11,3.0,0.42105263157894735,0.39473684210526316,0.655,0.056319401630344074
11,3.0,0.42105263157894735,0.42105263157894735,0.655,0.056319401630344074
11,3.0,0.42105263157894735,0.4473684210526315,0.655,0.056319401630344074
11,3.0,0.42105263157894735,0.47368421052631576,0.6525000000000001,0.0582290734942606
11,3.0,0.42105263157894735,0.5,0.6525000000000001,0.0582290734942606
11,3.0,0.47368421052631576,0.0,0.725,0.09802741963348824
11,3.0,0.47368421052631576,0.02631578947368421,0.7449999999999999,0.09984362773857927
11,3.0,0.47368421052631576,0.05263157894736842,0.7375,0.09722718241315026
11,3.0,0.47368421052631576,0.07894736842105263,0.735,0.09244931043550299
11,3.0,0.47368421052631576,0.10526315789473684,0.735,0.09244931043550299
11,3.0,0.47368421052631576,0.13157894736842105,0.755,0.10628675834740656
11,3.0,0.47368421052631576,0.15789473684210525,0.725,0.07015607600201142
11,3.0,0.47368421052631576,0.18421052631578946,0.725,0.07015607600201142
11,3.0,0.47368421052631576,0.21052631578947367,0.6625,0.09560661587986474
11,3.0,0.47368421052631576,0.23684210526315788,0.685,0.13930631715755032
11,3.0,0.47368421052631576,0.2631578947368421,0.6625,0.09560661587986474
11,3.0,0.47368421052631576,0.2894736842105263,0.6625,0.09560661587986474
11,3.0,0.47368421052631576,0.3157894736842105,0.6625,0.09560661587986474
11,3.0,0.47368421052631576,0.3421052631578947,0.655,0.09706634329158591
11,3.0,0.47368421052631576,0.3684210526315789,0.655,0.09706634329158591
11,3.0,0.47368421052631576,0.39473684210526316,0.665,0.08023403267940608
11,3.0,0.47368421052631576,0.42105263157894735,0.665,0.08023403267940608
11,3.0,0.47368421052631576,0.4473684210526315,0.665,0.08023403267940608
11,3.0,0.47368421052631576,0.47368421052631576,0.6625,0.08196798155377502
11,3.0,0.47368421052631576,0.5,0.655,0.09039842365882274
11,3.0,0.5263157894736842,0.0,0.725,0.09802741963348824
11,3.0,0.5263157894736842,0.02631578947368421,0.7449999999999999,0.09984362773857927
11,3.0,0.5263157894736842,0.05263157894736842,0.7375,0.09722718241315026
11,3.0,0.5263157894736842,0.07894736842105263,0.735,0.09244931043550299
11,3.0,0.5263157894736842,0.10526315789473684,0.735,0.09244931043550299
11,3.0,0.5263157894736842,0.13157894736842105,0.755,0.10628675834740656
11,3.0,0.5263157894736842,0.15789473684210525,0.725,0.07015607600201142
11,3.0,0.5263157894736842,0.18421052631578946,0.725,0.07015607600201142
11,3.0,0.5263157894736842,0.21052631578947367,0.6775,0.10131942064579724
11,3.0,0.5263157894736842,0.23684210526315788,0.665,0.08496322733983216
11,3.0,0.5263157894736842,0.2631578947368421,0.6575000000000001,0.0783621400932874
11,3.0,0.5263157894736842,0.2894736842105263,0.65,0.07500000000000002
11,3.0,0.5263157894736842,0.3157894736842105,0.65,0.07500000000000002
11,3.0,0.5263157894736842,0.3421052631578947,0.6475,0.07363338237511573
11,3.0,0.5263157894736842,0.3684210526315789,0.6475,0.07363338237511573
11,3.0,0.5263157894736842,0.39473684210526316,0.6599999999999999,0.0525892099199066
11,3.0,0.5263157894736842,0.42105263157894735,0.6599999999999999,0.0525892099199066
11,3.0,0.5263157894736842,0.4473684210526315,0.6599999999999999,0.0525892099199066
11,3.0,0.5263157894736842,0.47368421052631576,0.6599999999999999,0.0525892099199066
11,3.0,0.5263157894736842,0.5,0.6575,0.05631940163034406
11,3.0,0.5789473684210527,0.0,0.725,0.09802741963348824
11,3.0,0.5789473684210527,0.02631578947368421,0.7324999999999999,0.07935285124051938
11,3.0,0.5789473684210527,0.05263157894736842,0.725,0.07447734554883115
11,3.0,0.5789473684210527,0.07894736842105263,0.725,0.07447734554883115
11,3.0,0.5789473684210527,0.10526315789473684,0.725,0.07447734554883115
11,3.0,0.5789473684210527,0.13157894736842105,0.7675,0.1258098764008613
11,3.0,0.5789473684210527,0.15789473684210525,0.7474999999999999,0.10131942064579721
11,3.0,0.5789473684210527,0.18421052631578946,0.7474999999999999,0.10131942064579721
11,3.0,0.5789473684210527,0.21052631578947367,0.695,0.13098186897429734
11,3.0,0.5789473684210527,0.23684210526315788,0.695,0.13098186897429734
11,3.0,0.5789473684210527,0.2631578947368421,0.68,0.1291801068276381
11,3.0,0.5789473684210527,0.2894736842105263,0.68,0.1291801068276381
11,3.0,0.5789473684210527,0.3157894736842105,0.6625,0.05376453291901644
11,3.0,0.5789473684210527,0.3421052631578947,0.655,0.056319401630344074
11,3.0,0.5789473684210527,0.3684210526315789,0.655,0.056319401630344074
11,3.0,0.5789473684210527,0.39473684210526316,0.655,0.056319401630344074
11,3.0,0.5789473684210527,0.42105263157894735,0.655,0.056319401630344074
11,3.0,0.5789473684210527,0.4473684210526315,0.655,0.056319401630344074
11,3.0,0.5789473684210527,0.47368421052631576,0.655,0.056319401630344074
11,3.0,0.5789473684210527,0.5,0.655,0.056319401630344074
11,3.0,0.631578947368421,0.0,0.725,0.09802741963348824
11,3.0,0.631578947368421,0.02631578947368421,0.7324999999999999,0.07935285124051938
11,3.0,0.631578947368421,0.05263157894736842,0.725,0.07447734554883115
11,3.0,0.631578947368421,0.07894736842105263,0.725,0.07447734554883115
11,3.0,0.631578947368421,0.10526315789473684,0.725,0.07447734554883115
11,3.0,0.631578947368421,0.13157894736842105,0.7675,0.1258098764008613
11,3.0,0.631578947368421,0.15789473684210525,0.7474999999999999,0.10131942064579721
11,3.0,0.631578947368421,0.18421052631578946,0.7474999999999999,0.10131942064579721
11,3.0,0.631578947368421,0.21052631578947367,0.695,0.13098186897429734
11,3.0,0.631578947368421,0.23684210526315788,0.6925,0.12642932808490284
11,3.0,0.631578947368421,0.2631578947368421,0.6625,0.05376453291901644
11,3.0,0.631578947368421,0.2894736842105263,0.6625,0.05376453291901644
11,3.0,0.631578947368421,0.3157894736842105,0.6625,0.05376453291901644
11,3.0,0.631578947368421,0.3421052631578947,0.6625,0.05376453291901644
11,3.0,0.631578947368421,0.3684210526315789,0.6625,0.05376453291901644
11,3.0,0.631578947368421,0.39473684210526316,0.655,0.056319401630344074
11,3.0,0.631578947368421,0.42105263157894735,0.64,0.07623975340988455
11,3.0,0.631578947368421,0.4473684210526315,0.64,0.07623975340988455
11,3.0,0.631578947368421,0.47368421052631576,0.64,0.07623975340988455
11,3.0,0.631578947368421,0.5,0.64,0.07623975340988455
11,3.0,0.6842105263157894,0.0,0.725,0.09802741963348824
11,3.0,0.6842105263157894,0.02631578947368421,0.7324999999999999,0.07935285124051938
11,3.0,0.6842105263157894,0.05263157894736842,0.7150000000000001,0.07363338237511569
11,3.0,0.6842105263157894,0.07894736842105263,0.7375,0.08431710977020025
11,3.0,0.6842105263157894,0.10526315789473684,0.7375,0.08431710977020025
11,3.0,0.6842105263157894,0.13157894736842105,0.76,0.12067518386147169
11,3.0,0.6842105263157894,0.15789473684210525,0.75,0.1030776406404415
11,3.0,0.6842105263157894,0.18421052631578946,0.7699999999999999,0.1254990039801113
11,3.0,0.6842105263157894,0.21052631578947367,0.7699999999999999,0.1254990039801113
11,3.0,0.6842105263157894,0.23684210526315788,0.7175,0.0970663432915859
11,3.0,0.6842105263157894,0.2631578947368421,0.6900000000000001,0.048733971724044846
11,3.0,0.6842105263157894,0.2894736842105263,0.7025,0.06812213296719359
11,3.0,0.6842105263157894,0.3157894736842105,0.7025,0.06812213296719359
11,3.0,0.6842105263157894,0.3421052631578947,0.7025,0.06812213296719359
11,3.0,0.6842105263157894,0.3684210526315789,0.7025,0.06812213296719359
11,3.0,0.6842105263157894,0.39473684210526316,0.7025,0.06812213296719359
11,3.0,0.6842105263157894,0.42105263157894735,0.6875,0.0459279326771846
11,3.0,0.6842105263157894,0.4473684210526315,0.6875,0.0459279326771846
11,3.0,0.6842105263157894,0.47368421052631576,0.665,0.047925723781702054
11,3.0,0.6842105263157894,0.5,0.665,0.047925723781702054
11,3.0,0.7368421052631579,0.0,0.725,0.09802741963348824
11,3.0,0.7368421052631579,0.02631578947368421,0.7324999999999999,0.07935285124051938
11,3.0,0.7368421052631579,0.05263157894736842,0.7150000000000001,0.07363338237511569
11,3.0,0.7368421052631579,0.07894736842105263,0.7375,0.08431710977020025
11,3.0,0.7368421052631579,0.10526315789473684,0.7375,0.08431710977020025
11,3.0,0.7368421052631579,0.13157894736842105,0.76,0.12067518386147169
11,3.0,0.7368421052631579,0.15789473684210525,0.75,0.1030776406404415
11,3.0,0.7368421052631579,0.18421052631578946,0.75,0.1030776406404415
11,3.0,0.7368421052631579,0.21052631578947367,0.75,0.1030776406404415
11,3.0,0.7368421052631579,0.23684210526315788,0.7,0.06373774391990981
11,3.0,0.7368421052631579,0.2631578947368421,0.7,0.06373774391990981
11,3.0,0.7368421052631579,0.2894736842105263,0.7,0.06373774391990981
11,3.0,0.7368421052631579,0.3157894736842105,0.7,0.06373774391990981
11,3.0,0.7368421052631579,0.3421052631578947,0.7,0.06373774391990981
11,3.0,0.7368421052631579,0.3684210526315789,0.7,0.06373774391990981
11,3.0,0.7368421052631579,0.39473684210526316,0.6900000000000001,0.048733971724044846
11,3.0,0.7368421052631579,0.42105263157894735,0.6875,0.0459279326771846
11,3.0,0.7368421052631579,0.4473684210526315,0.6875,0.0459279326771846
11,3.0,0.7368421052631579,0.47368421052631576,0.6675000000000001,0.04726917600297261
11,3.0,0.7368421052631579,0.5,0.6675000000000001,0.04726917600297261
11,3.0,0.7894736842105263,0.0,0.725,0.09802741963348824
11,3.0,0.7894736842105263,0.02631578947368421,0.735,0.0816815462635227
11,3.0,0.7894736842105263,0.05263157894736842,0.7424999999999999,0.09039842365882271
11,3.0,0.7894736842105263,0.07894736842105263,0.7424999999999999,0.09039842365882271
11,3.0,0.7894736842105263,0.10526315789473684,0.7424999999999999,0.09039842365882271
11,3.0,0.7894736842105263,0.13157894736842105,0.7649999999999999,0.12386989141837496
11,3.0,0.7894736842105263,0.15789473684210525,0.7549999999999999,0.10738365797457264
11,3.0,0.7894736842105263,0.18421052631578946,0.7549999999999999,0.10738365797457264
11,3.0,0.7894736842105263,0.21052631578947367,0.7549999999999999,0.10738365797457264
11,3.0,0.7894736842105263,0.23684210526315788,0.725,0.07806247497997999
11,3.0,0.7894736842105263,0.2631578947368421,0.7299999999999999,0.08732124598286493
11,3.0,0.7894736842105263,0.2894736842105263,0.7150000000000001,0.09202581159652982
11,3.0,0.7894736842105263,0.3157894736842105,0.7150000000000001,0.09202581159652982
11,3.0,0.7894736842105263,0.3421052631578947,0.7150000000000001,0.09202581159652982
11,3.0,0.7894736842105263,0.3684210526315789,0.7,0.06373774391990981
11,3.0,0.7894736842105263,0.39473684210526316,0.695,0.05562148865321747
11,3.0,0.7894736842105263,0.42105263157894735,0.695,0.05562148865321747
11,3.0,0.7894736842105263,0.4473684210526315,0.6900000000000001,0.05405437077609914
11,3.0,0.7894736842105263,0.47368421052631576,0.6799999999999999,0.04383919479187546
11,3.0,0.7894736842105263,0.5,0.6475,0.0746868462314483
11,3.0,0.8421052631578947,0.0,0.725,0.09802741963348824
11,3.0,0.8421052631578947,0.02631578947368421,0.735,0.0816815462635227
11,3.0,0.8421052631578947,0.05263157894736842,0.7424999999999999,0.09039842365882271
11,3.0,0.8421052631578947,0.07894736842105263,0.7424999999999999,0.09039842365882271
11,3.0,0.8421052631578947,0.10526315789473684,0.7424999999999999,0.09039842365882271
11,3.0,0.8421052631578947,0.13157894736842105,0.7424999999999999,0.09039842365882271
11,3.0,0.8421052631578947,0.15789473684210525,0.7424999999999999,0.09039842365882271
11,3.0,0.8421052631578947,0.18421052631578946,0.7424999999999999,0.09039842365882271
11,3.0,0.8421052631578947,0.21052631578947367,0.7424999999999999,0.09039842365882271
11,3.0,0.8421052631578947,0.23684210526315788,0.735,0.08310385069297331
11,3.0,0.8421052631578947,0.2631578947368421,0.7225,0.09976534969617458
11,3.0,0.8421052631578947,0.2894736842105263,0.7225,0.09976534969617458
11,3.0,0.8421052631578947,0.3157894736842105,0.7225,0.09976534969617458
11,3.0,0.8421052631578947,0.3421052631578947,0.7225,0.09976534969617458
11,3.0,0.8421052631578947,0.3684210526315789,0.7,0.06789237807000134
11,3.0,0.8421052631578947,0.39473684210526316,0.71,0.09329054078522646
11,3.0,0.8421052631578947,0.42105263157894735,0.71,0.09329054078522646
11,3.0,0.8421052631578947,0.4473684210526315,0.6875,0.05077524002897477
11,3.0,0.8421052631578947,0.47368421052631576,0.675,0.04238956239453294
11,3.0,0.8421052631578947,0.5,0.675,0.04238956239453294
11,3.0,0.894736842105263,0.0,0.725,0.09802741963348824
11,3.0,0.894736842105263,0.02631578947368421,0.735,0.0816815462635227
11,3.0,0.894736842105263,0.05263157894736842,0.7424999999999999,0.09039842365882271
11,3.0,0.894736842105263,0.07894736842105263,0.7424999999999999,0.09039842365882271
11,3.0,0.894736842105263,0.10526315789473684,0.7424999999999999,0.09039842365882271
11,3.0,0.894736842105263,0.13157894736842105,0.7424999999999999,0.09039842365882271
11,3.0,0.894736842105263,0.15789473684210525,0.7275,0.09738775590391227
11,3.0,0.894736842105263,0.18421052631578946,0.7275,0.09738775590391227
11,3.0,0.894736842105263,0.21052631578947367,0.7275,0.09738775590391227
11,3.0,0.894736842105263,0.23684210526315788,0.7275,0.09738775590391227
11,3.0,0.894736842105263,0.2631578947368421,0.7325000000000002,0.10480636908127293
11,3.0,0.894736842105263,0.2894736842105263,0.7325000000000002,0.10480636908127293
11,3.0,0.894736842105263,0.3157894736842105,0.7450000000000001,0.12106300012803252
11,3.0,0.894736842105263,0.3421052631578947,0.7450000000000001,0.12106300012803252
11,3.0,0.894736842105263,0.3684210526315789,0.7224999999999999,0.10285001215362105
11,3.0,0.894736842105263,0.39473684210526316,0.7175,0.1017810149291114
11,3.0,0.894736842105263,0.42105263157894735,0.6875,0.0459279326771846
11,3.0,0.894736842105263,0.4473684210526315,0.6900000000000001,0.048733971724044846
11,3.0,0.894736842105263,0.47368421052631576,0.675,0.04238956239453294
11,3.0,0.894736842105263,0.5,0.675,0.04238956239453294
11,3.0,0.9473684210526315,0.0,0.725,0.09802741963348824
11,3.0,0.9473684210526315,0.02631578947368421,0.735,0.0816815462635227
11,3.0,0.9473684210526315,0.05263157894736842,0.7424999999999999,0.09039842365882271
11,3.0,0.9473684210526315,0.07894736842105263,0.7424999999999999,0.09039842365882271
11,3.0,0.9473684210526315,0.10526315789473684,0.7424999999999999,0.09039842365882271
11,3.0,0.9473684210526315,0.13157894736842105,0.7275,0.09738775590391227
11,3.0,0.9473684210526315,0.15789473684210525,0.7325000000000002,0.10480636908127293
11,3.0,0.9473684210526315,0.18421052631578946,0.7550000000000001,0.13681648292512127
11,3.0,0.9473684210526315,0.21052631578947367,0.7550000000000001,0.13681648292512127
11,3.0,0.9473684210526315,0.23684210526315788,0.7150000000000001,0.09202581159652982
11,3.0,0.9473684210526315,0.2631578947368421,0.7150000000000001,0.09202581159652982
11,3.0,0.9473684210526315,0.2894736842105263,0.7150000000000001,0.09202581159652982
11,3.0,0.9473684210526315,0.3157894736842105,0.7150000000000001,0.09202581159652982
11,3.0,0.9473684210526315,0.3421052631578947,0.6875,0.0459279326771846
11,3.0,0.9473684210526315,0.3684210526315789,0.68,0.041079191812887474
11,3.0,0.9473684210526315,0.39473684210526316,0.6824999999999999,0.04201934078492904
11,3.0,0.9473684210526315,0.42105263157894735,0.6625,0.05376453291901644
11,3.0,0.9473684210526315,0.4473684210526315,0.6625,0.05376453291901644
11,3.0,0.9473684210526315,0.47368421052631576,0.6599999999999999,0.054054370776099155
11,3.0,0.9473684210526315,0.5,0.6475,0.0746868462314483
11,3.0,1.0,0.0,0.725,0.09802741963348824
11,3.0,1.0,0.02631578947368421,0.735,0.0816815462635227
11,3.0,1.0,0.05263157894736842,0.7474999999999999,0.09738775590391228
11,3.0,1.0,0.07894736842105263,0.7474999999999999,0.09738775590391228
11,3.0,1.0,0.10526315789473684,0.7474999999999999,0.09738775590391228
11,3.0,1.0,0.13157894736842105,0.7325000000000002,0.10480636908127293
11,3.0,1.0,0.15789473684210525,0.7325000000000002,0.10480636908127293
11,3.0,1.0,0.18421052631578946,0.7325000000000002,0.10480636908127293
11,3.0,1.0,0.21052631578947367,0.7450000000000001,0.12106300012803252
11,3.0,1.0,0.23684210526315788,0.74,0.11401754250991382
11,3.0,1.0,0.2631578947368421,0.74,0.11401754250991382
11,3.0,1.0,0.2894736842105263,0.74,0.11401754250991382
11,3.0,1.0,0.3157894736842105,0.725,0.09762812094883319
11,3.0,1.0,0.3421052631578947,0.7275,0.0997653496961746
11,3.0,1.0,0.3684210526315789,0.7275,0.0997653496961746
11,3.0,1.0,0.39473684210526316,0.6875,0.0459279326771846
11,3.0,1.0,0.42105263157894735,0.6875,0.0459279326771846
11,3.0,1.0,0.4473684210526315,0.68,0.041079191812887474
11,3.0,1.0,0.47368421052631576,0.6775,0.042756578441217684
11,3.0,1.0,0.5,0.6775,0.042756578441217684
