tau,delay,p,q,mean_final_epidemic_fraction,std_final_epidemic_fraction
2.0,0.0,0.0,0.0,0.985904,0.005724362029194401
2.0,0.0,0.0,0.05555555555555555,0.971254,0.008545380685617481
2.0,0.0,0.0,0.1111111111111111,0.946222,0.013495813794653486
2.0,0.0,0.0,0.16666666666666666,0.908864,0.01896039284914709
2.0,0.0,0.0,0.2222222222222222,0.8522860000000001,0.025554456842771262
2.0,0.0,0.0,0.2777777777777778,0.7760119999999999,0.03237288778789212
2.0,0.0,0.0,0.3333333333333333,0.682866,0.04079328656111091
2.0,0.0,0.0,0.38888888888888884,0.5821580000000001,0.04237239520904502
2.0,0.0,0.0,0.4444444444444444,0.494506,0.03984551787327123
2.0,0.0,0.0,0.5,0.423028,0.03801981362996029
2.0,0.0,0.1111111111111111,0.0,0.985904,0.005724362029194401
2.0,0.0,0.1111111111111111,0.05555555555555555,0.972804,0.00869832775949627
2.0,0.0,0.1111111111111111,0.1111111111111111,0.949942,0.012109000445270727
2.0,0.0,0.1111111111111111,0.16666666666666666,0.915384,0.01780816682343306
2.0,0.0,0.1111111111111111,0.2222222222222222,0.863636,0.0258165158179402
2.0,0.0,0.1111111111111111,0.2777777777777778,0.7924680000000001,0.03354363317610821
2.0,0.0,0.1111111111111111,0.3333333333333333,0.7006140000000001,0.04208647700977343
2.0,0.0,0.1111111111111111,0.38888888888888884,0.5950120000000001,0.044926747949998874
2.0,0.0,0.1111111111111111,0.4444444444444444,0.49006800000000006,0.046606993033226275
2.0,0.0,0.1111111111111111,0.5,0.40536199999999994,0.042230911139962655
2.0,0.0,0.2222222222222222,0.0,0.985904,0.005724362029194401
2.0,0.0,0.2222222222222222,0.05555555555555555,0.973576,0.008265643697345226
2.0,0.0,0.2222222222222222,0.1111111111111111,0.95426,0.012356446233729735
2.0,0.0,0.2222222222222222,0.16666666666666666,0.9243420000000001,0.01681137354772422
2.0,0.0,0.2222222222222222,0.2222222222222222,0.878608,0.024718745290517385
2.0,0.0,0.2222222222222222,0.2777777777777778,0.8110640000000001,0.03334696303845035
2.0,0.0,0.2222222222222222,0.3333333333333333,0.720684,0.04008518164577968
2.0,0.0,0.2222222222222222,0.38888888888888884,0.607702,0.054597609782736624
2.0,0.0,0.2222222222222222,0.4444444444444444,0.48260400000000003,0.058709119439920236
2.0,0.0,0.2222222222222222,0.5,0.37632800000000005,0.05229092749413031
2.0,0.0,0.3333333333333333,0.0,0.985904,0.005724362029194401
2.0,0.0,0.3333333333333333,0.05555555555555555,0.975146,0.008320525601942783
2.0,0.0,0.3333333333333333,0.1111111111111111,0.957378,0.011914488073438345
2.0,0.0,0.3333333333333333,0.16666666666666666,0.9305820000000001,0.016548564468616078
2.0,0.0,0.3333333333333333,0.2222222222222222,0.891124,0.023320813551190277
2.0,0.0,0.3333333333333333,0.2777777777777778,0.833346,0.02975858583437262
2.0,0.0,0.3333333333333333,0.3333333333333333,0.7442679999999999,0.04430374498436085
2.0,0.0,0.3333333333333333,0.38888888888888884,0.6208859999999999,0.06664530138271403
2.0,0.0,0.3333333333333333,0.4444444444444444,0.457906,0.08381727647490907
2.0,0.0,0.3333333333333333,0.5,0.314224,0.08354522987501879
2.0,0.0,0.4444444444444444,0.0,0.985904,0.005724362029194401
2.0,0.0,0.4444444444444444,0.05555555555555555,0.9756279999999999,0.008593095984404836
2.0,0.0,0.4444444444444444,0.1111111111111111,0.96041,0.01098668806461977
2.0,0.0,0.4444444444444444,0.16666666666666666,0.93774,0.015683761051528484
2.0,0.0,0.4444444444444444,0.2222222222222222,0.9031140000000001,0.019943030183645915
2.0,0.0,0.4444444444444444,0.2777777777777778,0.8510540000000001,0.027861076130082502
2.0,0.0,0.4444444444444444,0.3333333333333333,0.771696,0.04519163807945677
2.0,0.0,0.4444444444444444,0.38888888888888884,0.6371140000000001,0.10686254822165177
2.0,0.0,0.4444444444444444,0.4444444444444444,0.360654,0.15828734646870601
2.0,0.0,0.4444444444444444,0.5,0.20473399999999997,0.05417709441376713
2.0,0.0,0.5555555555555556,0.0,0.985904,0.005724362029194401
2.0,0.0,0.5555555555555556,0.05555555555555555,0.97676,0.007980838776416322
2.0,0.0,0.5555555555555556,0.1111111111111111,0.963598,0.011093174163694184
2.0,0.0,0.5555555555555556,0.16666666666666666,0.944456,0.014591569202233392
2.0,0.0,0.5555555555555556,0.2222222222222222,0.9168200000000001,0.01876368171503147
2.0,0.0,0.5555555555555556,0.2777777777777778,0.8723779999999999,0.026635352447452264
2.0,0.0,0.5555555555555556,0.3333333333333333,0.776776,0.13032777325252637
2.0,0.0,0.5555555555555556,0.38888888888888884,0.47720999999999997,0.2614670762523035
2.0,0.0,0.5555555555555556,0.4444444444444444,0.209094,0.08752619512847194
2.0,0.0,0.5555555555555556,0.5,0.18999200000000002,0.016876182835410036
2.0,0.0,0.6666666666666666,0.0,0.985904,0.005724362029194401
2.0,0.0,0.6666666666666666,0.05555555555555555,0.9779499999999998,0.007468001210777115
2.0,0.0,0.6666666666666666,0.1111111111111111,0.966206,0.010081609082054653
2.0,0.0,0.6666666666666666,0.16666666666666666,0.950288,0.012938309615688696
2.0,0.0,0.6666666666666666,0.2222222222222222,0.926552,0.01775008244639183
2.0,0.0,0.6666666666666666,0.2777777777777778,0.8815420000000002,0.09090273290555895
2.0,0.0,0.6666666666666666,0.3333333333333333,0.6058699999999999,0.320834684673867
2.0,0.0,0.6666666666666666,0.38888888888888884,0.23089400000000002,0.15311189787387863
2.0,0.0,0.6666666666666666,0.4444444444444444,0.18999200000000002,0.016876182835410036
2.0,0.0,0.6666666666666666,0.5,0.18999200000000002,0.016876182835410036
2.0,0.0,0.7777777777777777,0.0,0.985904,0.005724362029194401
2.0,0.0,0.7777777777777777,0.05555555555555555,0.9790599999999999,0.0074363296051205285
2.0,0.0,0.7777777777777777,0.1111111111111111,0.9705860000000001,0.009291462023442075
2.0,0.0,0.7777777777777777,0.16666666666666666,0.95686,0.01236017588450066
2.0,0.0,0.7777777777777777,0.2222222222222222,0.9353640000000001,0.052483831883909066
2.0,0.0,0.7777777777777777,0.2777777777777778,0.7981759999999999,0.26870591873929967
2.0,0.0,0.7777777777777777,0.3333333333333333,0.28569800000000006,0.24434240158930434
2.0,0.0,0.7777777777777777,0.38888888888888884,0.18999200000000002,0.016876182835410036
2.0,0.0,0.7777777777777777,0.4444444444444444,0.18999200000000002,0.016876182835410036
2.0,0.0,0.7777777777777777,0.5,0.18999200000000002,0.016876182835410036
2.0,0.0,0.8888888888888888,0.0,0.985904,0.005724362029194401
2.0,0.0,0.8888888888888888,0.05555555555555555,0.9806079999999999,0.0066731850564475835
2.0,0.0,0.8888888888888888,0.1111111111111111,0.972336,0.009385695849171045
2.0,0.0,0.8888888888888888,0.16666666666666666,0.962108,0.011182953675385205
2.0,0.0,0.8888888888888888,0.2222222222222222,0.9307239999999999,0.11761616789327817
2.0,0.0,0.8888888888888888,0.2777777777777778,0.466946,0.365166987749281
2.0,0.0,0.8888888888888888,0.3333333333333333,0.195408,0.06633746191788932
2.0,0.0,0.8888888888888888,0.38888888888888884,0.18999200000000002,0.016876182835410036
2.0,0.0,0.8888888888888888,0.4444444444444444,0.18999200000000002,0.016876182835410036
2.0,0.0,0.8888888888888888,0.5,0.18999200000000002,0.016876182835410036
2.0,0.0,1.0,0.0,0.985904,0.005724362029194401
2.0,0.0,1.0,0.05555555555555555,0.981028,0.007082622613564309
2.0,0.0,1.0,0.1111111111111111,0.9743219999999999,0.008030397909267165
2.0,0.0,1.0,0.16666666666666666,0.966438,0.010262592147951227
2.0,0.0,1.0,0.2222222222222222,0.8581519999999999,0.26462046950635437
2.0,0.0,1.0,0.2777777777777778,0.24093599999999998,0.19522669599637052
2.0,0.0,1.0,0.3333333333333333,0.18999200000000002,0.016876182835410036
2.0,0.0,1.0,0.38888888888888884,0.18999200000000002,0.016876182835410036
2.0,0.0,1.0,0.4444444444444444,0.18999200000000002,0.016876182835410036
2.0,0.0,1.0,0.5,0.18999200000000002,0.016876182835410036
2.0,0.5,0.0,0.0,0.985904,0.005724362029194401
2.0,0.5,0.0,0.05555555555555555,0.971254,0.008545380685617481
2.0,0.5,0.0,0.1111111111111111,0.946222,0.013495813794653486
2.0,0.5,0.0,0.16666666666666666,0.908864,0.01896039284914709
2.0,0.5,0.0,0.2222222222222222,0.8522860000000001,0.025554456842771262
2.0,0.5,0.0,0.2777777777777778,0.7760119999999999,0.03237288778789212
2.0,0.5,0.0,0.3333333333333333,0.682866,0.04079328656111091
2.0,0.5,0.0,0.38888888888888884,0.5821580000000001,0.04237239520904502
2.0,0.5,0.0,0.4444444444444444,0.494506,0.03984551787327123
2.0,0.5,0.0,0.5,0.423028,0.03801981362996029
2.0,0.5,0.1111111111111111,0.0,0.985904,0.005724362029194401
2.0,0.5,0.1111111111111111,0.05555555555555555,0.9724459999999999,0.008831028146044627
2.0,0.5,0.1111111111111111,0.1111111111111111,0.95074,0.012789039019335093
2.0,0.5,0.1111111111111111,0.16666666666666666,0.917388,0.018062834439144686
2.0,0.5,0.1111111111111111,0.2222222222222222,0.869992,0.024444447181231024
2.0,0.5,0.1111111111111111,0.2777777777777778,0.795564,0.0337358283762599
2.0,0.5,0.1111111111111111,0.3333333333333333,0.7064900000000001,0.04046168800720979
2.0,0.5,0.1111111111111111,0.38888888888888884,0.603822,0.04532627558620978
2.0,0.5,0.1111111111111111,0.4444444444444444,0.503528,0.046938509385435916
2.0,0.5,0.1111111111111111,0.5,0.41901,0.04465151077880414
2.0,0.5,0.2222222222222222,0.0,0.985904,0.005724362029194401
2.0,0.5,0.2222222222222222,0.05555555555555555,0.973498,0.0086859015520292
2.0,0.5,0.2222222222222222,0.1111111111111111,0.953654,0.012111633553516606
2.0,0.5,0.2222222222222222,0.16666666666666666,0.9253799999999999,0.016823247108883953
2.0,0.5,0.2222222222222222,0.2222222222222222,0.882524,0.022508636151548727
2.0,0.5,0.2222222222222222,0.2777777777777778,0.8198920000000001,0.030816093185191348
2.0,0.5,0.2222222222222222,0.3333333333333333,0.733106,0.039720652366859455
2.0,0.5,0.2222222222222222,0.38888888888888884,0.6258340000000001,0.05148035448397368
2.0,0.5,0.2222222222222222,0.4444444444444444,0.5098860000000001,0.0595678239934163
2.0,0.5,0.2222222222222222,0.5,0.408814,0.054677771730776384
2.0,0.5,0.3333333333333333,0.0,0.985904,0.005724362029194401
2.0,0.5,0.3333333333333333,0.05555555555555555,0.974982,0.008349917259259104
2.0,0.5,0.3333333333333333,0.1111111111111111,0.9582759999999999,0.012501696237616523
2.0,0.5,0.3333333333333333,0.16666666666666666,0.93396,0.014881172621712091
2.0,0.5,0.3333333333333333,0.2222222222222222,0.894608,0.022485852510551005
2.0,0.5,0.3333333333333333,0.2777777777777778,0.8381099999999999,0.030441670298805262
2.0,0.5,0.3333333333333333,0.3333333333333333,0.7613,0.03940766331382403
2.0,0.5,0.3333333333333333,0.38888888888888884,0.655868,0.059420806461044993
2.0,0.5,0.3333333333333333,0.4444444444444444,0.5240300000000001,0.06730471714448995
2.0,0.5,0.3333333333333333,0.5,0.395192,0.06711043702372259
2.0,0.5,0.4444444444444444,0.0,0.985904,0.005724362029194401
2.0,0.5,0.4444444444444444,0.05555555555555555,0.976336,0.00776657862169528
2.0,0.5,0.4444444444444444,0.1111111111111111,0.96205,0.011175566498980993
2.0,0.5,0.4444444444444444,0.16666666666666666,0.941746,0.014745043798960591
2.0,0.5,0.4444444444444444,0.2222222222222222,0.911112,0.020603408866346075
2.0,0.5,0.4444444444444444,0.2777777777777778,0.862538,0.026329965631963166
2.0,0.5,0.4444444444444444,0.3333333333333333,0.795658,0.03878129721951103
2.0,0.5,0.4444444444444444,0.38888888888888884,0.69548,0.060943135228366224
2.0,0.5,0.4444444444444444,0.4444444444444444,0.5329280000000001,0.08128035314647218
2.0,0.5,0.4444444444444444,0.5,0.39368,0.06574507151762568
2.0,0.5,0.5555555555555556,0.0,0.985904,0.005724362029194401
2.0,0.5,0.5555555555555556,0.05555555555555555,0.9775539999999998,0.007633322948655918
2.0,0.5,0.5555555555555556,0.1111111111111111,0.96527,0.0101853120306805
2.0,0.5,0.5555555555555556,0.16666666666666666,0.9468119999999999,0.014441806935946398
2.0,0.5,0.5555555555555556,0.2222222222222222,0.9229480000000001,0.018255185553677552
2.0,0.5,0.5555555555555556,0.2777777777777778,0.883188,0.02634914060118172
2.0,0.5,0.5555555555555556,0.3333333333333333,0.8226420000000001,0.038667041731072015
2.0,0.5,0.5555555555555556,0.38888888888888884,0.706136,0.06926115592046439
2.0,0.5,0.5555555555555556,0.4444444444444444,0.536196,0.08160721204719727
2.0,0.5,0.5555555555555556,0.5,0.39738,0.07032797201181468
2.0,0.5,0.6666666666666666,0.0,0.985904,0.005724362029194401
2.0,0.5,0.6666666666666666,0.05555555555555555,0.978904,0.0077158182782778705
2.0,0.5,0.6666666666666666,0.1111111111111111,0.968414,0.009974647421456305
2.0,0.5,0.6666666666666666,0.16666666666666666,0.954124,0.013125592800812661
2.0,0.5,0.6666666666666666,0.2222222222222222,0.9338960000000001,0.015273498076307625
2.0,0.5,0.6666666666666666,0.2777777777777778,0.903428,0.023811484405201606
2.0,0.5,0.6666666666666666,0.3333333333333333,0.832688,0.040391851397511294
2.0,0.5,0.6666666666666666,0.38888888888888884,0.7065640000000001,0.06389374558946204
2.0,0.5,0.6666666666666666,0.4444444444444444,0.532818,0.08025398607272491
2.0,0.5,0.6666666666666666,0.5,0.393216,0.06576128372282394
2.0,0.5,0.7777777777777777,0.0,0.985904,0.005724362029194401
2.0,0.5,0.7777777777777777,0.05555555555555555,0.9794299999999999,0.007827108486185
2.0,0.5,0.7777777777777777,0.1111111111111111,0.9717919999999999,0.009540586017804477
2.0,0.5,0.7777777777777777,0.16666666666666666,0.9604759999999999,0.011632026137527732
2.0,0.5,0.7777777777777777,0.2222222222222222,0.945346,0.01484489899097005
2.0,0.5,0.7777777777777777,0.2777777777777778,0.911016,0.02491500067262761
2.0,0.5,0.7777777777777777,0.3333333333333333,0.831998,0.04161660581738402
2.0,0.5,0.7777777777777777,0.38888888888888884,0.707262,0.06622719561386964
2.0,0.5,0.7777777777777777,0.4444444444444444,0.535636,0.07774916958232728
2.0,0.5,0.7777777777777777,0.5,0.394978,0.06769983790308662
2.0,0.5,0.8888888888888888,0.0,0.985904,0.005724362029194401
2.0,0.5,0.8888888888888888,0.05555555555555555,0.9808060000000001,0.006736105271479726
2.0,0.5,0.8888888888888888,0.1111111111111111,0.9747260000000001,0.008769991419551005
2.0,0.5,0.8888888888888888,0.16666666666666666,0.9655539999999999,0.011387644220020384
2.0,0.5,0.8888888888888888,0.2222222222222222,0.9529379999999998,0.014105889132430919
2.0,0.5,0.8888888888888888,0.2777777777777778,0.9126259999999999,0.02566834337668497
2.0,0.5,0.8888888888888888,0.3333333333333333,0.831964,0.043149211033640576
2.0,0.5,0.8888888888888888,0.38888888888888884,0.703,0.0689570747372061
2.0,0.5,0.8888888888888888,0.4444444444444444,0.53737,0.0792260223995279
2.0,0.5,0.8888888888888888,0.5,0.39674,0.07030306851685615
2.0,0.5,1.0,0.0,0.985904,0.005724362029194401
2.0,0.5,1.0,0.05555555555555555,0.9815559999999999,0.007314223111133464
2.0,0.5,1.0,0.1111111111111111,0.97676,0.008380863783376455
2.0,0.5,1.0,0.16666666666666666,0.970554,0.01021880285863895
2.0,0.5,1.0,0.2222222222222222,0.956224,0.015398182752004469
2.0,0.5,1.0,0.2777777777777778,0.91237,0.025627380382132324
2.0,0.5,1.0,0.3333333333333333,0.8352399999999999,0.04241245138003845
2.0,0.5,1.0,0.38888888888888884,0.703288,0.06853000641732873
2.0,0.5,1.0,0.4444444444444444,0.536798,0.08189830193428581
2.0,0.5,1.0,0.5,0.391286,0.06866482301615347
2.0,1.0,0.0,0.0,0.985904,0.005724362029194401
2.0,1.0,0.0,0.05555555555555555,0.971254,0.008545380685617481
2.0,1.0,0.0,0.1111111111111111,0.946222,0.013495813794653486
2.0,1.0,0.0,0.16666666666666666,0.908864,0.01896039284914709
2.0,1.0,0.0,0.2222222222222222,0.8522860000000001,0.025554456842771262
2.0,1.0,0.0,0.2777777777777778,0.7760119999999999,0.03237288778789212
2.0,1.0,0.0,0.3333333333333333,0.682866,0.04079328656111091
2.0,1.0,0.0,0.38888888888888884,0.5821580000000001,0.04237239520904502
2.0,1.0,0.0,0.4444444444444444,0.494506,0.03984551787327123
2.0,1.0,0.0,0.5,0.423028,0.03801981362996029
2.0,1.0,0.1111111111111111,0.0,0.985904,0.005724362029194401
2.0,1.0,0.1111111111111111,0.05555555555555555,0.9728979999999999,0.008461370194663649
2.0,1.0,0.1111111111111111,0.1111111111111111,0.95134,0.013185146802079386
2.0,1.0,0.1111111111111111,0.16666666666666666,0.9175120000000001,0.01796940887482448
2.0,1.0,0.1111111111111111,0.2222222222222222,0.869192,0.024525458859408326
2.0,1.0,0.1111111111111111,0.2777777777777778,0.8012699999999999,0.030370344344957
2.0,1.0,0.1111111111111111,0.3333333333333333,0.710814,0.04008607227430447
2.0,1.0,0.1111111111111111,0.38888888888888884,0.610928,0.04429698931671375
2.0,1.0,0.1111111111111111,0.4444444444444444,0.514144,0.046537455167498507
2.0,1.0,0.1111111111111111,0.5,0.428378,0.041741103908629694
2.0,1.0,0.2222222222222222,0.0,0.985904,0.005724362029194401
2.0,1.0,0.2222222222222222,0.05555555555555555,0.97445,0.008731780344004996
2.0,1.0,0.2222222222222222,0.1111111111111111,0.9558979999999999,0.011602794736242754
2.0,1.0,0.2222222222222222,0.16666666666666666,0.9274519999999999,0.015605086781781536
2.0,1.0,0.2222222222222222,0.2222222222222222,0.884414,0.02294522981236591
2.0,1.0,0.2222222222222222,0.2777777777777778,0.824258,0.03229733226355831
2.0,1.0,0.2222222222222222,0.3333333333333333,0.7408899999999999,0.04038608636577565
2.0,1.0,0.2222222222222222,0.38888888888888884,0.641428,0.05061145972713515
2.0,1.0,0.2222222222222222,0.4444444444444444,0.529944,0.05489345541040195
2.0,1.0,0.2222222222222222,0.5,0.432212,0.05130879301329318
2.0,1.0,0.3333333333333333,0.0,0.985904,0.005724362029194401
2.0,1.0,0.3333333333333333,0.05555555555555555,0.975662,0.00781267122457657
2.0,1.0,0.3333333333333333,0.1111111111111111,0.960018,0.01119465571749603
2.0,1.0,0.3333333333333333,0.16666666666666666,0.93503,0.01633286947387079
2.0,1.0,0.3333333333333333,0.2222222222222222,0.8993199999999999,0.021819757184882105
2.0,1.0,0.3333333333333333,0.2777777777777778,0.8504259999999999,0.02789431320930556
2.0,1.0,0.3333333333333333,0.3333333333333333,0.7782239999999999,0.03805519965051926
2.0,1.0,0.3333333333333333,0.38888888888888884,0.6744600000000001,0.05382719697577179
2.0,1.0,0.3333333333333333,0.4444444444444444,0.5527799999999999,0.06495220687826325
2.0,1.0,0.3333333333333333,0.5,0.433472,0.05426367393217345
2.0,1.0,0.4444444444444444,0.0,0.985904,0.005724362029194401
2.0,1.0,0.4444444444444444,0.05555555555555555,0.9761299999999999,0.008352042458372264
2.0,1.0,0.4444444444444444,0.1111111111111111,0.963212,0.01065862413902817
2.0,1.0,0.4444444444444444,0.16666666666666666,0.943266,0.014681359904903712
2.0,1.0,0.4444444444444444,0.2222222222222222,0.913182,0.019054843218987667
2.0,1.0,0.4444444444444444,0.2777777777777778,0.87167,0.02529816385013696
2.0,1.0,0.4444444444444444,0.3333333333333333,0.80759,0.035913304371245514
2.0,1.0,0.4444444444444444,0.38888888888888884,0.6948840000000001,0.05411265010885725
2.0,1.0,0.4444444444444444,0.4444444444444444,0.5551220000000001,0.06565806179104217
2.0,1.0,0.4444444444444444,0.5,0.43574,0.058978651754049545
2.0,1.0,0.5555555555555556,0.0,0.985904,0.005724362029194401
2.0,1.0,0.5555555555555556,0.05555555555555555,0.978142,0.007875906029885268
2.0,1.0,0.5555555555555556,0.1111111111111111,0.967056,0.010356223574907357
2.0,1.0,0.5555555555555556,0.16666666666666666,0.9501620000000001,0.01283390721287547
2.0,1.0,0.5555555555555556,0.2222222222222222,0.927942,0.01605871728381824
2.0,1.0,0.5555555555555556,0.2777777777777778,0.8904599999999999,0.02487001075330971
2.0,1.0,0.5555555555555556,0.3333333333333333,0.8145,0.03879985641359294
2.0,1.0,0.5555555555555556,0.38888888888888884,0.69157,0.05752985719552827
2.0,1.0,0.5555555555555556,0.4444444444444444,0.551858,0.06712861041816177
2.0,1.0,0.5555555555555556,0.5,0.43414800000000003,0.05993752672758893
2.0,1.0,0.6666666666666666,0.0,0.985904,0.005724362029194401
2.0,1.0,0.6666666666666666,0.05555555555555555,0.979,0.007508445478726892
2.0,1.0,0.6666666666666666,0.1111111111111111,0.969942,0.009564182305159848
2.0,1.0,0.6666666666666666,0.16666666666666666,0.95683,0.01190683187462478
2.0,1.0,0.6666666666666666,0.2222222222222222,0.938594,0.0159641746967231
2.0,1.0,0.6666666666666666,0.2777777777777778,0.8945360000000001,0.025924831683071595
2.0,1.0,0.6666666666666666,0.3333333333333333,0.814786,0.03883834494512028
2.0,1.0,0.6666666666666666,0.38888888888888884,0.69517,0.05625123556870561
2.0,1.0,0.6666666666666666,0.4444444444444444,0.5542440000000001,0.06240038525650558
2.0,1.0,0.6666666666666666,0.5,0.43380399999999997,0.05753637504141024
2.0,1.0,0.7777777777777777,0.0,0.985904,0.005724362029194401
2.0,1.0,0.7777777777777777,0.05555555555555555,0.98083,0.007717786499827138
2.0,1.0,0.7777777777777777,0.1111111111111111,0.973014,0.009006889146881332
2.0,1.0,0.7777777777777777,0.16666666666666666,0.96397,0.010761073431717016
2.0,1.0,0.7777777777777777,0.2222222222222222,0.944698,0.01587017709548583
2.0,1.0,0.7777777777777777,0.2777777777777778,0.8953519999999999,0.02386216465041694
2.0,1.0,0.7777777777777777,0.3333333333333333,0.81242,0.03914240482790271
2.0,1.0,0.7777777777777777,0.38888888888888884,0.695722,0.054906339599872386
2.0,1.0,0.7777777777777777,0.4444444444444444,0.5539639999999999,0.061776592644767904
2.0,1.0,0.7777777777777777,0.5,0.43540999999999996,0.05583673864728789
2.0,1.0,0.8888888888888888,0.0,0.985904,0.005724362029194401
2.0,1.0,0.8888888888888888,0.05555555555555555,0.981326,0.0067917582377408055
2.0,1.0,0.8888888888888888,0.1111111111111111,0.976276,0.008354365016544315
2.0,1.0,0.8888888888888888,0.16666666666666666,0.969222,0.009883323133051184
2.0,1.0,0.8888888888888888,0.2222222222222222,0.944456,0.016045278618081475
2.0,1.0,0.8888888888888888,0.2777777777777778,0.897324,0.02481092880923153
2.0,1.0,0.8888888888888888,0.3333333333333333,0.815318,0.03698053536648683
2.0,1.0,0.8888888888888888,0.38888888888888884,0.6957099999999999,0.053788179337777776
2.0,1.0,0.8888888888888888,0.4444444444444444,0.553852,0.06451482326443807
2.0,1.0,0.8888888888888888,0.5,0.431976,0.058842504234687495
2.0,1.0,1.0,0.0,0.985904,0.005724362029194401
2.0,1.0,1.0,0.05555555555555555,0.982598,0.006704797134083812
2.0,1.0,1.0,0.1111111111111111,0.978278,0.00754284462321876
2.0,1.0,1.0,0.16666666666666666,0.9727299999999999,0.009870560060696849
2.0,1.0,1.0,0.2222222222222222,0.9457300000000001,0.01597822604092296
2.0,1.0,1.0,0.2777777777777778,0.89526,0.02572765485715514
2.0,1.0,1.0,0.3333333333333333,0.812994,0.03802949446019224
2.0,1.0,1.0,0.38888888888888884,0.6903340000000001,0.0581005834703852
2.0,1.0,1.0,0.4444444444444444,0.5530819999999999,0.0612437496381425
2.0,1.0,1.0,0.5,0.436548,0.05660919446340492
2.0,1.5,0.0,0.0,0.985904,0.005724362029194401
2.0,1.5,0.0,0.05555555555555555,0.971254,0.008545380685617481
2.0,1.5,0.0,0.1111111111111111,0.946222,0.013495813794653486
2.0,1.5,0.0,0.16666666666666666,0.908864,0.01896039284914709
2.0,1.5,0.0,0.2222222222222222,0.8522860000000001,0.025554456842771262
2.0,1.5,0.0,0.2777777777777778,0.7760119999999999,0.03237288778789212
2.0,1.5,0.0,0.3333333333333333,0.682866,0.04079328656111091
2.0,1.5,0.0,0.38888888888888884,0.5821580000000001,0.04237239520904502
2.0,1.5,0.0,0.4444444444444444,0.494506,0.03984551787327123
2.0,1.5,0.0,0.5,0.423028,0.03801981362996029
2.0,1.5,0.1111111111111111,0.0,0.985904,0.005724362029194401
2.0,1.5,0.1111111111111111,0.05555555555555555,0.972548,0.008793995947773631
2.0,1.5,0.1111111111111111,0.1111111111111111,0.9506579999999999,0.01244535293269089
2.0,1.5,0.1111111111111111,0.16666666666666666,0.918424,0.016228461106950327
2.0,1.5,0.1111111111111111,0.2222222222222222,0.871208,0.023705455770065536
2.0,1.5,0.1111111111111111,0.2777777777777778,0.8008240000000001,0.03166737547285338
2.0,1.5,0.1111111111111111,0.3333333333333333,0.7129920000000001,0.039879175433633715
2.0,1.5,0.1111111111111111,0.38888888888888884,0.614342,0.045578413965815905
2.0,1.5,0.1111111111111111,0.4444444444444444,0.515434,0.04534730863900968
2.0,1.5,0.1111111111111111,0.5,0.43301200000000006,0.04321447486289
2.0,1.5,0.2222222222222222,0.0,0.985904,0.005724362029194401
2.0,1.5,0.2222222222222222,0.05555555555555555,0.9739779999999998,0.008357584245992252
2.0,1.5,0.2222222222222222,0.1111111111111111,0.9560219999999999,0.011813408875448142
2.0,1.5,0.2222222222222222,0.16666666666666666,0.927312,0.016266648816749375
2.0,1.5,0.2222222222222222,0.2222222222222222,0.886202,0.021680250518041757
2.0,1.5,0.2222222222222222,0.2777777777777778,0.826202,0.03131866717834036
2.0,1.5,0.2222222222222222,0.3333333333333333,0.74949,0.036938635947356045
2.0,1.5,0.2222222222222222,0.38888888888888884,0.652892,0.046443194082159175
2.0,1.5,0.2222222222222222,0.4444444444444444,0.542038,0.04985526703671945
2.0,1.5,0.2222222222222222,0.5,0.442596,0.049338477425934196
2.0,1.5,0.3333333333333333,0.0,0.985904,0.005724362029194401
2.0,1.5,0.3333333333333333,0.05555555555555555,0.9758859999999999,0.008248216179288743
2.0,1.5,0.3333333333333333,0.1111111111111111,0.95999,0.011119405665984572
2.0,1.5,0.3333333333333333,0.16666666666666666,0.936148,0.015154187368169179
2.0,1.5,0.3333333333333333,0.2222222222222222,0.90432,0.019346373415414543
2.0,1.5,0.3333333333333333,0.2777777777777778,0.85329,0.0281354065583636
2.0,1.5,0.3333333333333333,0.3333333333333333,0.782252,0.03816959958743774
2.0,1.5,0.3333333333333333,0.38888888888888884,0.67374,0.04913162151267683
2.0,1.5,0.3333333333333333,0.4444444444444444,0.54927,0.05633130152110925
2.0,1.5,0.3333333333333333,0.5,0.442176,0.05400687464590072
2.0,1.5,0.4444444444444444,0.0,0.985904,0.005724362029194401
2.0,1.5,0.4444444444444444,0.05555555555555555,0.9766739999999999,0.008161675679650579
2.0,1.5,0.4444444444444444,0.1111111111111111,0.9632759999999999,0.010442121422373869
2.0,1.5,0.4444444444444444,0.16666666666666666,0.9446260000000001,0.013784852858724056
2.0,1.5,0.4444444444444444,0.2222222222222222,0.917298,0.018258146560690747
2.0,1.5,0.4444444444444444,0.2777777777777778,0.8719560000000002,0.0254159399591677
2.0,1.5,0.4444444444444444,0.3333333333333333,0.7910039999999999,0.037258130933277955
2.0,1.5,0.4444444444444444,0.38888888888888884,0.672414,0.04923265494187012
2.0,1.5,0.4444444444444444,0.4444444444444444,0.5504260000000001,0.05385615559051706
2.0,1.5,0.4444444444444444,0.5,0.440798,0.05125828733034378
2.0,1.5,0.5555555555555556,0.0,0.985904,0.005724362029194401
2.0,1.5,0.5555555555555556,0.05555555555555555,0.97811,0.007049346535186532
2.0,1.5,0.5555555555555556,0.1111111111111111,0.966772,0.010536700627817063
2.0,1.5,0.5555555555555556,0.16666666666666666,0.9529280000000001,0.013513698831638348
2.0,1.5,0.5555555555555556,0.2222222222222222,0.92863,0.01657765778012532
2.0,1.5,0.5555555555555556,0.2777777777777778,0.873046,0.02742831582540269
2.0,1.5,0.5555555555555556,0.3333333333333333,0.7875319999999999,0.03938725285387079
2.0,1.5,0.5555555555555556,0.38888888888888884,0.6738540000000001,0.0490772639791519
2.0,1.5,0.5555555555555556,0.4444444444444444,0.5451860000000001,0.05738625068372273
2.0,1.5,0.5555555555555556,0.5,0.445038,0.05002813392850804
2.0,1.5,0.6666666666666666,0.0,0.985904,0.005724362029194401
2.0,1.5,0.6666666666666666,0.05555555555555555,0.9791519999999999,0.007181088501343541
2.0,1.5,0.6666666666666666,0.1111111111111111,0.970598,0.009506900563098013
2.0,1.5,0.6666666666666666,0.16666666666666666,0.958586,0.011790871609283729
2.0,1.5,0.6666666666666666,0.2222222222222222,0.930538,0.017659906585290916
2.0,1.5,0.6666666666666666,0.2777777777777778,0.87654,0.02554175331344054
2.0,1.5,0.6666666666666666,0.3333333333333333,0.7914680000000001,0.03655151162406293
2.0,1.5,0.6666666666666666,0.38888888888888884,0.673478,0.04847210130797324
2.0,1.5,0.6666666666666666,0.4444444444444444,0.550708,0.05446543585988102
2.0,1.5,0.6666666666666666,0.5,0.443906,0.053910052416066195
2.0,1.5,0.7777777777777777,0.0,0.985904,0.005724362029194401
2.0,1.5,0.7777777777777777,0.05555555555555555,0.9806459999999999,0.006706910562889391
2.0,1.5,0.7777777777777777,0.1111111111111111,0.974124,0.00872656460812155
2.0,1.5,0.7777777777777777,0.16666666666666666,0.963926,0.010649476357708253
2.0,1.5,0.7777777777777777,0.2222222222222222,0.9300660000000001,0.018831433556146443
2.0,1.5,0.7777777777777777,0.2777777777777778,0.873562,0.025503942011309396
2.0,1.5,0.7777777777777777,0.3333333333333333,0.7866259999999999,0.037327265819332295
2.0,1.5,0.7777777777777777,0.38888888888888884,0.674806,0.04874135619376235
2.0,1.5,0.7777777777777777,0.4444444444444444,0.54874,0.05499652384715364
2.0,1.5,0.7777777777777777,0.5,0.44428400000000007,0.050654507224968726
2.0,1.5,0.8888888888888888,0.0,0.985904,0.005724362029194401
2.0,1.5,0.8888888888888888,0.05555555555555555,0.981874,0.006935006317607116
2.0,1.5,0.8888888888888888,0.1111111111111111,0.9770959999999999,0.008010938413727646
2.0,1.5,0.8888888888888888,0.16666666666666666,0.96423,0.011069153188234837
2.0,1.5,0.8888888888888888,0.2222222222222222,0.9313440000000001,0.017605270662793555
2.0,1.5,0.8888888888888888,0.2777777777777778,0.8751720000000001,0.025477217139757903
2.0,1.5,0.8888888888888888,0.3333333333333333,0.790172,0.037177449367633654
2.0,1.5,0.8888888888888888,0.38888888888888884,0.675166,0.049455699129146914
2.0,1.5,0.8888888888888888,0.4444444444444444,0.5444060000000001,0.057181155401636784
2.0,1.5,0.8888888888888888,0.5,0.44449,0.05208111736100853
2.0,1.5,1.0,0.0,0.985904,0.005724362029194401
2.0,1.5,1.0,0.05555555555555555,0.982174,0.006689785531758247
2.0,1.5,1.0,0.1111111111111111,0.980092,0.00725898903730316
2.0,1.5,1.0,0.16666666666666666,0.9648519999999999,0.010977390500679505
2.0,1.5,1.0,0.2222222222222222,0.931346,0.016948060582704705
2.0,1.5,1.0,0.2777777777777778,0.8741420000000001,0.025184008906630022
2.0,1.5,1.0,0.3333333333333333,0.789666,0.0385177579741957
2.0,1.5,1.0,0.38888888888888884,0.674404,0.047590655858583186
2.0,1.5,1.0,0.4444444444444444,0.548412,0.05575672048963706
2.0,1.5,1.0,0.5,0.44447400000000004,0.054123970034214326
2.0,2.0,0.0,0.0,0.985904,0.005724362029194401
2.0,2.0,0.0,0.05555555555555555,0.971254,0.008545380685617481
2.0,2.0,0.0,0.1111111111111111,0.946222,0.013495813794653486
2.0,2.0,0.0,0.16666666666666666,0.908864,0.01896039284914709
2.0,2.0,0.0,0.2222222222222222,0.8522860000000001,0.025554456842771262
2.0,2.0,0.0,0.2777777777777778,0.7760119999999999,0.03237288778789212
2.0,2.0,0.0,0.3333333333333333,0.682866,0.04079328656111091
2.0,2.0,0.0,0.38888888888888884,0.5821580000000001,0.04237239520904502
2.0,2.0,0.0,0.4444444444444444,0.494506,0.03984551787327123
2.0,2.0,0.0,0.5,0.423028,0.03801981362996029
2.0,2.0,0.1111111111111111,0.0,0.985904,0.005724362029194401
2.0,2.0,0.1111111111111111,0.05555555555555555,0.9728939999999999,0.008088857969237256
2.0,2.0,0.1111111111111111,0.1111111111111111,0.9511759999999999,0.012865771650403257
2.0,2.0,0.1111111111111111,0.16666666666666666,0.91883,0.017447921363871372
2.0,2.0,0.1111111111111111,0.2222222222222222,0.8712880000000001,0.023728107851331292
2.0,2.0,0.1111111111111111,0.2777777777777778,0.804004,0.03199279703502411
2.0,2.0,0.1111111111111111,0.3333333333333333,0.715288,0.040006776179549404
2.0,2.0,0.1111111111111111,0.38888888888888884,0.6168140000000001,0.04395009243733742
2.0,2.0,0.1111111111111111,0.4444444444444444,0.518654,0.04607785391315967
2.0,2.0,0.1111111111111111,0.5,0.434928,0.04409162004186093
2.0,2.0,0.2222222222222222,0.0,0.985904,0.005724362029194401
2.0,2.0,0.2222222222222222,0.05555555555555555,0.9741099999999999,0.007940024431697425
2.0,2.0,0.2222222222222222,0.1111111111111111,0.955564,0.012335730399493074
2.0,2.0,0.2222222222222222,0.16666666666666666,0.9284199999999999,0.01632545991029239
2.0,2.0,0.2222222222222222,0.2222222222222222,0.886668,0.022307510530135497
2.0,2.0,0.2222222222222222,0.2777777777777778,0.8293579999999999,0.028967638567345043
2.0,2.0,0.2222222222222222,0.3333333333333333,0.751298,0.041163893502152035
2.0,2.0,0.2222222222222222,0.38888888888888884,0.6486600000000001,0.04680146530087085
2.0,2.0,0.2222222222222222,0.4444444444444444,0.536162,0.049789132060547976
2.0,2.0,0.2222222222222222,0.5,0.440364,0.04546424418153233
2.0,2.0,0.3333333333333333,0.0,0.985904,0.005724362029194401
2.0,2.0,0.3333333333333333,0.05555555555555555,0.9758920000000001,0.008070849597561153
2.0,2.0,0.3333333333333333,0.1111111111111111,0.960472,0.011096823644177634
2.0,2.0,0.3333333333333333,0.16666666666666666,0.936932,0.016399428603370084
2.0,2.0,0.3333333333333333,0.2222222222222222,0.9052360000000002,0.019614733736635793
2.0,2.0,0.3333333333333333,0.2777777777777778,0.8522179999999999,0.025724111954968307
2.0,2.0,0.3333333333333333,0.3333333333333333,0.7609459999999999,0.035873847715289744
2.0,2.0,0.3333333333333333,0.38888888888888884,0.653176,0.044100098200827685
2.0,2.0,0.3333333333333333,0.4444444444444444,0.538208,0.04798226058306675
2.0,2.0,0.3333333333333333,0.5,0.442018,0.04442942294523408
2.0,2.0,0.4444444444444444,0.0,0.985904,0.005724362029194401
2.0,2.0,0.4444444444444444,0.05555555555555555,0.977294,0.007665316572478441
2.0,2.0,0.4444444444444444,0.1111111111111111,0.963336,0.010264005241971307
2.0,2.0,0.4444444444444444,0.16666666666666666,0.9455159999999998,0.013984451142161224
2.0,2.0,0.4444444444444444,0.2222222222222222,0.9133020000000001,0.01892096196294486
2.0,2.0,0.4444444444444444,0.2777777777777778,0.853236,0.024603148860821374
2.0,2.0,0.4444444444444444,0.3333333333333333,0.760066,0.0386093642788902
2.0,2.0,0.4444444444444444,0.38888888888888884,0.650474,0.0460791047198572
2.0,2.0,0.4444444444444444,0.4444444444444444,0.538674,0.04895038308336324
2.0,2.0,0.4444444444444444,0.5,0.442712,0.04409246360426448
2.0,2.0,0.5555555555555556,0.0,0.985904,0.005724362029194401
2.0,2.0,0.5555555555555556,0.05555555555555555,0.97824,0.007298557246178975
2.0,2.0,0.5555555555555556,0.1111111111111111,0.9675159999999999,0.009952680830380463
2.0,2.0,0.5555555555555556,0.16666666666666666,0.951996,0.012356753729254731
2.0,2.0,0.5555555555555556,0.2222222222222222,0.915424,0.0192365358790311
2.0,2.0,0.5555555555555556,0.2777777777777778,0.8509059999999999,0.027451271530062778
2.0,2.0,0.5555555555555556,0.3333333333333333,0.762306,0.03657983779442075
2.0,2.0,0.5555555555555556,0.38888888888888884,0.64936,0.04487053744118205
2.0,2.0,0.5555555555555556,0.4444444444444444,0.5385820000000001,0.04863581150058709
2.0,2.0,0.5555555555555556,0.5,0.442168,0.043635213299345284
2.0,2.0,0.6666666666666666,0.0,0.985904,0.005724362029194401
2.0,2.0,0.6666666666666666,0.05555555555555555,0.9791859999999999,0.007620731927460812
2.0,2.0,0.6666666666666666,0.1111111111111111,0.9714279999999998,0.009676988385257934
2.0,2.0,0.6666666666666666,0.16666666666666666,0.9540919999999999,0.012452858441608223
2.0,2.0,0.6666666666666666,0.2222222222222222,0.914282,0.01849580128922943
2.0,2.0,0.6666666666666666,0.2777777777777778,0.8509699999999999,0.028495844017198447
2.0,2.0,0.6666666666666666,0.3333333333333333,0.765358,0.03798952808984311
2.0,2.0,0.6666666666666666,0.38888888888888884,0.654318,0.044920112522321594
2.0,2.0,0.6666666666666666,0.4444444444444444,0.538208,0.046984804775155944
2.0,2.0,0.6666666666666666,0.5,0.441482,0.04606558098518901
2.0,2.0,0.7777777777777777,0.0,0.985904,0.005724362029194401
2.0,2.0,0.7777777777777777,0.05555555555555555,0.981234,0.006970826985208817
2.0,2.0,0.7777777777777777,0.1111111111111111,0.9741899999999999,0.008606628149060032
2.0,2.0,0.7777777777777777,0.16666666666666666,0.953356,0.01196359139381131
2.0,2.0,0.7777777777777777,0.2222222222222222,0.9148339999999999,0.01922554777827537
2.0,2.0,0.7777777777777777,0.2777777777777778,0.850838,0.02652279535318053
2.0,2.0,0.7777777777777777,0.3333333333333333,0.761518,0.03675714694727284
2.0,2.0,0.7777777777777777,0.38888888888888884,0.651322,0.046557636785882636
2.0,2.0,0.7777777777777777,0.4444444444444444,0.5346279999999999,0.048584880335289335
2.0,2.0,0.7777777777777777,0.5,0.440598,0.04698782936268107
2.0,2.0,0.8888888888888888,0.0,0.985904,0.005724362029194401
2.0,2.0,0.8888888888888888,0.05555555555555555,0.981842,0.006677590615848335
2.0,2.0,0.8888888888888888,0.1111111111111111,0.9764079999999999,0.007780398782223252
2.0,2.0,0.8888888888888888,0.16666666666666666,0.9532019999999999,0.012984235701553893
2.0,2.0,0.8888888888888888,0.2222222222222222,0.915164,0.01821297694112954
2.0,2.0,0.8888888888888888,0.2777777777777778,0.8535,0.02566490550829087
2.0,2.0,0.8888888888888888,0.3333333333333333,0.7625559999999999,0.03973689602638363
2.0,2.0,0.8888888888888888,0.38888888888888884,0.648782,0.049172251286606614
2.0,2.0,0.8888888888888888,0.4444444444444444,0.53735,0.04846211565033677
2.0,2.0,0.8888888888888888,0.5,0.442416,0.04380580830989615
2.0,2.0,1.0,0.0,0.985904,0.005724362029194401
2.0,2.0,1.0,0.05555555555555555,0.9825379999999999,0.006365657797776821
2.0,2.0,1.0,0.1111111111111111,0.9765539999999998,0.007708561983645931
2.0,2.0,1.0,0.16666666666666666,0.9535279999999999,0.012029573445245205
2.0,2.0,1.0,0.2222222222222222,0.9147799999999999,0.01815816725542949
2.0,2.0,1.0,0.2777777777777778,0.851606,0.026697720887768724
2.0,2.0,1.0,0.3333333333333333,0.762006,0.03731657832701269
2.0,2.0,1.0,0.38888888888888884,0.6504340000000001,0.045294246671769775
2.0,2.0,1.0,0.4444444444444444,0.534744,0.04774613965236774
2.0,2.0,1.0,0.5,0.44289600000000007,0.04375227659693643
2.0,2.5,0.0,0.0,0.985904,0.005724362029194401
2.0,2.5,0.0,0.05555555555555555,0.971254,0.008545380685617481
2.0,2.5,0.0,0.1111111111111111,0.946222,0.013495813794653486
2.0,2.5,0.0,0.16666666666666666,0.908864,0.01896039284914709
2.0,2.5,0.0,0.2222222222222222,0.8522860000000001,0.025554456842771262
2.0,2.5,0.0,0.2777777777777778,0.7760119999999999,0.03237288778789212
2.0,2.5,0.0,0.3333333333333333,0.682866,0.04079328656111091
2.0,2.5,0.0,0.38888888888888884,0.5821580000000001,0.04237239520904502
2.0,2.5,0.0,0.4444444444444444,0.494506,0.03984551787327123
2.0,2.5,0.0,0.5,0.423028,0.03801981362996029
2.0,2.5,0.1111111111111111,0.0,0.985904,0.005724362029194401
2.0,2.5,0.1111111111111111,0.05555555555555555,0.9728939999999999,0.008088857969237256
2.0,2.5,0.1111111111111111,0.1111111111111111,0.9511759999999999,0.012865771650403257
2.0,2.5,0.1111111111111111,0.16666666666666666,0.91883,0.017447921363871372
2.0,2.5,0.1111111111111111,0.2222222222222222,0.8712880000000001,0.023728107851331292
2.0,2.5,0.1111111111111111,0.2777777777777778,0.804004,0.03199279703502411
2.0,2.5,0.1111111111111111,0.3333333333333333,0.715288,0.040006776179549404
2.0,2.5,0.1111111111111111,0.38888888888888884,0.6168140000000001,0.04395009243733742
2.0,2.5,0.1111111111111111,0.4444444444444444,0.518654,0.04607785391315967
2.0,2.5,0.1111111111111111,0.5,0.434928,0.04409162004186093
2.0,2.5,0.2222222222222222,0.0,0.985904,0.005724362029194401
2.0,2.5,0.2222222222222222,0.05555555555555555,0.9741099999999999,0.007940024431697425
2.0,2.5,0.2222222222222222,0.1111111111111111,0.955564,0.012335730399493074
2.0,2.5,0.2222222222222222,0.16666666666666666,0.9284199999999999,0.01632545991029239
2.0,2.5,0.2222222222222222,0.2222222222222222,0.886668,0.022307510530135497
2.0,2.5,0.2222222222222222,0.2777777777777778,0.8293579999999999,0.028967638567345043
2.0,2.5,0.2222222222222222,0.3333333333333333,0.751298,0.041163893502152035
2.0,2.5,0.2222222222222222,0.38888888888888884,0.6486600000000001,0.04680146530087085
2.0,2.5,0.2222222222222222,0.4444444444444444,0.536162,0.049789132060547976
2.0,2.5,0.2222222222222222,0.5,0.440364,0.04546424418153233
2.0,2.5,0.3333333333333333,0.0,0.985904,0.005724362029194401
2.0,2.5,0.3333333333333333,0.05555555555555555,0.9758920000000001,0.008070849597561153
2.0,2.5,0.3333333333333333,0.1111111111111111,0.960472,0.011096823644177634
2.0,2.5,0.3333333333333333,0.16666666666666666,0.936932,0.016399428603370084
2.0,2.5,0.3333333333333333,0.2222222222222222,0.9052360000000002,0.019614733736635793
2.0,2.5,0.3333333333333333,0.2777777777777778,0.8522179999999999,0.025724111954968307
2.0,2.5,0.3333333333333333,0.3333333333333333,0.7609459999999999,0.035873847715289744
2.0,2.5,0.3333333333333333,0.38888888888888884,0.653176,0.044100098200827685
2.0,2.5,0.3333333333333333,0.4444444444444444,0.538208,0.04798226058306675
2.0,2.5,0.3333333333333333,0.5,0.442018,0.04442942294523408
2.0,2.5,0.4444444444444444,0.0,0.985904,0.005724362029194401
2.0,2.5,0.4444444444444444,0.05555555555555555,0.977294,0.007665316572478441
2.0,2.5,0.4444444444444444,0.1111111111111111,0.963336,0.010264005241971307
2.0,2.5,0.4444444444444444,0.16666666666666666,0.9455159999999998,0.013984451142161224
2.0,2.5,0.4444444444444444,0.2222222222222222,0.9133020000000001,0.01892096196294486
2.0,2.5,0.4444444444444444,0.2777777777777778,0.853236,0.024603148860821374
2.0,2.5,0.4444444444444444,0.3333333333333333,0.760066,0.0386093642788902
2.0,2.5,0.4444444444444444,0.38888888888888884,0.650474,0.0460791047198572
2.0,2.5,0.4444444444444444,0.4444444444444444,0.538674,0.04895038308336324
2.0,2.5,0.4444444444444444,0.5,0.442712,0.04409246360426448
2.0,2.5,0.5555555555555556,0.0,0.985904,0.005724362029194401
2.0,2.5,0.5555555555555556,0.05555555555555555,0.97824,0.007298557246178975
2.0,2.5,0.5555555555555556,0.1111111111111111,0.9675159999999999,0.009952680830380463
2.0,2.5,0.5555555555555556,0.16666666666666666,0.951996,0.012356753729254731
2.0,2.5,0.5555555555555556,0.2222222222222222,0.915424,0.0192365358790311
2.0,2.5,0.5555555555555556,0.2777777777777778,0.8509059999999999,0.027451271530062778
2.0,2.5,0.5555555555555556,0.3333333333333333,0.762306,0.03657983779442075
2.0,2.5,0.5555555555555556,0.38888888888888884,0.64936,0.04487053744118205
2.0,2.5,0.5555555555555556,0.4444444444444444,0.5385820000000001,0.04863581150058709
2.0,2.5,0.5555555555555556,0.5,0.442168,0.043635213299345284
2.0,2.5,0.6666666666666666,0.0,0.985904,0.005724362029194401
2.0,2.5,0.6666666666666666,0.05555555555555555,0.9791859999999999,0.007620731927460812
2.0,2.5,0.6666666666666666,0.1111111111111111,0.9714279999999998,0.009676988385257934
2.0,2.5,0.6666666666666666,0.16666666666666666,0.9540919999999999,0.012452858441608223
2.0,2.5,0.6666666666666666,0.2222222222222222,0.914282,0.01849580128922943
2.0,2.5,0.6666666666666666,0.2777777777777778,0.8509699999999999,0.028495844017198447
2.0,2.5,0.6666666666666666,0.3333333333333333,0.765358,0.03798952808984311
2.0,2.5,0.6666666666666666,0.38888888888888884,0.654318,0.044920112522321594
2.0,2.5,0.6666666666666666,0.4444444444444444,0.538208,0.046984804775155944
2.0,2.5,0.6666666666666666,0.5,0.441482,0.04606558098518901
2.0,2.5,0.7777777777777777,0.0,0.985904,0.005724362029194401
2.0,2.5,0.7777777777777777,0.05555555555555555,0.981234,0.006970826985208817
2.0,2.5,0.7777777777777777,0.1111111111111111,0.9741899999999999,0.008606628149060032
2.0,2.5,0.7777777777777777,0.16666666666666666,0.953356,0.01196359139381131
2.0,2.5,0.7777777777777777,0.2222222222222222,0.9148339999999999,0.01922554777827537
2.0,2.5,0.7777777777777777,0.2777777777777778,0.850838,0.02652279535318053
2.0,2.5,0.7777777777777777,0.3333333333333333,0.761518,0.03675714694727284
2.0,2.5,0.7777777777777777,0.38888888888888884,0.651322,0.046557636785882636
2.0,2.5,0.7777777777777777,0.4444444444444444,0.5346279999999999,0.048584880335289335
2.0,2.5,0.7777777777777777,0.5,0.440598,0.04698782936268107
2.0,2.5,0.8888888888888888,0.0,0.985904,0.005724362029194401
2.0,2.5,0.8888888888888888,0.05555555555555555,0.981842,0.006677590615848335
2.0,2.5,0.8888888888888888,0.1111111111111111,0.9764079999999999,0.007780398782223252
2.0,2.5,0.8888888888888888,0.16666666666666666,0.9532019999999999,0.012984235701553893
2.0,2.5,0.8888888888888888,0.2222222222222222,0.915164,0.01821297694112954
2.0,2.5,0.8888888888888888,0.2777777777777778,0.8535,0.02566490550829087
2.0,2.5,0.8888888888888888,0.3333333333333333,0.7625559999999999,0.03973689602638363
2.0,2.5,0.8888888888888888,0.38888888888888884,0.648782,0.049172251286606614
2.0,2.5,0.8888888888888888,0.4444444444444444,0.53735,0.04846211565033677
2.0,2.5,0.8888888888888888,0.5,0.442416,0.04380580830989615
2.0,2.5,1.0,0.0,0.985904,0.005724362029194401
2.0,2.5,1.0,0.05555555555555555,0.9825379999999999,0.006365657797776821
2.0,2.5,1.0,0.1111111111111111,0.9765539999999998,0.007708561983645931
2.0,2.5,1.0,0.16666666666666666,0.9535279999999999,0.012029573445245205
2.0,2.5,1.0,0.2222222222222222,0.9147799999999999,0.01815816725542949
2.0,2.5,1.0,0.2777777777777778,0.851606,0.026697720887768724
2.0,2.5,1.0,0.3333333333333333,0.762006,0.03731657832701269
2.0,2.5,1.0,0.38888888888888884,0.6504340000000001,0.045294246671769775
2.0,2.5,1.0,0.4444444444444444,0.534744,0.04774613965236774
2.0,2.5,1.0,0.5,0.44289600000000007,0.04375227659693643
2.0,3.0,0.0,0.0,0.985904,0.005724362029194401
2.0,3.0,0.0,0.05555555555555555,0.971254,0.008545380685617481
2.0,3.0,0.0,0.1111111111111111,0.946222,0.013495813794653486
2.0,3.0,0.0,0.16666666666666666,0.908864,0.01896039284914709
2.0,3.0,0.0,0.2222222222222222,0.8522860000000001,0.025554456842771262
2.0,3.0,0.0,0.2777777777777778,0.7760119999999999,0.03237288778789212
2.0,3.0,0.0,0.3333333333333333,0.682866,0.04079328656111091
2.0,3.0,0.0,0.38888888888888884,0.5821580000000001,0.04237239520904502
2.0,3.0,0.0,0.4444444444444444,0.494506,0.03984551787327123
2.0,3.0,0.0,0.5,0.423028,0.03801981362996029
2.0,3.0,0.1111111111111111,0.0,0.985904,0.005724362029194401
2.0,3.0,0.1111111111111111,0.05555555555555555,0.9728939999999999,0.008088857969237256
2.0,3.0,0.1111111111111111,0.1111111111111111,0.9511759999999999,0.012865771650403257
2.0,3.0,0.1111111111111111,0.16666666666666666,0.91883,0.017447921363871372
2.0,3.0,0.1111111111111111,0.2222222222222222,0.8712880000000001,0.023728107851331292
2.0,3.0,0.1111111111111111,0.2777777777777778,0.804004,0.03199279703502411
2.0,3.0,0.1111111111111111,0.3333333333333333,0.715288,0.040006776179549404
2.0,3.0,0.1111111111111111,0.38888888888888884,0.6168140000000001,0.04395009243733742
2.0,3.0,0.1111111111111111,0.4444444444444444,0.518654,0.04607785391315967
2.0,3.0,0.1111111111111111,0.5,0.434928,0.04409162004186093
2.0,3.0,0.2222222222222222,0.0,0.985904,0.005724362029194401
2.0,3.0,0.2222222222222222,0.05555555555555555,0.9741099999999999,0.007940024431697425
2.0,3.0,0.2222222222222222,0.1111111111111111,0.955564,0.012335730399493074
2.0,3.0,0.2222222222222222,0.16666666666666666,0.9284199999999999,0.01632545991029239
2.0,3.0,0.2222222222222222,0.2222222222222222,0.886668,0.022307510530135497
2.0,3.0,0.2222222222222222,0.2777777777777778,0.8293579999999999,0.028967638567345043
2.0,3.0,0.2222222222222222,0.3333333333333333,0.751298,0.041163893502152035
2.0,3.0,0.2222222222222222,0.38888888888888884,0.6486600000000001,0.04680146530087085
2.0,3.0,0.2222222222222222,0.4444444444444444,0.536162,0.049789132060547976
2.0,3.0,0.2222222222222222,0.5,0.440364,0.04546424418153233
2.0,3.0,0.3333333333333333,0.0,0.985904,0.005724362029194401
2.0,3.0,0.3333333333333333,0.05555555555555555,0.9758920000000001,0.008070849597561153
2.0,3.0,0.3333333333333333,0.1111111111111111,0.960472,0.011096823644177634
2.0,3.0,0.3333333333333333,0.16666666666666666,0.936932,0.016399428603370084
2.0,3.0,0.3333333333333333,0.2222222222222222,0.9052360000000002,0.019614733736635793
2.0,3.0,0.3333333333333333,0.2777777777777778,0.8522179999999999,0.025724111954968307
2.0,3.0,0.3333333333333333,0.3333333333333333,0.7609459999999999,0.035873847715289744
2.0,3.0,0.3333333333333333,0.38888888888888884,0.653176,0.044100098200827685
2.0,3.0,0.3333333333333333,0.4444444444444444,0.538208,0.04798226058306675
2.0,3.0,0.3333333333333333,0.5,0.442018,0.04442942294523408
2.0,3.0,0.4444444444444444,0.0,0.985904,0.005724362029194401
2.0,3.0,0.4444444444444444,0.05555555555555555,0.977294,0.007665316572478441
2.0,3.0,0.4444444444444444,0.1111111111111111,0.963336,0.010264005241971307
2.0,3.0,0.4444444444444444,0.16666666666666666,0.9455159999999998,0.013984451142161224
2.0,3.0,0.4444444444444444,0.2222222222222222,0.9133020000000001,0.01892096196294486
2.0,3.0,0.4444444444444444,0.2777777777777778,0.853236,0.024603148860821374
2.0,3.0,0.4444444444444444,0.3333333333333333,0.760066,0.0386093642788902
2.0,3.0,0.4444444444444444,0.38888888888888884,0.650474,0.0460791047198572
2.0,3.0,0.4444444444444444,0.4444444444444444,0.538674,0.04895038308336324
2.0,3.0,0.4444444444444444,0.5,0.442712,0.04409246360426448
2.0,3.0,0.5555555555555556,0.0,0.985904,0.005724362029194401
2.0,3.0,0.5555555555555556,0.05555555555555555,0.97824,0.007298557246178975
2.0,3.0,0.5555555555555556,0.1111111111111111,0.9675159999999999,0.009952680830380463
2.0,3.0,0.5555555555555556,0.16666666666666666,0.951996,0.012356753729254731
2.0,3.0,0.5555555555555556,0.2222222222222222,0.915424,0.0192365358790311
2.0,3.0,0.5555555555555556,0.2777777777777778,0.8509059999999999,0.027451271530062778
2.0,3.0,0.5555555555555556,0.3333333333333333,0.762306,0.03657983779442075
2.0,3.0,0.5555555555555556,0.38888888888888884,0.64936,0.04487053744118205
2.0,3.0,0.5555555555555556,0.4444444444444444,0.5385820000000001,0.04863581150058709
2.0,3.0,0.5555555555555556,0.5,0.442168,0.043635213299345284
2.0,3.0,0.6666666666666666,0.0,0.985904,0.005724362029194401
2.0,3.0,0.6666666666666666,0.05555555555555555,0.9791859999999999,0.007620731927460812
2.0,3.0,0.6666666666666666,0.1111111111111111,0.9714279999999998,0.009676988385257934
2.0,3.0,0.6666666666666666,0.16666666666666666,0.9540919999999999,0.012452858441608223
2.0,3.0,0.6666666666666666,0.2222222222222222,0.914282,0.01849580128922943
2.0,3.0,0.6666666666666666,0.2777777777777778,0.8509699999999999,0.028495844017198447
2.0,3.0,0.6666666666666666,0.3333333333333333,0.765358,0.03798952808984311
2.0,3.0,0.6666666666666666,0.38888888888888884,0.654318,0.044920112522321594
2.0,3.0,0.6666666666666666,0.4444444444444444,0.538208,0.046984804775155944
2.0,3.0,0.6666666666666666,0.5,0.441482,0.04606558098518901
2.0,3.0,0.7777777777777777,0.0,0.985904,0.005724362029194401
2.0,3.0,0.7777777777777777,0.05555555555555555,0.981234,0.006970826985208817
2.0,3.0,0.7777777777777777,0.1111111111111111,0.9741899999999999,0.008606628149060032
2.0,3.0,0.7777777777777777,0.16666666666666666,0.953356,0.01196359139381131
2.0,3.0,0.7777777777777777,0.2222222222222222,0.9148339999999999,0.01922554777827537
2.0,3.0,0.7777777777777777,0.2777777777777778,0.850838,0.02652279535318053
2.0,3.0,0.7777777777777777,0.3333333333333333,0.761518,0.03675714694727284
2.0,3.0,0.7777777777777777,0.38888888888888884,0.651322,0.046557636785882636
2.0,3.0,0.7777777777777777,0.4444444444444444,0.5346279999999999,0.048584880335289335
2.0,3.0,0.7777777777777777,0.5,0.440598,0.04698782936268107
2.0,3.0,0.8888888888888888,0.0,0.985904,0.005724362029194401
2.0,3.0,0.8888888888888888,0.05555555555555555,0.981842,0.006677590615848335
2.0,3.0,0.8888888888888888,0.1111111111111111,0.9764079999999999,0.007780398782223252
2.0,3.0,0.8888888888888888,0.16666666666666666,0.9532019999999999,0.012984235701553893
2.0,3.0,0.8888888888888888,0.2222222222222222,0.915164,0.01821297694112954
2.0,3.0,0.8888888888888888,0.2777777777777778,0.8535,0.02566490550829087
2.0,3.0,0.8888888888888888,0.3333333333333333,0.7625559999999999,0.03973689602638363
2.0,3.0,0.8888888888888888,0.38888888888888884,0.648782,0.049172251286606614
2.0,3.0,0.8888888888888888,0.4444444444444444,0.53735,0.04846211565033677
2.0,3.0,0.8888888888888888,0.5,0.442416,0.04380580830989615
2.0,3.0,1.0,0.0,0.985904,0.005724362029194401
2.0,3.0,1.0,0.05555555555555555,0.9825379999999999,0.006365657797776821
2.0,3.0,1.0,0.1111111111111111,0.9765539999999998,0.007708561983645931
2.0,3.0,1.0,0.16666666666666666,0.9535279999999999,0.012029573445245205
2.0,3.0,1.0,0.2222222222222222,0.9147799999999999,0.01815816725542949
2.0,3.0,1.0,0.2777777777777778,0.851606,0.026697720887768724
2.0,3.0,1.0,0.3333333333333333,0.762006,0.03731657832701269
2.0,3.0,1.0,0.38888888888888884,0.6504340000000001,0.045294246671769775
2.0,3.0,1.0,0.4444444444444444,0.534744,0.04774613965236774
2.0,3.0,1.0,0.5,0.44289600000000007,0.04375227659693643
2.5,0.0,0.0,0.0,0.9859479999999998,0.005878299482811285
2.5,0.0,0.0,0.05555555555555555,0.9718819999999999,0.00871159340875359
2.5,0.0,0.0,0.1111111111111111,0.9486500000000001,0.012940107912439162
2.5,0.0,0.0,0.16666666666666666,0.91299,0.018763315912921567
2.5,0.0,0.0,0.2222222222222222,0.862186,0.024677547826586595
2.5,0.0,0.0,0.2777777777777778,0.791486,0.03196926448549428
2.5,0.0,0.0,0.3333333333333333,0.710292,0.0362440892285627
2.5,0.0,0.0,0.38888888888888884,0.6182219999999999,0.040287254084677544
2.5,0.0,0.0,0.4444444444444444,0.539982,0.039687881423221966
2.5,0.0,0.0,0.5,0.47061400000000003,0.03831204287503495
2.5,0.0,0.1111111111111111,0.0,0.9859479999999998,0.005878299482811285
2.5,0.0,0.1111111111111111,0.05555555555555555,0.972212,0.008860478099080693
2.5,0.0,0.1111111111111111,0.1111111111111111,0.9519659999999999,0.012083246819767225
2.5,0.0,0.1111111111111111,0.16666666666666666,0.919446,0.017394027376566753
2.5,0.0,0.1111111111111111,0.2222222222222222,0.872258,0.023427101702694197
2.5,0.0,0.1111111111111111,0.2777777777777778,0.8092420000000001,0.032029098681115704
2.5,0.0,0.1111111111111111,0.3333333333333333,0.7243900000000001,0.03896200682654712
2.5,0.0,0.1111111111111111,0.38888888888888884,0.6300699999999999,0.04676763328463492
2.5,0.0,0.1111111111111111,0.4444444444444444,0.540356,0.046878998977049176
2.5,0.0,0.1111111111111111,0.5,0.46200199999999997,0.0447618726875115
2.5,0.0,0.2222222222222222,0.0,0.9859479999999998,0.005878299482811285
2.5,0.0,0.2222222222222222,0.05555555555555555,0.9740999999999999,0.008787060080009675
2.5,0.0,0.2222222222222222,0.1111111111111111,0.955006,0.012347424094260585
2.5,0.0,0.2222222222222222,0.16666666666666666,0.9262,0.01666178953356814
2.5,0.0,0.2222222222222222,0.2222222222222222,0.88422,0.022707771484043588
2.5,0.0,0.2222222222222222,0.2777777777777778,0.8255060000000001,0.03178096952655939
2.5,0.0,0.2222222222222222,0.3333333333333333,0.7457259999999999,0.03906583164870308
2.5,0.0,0.2222222222222222,0.38888888888888884,0.650258,0.04593612621219561
2.5,0.0,0.2222222222222222,0.4444444444444444,0.5441480000000001,0.05262026111451287
2.5,0.0,0.2222222222222222,0.5,0.446354,0.05405093608239146
2.5,0.0,0.3333333333333333,0.0,0.9859479999999998,0.005878299482811285
2.5,0.0,0.3333333333333333,0.05555555555555555,0.9750540000000001,0.008405020686797335
2.5,0.0,0.3333333333333333,0.1111111111111111,0.958538,0.011315150076003635
2.5,0.0,0.3333333333333333,0.16666666666666666,0.932842,0.01637134930774834
2.5,0.0,0.3333333333333333,0.2222222222222222,0.898432,0.021285853309233466
2.5,0.0,0.3333333333333333,0.2777777777777778,0.8441299999999999,0.02955917098259621
2.5,0.0,0.3333333333333333,0.3333333333333333,0.769274,0.03852405910934779
2.5,0.0,0.3333333333333333,0.38888888888888884,0.6691499999999999,0.055140915308708516
2.5,0.0,0.3333333333333333,0.4444444444444444,0.546398,0.07060772264415544
2.5,0.0,0.3333333333333333,0.5,0.42168600000000006,0.07205942356867769
2.5,0.0,0.4444444444444444,0.0,0.9859479999999998,0.005878299482811285
2.5,0.0,0.4444444444444444,0.05555555555555555,0.9767180000000001,0.008141193651310384
2.5,0.0,0.4444444444444444,0.1111111111111111,0.9622580000000001,0.011138922172919107
2.5,0.0,0.4444444444444444,0.16666666666666666,0.9403239999999999,0.015074664673884417
2.5,0.0,0.4444444444444444,0.2222222222222222,0.9099480000000001,0.02028477854158044
2.5,0.0,0.4444444444444444,0.2777777777777778,0.862504,0.02725243795974041
2.5,0.0,0.4444444444444444,0.3333333333333333,0.792226,0.038003782693279316
2.5,0.0,0.4444444444444444,0.38888888888888884,0.691466,0.06639108672701172
2.5,0.0,0.4444444444444444,0.4444444444444444,0.529466,0.10598351690575018
2.5,0.0,0.4444444444444444,0.5,0.343306,0.1080438768401306
2.5,0.0,0.5555555555555556,0.0,0.9859479999999998,0.005878299482811285
2.5,0.0,0.5555555555555556,0.05555555555555555,0.976772,0.0075345573931200815
2.5,0.0,0.5555555555555556,0.1111111111111111,0.964478,0.011115783250610328
2.5,0.0,0.5555555555555556,0.16666666666666666,0.947166,0.013561499642188897
2.5,0.0,0.5555555555555556,0.2222222222222222,0.9204080000000001,0.018614794038995647
2.5,0.0,0.5555555555555556,0.2777777777777778,0.8812220000000001,0.026282432316986848
2.5,0.0,0.5555555555555556,0.3333333333333333,0.8246600000000001,0.03641241722622259
2.5,0.0,0.5555555555555556,0.38888888888888884,0.7052280000000001,0.13776963730054548
2.5,0.0,0.5555555555555556,0.4444444444444444,0.43295799999999995,0.19814524802434522
2.5,0.0,0.5555555555555556,0.5,0.249452,0.07017661441264346
2.5,0.0,0.6666666666666666,0.0,0.9859479999999998,0.005878299482811285
2.5,0.0,0.6666666666666666,0.05555555555555555,0.97797,0.007572832732286024
2.5,0.0,0.6666666666666666,0.1111111111111111,0.96707,0.009929465674302643
2.5,0.0,0.6666666666666666,0.16666666666666666,0.952144,0.012678515429931612
2.5,0.0,0.6666666666666666,0.2222222222222222,0.9311159999999999,0.0169524427334015
2.5,0.0,0.6666666666666666,0.2777777777777778,0.9003519999999999,0.02303530652484109
2.5,0.0,0.6666666666666666,0.3333333333333333,0.83644,0.11457294759515124
2.5,0.0,0.6666666666666666,0.38888888888888884,0.5682699999999999,0.27747852125798683
2.5,0.0,0.6666666666666666,0.4444444444444444,0.27043,0.13088227320335546
2.5,0.0,0.6666666666666666,0.5,0.23299,0.02081616018986453
2.5,0.0,0.7777777777777777,0.0,0.9859479999999998,0.005878299482811285
2.5,0.0,0.7777777777777777,0.05555555555555555,0.9796039999999999,0.00769217284296787
2.5,0.0,0.7777777777777777,0.1111111111111111,0.9703999999999999,0.009298867558781104
2.5,0.0,0.7777777777777777,0.16666666666666666,0.958406,0.011810509738388144
2.5,0.0,0.7777777777777777,0.2222222222222222,0.9422339999999999,0.01534556015376645
2.5,0.0,0.7777777777777777,0.2777777777777778,0.911668,0.07617929078620639
2.5,0.0,0.7777777777777777,0.3333333333333333,0.721866,0.29137536486549626
2.5,0.0,0.7777777777777777,0.38888888888888884,0.31504600000000005,0.21564603940862287
2.5,0.0,0.7777777777777777,0.4444444444444444,0.23299,0.02081616018986453
2.5,0.0,0.7777777777777777,0.5,0.23299,0.02081616018986453
2.5,0.0,0.8888888888888888,0.0,0.9859479999999998,0.005878299482811285
2.5,0.0,0.8888888888888888,0.05555555555555555,0.980202,0.007040193509364546
2.5,0.0,0.8888888888888888,0.1111111111111111,0.9733879999999999,0.00906387133222081
2.5,0.0,0.8888888888888888,0.16666666666666666,0.963534,0.010991746037910631
2.5,0.0,0.8888888888888888,0.2222222222222222,0.9503820000000001,0.013687760429344957
2.5,0.0,0.8888888888888888,0.2777777777777778,0.872996,0.20575075876765786
2.5,0.0,0.8888888888888888,0.3333333333333333,0.4272,0.31543280696754245
2.5,0.0,0.8888888888888888,0.38888888888888884,0.23538000000000003,0.0458006440783969
2.5,0.0,0.8888888888888888,0.4444444444444444,0.23299,0.02081616018986453
2.5,0.0,0.8888888888888888,0.5,0.23299,0.02081616018986453
2.5,0.0,1.0,0.0,0.9859479999999998,0.005878299482811285
2.5,0.0,1.0,0.05555555555555555,0.981022,0.007025398811235835
2.5,0.0,1.0,0.1111111111111111,0.975654,0.008185859796087554
2.5,0.0,1.0,0.16666666666666666,0.969638,0.010236627035607595
2.5,0.0,1.0,0.2222222222222222,0.95352,0.07070173314806567
2.5,0.0,1.0,0.2777777777777778,0.7034259999999999,0.3477368579382079
2.5,0.0,1.0,0.3333333333333333,0.270326,0.16427217176635145
2.5,0.0,1.0,0.38888888888888884,0.23299,0.02081616018986453
2.5,0.0,1.0,0.4444444444444444,0.23299,0.02081616018986453
2.5,0.0,1.0,0.5,0.23299,0.02081616018986453
2.5,0.5,0.0,0.0,0.9859479999999998,0.005878299482811285
2.5,0.5,0.0,0.05555555555555555,0.9718819999999999,0.00871159340875359
2.5,0.5,0.0,0.1111111111111111,0.9486500000000001,0.012940107912439162
2.5,0.5,0.0,0.16666666666666666,0.91299,0.018763315912921567
2.5,0.5,0.0,0.2222222222222222,0.862186,0.024677547826586595
2.5,0.5,0.0,0.2777777777777778,0.791486,0.03196926448549428
2.5,0.5,0.0,0.3333333333333333,0.710292,0.0362440892285627
2.5,0.5,0.0,0.38888888888888884,0.6182219999999999,0.040287254084677544
2.5,0.5,0.0,0.4444444444444444,0.539982,0.039687881423221966
2.5,0.5,0.0,0.5,0.47061400000000003,0.03831204287503495
2.5,0.5,0.1111111111111111,0.0,0.9859479999999998,0.005878299482811285
2.5,0.5,0.1111111111111111,0.05555555555555555,0.972878,0.009181924169961653
2.5,0.5,0.1111111111111111,0.1111111111111111,0.952248,0.012470666825078924
2.5,0.5,0.1111111111111111,0.16666666666666666,0.9213859999999999,0.01787624469088787
2.5,0.5,0.1111111111111111,0.2222222222222222,0.87554,0.02149354192983045
2.5,0.5,0.1111111111111111,0.2777777777777778,0.8094539999999999,0.031295089859251
2.5,0.5,0.1111111111111111,0.3333333333333333,0.73059,0.037801478854764606
2.5,0.5,0.1111111111111111,0.38888888888888884,0.640542,0.04382718197374226
2.5,0.5,0.1111111111111111,0.4444444444444444,0.5506099999999999,0.04597474583408829
2.5,0.5,0.1111111111111111,0.5,0.473268,0.04533456320780519
2.5,0.5,0.2222222222222222,0.0,0.9859479999999998,0.005878299482811285
2.5,0.5,0.2222222222222222,0.05555555555555555,0.974144,0.008465375902956516
2.5,0.5,0.2222222222222222,0.1111111111111111,0.9567100000000001,0.012081963735063542
2.5,0.5,0.2222222222222222,0.16666666666666666,0.927732,0.016073608735924554
2.5,0.5,0.2222222222222222,0.2222222222222222,0.8879239999999999,0.022089411676557483
2.5,0.5,0.2222222222222222,0.2777777777777778,0.8308,0.03203967980745636
2.5,0.5,0.2222222222222222,0.3333333333333333,0.757346,0.039004371113144025
2.5,0.5,0.2222222222222222,0.38888888888888884,0.664986,0.045340636858136454
2.5,0.5,0.2222222222222222,0.4444444444444444,0.568498,0.0491059342805238
2.5,0.5,0.2222222222222222,0.5,0.47266600000000003,0.05014790193154919
2.5,0.5,0.3333333333333333,0.0,0.9859479999999998,0.005878299482811285
2.5,0.5,0.3333333333333333,0.05555555555555555,0.975894,0.007796944830983144
2.5,0.5,0.3333333333333333,0.1111111111111111,0.959266,0.011583764984772663
2.5,0.5,0.3333333333333333,0.16666666666666666,0.935622,0.015028200478408507
2.5,0.5,0.3333333333333333,0.2222222222222222,0.903966,0.020332625884294964
2.5,0.5,0.3333333333333333,0.2777777777777778,0.854654,0.027381193244396296
2.5,0.5,0.3333333333333333,0.3333333333333333,0.78798,0.036756846048905265
2.5,0.5,0.3333333333333333,0.38888888888888884,0.69738,0.04663188464270625
2.5,0.5,0.3333333333333333,0.4444444444444444,0.588172,0.060927619069934644
2.5,0.5,0.3333333333333333,0.5,0.478302,0.06558268806589052
2.5,0.5,0.4444444444444444,0.0,0.9859479999999998,0.005878299482811285
2.5,0.5,0.4444444444444444,0.05555555555555555,0.9764760000000001,0.008103626442713554
2.5,0.5,0.4444444444444444,0.1111111111111111,0.963418,0.009918671083978162
2.5,0.5,0.4444444444444444,0.16666666666666666,0.943044,0.014055075748946226
2.5,0.5,0.4444444444444444,0.2222222222222222,0.91449,0.019342237313417932
2.5,0.5,0.4444444444444444,0.2777777777777778,0.8743920000000001,0.02443933096047419
2.5,0.5,0.4444444444444444,0.3333333333333333,0.81663,0.03414429330841484
2.5,0.5,0.4444444444444444,0.38888888888888884,0.7294599999999999,0.04934566230964538
2.5,0.5,0.4444444444444444,0.4444444444444444,0.6211760000000001,0.0660314571296236
2.5,0.5,0.4444444444444444,0.5,0.48153,0.07496543692573886
2.5,0.5,0.5555555555555556,0.0,0.9859479999999998,0.005878299482811285
2.5,0.5,0.5555555555555556,0.05555555555555555,0.9778279999999999,0.007591421168048947
2.5,0.5,0.5555555555555556,0.1111111111111111,0.966384,0.01005478699341592
2.5,0.5,0.5555555555555556,0.16666666666666666,0.9499840000000002,0.013840623892710862
2.5,0.5,0.5555555555555556,0.2222222222222222,0.9263500000000001,0.018345697840597846
2.5,0.5,0.5555555555555556,0.2777777777777778,0.8934059999999999,0.024727799986743033
2.5,0.5,0.5555555555555556,0.3333333333333333,0.8470120000000001,0.03046618178349445
2.5,0.5,0.5555555555555556,0.38888888888888884,0.7699600000000001,0.0504639238984689
2.5,0.5,0.5555555555555556,0.4444444444444444,0.6388720000000001,0.07455188517513378
2.5,0.5,0.5555555555555556,0.5,0.483116,0.07663521681912189
2.5,0.5,0.6666666666666666,0.0,0.9859479999999998,0.005878299482811285
2.5,0.5,0.6666666666666666,0.05555555555555555,0.979096,0.007860939685908503
2.5,0.5,0.6666666666666666,0.1111111111111111,0.969844,0.009777876955429084
2.5,0.5,0.6666666666666666,0.16666666666666666,0.956634,0.012443058442634328
2.5,0.5,0.6666666666666666,0.2222222222222222,0.938652,0.016204445813672724
2.5,0.5,0.6666666666666666,0.2777777777777778,0.913666,0.020167297383822554
2.5,0.5,0.6666666666666666,0.3333333333333333,0.8716300000000001,0.030309841189717465
2.5,0.5,0.6666666666666666,0.38888888888888884,0.7848699999999998,0.057516130873184114
2.5,0.5,0.6666666666666666,0.4444444444444444,0.6356080000000001,0.07568806843490469
2.5,0.5,0.6666666666666666,0.5,0.48343600000000003,0.07795200404009979
2.5,0.5,0.7777777777777777,0.0,0.9859479999999998,0.005878299482811285
2.5,0.5,0.7777777777777777,0.05555555555555555,0.9800800000000001,0.007253884316374958
2.5,0.5,0.7777777777777777,0.1111111111111111,0.972432,0.008921241679621326
2.5,0.5,0.7777777777777777,0.16666666666666666,0.962128,0.010925490776042728
2.5,0.5,0.7777777777777777,0.2222222222222222,0.950234,0.013681139981096758
2.5,0.5,0.7777777777777777,0.2777777777777778,0.9287159999999999,0.018165663397005503
2.5,0.5,0.7777777777777777,0.3333333333333333,0.8836839999999999,0.032506884487415254
2.5,0.5,0.7777777777777777,0.38888888888888884,0.782394,0.061306048863505366
2.5,0.5,0.7777777777777777,0.4444444444444444,0.6333240000000001,0.08154951668368537
2.5,0.5,0.7777777777777777,0.5,0.48643000000000003,0.07867370719884006
2.5,0.5,0.8888888888888888,0.0,0.9859479999999998,0.005878299482811285
2.5,0.5,0.8888888888888888,0.05555555555555555,0.9809880000000001,0.00706056365442848
2.5,0.5,0.8888888888888888,0.1111111111111111,0.9754659999999999,0.00830196900613088
2.5,0.5,0.8888888888888888,0.16666666666666666,0.9675459999999999,0.010727256502206343
2.5,0.5,0.8888888888888888,0.2222222222222222,0.9580080000000001,0.01239755357598178
2.5,0.5,0.8888888888888888,0.2777777777777778,0.9386859999999999,0.01956980732448416
2.5,0.5,0.8888888888888888,0.3333333333333333,0.882424,0.0350798719900412
2.5,0.5,0.8888888888888888,0.38888888888888884,0.781782,0.058245442217208364
2.5,0.5,0.8888888888888888,0.4444444444444444,0.633586,0.07716815698787814
2.5,0.5,0.8888888888888888,0.5,0.48385,0.07589458132798348
2.5,0.5,1.0,0.0,0.9859479999999998,0.005878299482811285
2.5,0.5,1.0,0.05555555555555555,0.981896,0.006542996684335277
2.5,0.5,1.0,0.1111111111111111,0.97776,0.007905149129872965
2.5,0.5,1.0,0.16666666666666666,0.9726099999999999,0.009271559936024505
2.5,0.5,1.0,0.2222222222222222,0.965684,0.011599017994505988
2.5,0.5,1.0,0.2777777777777778,0.94113,0.020141709881584195
2.5,0.5,1.0,0.3333333333333333,0.885492,0.03375376377736676
2.5,0.5,1.0,0.38888888888888884,0.783864,0.05683035176526295
2.5,0.5,1.0,0.4444444444444444,0.636918,0.07676390212423202
2.5,0.5,1.0,0.5,0.484892,0.07586595826354856
2.5,1.0,0.0,0.0,0.9859479999999998,0.005878299482811285
2.5,1.0,0.0,0.05555555555555555,0.9718819999999999,0.00871159340875359
2.5,1.0,0.0,0.1111111111111111,0.9486500000000001,0.012940107912439162
2.5,1.0,0.0,0.16666666666666666,0.91299,0.018763315912921567
2.5,1.0,0.0,0.2222222222222222,0.862186,0.024677547826586595
2.5,1.0,0.0,0.2777777777777778,0.791486,0.03196926448549428
2.5,1.0,0.0,0.3333333333333333,0.710292,0.0362440892285627
2.5,1.0,0.0,0.38888888888888884,0.6182219999999999,0.040287254084677544
2.5,1.0,0.0,0.4444444444444444,0.539982,0.039687881423221966
2.5,1.0,0.0,0.5,0.47061400000000003,0.03831204287503495
2.5,1.0,0.1111111111111111,0.0,0.9859479999999998,0.005878299482811285
2.5,1.0,0.1111111111111111,0.05555555555555555,0.9729159999999999,0.008248941390756543
2.5,1.0,0.1111111111111111,0.1111111111111111,0.9516979999999998,0.011735682702637872
2.5,1.0,0.1111111111111111,0.16666666666666666,0.920666,0.016997537367310186
2.5,1.0,0.1111111111111111,0.2222222222222222,0.87631,0.02428657191022029
2.5,1.0,0.1111111111111111,0.2777777777777778,0.8139580000000001,0.03169083232904137
2.5,1.0,0.1111111111111111,0.3333333333333333,0.73643,0.038306446816893255
2.5,1.0,0.1111111111111111,0.38888888888888884,0.645,0.04194389802059801
2.5,1.0,0.1111111111111111,0.4444444444444444,0.5579700000000001,0.04364854511873178
2.5,1.0,0.1111111111111111,0.5,0.480098,0.04380888989311798
2.5,1.0,0.2222222222222222,0.0,0.9859479999999998,0.005878299482811285
2.5,1.0,0.2222222222222222,0.05555555555555555,0.9749159999999999,0.008116446106196341
2.5,1.0,0.2222222222222222,0.1111111111111111,0.956406,0.011715274615587856
2.5,1.0,0.2222222222222222,0.16666666666666666,0.93042,0.015730814252099833
2.5,1.0,0.2222222222222222,0.2222222222222222,0.889974,0.021420246916315267
2.5,1.0,0.2222222222222222,0.2777777777777778,0.8374459999999999,0.029363916004617834
2.5,1.0,0.2222222222222222,0.3333333333333333,0.765968,0.0358226954180451
2.5,1.0,0.2222222222222222,0.38888888888888884,0.6779359999999999,0.044690652409935236
2.5,1.0,0.2222222222222222,0.4444444444444444,0.5833799999999999,0.05063436855098632
2.5,1.0,0.2222222222222222,0.5,0.493788,0.05017036163286791
2.5,1.0,0.3333333333333333,0.0,0.9859479999999998,0.005878299482811285
2.5,1.0,0.3333333333333333,0.05555555555555555,0.9753379999999999,0.00791207671321706
2.5,1.0,0.3333333333333333,0.1111111111111111,0.9604839999999999,0.011185346124991922
2.5,1.0,0.3333333333333333,0.16666666666666666,0.93878,0.014266838660710383
2.5,1.0,0.3333333333333333,0.2222222222222222,0.906216,0.019881345018874348
2.5,1.0,0.3333333333333333,0.2777777777777778,0.858284,0.026900606484957134
2.5,1.0,0.3333333333333333,0.3333333333333333,0.795746,0.035725763032979106
2.5,1.0,0.3333333333333333,0.38888888888888884,0.7153679999999999,0.044286828995141324
2.5,1.0,0.3333333333333333,0.4444444444444444,0.615398,0.056394363587941844
2.5,1.0,0.3333333333333333,0.5,0.50831,0.0626169919059571
2.5,1.0,0.4444444444444444,0.0,0.9859479999999998,0.005878299482811285
2.5,1.0,0.4444444444444444,0.05555555555555555,0.976836,0.007958125880825857
2.5,1.0,0.4444444444444444,0.1111111111111111,0.9636819999999999,0.010619530349770617
2.5,1.0,0.4444444444444444,0.16666666666666666,0.9462719999999999,0.014102474093261127
2.5,1.0,0.4444444444444444,0.2222222222222222,0.9198299999999999,0.017595120816666934
2.5,1.0,0.4444444444444444,0.2777777777777778,0.8820319999999999,0.02308603269970015
2.5,1.0,0.4444444444444444,0.3333333333333333,0.828822,0.0314492675408779
2.5,1.0,0.4444444444444444,0.38888888888888884,0.75216,0.04633681690839806
2.5,1.0,0.4444444444444444,0.4444444444444444,0.6368579999999999,0.06286727626396502
2.5,1.0,0.4444444444444444,0.5,0.5136280000000001,0.06087789296373029
2.5,1.0,0.5555555555555556,0.0,0.9859479999999998,0.005878299482811285
2.5,1.0,0.5555555555555556,0.05555555555555555,0.978634,0.007755794523928204
2.5,1.0,0.5555555555555556,0.1111111111111111,0.9672379999999999,0.010216168371379997
2.5,1.0,0.5555555555555556,0.16666666666666666,0.953486,0.012825552369671027
2.5,1.0,0.5555555555555556,0.2222222222222222,0.931708,0.01664153289917933
2.5,1.0,0.5555555555555556,0.2777777777777778,0.90319,0.021874067973273723
2.5,1.0,0.5555555555555556,0.3333333333333333,0.8553040000000001,0.0323906451276224
2.5,1.0,0.5555555555555556,0.38888888888888884,0.7652599999999999,0.04916040980080994
2.5,1.0,0.5555555555555556,0.4444444444444444,0.63943,0.06406704513667766
2.5,1.0,0.5555555555555556,0.5,0.514834,0.06432855329897505
2.5,1.0,0.6666666666666666,0.0,0.9859479999999998,0.005878299482811285
2.5,1.0,0.6666666666666666,0.05555555555555555,0.980042,0.006935447849544228
2.5,1.0,0.6666666666666666,0.1111111111111111,0.971138,0.008828297325494582
2.5,1.0,0.6666666666666666,0.16666666666666666,0.9594239999999999,0.011536828890196964
2.5,1.0,0.6666666666666666,0.2222222222222222,0.94258,0.01576873190245883
2.5,1.0,0.6666666666666666,0.2777777777777778,0.9183640000000001,0.019747288796937646
2.5,1.0,0.6666666666666666,0.3333333333333333,0.8638060000000001,0.03324676011457707
2.5,1.0,0.6666666666666666,0.38888888888888884,0.765842,0.05317458141082483
2.5,1.0,0.6666666666666666,0.4444444444444444,0.6361700000000001,0.06288754078170923
2.5,1.0,0.6666666666666666,0.5,0.515002,0.06378048209124464
2.5,1.0,0.7777777777777777,0.0,0.9859479999999998,0.005878299482811285
2.5,1.0,0.7777777777777777,0.05555555555555555,0.980962,0.007019337447109441
2.5,1.0,0.7777777777777777,0.1111111111111111,0.9733539999999999,0.008692514228185911
2.5,1.0,0.7777777777777777,0.16666666666666666,0.965088,0.010637790238687942
2.5,1.0,0.7777777777777777,0.2222222222222222,0.952638,0.013239846792398011
2.5,1.0,0.7777777777777777,0.2777777777777778,0.9253060000000001,0.023071822250613994
2.5,1.0,0.7777777777777777,0.3333333333333333,0.86452,0.03462535820553665
2.5,1.0,0.7777777777777777,0.38888888888888884,0.765822,0.0510295438416745
2.5,1.0,0.7777777777777777,0.4444444444444444,0.6393520000000001,0.06284908998724202
2.5,1.0,0.7777777777777777,0.5,0.513052,0.06475228964313198
2.5,1.0,0.8888888888888888,0.0,0.9859479999999998,0.005878299482811285
2.5,1.0,0.8888888888888888,0.05555555555555555,0.981484,0.006842469054773364
2.5,1.0,0.8888888888888888,0.1111111111111111,0.9765419999999999,0.007834218912689627
2.5,1.0,0.8888888888888888,0.16666666666666666,0.969868,0.010125394967431794
2.5,1.0,0.8888888888888888,0.2222222222222222,0.960548,0.012077061182822054
2.5,1.0,0.8888888888888888,0.2777777777777778,0.927514,0.021476412096835568
2.5,1.0,0.8888888888888888,0.3333333333333333,0.8637699999999999,0.0343035649625265
2.5,1.0,0.8888888888888888,0.38888888888888884,0.766878,0.04976621814984416
2.5,1.0,0.8888888888888888,0.4444444444444444,0.6381140000000001,0.06529136948984698
2.5,1.0,0.8888888888888888,0.5,0.5140399999999999,0.06517817724959145
2.5,1.0,1.0,0.0,0.9859479999999998,0.005878299482811285
2.5,1.0,1.0,0.05555555555555555,0.9830420000000002,0.006214618166703077
2.5,1.0,1.0,0.1111111111111111,0.9787359999999999,0.007457716746978025
2.5,1.0,1.0,0.16666666666666666,0.975842,0.008010578927237352
2.5,1.0,1.0,0.2222222222222222,0.963384,0.014266028990799536
2.5,1.0,1.0,0.2777777777777778,0.92636,0.022615422052865986
2.5,1.0,1.0,0.3333333333333333,0.8643820000000001,0.03380469776794887
2.5,1.0,1.0,0.38888888888888884,0.7650899999999999,0.05097755704861986
2.5,1.0,1.0,0.4444444444444444,0.6400719999999999,0.06219961736861093
2.5,1.0,1.0,0.5,0.5149119999999999,0.06230003888996689
2.5,1.5,0.0,0.0,0.9859479999999998,0.005878299482811285
2.5,1.5,0.0,0.05555555555555555,0.9718819999999999,0.00871159340875359
2.5,1.5,0.0,0.1111111111111111,0.9486500000000001,0.012940107912439162
2.5,1.5,0.0,0.16666666666666666,0.91299,0.018763315912921567
2.5,1.5,0.0,0.2222222222222222,0.862186,0.024677547826586595
2.5,1.5,0.0,0.2777777777777778,0.791486,0.03196926448549428
2.5,1.5,0.0,0.3333333333333333,0.710292,0.0362440892285627
2.5,1.5,0.0,0.38888888888888884,0.6182219999999999,0.040287254084677544
2.5,1.5,0.0,0.4444444444444444,0.539982,0.039687881423221966
2.5,1.5,0.0,0.5,0.47061400000000003,0.03831204287503495
2.5,1.5,0.1111111111111111,0.0,0.9859479999999998,0.005878299482811285
2.5,1.5,0.1111111111111111,0.05555555555555555,0.9725999999999999,0.008165865705817793
2.5,1.5,0.1111111111111111,0.1111111111111111,0.9526979999999999,0.012123396780564316
2.5,1.5,0.1111111111111111,0.16666666666666666,0.923022,0.015939562582160813
2.5,1.5,0.1111111111111111,0.2222222222222222,0.876688,0.022541581617171583
2.5,1.5,0.1111111111111111,0.2777777777777778,0.816232,0.028896300253435064
2.5,1.5,0.1111111111111111,0.3333333333333333,0.738254,0.03835214803002609
2.5,1.5,0.1111111111111111,0.38888888888888884,0.6513,0.043080178778728564
2.5,1.5,0.1111111111111111,0.4444444444444444,0.564422,0.043904979335160174
2.5,1.5,0.1111111111111111,0.5,0.48677599999999993,0.043810507245296566
2.5,1.5,0.2222222222222222,0.0,0.9859479999999998,0.005878299482811285
2.5,1.5,0.2222222222222222,0.05555555555555555,0.9744100000000001,0.008756898225574294
2.5,1.5,0.2222222222222222,0.1111111111111111,0.957266,0.011955128363525698
2.5,1.5,0.2222222222222222,0.16666666666666666,0.9313499999999999,0.015048601956383946
2.5,1.5,0.2222222222222222,0.2222222222222222,0.893624,0.021686013704246384
2.5,1.5,0.2222222222222222,0.2777777777777778,0.84156,0.028556213240366068
2.5,1.5,0.2222222222222222,0.3333333333333333,0.771976,0.034444451868610976
2.5,1.5,0.2222222222222222,0.38888888888888884,0.684418,0.0453032454034827
2.5,1.5,0.2222222222222222,0.4444444444444444,0.5931879999999999,0.05039531756090171
2.5,1.5,0.2222222222222222,0.5,0.50744,0.04953618947937226
2.5,1.5,0.3333333333333333,0.0,0.9859479999999998,0.005878299482811285
2.5,1.5,0.3333333333333333,0.05555555555555555,0.975744,0.008055572512056118
2.5,1.5,0.3333333333333333,0.1111111111111111,0.9606180000000001,0.01137870933155884
2.5,1.5,0.3333333333333333,0.16666666666666666,0.9389400000000001,0.014779081246307859
2.5,1.5,0.3333333333333333,0.2222222222222222,0.906614,0.018640061904822956
2.5,1.5,0.3333333333333333,0.2777777777777778,0.8643540000000001,0.026808843918088843
2.5,1.5,0.3333333333333333,0.3333333333333333,0.804562,0.03257293582556831
2.5,1.5,0.3333333333333333,0.38888888888888884,0.72748,0.0434709217993381
2.5,1.5,0.3333333333333333,0.4444444444444444,0.6241639999999999,0.054741486687241714
2.5,1.5,0.3333333333333333,0.5,0.5184559999999999,0.05275363452798129
2.5,1.5,0.4444444444444444,0.0,0.9859479999999998,0.005878299482811285
2.5,1.5,0.4444444444444444,0.05555555555555555,0.977156,0.007871695572261722
2.5,1.5,0.4444444444444444,0.1111111111111111,0.9650259999999999,0.010760152683467982
2.5,1.5,0.4444444444444444,0.16666666666666666,0.94711,0.013512626767743141
2.5,1.5,0.4444444444444444,0.2222222222222222,0.9202899999999999,0.01903971958416632
2.5,1.5,0.4444444444444444,0.2777777777777778,0.886548,0.024975332439447582
2.5,1.5,0.4444444444444444,0.3333333333333333,0.834024,0.03284827914649062
2.5,1.5,0.4444444444444444,0.38888888888888884,0.739352,0.04754557033538494
2.5,1.5,0.4444444444444444,0.4444444444444444,0.6277160000000002,0.05488037038967774
2.5,1.5,0.4444444444444444,0.5,0.520054,0.05399709674523095
2.5,1.5,0.5555555555555556,0.0,0.9859479999999998,0.005878299482811285
2.5,1.5,0.5555555555555556,0.05555555555555555,0.97862,0.007904464632234414
2.5,1.5,0.5555555555555556,0.1111111111111111,0.9678720000000001,0.009882861828227276
2.5,1.5,0.5555555555555556,0.16666666666666666,0.95456,0.011992749980892978
2.5,1.5,0.5555555555555556,0.2222222222222222,0.9355840000000001,0.015634955954379595
2.5,1.5,0.5555555555555556,0.2777777777777778,0.904532,0.02196629263266901
2.5,1.5,0.5555555555555556,0.3333333333333333,0.839942,0.034780771125438814
2.5,1.5,0.5555555555555556,0.38888888888888884,0.7435080000000001,0.046537871491570536
2.5,1.5,0.5555555555555556,0.4444444444444444,0.62267,0.0536295193965171
2.5,1.5,0.5555555555555556,0.5,0.514846,0.05460569427903458
2.5,1.5,0.6666666666666666,0.0,0.9859479999999998,0.005878299482811285
2.5,1.5,0.6666666666666666,0.05555555555555555,0.980462,0.007049251015516453
2.5,1.5,0.6666666666666666,0.1111111111111111,0.972046,0.009129215143607724
2.5,1.5,0.6666666666666666,0.16666666666666666,0.961006,0.011404476672620841
2.5,1.5,0.6666666666666666,0.2222222222222222,0.9466359999999999,0.014905967924275098
2.5,1.5,0.6666666666666666,0.2777777777777778,0.9073340000000001,0.024924142306997812
2.5,1.5,0.6666666666666666,0.3333333333333333,0.8409559999999999,0.03505000813324129
2.5,1.5,0.6666666666666666,0.38888888888888884,0.7425080000000001,0.046592786044868
2.5,1.5,0.6666666666666666,0.4444444444444444,0.627698,0.05599143575365352
2.5,1.5,0.6666666666666666,0.5,0.518146,0.05374038278132163
2.5,1.5,0.7777777777777777,0.0,0.9859479999999998,0.005878299482811285
2.5,1.5,0.7777777777777777,0.05555555555555555,0.981046,0.007068224926190068
2.5,1.5,0.7777777777777777,0.1111111111111111,0.9746419999999999,0.008255066823261527
2.5,1.5,0.7777777777777777,0.16666666666666666,0.9662860000000001,0.010292135838602232
2.5,1.5,0.7777777777777777,0.2222222222222222,0.951324,0.015398872509021477
2.5,1.5,0.7777777777777777,0.2777777777777778,0.90852,0.024690014045908804
2.5,1.5,0.7777777777777777,0.3333333333333333,0.8397899999999999,0.03520313083862974
2.5,1.5,0.7777777777777777,0.38888888888888884,0.7412080000000001,0.045581268522060264
2.5,1.5,0.7777777777777777,0.4444444444444444,0.6235599999999999,0.0555318825537179
2.5,1.5,0.7777777777777777,0.5,0.518616,0.05141548061911502
2.5,1.5,0.8888888888888888,0.0,0.9859479999999998,0.005878299482811285
2.5,1.5,0.8888888888888888,0.05555555555555555,0.982232,0.006774804199671593
2.5,1.5,0.8888888888888888,0.1111111111111111,0.977386,0.008100137557900733
2.5,1.5,0.8888888888888888,0.16666666666666666,0.9721,0.009028900380675846
2.5,1.5,0.8888888888888888,0.2222222222222222,0.951662,0.015502787776968206
2.5,1.5,0.8888888888888888,0.2777777777777778,0.909046,0.023788983068447095
2.5,1.5,0.8888888888888888,0.3333333333333333,0.841508,0.03361895900841694
2.5,1.5,0.8888888888888888,0.38888888888888884,0.7422139999999999,0.046573967760390494
2.5,1.5,0.8888888888888888,0.4444444444444444,0.6248700000000001,0.05433600927384727
2.5,1.5,0.8888888888888888,0.5,0.516236,0.05539734683242642
2.5,1.5,1.0,0.0,0.9859479999999998,0.005878299482811285
2.5,1.5,1.0,0.05555555555555555,0.983322,0.006421275695928827
2.5,1.5,1.0,0.1111111111111111,0.980636,0.006658541608543536
2.5,1.5,1.0,0.16666666666666666,0.9760659999999999,0.008287763150336308
2.5,1.5,1.0,0.2222222222222222,0.9505719999999999,0.01612441656678585
2.5,1.5,1.0,0.2777777777777778,0.906788,0.025760712035367703
2.5,1.5,1.0,0.3333333333333333,0.841624,0.03637268988043472
2.5,1.5,1.0,0.38888888888888884,0.7435320000000001,0.04566780126242435
2.5,1.5,1.0,0.4444444444444444,0.623174,0.05585986370145826
2.5,1.5,1.0,0.5,0.5171860000000001,0.05231570768460544
2.5,2.0,0.0,0.0,0.9859479999999998,0.005878299482811285
2.5,2.0,0.0,0.05555555555555555,0.9718819999999999,0.00871159340875359
2.5,2.0,0.0,0.1111111111111111,0.9486500000000001,0.012940107912439162
2.5,2.0,0.0,0.16666666666666666,0.91299,0.018763315912921567
2.5,2.0,0.0,0.2222222222222222,0.862186,0.024677547826586595
2.5,2.0,0.0,0.2777777777777778,0.791486,0.03196926448549428
2.5,2.0,0.0,0.3333333333333333,0.710292,0.0362440892285627
2.5,2.0,0.0,0.38888888888888884,0.6182219999999999,0.040287254084677544
2.5,2.0,0.0,0.4444444444444444,0.539982,0.039687881423221966
2.5,2.0,0.0,0.5,0.47061400000000003,0.03831204287503495
2.5,2.0,0.1111111111111111,0.0,0.9859479999999998,0.005878299482811285
2.5,2.0,0.1111111111111111,0.05555555555555555,0.97243,0.008593065900080509
2.5,2.0,0.1111111111111111,0.1111111111111111,0.9540819999999999,0.012206607987361354
2.5,2.0,0.1111111111111111,0.16666666666666666,0.9229919999999999,0.0172002218375963
2.5,2.0,0.1111111111111111,0.2222222222222222,0.8795080000000001,0.022755957532180744
2.5,2.0,0.1111111111111111,0.2777777777777778,0.818646,0.02738599403597896
2.5,2.0,0.1111111111111111,0.3333333333333333,0.7375819999999998,0.03794484019989528
2.5,2.0,0.1111111111111111,0.38888888888888884,0.654602,0.04499627679988314
2.5,2.0,0.1111111111111111,0.4444444444444444,0.5679120000000001,0.04307871641095206
2.5,2.0,0.1111111111111111,0.5,0.49023,0.04257617363176547
2.5,2.0,0.2222222222222222,0.0,0.9859479999999998,0.005878299482811285
2.5,2.0,0.2222222222222222,0.05555555555555555,0.974776,0.00809919860455788
2.5,2.0,0.2222222222222222,0.1111111111111111,0.958078,0.011380111153223377
2.5,2.0,0.2222222222222222,0.16666666666666666,0.9317139999999999,0.01586137984985803
2.5,2.0,0.2222222222222222,0.2222222222222222,0.8958619999999999,0.02050071986614277
2.5,2.0,0.2222222222222222,0.2777777777777778,0.843234,0.02758697748310434
2.5,2.0,0.2222222222222222,0.3333333333333333,0.7759980000000001,0.03701023521976108
2.5,2.0,0.2222222222222222,0.38888888888888884,0.693674,0.04124286206536453
2.5,2.0,0.2222222222222222,0.4444444444444444,0.5995739999999999,0.045950314327255166
2.5,2.0,0.2222222222222222,0.5,0.5107299999999999,0.0479939990821331
2.5,2.0,0.3333333333333333,0.0,0.9859479999999998,0.005878299482811285
2.5,2.0,0.3333333333333333,0.05555555555555555,0.9764,0.008008262266500655
2.5,2.0,0.3333333333333333,0.1111111111111111,0.961442,0.010632814749585268
2.5,2.0,0.3333333333333333,0.16666666666666666,0.9404239999999999,0.015299685773555555
2.5,2.0,0.3333333333333333,0.2222222222222222,0.90939,0.01969176048152432
2.5,2.0,0.3333333333333333,0.2777777777777778,0.866298,0.026325791357168404
2.5,2.0,0.3333333333333333,0.3333333333333333,0.8048679999999999,0.03421678173505815
2.5,2.0,0.3333333333333333,0.38888888888888884,0.716178,0.04584545700345576
2.5,2.0,0.3333333333333333,0.4444444444444444,0.6055499999999999,0.0511594182154595
2.5,2.0,0.3333333333333333,0.5,0.511834,0.04975928472992419
2.5,2.0,0.4444444444444444,0.0,0.9859479999999998,0.005878299482811285
2.5,2.0,0.4444444444444444,0.05555555555555555,0.978154,0.007719940346784805
2.5,2.0,0.4444444444444444,0.1111111111111111,0.965808,0.009909365623192452
2.5,2.0,0.4444444444444444,0.16666666666666666,0.948224,0.01417630979906398
2.5,2.0,0.4444444444444444,0.2222222222222222,0.924024,0.016914124251595043
2.5,2.0,0.4444444444444444,0.2777777777777778,0.886444,0.02263854835769042
2.5,2.0,0.4444444444444444,0.3333333333333333,0.814954,0.0324130389533036
2.5,2.0,0.4444444444444444,0.38888888888888884,0.7180380000000001,0.04242494912922388
2.5,2.0,0.4444444444444444,0.4444444444444444,0.6104479999999999,0.048330476574640395
2.5,2.0,0.4444444444444444,0.5,0.509224,0.048735614742081365
2.5,2.0,0.5555555555555556,0.0,0.9859479999999998,0.005878299482811285
2.5,2.0,0.5555555555555556,0.05555555555555555,0.9789300000000001,0.007320675144352346
2.5,2.0,0.5555555555555556,0.1111111111111111,0.9692,0.009556497962465823
2.5,2.0,0.5555555555555556,0.16666666666666666,0.9561979999999999,0.012008463782050111
2.5,2.0,0.5555555555555556,0.2222222222222222,0.9355939999999999,0.016559516876962204
2.5,2.0,0.5555555555555556,0.2777777777777778,0.8869920000000001,0.024727369889320772
2.5,2.0,0.5555555555555556,0.3333333333333333,0.812806,0.03474747671812376
2.5,2.0,0.5555555555555556,0.38888888888888884,0.716384,0.04384222651338891
2.5,2.0,0.5555555555555556,0.4444444444444444,0.6056520000000001,0.04992060726854316
2.5,2.0,0.5555555555555556,0.5,0.5126620000000001,0.05035886999898976
2.5,2.0,0.6666666666666666,0.0,0.9859479999999998,0.005878299482811285
2.5,2.0,0.6666666666666666,0.05555555555555555,0.9801179999999999,0.007132869805578036
2.5,2.0,0.6666666666666666,0.1111111111111111,0.9720219999999999,0.008710986084084524
2.5,2.0,0.6666666666666666,0.16666666666666666,0.9624300000000001,0.010718903385121046
2.5,2.0,0.6666666666666666,0.2222222222222222,0.93814,0.0165507781240951
2.5,2.0,0.6666666666666666,0.2777777777777778,0.8872180000000001,0.024456711501650224
2.5,2.0,0.6666666666666666,0.3333333333333333,0.814016,0.03312343684064609
2.5,2.0,0.6666666666666666,0.38888888888888884,0.7183099999999999,0.04271903242657686
2.5,2.0,0.6666666666666666,0.4444444444444444,0.610004,0.04840688418886047
2.5,2.0,0.6666666666666666,0.5,0.510256,0.04888457699249804
2.5,2.0,0.7777777777777777,0.0,0.9859479999999998,0.005878299482811285
2.5,2.0,0.7777777777777777,0.05555555555555555,0.9809859999999999,0.007010856453845918
2.5,2.0,0.7777777777777777,0.1111111111111111,0.9761920000000001,0.008080949169432887
2.5,2.0,0.7777777777777777,0.16666666666666666,0.966798,0.010822173296974127
2.5,2.0,0.7777777777777777,0.2222222222222222,0.937136,0.016433917710108104
2.5,2.0,0.7777777777777777,0.2777777777777778,0.888562,0.02433430650225917
2.5,2.0,0.7777777777777777,0.3333333333333333,0.814722,0.033967282324864824
2.5,2.0,0.7777777777777777,0.38888888888888884,0.71821,0.04349493670576007
2.5,2.0,0.7777777777777777,0.4444444444444444,0.6084400000000001,0.04975308169627841
2.5,2.0,0.7777777777777777,0.5,0.509674,0.04773784166731994
2.5,2.0,0.8888888888888888,0.0,0.9859479999999998,0.005878299482811285
2.5,2.0,0.8888888888888888,0.05555555555555555,0.9824579999999999,0.006782347416119731
2.5,2.0,0.8888888888888888,0.1111111111111111,0.9786379999999999,0.007231288894668534
2.5,2.0,0.8888888888888888,0.16666666666666666,0.96773,0.010728060522066905
2.5,2.0,0.8888888888888888,0.2222222222222222,0.937342,0.01709788616826199
2.5,2.0,0.8888888888888888,0.2777777777777778,0.8877560000000001,0.024038889333760905
2.5,2.0,0.8888888888888888,0.3333333333333333,0.814452,0.033374292243664574
2.5,2.0,0.8888888888888888,0.38888888888888884,0.72058,0.04215620822350568
2.5,2.0,0.8888888888888888,0.4444444444444444,0.60829,0.050702419772053114
2.5,2.0,0.8888888888888888,0.5,0.512042,0.04875311239229627
2.5,2.0,1.0,0.0,0.9859479999999998,0.005878299482811285
2.5,2.0,1.0,0.05555555555555555,0.98372,0.00625554663698185
2.5,2.0,1.0,0.1111111111111111,0.981604,0.006605334578185999
2.5,2.0,1.0,0.16666666666666666,0.968212,0.009895195085067452
2.5,2.0,1.0,0.2222222222222222,0.937768,0.015593347330253483
2.5,2.0,1.0,0.2777777777777778,0.888706,0.023448907576538967
2.5,2.0,1.0,0.3333333333333333,0.8136939999999999,0.03377487006185798
2.5,2.0,1.0,0.38888888888888884,0.715438,0.04636232399451463
2.5,2.0,1.0,0.4444444444444444,0.607764,0.050694814650661564
2.5,2.0,1.0,0.5,0.510206,0.04871704285492972
2.5,2.5,0.0,0.0,0.9859479999999998,0.005878299482811285
2.5,2.5,0.0,0.05555555555555555,0.9718819999999999,0.00871159340875359
2.5,2.5,0.0,0.1111111111111111,0.9486500000000001,0.012940107912439162
2.5,2.5,0.0,0.16666666666666666,0.91299,0.018763315912921567
2.5,2.5,0.0,0.2222222222222222,0.862186,0.024677547826586595
2.5,2.5,0.0,0.2777777777777778,0.791486,0.03196926448549428
2.5,2.5,0.0,0.3333333333333333,0.710292,0.0362440892285627
2.5,2.5,0.0,0.38888888888888884,0.6182219999999999,0.040287254084677544
2.5,2.5,0.0,0.4444444444444444,0.539982,0.039687881423221966
2.5,2.5,0.0,0.5,0.47061400000000003,0.03831204287503495
2.5,2.5,0.1111111111111111,0.0,0.9859479999999998,0.005878299482811285
2.5,2.5,0.1111111111111111,0.05555555555555555,0.9732339999999999,0.008890969726940406
2.5,2.5,0.1111111111111111,0.1111111111111111,0.9529039999999999,0.012426085433409681
2.5,2.5,0.1111111111111111,0.16666666666666666,0.922092,0.01771245318966268
2.5,2.5,0.1111111111111111,0.2222222222222222,0.880226,0.022770857425573426
2.5,2.5,0.1111111111111111,0.2777777777777778,0.817632,0.03008579209147638
2.5,2.5,0.1111111111111111,0.3333333333333333,0.7418579999999999,0.0365578279657195
2.5,2.5,0.1111111111111111,0.38888888888888884,0.6535799999999999,0.042924359065714686
2.5,2.5,0.1111111111111111,0.4444444444444444,0.5683400000000001,0.043938748585440016
2.5,2.5,0.1111111111111111,0.5,0.49340000000000006,0.04281839359036395
2.5,2.5,0.2222222222222222,0.0,0.9859479999999998,0.005878299482811285
2.5,2.5,0.2222222222222222,0.05555555555555555,0.975828,0.008377277215604976
2.5,2.5,0.2222222222222222,0.1111111111111111,0.957556,0.011367907575507928
2.5,2.5,0.2222222222222222,0.16666666666666666,0.931382,0.015179885831841253
2.5,2.5,0.2222222222222222,0.2222222222222222,0.894836,0.021540219732682973
2.5,2.5,0.2222222222222222,0.2777777777777778,0.844224,0.025582782912793634
2.5,2.5,0.2222222222222222,0.3333333333333333,0.7777439999999999,0.035446005453438754
2.5,2.5,0.2222222222222222,0.38888888888888884,0.6881139999999999,0.04351022043802039
2.5,2.5,0.2222222222222222,0.4444444444444444,0.587934,0.04679865245649159
2.5,2.5,0.2222222222222222,0.5,0.501342,0.04403684279153186
2.5,2.5,0.3333333333333333,0.0,0.9859479999999998,0.005878299482811285
2.5,2.5,0.3333333333333333,0.05555555555555555,0.9757680000000001,0.007480514165775563
2.5,2.5,0.3333333333333333,0.1111111111111111,0.962288,0.010239470176674105
2.5,2.5,0.3333333333333333,0.16666666666666666,0.940916,0.014029347425249557
2.5,2.5,0.3333333333333333,0.2222222222222222,0.91132,0.01864717228075442
2.5,2.5,0.3333333333333333,0.2777777777777778,0.8650140000000001,0.024807753894833227
2.5,2.5,0.3333333333333333,0.3333333333333333,0.7885519999999999,0.03180966843605925
2.5,2.5,0.3333333333333333,0.38888888888888884,0.689684,0.040698512033777445
2.5,2.5,0.3333333333333333,0.4444444444444444,0.590306,0.04567152439190708
2.5,2.5,0.3333333333333333,0.5,0.500466,0.043764317371003274
2.5,2.5,0.4444444444444444,0.0,0.9859479999999998,0.005878299482811285
2.5,2.5,0.4444444444444444,0.05555555555555555,0.977418,0.007779738083592443
2.5,2.5,0.4444444444444444,0.1111111111111111,0.966448,0.009954570958405587
2.5,2.5,0.4444444444444444,0.16666666666666666,0.9485899999999999,0.012948715707627277
2.5,2.5,0.4444444444444444,0.2222222222222222,0.9209459999999999,0.017764296339818745
2.5,2.5,0.4444444444444444,0.2777777777777778,0.8639020000000001,0.025503121660472455
2.5,2.5,0.4444444444444444,0.3333333333333333,0.788934,0.033073090309271205
2.5,2.5,0.4444444444444444,0.38888888888888884,0.690202,0.04068207539589188
2.5,2.5,0.4444444444444444,0.4444444444444444,0.5894499999999999,0.04695556570099654
2.5,2.5,0.4444444444444444,0.5,0.501222,0.04661904532241676
2.5,2.5,0.5555555555555556,0.0,0.9859479999999998,0.005878299482811285
2.5,2.5,0.5555555555555556,0.05555555555555555,0.978998,0.007552222728195498
2.5,2.5,0.5555555555555556,0.1111111111111111,0.96926,0.009374655638298047
2.5,2.5,0.5555555555555556,0.16666666666666666,0.955734,0.012519133412613079
2.5,2.5,0.5555555555555556,0.2222222222222222,0.92245,0.01751116162803388
2.5,2.5,0.5555555555555556,0.2777777777777778,0.8661,0.024347970085709193
2.5,2.5,0.5555555555555556,0.3333333333333333,0.784624,0.03554531703510678
2.5,2.5,0.5555555555555556,0.38888888888888884,0.6910419999999999,0.04217969285068299
2.5,2.5,0.5555555555555556,0.4444444444444444,0.58846,0.046615473877346984
2.5,2.5,0.5555555555555556,0.5,0.49923199999999995,0.045123279987092965
2.5,2.5,0.6666666666666666,0.0,0.9859479999999998,0.005878299482811285
2.5,2.5,0.6666666666666666,0.05555555555555555,0.980088,0.007240795137860011
2.5,2.5,0.6666666666666666,0.1111111111111111,0.971936,0.009131850051919469
2.5,2.5,0.6666666666666666,0.16666666666666666,0.9569359999999999,0.011656399413823685
2.5,2.5,0.6666666666666666,0.2222222222222222,0.92147,0.017900109716303732
2.5,2.5,0.6666666666666666,0.2777777777777778,0.867854,0.02429463196437784
2.5,2.5,0.6666666666666666,0.3333333333333333,0.78852,0.03505183107518702
2.5,2.5,0.6666666666666666,0.38888888888888884,0.691054,0.04039314665377266
2.5,2.5,0.6666666666666666,0.4444444444444444,0.5896679999999999,0.04547334853354993
2.5,2.5,0.6666666666666666,0.5,0.503054,0.04403026700833932
2.5,2.5,0.7777777777777777,0.0,0.9859479999999998,0.005878299482811285
2.5,2.5,0.7777777777777777,0.05555555555555555,0.981694,0.00668294002477574
2.5,2.5,0.7777777777777777,0.1111111111111111,0.976278,0.007942725588836567
2.5,2.5,0.7777777777777777,0.16666666666666666,0.9559559999999999,0.011809869178786016
2.5,2.5,0.7777777777777777,0.2222222222222222,0.921214,0.01778180500338355
2.5,2.5,0.7777777777777777,0.2777777777777778,0.86605,0.0242369626958793
2.5,2.5,0.7777777777777777,0.3333333333333333,0.7868520000000001,0.034246631360165015
2.5,2.5,0.7777777777777777,0.38888888888888884,0.690664,0.04061776347140296
2.5,2.5,0.7777777777777777,0.4444444444444444,0.588234,0.04729228652464858
2.5,2.5,0.7777777777777777,0.5,0.49723600000000007,0.04308834546637939
2.5,2.5,0.8888888888888888,0.0,0.9859479999999998,0.005878299482811285
2.5,2.5,0.8888888888888888,0.05555555555555555,0.9829759999999998,0.006442859993029468
2.5,2.5,0.8888888888888888,0.1111111111111111,0.9785419999999999,0.007917930490127647
2.5,2.5,0.8888888888888888,0.16666666666666666,0.957044,0.011686539882653788
2.5,2.5,0.8888888888888888,0.2222222222222222,0.9206859999999999,0.017487109595470823
2.5,2.5,0.8888888888888888,0.2777777777777778,0.8674979999999999,0.023760284051256467
2.5,2.5,0.8888888888888888,0.3333333333333333,0.787076,0.03494556637426895
2.5,2.5,0.8888888888888888,0.38888888888888884,0.690114,0.041634647732190166
2.5,2.5,0.8888888888888888,0.4444444444444444,0.588876,0.046849229712443485
2.5,2.5,0.8888888888888888,0.5,0.502154,0.04469659780913335
2.5,2.5,1.0,0.0,0.9859479999999998,0.005878299482811285
2.5,2.5,1.0,0.05555555555555555,0.98408,0.006189525057779624
2.5,2.5,1.0,0.1111111111111111,0.9786819999999999,0.007308879218516462
2.5,2.5,1.0,0.16666666666666666,0.95762,0.011798559743631762
2.5,2.5,1.0,0.2222222222222222,0.921672,0.016197070914595154
2.5,2.5,1.0,0.2777777777777778,0.86536,0.02566530373152174
2.5,2.5,1.0,0.3333333333333333,0.787278,0.033682365110527454
2.5,2.5,1.0,0.38888888888888884,0.689692,0.042738581031864314
2.5,2.5,1.0,0.4444444444444444,0.5877519999999999,0.0448813007645348
2.5,2.5,1.0,0.5,0.502764,0.0454215205939446
2.5,3.0,0.0,0.0,0.9859479999999998,0.005878299482811285
2.5,3.0,0.0,0.05555555555555555,0.9718819999999999,0.00871159340875359
2.5,3.0,0.0,0.1111111111111111,0.9486500000000001,0.012940107912439162
2.5,3.0,0.0,0.16666666666666666,0.91299,0.018763315912921567
2.5,3.0,0.0,0.2222222222222222,0.862186,0.024677547826586595
2.5,3.0,0.0,0.2777777777777778,0.791486,0.03196926448549428
2.5,3.0,0.0,0.3333333333333333,0.710292,0.0362440892285627
2.5,3.0,0.0,0.38888888888888884,0.6182219999999999,0.040287254084677544
2.5,3.0,0.0,0.4444444444444444,0.539982,0.039687881423221966
2.5,3.0,0.0,0.5,0.47061400000000003,0.03831204287503495
2.5,3.0,0.1111111111111111,0.0,0.9859479999999998,0.005878299482811285
2.5,3.0,0.1111111111111111,0.05555555555555555,0.9732339999999999,0.008890969726940406
2.5,3.0,0.1111111111111111,0.1111111111111111,0.9529039999999999,0.012426085433409681
2.5,3.0,0.1111111111111111,0.16666666666666666,0.922092,0.01771245318966268
2.5,3.0,0.1111111111111111,0.2222222222222222,0.880226,0.022770857425573426
2.5,3.0,0.1111111111111111,0.2777777777777778,0.817632,0.03008579209147638
2.5,3.0,0.1111111111111111,0.3333333333333333,0.7418579999999999,0.0365578279657195
2.5,3.0,0.1111111111111111,0.38888888888888884,0.6535799999999999,0.042924359065714686
2.5,3.0,0.1111111111111111,0.4444444444444444,0.5683400000000001,0.043938748585440016
2.5,3.0,0.1111111111111111,0.5,0.49340000000000006,0.04281839359036395
2.5,3.0,0.2222222222222222,0.0,0.9859479999999998,0.005878299482811285
2.5,3.0,0.2222222222222222,0.05555555555555555,0.975828,0.008377277215604976
2.5,3.0,0.2222222222222222,0.1111111111111111,0.957556,0.011367907575507928
2.5,3.0,0.2222222222222222,0.16666666666666666,0.931382,0.015179885831841253
2.5,3.0,0.2222222222222222,0.2222222222222222,0.894836,0.021540219732682973
2.5,3.0,0.2222222222222222,0.2777777777777778,0.844224,0.025582782912793634
2.5,3.0,0.2222222222222222,0.3333333333333333,0.7777439999999999,0.035446005453438754
2.5,3.0,0.2222222222222222,0.38888888888888884,0.6881139999999999,0.04351022043802039
2.5,3.0,0.2222222222222222,0.4444444444444444,0.587934,0.04679865245649159
2.5,3.0,0.2222222222222222,0.5,0.501342,0.04403684279153186
2.5,3.0,0.3333333333333333,0.0,0.9859479999999998,0.005878299482811285
2.5,3.0,0.3333333333333333,0.05555555555555555,0.9757680000000001,0.007480514165775563
2.5,3.0,0.3333333333333333,0.1111111111111111,0.962288,0.010239470176674105
2.5,3.0,0.3333333333333333,0.16666666666666666,0.940916,0.014029347425249557
2.5,3.0,0.3333333333333333,0.2222222222222222,0.91132,0.01864717228075442
2.5,3.0,0.3333333333333333,0.2777777777777778,0.8650140000000001,0.024807753894833227
2.5,3.0,0.3333333333333333,0.3333333333333333,0.7885519999999999,0.03180966843605925
2.5,3.0,0.3333333333333333,0.38888888888888884,0.689684,0.040698512033777445
2.5,3.0,0.3333333333333333,0.4444444444444444,0.590306,0.04567152439190708
2.5,3.0,0.3333333333333333,0.5,0.500466,0.043764317371003274
2.5,3.0,0.4444444444444444,0.0,0.9859479999999998,0.005878299482811285
2.5,3.0,0.4444444444444444,0.05555555555555555,0.977418,0.007779738083592443
2.5,3.0,0.4444444444444444,0.1111111111111111,0.966448,0.009954570958405587
2.5,3.0,0.4444444444444444,0.16666666666666666,0.9485899999999999,0.012948715707627277
2.5,3.0,0.4444444444444444,0.2222222222222222,0.9209459999999999,0.017764296339818745
2.5,3.0,0.4444444444444444,0.2777777777777778,0.8639020000000001,0.025503121660472455
2.5,3.0,0.4444444444444444,0.3333333333333333,0.788934,0.033073090309271205
2.5,3.0,0.4444444444444444,0.38888888888888884,0.690202,0.04068207539589188
2.5,3.0,0.4444444444444444,0.4444444444444444,0.5894499999999999,0.04695556570099654
2.5,3.0,0.4444444444444444,0.5,0.501222,0.04661904532241676
2.5,3.0,0.5555555555555556,0.0,0.9859479999999998,0.005878299482811285
2.5,3.0,0.5555555555555556,0.05555555555555555,0.978998,0.007552222728195498
2.5,3.0,0.5555555555555556,0.1111111111111111,0.96926,0.009374655638298047
2.5,3.0,0.5555555555555556,0.16666666666666666,0.955734,0.012519133412613079
2.5,3.0,0.5555555555555556,0.2222222222222222,0.92245,0.01751116162803388
2.5,3.0,0.5555555555555556,0.2777777777777778,0.8661,0.024347970085709193
2.5,3.0,0.5555555555555556,0.3333333333333333,0.784624,0.03554531703510678
2.5,3.0,0.5555555555555556,0.38888888888888884,0.6910419999999999,0.04217969285068299
2.5,3.0,0.5555555555555556,0.4444444444444444,0.58846,0.046615473877346984
2.5,3.0,0.5555555555555556,0.5,0.49923199999999995,0.045123279987092965
2.5,3.0,0.6666666666666666,0.0,0.9859479999999998,0.005878299482811285
2.5,3.0,0.6666666666666666,0.05555555555555555,0.980088,0.007240795137860011
2.5,3.0,0.6666666666666666,0.1111111111111111,0.971936,0.009131850051919469
2.5,3.0,0.6666666666666666,0.16666666666666666,0.9569359999999999,0.011656399413823685
2.5,3.0,0.6666666666666666,0.2222222222222222,0.92147,0.017900109716303732
2.5,3.0,0.6666666666666666,0.2777777777777778,0.867854,0.02429463196437784
2.5,3.0,0.6666666666666666,0.3333333333333333,0.78852,0.03505183107518702
2.5,3.0,0.6666666666666666,0.38888888888888884,0.691054,0.04039314665377266
2.5,3.0,0.6666666666666666,0.4444444444444444,0.5896679999999999,0.04547334853354993
2.5,3.0,0.6666666666666666,0.5,0.503054,0.04403026700833932
2.5,3.0,0.7777777777777777,0.0,0.9859479999999998,0.005878299482811285
2.5,3.0,0.7777777777777777,0.05555555555555555,0.981694,0.00668294002477574
2.5,3.0,0.7777777777777777,0.1111111111111111,0.976278,0.007942725588836567
2.5,3.0,0.7777777777777777,0.16666666666666666,0.9559559999999999,0.011809869178786016
2.5,3.0,0.7777777777777777,0.2222222222222222,0.921214,0.01778180500338355
2.5,3.0,0.7777777777777777,0.2777777777777778,0.86605,0.0242369626958793
2.5,3.0,0.7777777777777777,0.3333333333333333,0.7868520000000001,0.034246631360165015
2.5,3.0,0.7777777777777777,0.38888888888888884,0.690664,0.04061776347140296
2.5,3.0,0.7777777777777777,0.4444444444444444,0.588234,0.04729228652464858
2.5,3.0,0.7777777777777777,0.5,0.49723600000000007,0.04308834546637939
2.5,3.0,0.8888888888888888,0.0,0.9859479999999998,0.005878299482811285
2.5,3.0,0.8888888888888888,0.05555555555555555,0.9829759999999998,0.006442859993029468
2.5,3.0,0.8888888888888888,0.1111111111111111,0.9785419999999999,0.007917930490127647
2.5,3.0,0.8888888888888888,0.16666666666666666,0.957044,0.011686539882653788
2.5,3.0,0.8888888888888888,0.2222222222222222,0.9206859999999999,0.017487109595470823
2.5,3.0,0.8888888888888888,0.2777777777777778,0.8674979999999999,0.023760284051256467
2.5,3.0,0.8888888888888888,0.3333333333333333,0.787076,0.03494556637426895
2.5,3.0,0.8888888888888888,0.38888888888888884,0.690114,0.041634647732190166
2.5,3.0,0.8888888888888888,0.4444444444444444,0.588876,0.046849229712443485
2.5,3.0,0.8888888888888888,0.5,0.502154,0.04469659780913335
2.5,3.0,1.0,0.0,0.9859479999999998,0.005878299482811285
2.5,3.0,1.0,0.05555555555555555,0.98408,0.006189525057779624
2.5,3.0,1.0,0.1111111111111111,0.9786819999999999,0.007308879218516462
2.5,3.0,1.0,0.16666666666666666,0.95762,0.011798559743631762
2.5,3.0,1.0,0.2222222222222222,0.921672,0.016197070914595154
2.5,3.0,1.0,0.2777777777777778,0.86536,0.02566530373152174
2.5,3.0,1.0,0.3333333333333333,0.787278,0.033682365110527454
2.5,3.0,1.0,0.38888888888888884,0.689692,0.042738581031864314
2.5,3.0,1.0,0.4444444444444444,0.5877519999999999,0.0448813007645348
2.5,3.0,1.0,0.5,0.502764,0.0454215205939446
3.0,0.0,0.0,0.0,0.9852719999999999,0.005765109624105676
3.0,0.0,0.0,0.05555555555555555,0.9720599999999999,0.00911935992550475
3.0,0.0,0.0,0.1111111111111111,0.950462,0.01242535048476857
3.0,0.0,0.0,0.16666666666666666,0.9162080000000001,0.01788262599914369
3.0,0.0,0.0,0.2222222222222222,0.8707460000000001,0.022013055972911467
3.0,0.0,0.0,0.2777777777777778,0.806786,0.03058403128987218
3.0,0.0,0.0,0.3333333333333333,0.735578,0.034778023777606346
3.0,0.0,0.0,0.38888888888888884,0.655172,0.038035033107478314
3.0,0.0,0.0,0.4444444444444444,0.580836,0.04009769012682665
3.0,0.0,0.0,0.5,0.51538,0.04003630116309
3.0,0.0,0.1111111111111111,0.0,0.9852719999999999,0.005765109624105676
3.0,0.0,0.1111111111111111,0.05555555555555555,0.973252,0.008459528547531067
3.0,0.0,0.1111111111111111,0.1111111111111111,0.9536979999999999,0.011904715052489153
3.0,0.0,0.1111111111111111,0.16666666666666666,0.924238,0.016010309679455416
3.0,0.0,0.1111111111111111,0.2222222222222222,0.88081,0.02212068147906383
3.0,0.0,0.1111111111111111,0.2777777777777778,0.8227300000000001,0.02898332566032865
3.0,0.0,0.1111111111111111,0.3333333333333333,0.750806,0.03710322982338133
3.0,0.0,0.1111111111111111,0.38888888888888884,0.667304,0.04323088482561525
3.0,0.0,0.1111111111111111,0.4444444444444444,0.58786,0.043486533054662185
3.0,0.0,0.1111111111111111,0.5,0.5136759999999999,0.044200887558077856
3.0,0.0,0.2222222222222222,0.0,0.9852719999999999,0.005765109624105676
3.0,0.0,0.2222222222222222,0.05555555555555555,0.9745619999999999,0.008132307473878459
3.0,0.0,0.2222222222222222,0.1111111111111111,0.9572739999999998,0.011149508827485992
3.0,0.0,0.2222222222222222,0.16666666666666666,0.9292,0.016094037283172408
3.0,0.0,0.2222222222222222,0.2222222222222222,0.8921479999999999,0.021316540192337568
3.0,0.0,0.2222222222222222,0.2777777777777778,0.8390599999999999,0.029269948064857224
3.0,0.0,0.2222222222222222,0.3333333333333333,0.768712,0.03635453700326057
3.0,0.0,0.2222222222222222,0.38888888888888884,0.681508,0.045252685523559655
3.0,0.0,0.2222222222222222,0.4444444444444444,0.591216,0.049838630822329845
3.0,0.0,0.2222222222222222,0.5,0.5065999999999999,0.05185381022905203
3.0,0.0,0.3333333333333333,0.0,0.9852719999999999,0.005765109624105676
3.0,0.0,0.3333333333333333,0.05555555555555555,0.975834,0.007889418854371928
3.0,0.0,0.3333333333333333,0.1111111111111111,0.9591839999999999,0.011345818577713851
3.0,0.0,0.3333333333333333,0.16666666666666666,0.9361280000000001,0.014468804671334587
3.0,0.0,0.3333333333333333,0.2222222222222222,0.904962,0.019547602757041448
3.0,0.0,0.3333333333333333,0.2777777777777778,0.855672,0.02827605854736383
3.0,0.0,0.3333333333333333,0.3333333333333333,0.79137,0.03508708176256932
3.0,0.0,0.3333333333333333,0.38888888888888884,0.705882,0.04576926618873094
3.0,0.0,0.3333333333333333,0.4444444444444444,0.6038040000000001,0.0594607833240281
3.0,0.0,0.3333333333333333,0.5,0.5016860000000001,0.061572833552333166
3.0,0.0,0.4444444444444444,0.0,0.9852719999999999,0.005765109624105676
3.0,0.0,0.4444444444444444,0.05555555555555555,0.97657,0.007890603477966253
3.0,0.0,0.4444444444444444,0.1111111111111111,0.9619300000000001,0.011252837540167853
3.0,0.0,0.4444444444444444,0.16666666666666666,0.9429839999999999,0.015229827289846612
3.0,0.0,0.4444444444444444,0.2222222222222222,0.913866,0.02002633646737738
3.0,0.0,0.4444444444444444,0.2777777777777778,0.872548,0.02531033231397186
3.0,0.0,0.4444444444444444,0.3333333333333333,0.81429,0.035648218622842356
3.0,0.0,0.4444444444444444,0.38888888888888884,0.7352560000000001,0.049014398767843144
3.0,0.0,0.4444444444444444,0.4444444444444444,0.6183679999999999,0.06923973467392433
3.0,0.0,0.4444444444444444,0.5,0.478246,0.09259298248144739
3.0,0.0,0.5555555555555556,0.0,0.9852719999999999,0.005765109624105676
3.0,0.0,0.5555555555555556,0.05555555555555555,0.978018,0.0074791410671416455
3.0,0.0,0.5555555555555556,0.1111111111111111,0.9660319999999999,0.009918251833810126
3.0,0.0,0.5555555555555556,0.16666666666666666,0.94968,0.013684301963946863
3.0,0.0,0.5555555555555556,0.2222222222222222,0.9235840000000001,0.017657137168464523
3.0,0.0,0.5555555555555556,0.2777777777777778,0.8892739999999999,0.025402864702039837
3.0,0.0,0.5555555555555556,0.3333333333333333,0.841202,0.031098930575920645
3.0,0.0,0.5555555555555556,0.38888888888888884,0.762158,0.05109593550616821
3.0,0.0,0.5555555555555556,0.4444444444444444,0.620036,0.12273128631804757
3.0,0.0,0.5555555555555556,0.5,0.401582,0.13447017413338516
3.0,0.0,0.6666666666666666,0.0,0.9852719999999999,0.005765109624105676
3.0,0.0,0.6666666666666666,0.05555555555555555,0.978786,0.007390090044222978
3.0,0.0,0.6666666666666666,0.1111111111111111,0.967788,0.009757534265883978
3.0,0.0,0.6666666666666666,0.16666666666666666,0.95436,0.012142375160943521
3.0,0.0,0.6666666666666666,0.2222222222222222,0.935296,0.016503730798232256
3.0,0.0,0.6666666666666666,0.2777777777777778,0.907982,0.020575333891080832
3.0,0.0,0.6666666666666666,0.3333333333333333,0.864048,0.04111835519896847
3.0,0.0,0.6666666666666666,0.38888888888888884,0.778288,0.1273065236267013
3.0,0.0,0.6666666666666666,0.4444444444444444,0.5266579999999998,0.22490090678283953
3.0,0.0,0.6666666666666666,0.5,0.310842,0.10794191006229123
3.0,0.0,0.7777777777777777,0.0,0.9852719999999999,0.005765109624105676
3.0,0.0,0.7777777777777777,0.05555555555555555,0.9799379999999999,0.007043107746830733
3.0,0.0,0.7777777777777777,0.1111111111111111,0.971574,0.009338465498985985
3.0,0.0,0.7777777777777777,0.16666666666666666,0.9597919999999999,0.012084237401970163
3.0,0.0,0.7777777777777777,0.2222222222222222,0.9446019999999999,0.013431023072034465
3.0,0.0,0.7777777777777777,0.2777777777777778,0.9236680000000002,0.01900220892127478
3.0,0.0,0.7777777777777777,0.3333333333333333,0.881104,0.09301313924464814
3.0,0.0,0.7777777777777777,0.38888888888888884,0.678774,0.27381468896277933
3.0,0.0,0.7777777777777777,0.4444444444444444,0.348428,0.18487765768914663
3.0,0.0,0.7777777777777777,0.5,0.27906800000000004,0.024745910696363227
3.0,0.0,0.8888888888888888,0.0,0.9852719999999999,0.005765109624105676
3.0,0.0,0.8888888888888888,0.05555555555555555,0.980186,0.007526533159616432
3.0,0.0,0.8888888888888888,0.1111111111111111,0.973386,0.008575317845555618
3.0,0.0,0.8888888888888888,0.16666666666666666,0.9647919999999999,0.01041718635443785
3.0,0.0,0.8888888888888888,0.2222222222222222,0.9528300000000001,0.014193096490052884
3.0,0.0,0.8888888888888888,0.2777777777777778,0.936464,0.03673062730153038
3.0,0.0,0.8888888888888888,0.3333333333333333,0.8098900000000001,0.24690877218836757
3.0,0.0,0.8888888888888888,0.38888888888888884,0.42207799999999995,0.26863216933346135
3.0,0.0,0.8888888888888888,0.4444444444444444,0.28214400000000006,0.05087892091216529
3.0,0.0,0.8888888888888888,0.5,0.27906800000000004,0.024745910696363227
3.0,0.0,1.0,0.0,0.9852719999999999,0.005765109624105676
3.0,0.0,1.0,0.05555555555555555,0.9811259999999999,0.006520057230775303
3.0,0.0,1.0,0.1111111111111111,0.976506,0.008134759530880465
3.0,0.0,1.0,0.16666666666666666,0.9697459999999999,0.010049052238982727
3.0,0.0,1.0,0.2222222222222222,0.9613499999999999,0.01136705414079123
3.0,0.0,1.0,0.2777777777777778,0.9305899999999999,0.1208012573923597
3.0,0.0,1.0,0.3333333333333333,0.598966,0.3404134772817169
3.0,0.0,1.0,0.38888888888888884,0.3052040000000001,0.13463677248437755
3.0,0.0,1.0,0.4444444444444444,0.27906800000000004,0.024745910696363227
3.0,0.0,1.0,0.5,0.27906800000000004,0.024745910696363227
3.0,0.5,0.0,0.0,0.9852719999999999,0.005765109624105676
3.0,0.5,0.0,0.05555555555555555,0.9720599999999999,0.00911935992550475
3.0,0.5,0.0,0.1111111111111111,0.950462,0.01242535048476857
3.0,0.5,0.0,0.16666666666666666,0.9162080000000001,0.01788262599914369
3.0,0.5,0.0,0.2222222222222222,0.8707460000000001,0.022013055972911467
3.0,0.5,0.0,0.2777777777777778,0.806786,0.03058403128987218
3.0,0.5,0.0,0.3333333333333333,0.735578,0.034778023777606346
3.0,0.5,0.0,0.38888888888888884,0.655172,0.038035033107478314
3.0,0.5,0.0,0.4444444444444444,0.580836,0.04009769012682665
3.0,0.5,0.0,0.5,0.51538,0.04003630116309
3.0,0.5,0.1111111111111111,0.0,0.9852719999999999,0.005765109624105676
3.0,0.5,0.1111111111111111,0.05555555555555555,0.9740219999999999,0.007985552836730631
3.0,0.5,0.1111111111111111,0.1111111111111111,0.953602,0.012052806157594374
3.0,0.5,0.1111111111111111,0.16666666666666666,0.9245220000000001,0.017385339111793685
3.0,0.5,0.1111111111111111,0.2222222222222222,0.8817140000000001,0.023548019501539612
3.0,0.5,0.1111111111111111,0.2777777777777778,0.8253199999999999,0.03064676244069171
3.0,0.5,0.1111111111111111,0.3333333333333333,0.755074,0.03414381531476085
3.0,0.5,0.1111111111111111,0.38888888888888884,0.6746939999999999,0.041674186730869235
3.0,0.5,0.1111111111111111,0.4444444444444444,0.5959960000000001,0.04344180434477209
3.0,0.5,0.1111111111111111,0.5,0.5239219999999999,0.04429062242133133
3.0,0.5,0.2222222222222222,0.0,0.9852719999999999,0.005765109624105676
3.0,0.5,0.2222222222222222,0.05555555555555555,0.97462,0.007955008757296092
3.0,0.5,0.2222222222222222,0.1111111111111111,0.9574600000000001,0.011660889876223463
3.0,0.5,0.2222222222222222,0.16666666666666666,0.931028,0.016136542132190745
3.0,0.5,0.2222222222222222,0.2222222222222222,0.89584,0.020967920913024025
3.0,0.5,0.2222222222222222,0.2777777777777778,0.8444019999999999,0.026724160557724374
3.0,0.5,0.2222222222222222,0.3333333333333333,0.7791859999999999,0.034972525775503215
3.0,0.5,0.2222222222222222,0.38888888888888884,0.7012480000000001,0.04155285520335639
3.0,0.5,0.2222222222222222,0.4444444444444444,0.6158340000000001,0.05017686598183985
3.0,0.5,0.2222222222222222,0.5,0.53339,0.04999484843200824
3.0,0.5,0.3333333333333333,0.0,0.9852719999999999,0.005765109624105676
3.0,0.5,0.3333333333333333,0.05555555555555555,0.975756,0.00794346658094849
3.0,0.5,0.3333333333333333,0.1111111111111111,0.9611999999999999,0.011226757330606234
3.0,0.5,0.3333333333333333,0.16666666666666666,0.940322,0.014894226800474294
3.0,0.5,0.3333333333333333,0.2222222222222222,0.908242,0.020250718980778862
3.0,0.5,0.3333333333333333,0.2777777777777778,0.865152,0.027376629736171387
3.0,0.5,0.3333333333333333,0.3333333333333333,0.8060820000000001,0.0328483989049884
3.0,0.5,0.3333333333333333,0.38888888888888884,0.729048,0.043820385077000326
3.0,0.5,0.3333333333333333,0.4444444444444444,0.639172,0.05377797464682199
3.0,0.5,0.3333333333333333,0.5,0.5477380000000001,0.05873981688919667
3.0,0.5,0.4444444444444444,0.0,0.9852719999999999,0.005765109624105676
3.0,0.5,0.4444444444444444,0.05555555555555555,0.9771340000000001,0.007863823716672061
3.0,0.5,0.4444444444444444,0.1111111111111111,0.964402,0.010023039391186421
3.0,0.5,0.4444444444444444,0.16666666666666666,0.945192,0.013297548103734829
3.0,0.5,0.4444444444444444,0.2222222222222222,0.92047,0.01769359280793208
3.0,0.5,0.4444444444444444,0.2777777777777778,0.882174,0.024343725226756742
3.0,0.5,0.4444444444444444,0.3333333333333333,0.8303740000000001,0.032996661700340726
3.0,0.5,0.4444444444444444,0.38888888888888884,0.763772,0.03970729598838756
3.0,0.5,0.4444444444444444,0.4444444444444444,0.6710900000000001,0.058195147997930206
3.0,0.5,0.4444444444444444,0.5,0.563026,0.07106871920683108
3.0,0.5,0.5555555555555556,0.0,0.9852719999999999,0.005765109624105676
3.0,0.5,0.5555555555555556,0.05555555555555555,0.977808,0.0077861662433792965
3.0,0.5,0.5555555555555556,0.1111111111111111,0.967246,0.010390447863957906
3.0,0.5,0.5555555555555556,0.16666666666666666,0.9526039999999999,0.013216980030333862
3.0,0.5,0.5555555555555556,0.2222222222222222,0.9313299999999999,0.017175887815320885
3.0,0.5,0.5555555555555556,0.2777777777777778,0.900866,0.022183874607136847
3.0,0.5,0.5555555555555556,0.3333333333333333,0.8613439999999999,0.028631051993885142
3.0,0.5,0.5555555555555556,0.38888888888888884,0.7997439999999999,0.041070232431579506
3.0,0.5,0.5555555555555556,0.4444444444444444,0.7088340000000001,0.06227798599086323
3.0,0.5,0.5555555555555556,0.5,0.57983,0.07635717344082185
3.0,0.5,0.6666666666666666,0.0,0.9852719999999999,0.005765109624105676
3.0,0.5,0.6666666666666666,0.05555555555555555,0.9792599999999999,0.007426351823257895
3.0,0.5,0.6666666666666666,0.1111111111111111,0.969998,0.009763434093114018
3.0,0.5,0.6666666666666666,0.16666666666666666,0.9575199999999999,0.01210548162489793
3.0,0.5,0.6666666666666666,0.2222222222222222,0.9414939999999999,0.014573494346756687
3.0,0.5,0.6666666666666666,0.2777777777777778,0.919096,0.019733464044774607
3.0,0.5,0.6666666666666666,0.3333333333333333,0.8868820000000001,0.024723320188078417
3.0,0.5,0.6666666666666666,0.38888888888888884,0.8314279999999998,0.04316971234706408
3.0,0.5,0.6666666666666666,0.4444444444444444,0.730314,0.06944283994797505
3.0,0.5,0.6666666666666666,0.5,0.582982,0.0821523444058827
3.0,0.5,0.7777777777777777,0.0,0.9852719999999999,0.005765109624105676
3.0,0.5,0.7777777777777777,0.05555555555555555,0.9802000000000001,0.007250457797722379
3.0,0.5,0.7777777777777777,0.1111111111111111,0.973202,0.008589572603746362
3.0,0.5,0.7777777777777777,0.16666666666666666,0.9634799999999999,0.011448831883777759
3.0,0.5,0.7777777777777777,0.2222222222222222,0.952218,0.012370470203922401
3.0,0.5,0.7777777777777777,0.2777777777777778,0.933976,0.01723012415383919
3.0,0.5,0.7777777777777777,0.3333333333333333,0.9100360000000001,0.024230330617713156
3.0,0.5,0.7777777777777777,0.38888888888888884,0.85001,0.04553879074949015
3.0,0.5,0.7777777777777777,0.4444444444444444,0.73034,0.07210021693840545
3.0,0.5,0.7777777777777777,0.5,0.581326,0.08096893020979488
3.0,0.5,0.8888888888888888,0.0,0.9852719999999999,0.005765109624105676
3.0,0.5,0.8888888888888888,0.05555555555555555,0.9814919999999999,0.006897033720977204
3.0,0.5,0.8888888888888888,0.1111111111111111,0.975752,0.008545909028432535
3.0,0.5,0.8888888888888888,0.16666666666666666,0.968952,0.009264845964260986
3.0,0.5,0.8888888888888888,0.2222222222222222,0.96025,0.011986611602760426
3.0,0.5,0.8888888888888888,0.2777777777777778,0.948616,0.01372885672640032
3.0,0.5,0.8888888888888888,0.3333333333333333,0.920988,0.026591918250334343
3.0,0.5,0.8888888888888888,0.38888888888888884,0.84933,0.047550132810124976
3.0,0.5,0.8888888888888888,0.4444444444444444,0.7302059999999999,0.07279578295500405
3.0,0.5,0.8888888888888888,0.5,0.577312,0.07993581252635451
3.0,0.5,1.0,0.0,0.9852719999999999,0.005765109624105676
3.0,0.5,1.0,0.05555555555555555,0.982232,0.007309242508776417
3.0,0.5,1.0,0.1111111111111111,0.9779659999999999,0.007609247353751976
3.0,0.5,1.0,0.16666666666666666,0.97336,0.009105614995644067
3.0,0.5,1.0,0.2222222222222222,0.9681839999999999,0.010009922131673387
3.0,0.5,1.0,0.2777777777777778,0.9571719999999999,0.014604142493002159
3.0,0.5,1.0,0.3333333333333333,0.9241800000000001,0.028742649143033424
3.0,0.5,1.0,0.38888888888888884,0.8523740000000001,0.04650776352541879
3.0,0.5,1.0,0.4444444444444444,0.729152,0.07093704974166953
3.0,0.5,1.0,0.5,0.5803979999999999,0.08375335722042063
3.0,1.0,0.0,0.0,0.9852719999999999,0.005765109624105676
3.0,1.0,0.0,0.05555555555555555,0.9720599999999999,0.00911935992550475
3.0,1.0,0.0,0.1111111111111111,0.950462,0.01242535048476857
3.0,1.0,0.0,0.16666666666666666,0.9162080000000001,0.01788262599914369
3.0,1.0,0.0,0.2222222222222222,0.8707460000000001,0.022013055972911467
3.0,1.0,0.0,0.2777777777777778,0.806786,0.03058403128987218
3.0,1.0,0.0,0.3333333333333333,0.735578,0.034778023777606346
3.0,1.0,0.0,0.38888888888888884,0.655172,0.038035033107478314
3.0,1.0,0.0,0.4444444444444444,0.580836,0.04009769012682665
3.0,1.0,0.0,0.5,0.51538,0.04003630116309
3.0,1.0,0.1111111111111111,0.0,0.9852719999999999,0.005765109624105676
3.0,1.0,0.1111111111111111,0.05555555555555555,0.9735240000000001,0.008738773158322933
3.0,1.0,0.1111111111111111,0.1111111111111111,0.954498,0.012849288089572024
3.0,1.0,0.1111111111111111,0.16666666666666666,0.925708,0.01629041101329132
3.0,1.0,0.1111111111111111,0.2222222222222222,0.8844679999999999,0.02077547150927908
3.0,1.0,0.1111111111111111,0.2777777777777778,0.829002,0.028010483222191657
3.0,1.0,0.1111111111111111,0.3333333333333333,0.75705,0.03402432673278401
3.0,1.0,0.1111111111111111,0.38888888888888884,0.6799100000000001,0.04294417660881645
3.0,1.0,0.1111111111111111,0.4444444444444444,0.600832,0.043578043413346035
3.0,1.0,0.1111111111111111,0.5,0.530216,0.042601397890261856
3.0,1.0,0.2222222222222222,0.0,0.9852719999999999,0.005765109624105676
3.0,1.0,0.2222222222222222,0.05555555555555555,0.975132,0.008000662297234448
3.0,1.0,0.2222222222222222,0.1111111111111111,0.9577559999999999,0.011982638743721056
3.0,1.0,0.2222222222222222,0.16666666666666666,0.9335999999999999,0.015250349054778525
3.0,1.0,0.2222222222222222,0.2222222222222222,0.8971120000000001,0.021533574847000747
3.0,1.0,0.2222222222222222,0.2777777777777778,0.850488,0.027097941857377513
3.0,1.0,0.2222222222222222,0.3333333333333333,0.786498,0.03366530411867395
3.0,1.0,0.2222222222222222,0.38888888888888884,0.711508,0.03980722505190063
3.0,1.0,0.2222222222222222,0.4444444444444444,0.6301039999999999,0.045894201588860435
3.0,1.0,0.2222222222222222,0.5,0.548892,0.0480499524647395
3.0,1.0,0.3333333333333333,0.0,0.9852719999999999,0.005765109624105676
3.0,1.0,0.3333333333333333,0.05555555555555555,0.9756859999999999,0.00820378010529489
3.0,1.0,0.3333333333333333,0.1111111111111111,0.9615919999999999,0.011381239001198643
3.0,1.0,0.3333333333333333,0.16666666666666666,0.941432,0.01476961947101672
3.0,1.0,0.3333333333333333,0.2222222222222222,0.9121020000000001,0.019188433703039746
3.0,1.0,0.3333333333333333,0.2777777777777778,0.8710840000000001,0.026414928371694762
3.0,1.0,0.3333333333333333,0.3333333333333333,0.8164960000000001,0.03297156703077562
3.0,1.0,0.3333333333333333,0.38888888888888884,0.7454380000000002,0.04051900462092997
3.0,1.0,0.3333333333333333,0.4444444444444444,0.662294,0.04697365871663022
3.0,1.0,0.3333333333333333,0.5,0.5733419999999999,0.055274148559683836
3.0,1.0,0.4444444444444444,0.0,0.9852719999999999,0.005765109624105676
3.0,1.0,0.4444444444444444,0.05555555555555555,0.977416,0.007997428444409298
3.0,1.0,0.4444444444444444,0.1111111111111111,0.96529,0.010221293934693341
3.0,1.0,0.4444444444444444,0.16666666666666666,0.948568,0.013710190174802753
3.0,1.0,0.4444444444444444,0.2222222222222222,0.923876,0.0175194316394665
3.0,1.0,0.4444444444444444,0.2777777777777778,0.889584,0.024337781312157372
3.0,1.0,0.4444444444444444,0.3333333333333333,0.8440639999999999,0.0291885567936373
3.0,1.0,0.4444444444444444,0.38888888888888884,0.7835,0.04070060292128744
3.0,1.0,0.4444444444444444,0.4444444444444444,0.7012059999999999,0.05035691811861416
3.0,1.0,0.4444444444444444,0.5,0.598138,0.063097206522491
3.0,1.0,0.5555555555555556,0.0,0.9852719999999999,0.005765109624105676
3.0,1.0,0.5555555555555556,0.05555555555555555,0.978664,0.007421135391636651
3.0,1.0,0.5555555555555556,0.1111111111111111,0.9687479999999999,0.009179598360064798
3.0,1.0,0.5555555555555556,0.16666666666666666,0.954756,0.012537897021568102
3.0,1.0,0.5555555555555556,0.2222222222222222,0.9345060000000001,0.01708665771131049
3.0,1.0,0.5555555555555556,0.2777777777777778,0.9091379999999999,0.02038819051866181
3.0,1.0,0.5555555555555556,0.3333333333333333,0.873312,0.026593478188539573
3.0,1.0,0.5555555555555556,0.38888888888888884,0.818494,0.03781600275185438
3.0,1.0,0.5555555555555556,0.4444444444444444,0.72075,0.05845131831897766
3.0,1.0,0.5555555555555556,0.5,0.599832,0.06464408318618159
3.0,1.0,0.6666666666666666,0.0,0.9852719999999999,0.005765109624105676
3.0,1.0,0.6666666666666666,0.05555555555555555,0.979548,0.007091705053167561
3.0,1.0,0.6666666666666666,0.1111111111111111,0.9714879999999999,0.008985506923337093
3.0,1.0,0.6666666666666666,0.16666666666666666,0.9604779999999999,0.011537058699984755
3.0,1.0,0.6666666666666666,0.2222222222222222,0.9468119999999999,0.014639442699950343
3.0,1.0,0.6666666666666666,0.2777777777777778,0.925418,0.017583903529269394
3.0,1.0,0.6666666666666666,0.3333333333333333,0.8965420000000001,0.02632858950362706
3.0,1.0,0.6666666666666666,0.38888888888888884,0.83047,0.04213616038539875
3.0,1.0,0.6666666666666666,0.4444444444444444,0.7218199999999999,0.05714787274008922
3.0,1.0,0.6666666666666666,0.5,0.601866,0.06367867768715026
3.0,1.0,0.7777777777777777,0.0,0.9852719999999999,0.005765109624105676
3.0,1.0,0.7777777777777777,0.05555555555555555,0.9809100000000001,0.007141421413108124
3.0,1.0,0.7777777777777777,0.1111111111111111,0.9746659999999999,0.00916615955359299
3.0,1.0,0.7777777777777777,0.16666666666666666,0.966954,0.010431563595074148
3.0,1.0,0.7777777777777777,0.2222222222222222,0.9562059999999999,0.011795330586604796
3.0,1.0,0.7777777777777777,0.2777777777777778,0.9417819999999999,0.0151577700201569
3.0,1.0,0.7777777777777777,0.3333333333333333,0.905558,0.027903976415550515
3.0,1.0,0.7777777777777777,0.38888888888888884,0.831252,0.0442704895895335
3.0,1.0,0.7777777777777777,0.4444444444444444,0.72246,0.06184508087193444
3.0,1.0,0.7777777777777777,0.5,0.59603,0.06585787439052732
3.0,1.0,0.8888888888888888,0.0,0.9852719999999999,0.005765109624105676
3.0,1.0,0.8888888888888888,0.05555555555555555,0.9817319999999999,0.007134000555638872
3.0,1.0,0.8888888888888888,0.1111111111111111,0.9778859999999999,0.00779631766530051
3.0,1.0,0.8888888888888888,0.16666666666666666,0.9713299999999999,0.009231660040003014
3.0,1.0,0.8888888888888888,0.2222222222222222,0.964136,0.010636341830491822
3.0,1.0,0.8888888888888888,0.2777777777777778,0.949198,0.017265079262020398
3.0,1.0,0.8888888888888888,0.3333333333333333,0.906122,0.030159879852303964
3.0,1.0,0.8888888888888888,0.38888888888888884,0.828622,0.04498616037461411
3.0,1.0,0.8888888888888888,0.4444444444444444,0.723364,0.0568243743744363
3.0,1.0,0.8888888888888888,0.5,0.600852,0.06479415607385158
3.0,1.0,1.0,0.0,0.9852719999999999,0.005765109624105676
3.0,1.0,1.0,0.05555555555555555,0.983408,0.006045380819974629
3.0,1.0,1.0,0.1111111111111111,0.979966,0.0074680913744781694
3.0,1.0,1.0,0.16666666666666666,0.97663,0.00822608271741462
3.0,1.0,1.0,0.2222222222222222,0.9713,0.010075168387479797
3.0,1.0,1.0,0.2777777777777778,0.9525899999999999,0.01757611275222589
3.0,1.0,1.0,0.3333333333333333,0.905514,0.028945076245844553
3.0,1.0,1.0,0.38888888888888884,0.831616,0.04547619941713309
3.0,1.0,1.0,0.4444444444444444,0.7220659999999999,0.05699349226289473
3.0,1.0,1.0,0.5,0.601976,0.06109806355967003
3.0,1.5,0.0,0.0,0.9852719999999999,0.005765109624105676
3.0,1.5,0.0,0.05555555555555555,0.9720599999999999,0.00911935992550475
3.0,1.5,0.0,0.1111111111111111,0.950462,0.01242535048476857
3.0,1.5,0.0,0.16666666666666666,0.9162080000000001,0.01788262599914369
3.0,1.5,0.0,0.2222222222222222,0.8707460000000001,0.022013055972911467
3.0,1.5,0.0,0.2777777777777778,0.806786,0.03058403128987218
3.0,1.5,0.0,0.3333333333333333,0.735578,0.034778023777606346
3.0,1.5,0.0,0.38888888888888884,0.655172,0.038035033107478314
3.0,1.5,0.0,0.4444444444444444,0.580836,0.04009769012682665
3.0,1.5,0.0,0.5,0.51538,0.04003630116309
3.0,1.5,0.1111111111111111,0.0,0.9852719999999999,0.005765109624105676
3.0,1.5,0.1111111111111111,0.05555555555555555,0.97388,0.008668557421829254
3.0,1.5,0.1111111111111111,0.1111111111111111,0.954414,0.011762794338987753
3.0,1.5,0.1111111111111111,0.16666666666666666,0.9252619999999999,0.016550928144514705
3.0,1.5,0.1111111111111111,0.2222222222222222,0.884232,0.022632778471116742
3.0,1.5,0.1111111111111111,0.2777777777777778,0.82951,0.028196382249215737
3.0,1.5,0.1111111111111111,0.3333333333333333,0.7620979999999999,0.03470864122306006
3.0,1.5,0.1111111111111111,0.38888888888888884,0.6865119999999999,0.040977850412740005
3.0,1.5,0.1111111111111111,0.4444444444444444,0.6074579999999999,0.04044655837235522
3.0,1.5,0.1111111111111111,0.5,0.5367339999999999,0.042733400649399796
3.0,1.5,0.2222222222222222,0.0,0.9852719999999999,0.005765109624105676
3.0,1.5,0.2222222222222222,0.05555555555555555,0.9743419999999999,0.008449130820578325
3.0,1.5,0.2222222222222222,0.1111111111111111,0.958154,0.011379510997449844
3.0,1.5,0.2222222222222222,0.16666666666666666,0.9341520000000001,0.015896108597297436
3.0,1.5,0.2222222222222222,0.2222222222222222,0.899192,0.02024724766668677
3.0,1.5,0.2222222222222222,0.2777777777777778,0.85438,0.02557396440348312
3.0,1.5,0.2222222222222222,0.3333333333333333,0.793032,0.03332386435982091
3.0,1.5,0.2222222222222222,0.38888888888888884,0.718758,0.04299493650571263
3.0,1.5,0.2222222222222222,0.4444444444444444,0.6388699999999999,0.046505899597736926
3.0,1.5,0.2222222222222222,0.5,0.5613700000000001,0.046528215629867
3.0,1.5,0.3333333333333333,0.0,0.9852719999999999,0.005765109624105676
3.0,1.5,0.3333333333333333,0.05555555555555555,0.9768119999999999,0.007750923146260615
3.0,1.5,0.3333333333333333,0.1111111111111111,0.962722,0.010305781594257511
3.0,1.5,0.3333333333333333,0.16666666666666666,0.941948,0.013988590254726463
3.0,1.5,0.3333333333333333,0.2222222222222222,0.911976,0.020014208980677812
3.0,1.5,0.3333333333333333,0.2777777777777778,0.874146,0.024136566277400094
3.0,1.5,0.3333333333333333,0.3333333333333333,0.8211900000000001,0.03256056327155782
3.0,1.5,0.3333333333333333,0.38888888888888884,0.7573099999999999,0.0387590302361875
3.0,1.5,0.3333333333333333,0.4444444444444444,0.675824,0.04806797358084008
3.0,1.5,0.3333333333333333,0.5,0.5923099999999999,0.054777358625951185
3.0,1.5,0.4444444444444444,0.0,0.9852719999999999,0.005765109624105676
3.0,1.5,0.4444444444444444,0.05555555555555555,0.97765,0.0075174812969571354
3.0,1.5,0.4444444444444444,0.1111111111111111,0.966444,0.009488040357188591
3.0,1.5,0.4444444444444444,0.16666666666666666,0.94883,0.01354533322233929
3.0,1.5,0.4444444444444444,0.2222222222222222,0.926972,0.016876992675341377
3.0,1.5,0.4444444444444444,0.2777777777777778,0.895578,0.02252658006931453
3.0,1.5,0.4444444444444444,0.3333333333333333,0.8530160000000001,0.029659790125700507
3.0,1.5,0.4444444444444444,0.38888888888888884,0.792438,0.040415305886505416
3.0,1.5,0.4444444444444444,0.4444444444444444,0.7009580000000001,0.055076483857888936
3.0,1.5,0.4444444444444444,0.5,0.5965280000000001,0.05793169580426173
3.0,1.5,0.5555555555555556,0.0,0.9852719999999999,0.005765109624105676
3.0,1.5,0.5555555555555556,0.05555555555555555,0.9791399999999999,0.007438485203604877
3.0,1.5,0.5555555555555556,0.1111111111111111,0.9696579999999999,0.009550049365619635
3.0,1.5,0.5555555555555556,0.16666666666666666,0.957086,0.011895276339723967
3.0,1.5,0.5555555555555556,0.2222222222222222,0.938048,0.015020283413692779
3.0,1.5,0.5555555555555556,0.2777777777777778,0.9151560000000001,0.019620744410507075
3.0,1.5,0.5555555555555556,0.3333333333333333,0.8784019999999999,0.02721959236316434
3.0,1.5,0.5555555555555556,0.38888888888888884,0.806566,0.043415197832160246
3.0,1.5,0.5555555555555556,0.4444444444444444,0.7028679999999999,0.0546465650351446
3.0,1.5,0.5555555555555556,0.5,0.5961,0.05767504505107289
3.0,1.5,0.6666666666666666,0.0,0.9852719999999999,0.005765109624105676
3.0,1.5,0.6666666666666666,0.05555555555555555,0.9800319999999999,0.00770179272782936
3.0,1.5,0.6666666666666666,0.1111111111111111,0.972576,0.009239424111698287
3.0,1.5,0.6666666666666666,0.16666666666666666,0.963222,0.011047026277653105
3.0,1.5,0.6666666666666666,0.2222222222222222,0.9498819999999999,0.012989747614413917
3.0,1.5,0.6666666666666666,0.2777777777777778,0.93025,0.017302782219778674
3.0,1.5,0.6666666666666666,0.3333333333333333,0.884946,0.03119842572206282
3.0,1.5,0.6666666666666666,0.38888888888888884,0.805332,0.04317919245797269
3.0,1.5,0.6666666666666666,0.4444444444444444,0.70214,0.05435436683826584
3.0,1.5,0.6666666666666666,0.5,0.596538,0.0576403450262878
3.0,1.5,0.7777777777777777,0.0,0.9852719999999999,0.005765109624105676
3.0,1.5,0.7777777777777777,0.05555555555555555,0.981256,0.006842521772593558
3.0,1.5,0.7777777777777777,0.1111111111111111,0.975456,0.007899929225222655
3.0,1.5,0.7777777777777777,0.16666666666666666,0.96783,0.009776925720956802
3.0,1.5,0.7777777777777777,0.2222222222222222,0.959304,0.011767946002009548
3.0,1.5,0.7777777777777777,0.2777777777777778,0.935998,0.01870512655715103
3.0,1.5,0.7777777777777777,0.3333333333333333,0.8847,0.030493436988945657
3.0,1.5,0.7777777777777777,0.38888888888888884,0.805174,0.043310406447102566
3.0,1.5,0.7777777777777777,0.4444444444444444,0.70184,0.05692897519218896
3.0,1.5,0.7777777777777777,0.5,0.597216,0.055925384587703665
3.0,1.5,0.8888888888888888,0.0,0.9852719999999999,0.005765109624105676
3.0,1.5,0.8888888888888888,0.05555555555555555,0.982598,0.0063829366093921935
3.0,1.5,0.8888888888888888,0.1111111111111111,0.978336,0.007510520610429044
3.0,1.5,0.8888888888888888,0.16666666666666666,0.9736020000000001,0.008510019792794116
3.0,1.5,0.8888888888888888,0.2222222222222222,0.9666359999999999,0.010487682631255964
3.0,1.5,0.8888888888888888,0.2777777777777778,0.937372,0.019729981254949045
3.0,1.5,0.8888888888888888,0.3333333333333333,0.8838119999999999,0.03082383612964968
3.0,1.5,0.8888888888888888,0.38888888888888884,0.8063020000000001,0.041424470660939954
3.0,1.5,0.8888888888888888,0.4444444444444444,0.7002419999999999,0.0541483473713288
3.0,1.5,0.8888888888888888,0.5,0.596718,0.05624205556011672
3.0,1.5,1.0,0.0,0.9852719999999999,0.005765109624105676
3.0,1.5,1.0,0.05555555555555555,0.9835839999999999,0.006325422193961746
3.0,1.5,1.0,0.1111111111111111,0.98097,0.006855296505648818
3.0,1.5,1.0,0.16666666666666666,0.9778680000000001,0.007897805179498084
3.0,1.5,1.0,0.2222222222222222,0.968926,0.01096398385094431
3.0,1.5,1.0,0.2777777777777778,0.938394,0.019687609502828704
3.0,1.5,1.0,0.3333333333333333,0.8851220000000001,0.031161662574850837
3.0,1.5,1.0,0.38888888888888884,0.8057280000000001,0.04052365171967347
3.0,1.5,1.0,0.4444444444444444,0.7038179999999999,0.05276837954456743
3.0,1.5,1.0,0.5,0.5969800000000001,0.0576228460314964
3.0,2.0,0.0,0.0,0.9852719999999999,0.005765109624105676
3.0,2.0,0.0,0.05555555555555555,0.9720599999999999,0.00911935992550475
3.0,2.0,0.0,0.1111111111111111,0.950462,0.01242535048476857
3.0,2.0,0.0,0.16666666666666666,0.9162080000000001,0.01788262599914369
3.0,2.0,0.0,0.2222222222222222,0.8707460000000001,0.022013055972911467
3.0,2.0,0.0,0.2777777777777778,0.806786,0.03058403128987218
3.0,2.0,0.0,0.3333333333333333,0.735578,0.034778023777606346
3.0,2.0,0.0,0.38888888888888884,0.655172,0.038035033107478314
3.0,2.0,0.0,0.4444444444444444,0.580836,0.04009769012682665
3.0,2.0,0.0,0.5,0.51538,0.04003630116309
3.0,2.0,0.1111111111111111,0.0,0.9852719999999999,0.005765109624105676
3.0,2.0,0.1111111111111111,0.05555555555555555,0.973412,0.0081367480813085
3.0,2.0,0.1111111111111111,0.1111111111111111,0.9540879999999999,0.01238786399459959
3.0,2.0,0.1111111111111111,0.16666666666666666,0.9264479999999999,0.01631943454558935
3.0,2.0,0.1111111111111111,0.2222222222222222,0.8855919999999999,0.02153287871445579
3.0,2.0,0.1111111111111111,0.2777777777777778,0.8296959999999999,0.028288089649745964
3.0,2.0,0.1111111111111111,0.3333333333333333,0.76365,0.03408746706374125
3.0,2.0,0.1111111111111111,0.38888888888888884,0.688198,0.040536072112188806
3.0,2.0,0.1111111111111111,0.4444444444444444,0.60748,0.0429137831654486
3.0,2.0,0.1111111111111111,0.5,0.539356,0.044048448276768834
3.0,2.0,0.2222222222222222,0.0,0.9852719999999999,0.005765109624105676
3.0,2.0,0.2222222222222222,0.05555555555555555,0.975088,0.008106521286886853
3.0,2.0,0.2222222222222222,0.1111111111111111,0.9585739999999999,0.011072023455846436
3.0,2.0,0.2222222222222222,0.16666666666666666,0.934194,0.015155188004340061
3.0,2.0,0.2222222222222222,0.2222222222222222,0.901042,0.020792616521342563
3.0,2.0,0.2222222222222222,0.2777777777777778,0.8546400000000001,0.025308485511340965
3.0,2.0,0.2222222222222222,0.3333333333333333,0.795194,0.03450985691724755
3.0,2.0,0.2222222222222222,0.38888888888888884,0.723942,0.038925480370113466
3.0,2.0,0.2222222222222222,0.4444444444444444,0.6457459999999999,0.04483768861840766
3.0,2.0,0.2222222222222222,0.5,0.570028,0.04552648171201182
3.0,2.0,0.3333333333333333,0.0,0.9852719999999999,0.005765109624105676
3.0,2.0,0.3333333333333333,0.05555555555555555,0.9768859999999999,0.008072380730696663
3.0,2.0,0.3333333333333333,0.1111111111111111,0.9627,0.010626751889049782
3.0,2.0,0.3333333333333333,0.16666666666666666,0.942932,0.014188516624651627
3.0,2.0,0.3333333333333333,0.2222222222222222,0.915856,0.018293621214901884
3.0,2.0,0.3333333333333333,0.2777777777777778,0.876668,0.02380578094524158
3.0,2.0,0.3333333333333333,0.3333333333333333,0.827106,0.031194245075842144
3.0,2.0,0.3333333333333333,0.38888888888888884,0.7646219999999999,0.03858970648882663
3.0,2.0,0.3333333333333333,0.4444444444444444,0.6774680000000001,0.047824212346604826
3.0,2.0,0.3333333333333333,0.5,0.5814300000000001,0.04989244042159538
3.0,2.0,0.4444444444444444,0.0,0.9852719999999999,0.005765109624105676
3.0,2.0,0.4444444444444444,0.05555555555555555,0.977548,0.007765842686099852
3.0,2.0,0.4444444444444444,0.1111111111111111,0.966556,0.009897210392180935
3.0,2.0,0.4444444444444444,0.16666666666666666,0.9512359999999999,0.012921541567202625
3.0,2.0,0.4444444444444444,0.2222222222222222,0.929288,0.016559997676512256
3.0,2.0,0.4444444444444444,0.2777777777777778,0.8982180000000001,0.022168386289971677
3.0,2.0,0.4444444444444444,0.3333333333333333,0.8530519999999999,0.029334046235340173
3.0,2.0,0.4444444444444444,0.38888888888888884,0.7782919999999999,0.03948453866499109
3.0,2.0,0.4444444444444444,0.4444444444444444,0.678322,0.05024383745699377
3.0,2.0,0.4444444444444444,0.5,0.5821320000000001,0.05016264704256183
3.0,2.0,0.5555555555555556,0.0,0.9852719999999999,0.005765109624105676
3.0,2.0,0.5555555555555556,0.05555555555555555,0.9797680000000001,0.007170565530001111
3.0,2.0,0.5555555555555556,0.1111111111111111,0.96988,0.009512653739221496
3.0,2.0,0.5555555555555556,0.16666666666666666,0.957994,0.012090754181329913
3.0,2.0,0.5555555555555556,0.2222222222222222,0.940932,0.015361488425712739
3.0,2.0,0.5555555555555556,0.2777777777777778,0.9146040000000001,0.0196813081827293
3.0,2.0,0.5555555555555556,0.3333333333333333,0.860288,0.030237752882758963
3.0,2.0,0.5555555555555556,0.38888888888888884,0.77755,0.04050007422245115
3.0,2.0,0.5555555555555556,0.4444444444444444,0.67844,0.05069270065600764
3.0,2.0,0.5555555555555556,0.5,0.5840019999999999,0.04827740062204716
3.0,2.0,0.6666666666666666,0.0,0.9852719999999999,0.005765109624105676
3.0,2.0,0.6666666666666666,0.05555555555555555,0.980232,0.0070405478926897904
3.0,2.0,0.6666666666666666,0.1111111111111111,0.973248,0.009341360609465424
3.0,2.0,0.6666666666666666,0.16666666666666666,0.964386,0.01093160573786012
3.0,2.0,0.6666666666666666,0.2222222222222222,0.9518599999999999,0.013971499762417123
3.0,2.0,0.6666666666666666,0.2777777777777778,0.919938,0.02043215853022895
3.0,2.0,0.6666666666666666,0.3333333333333333,0.859058,0.030573323211328707
3.0,2.0,0.6666666666666666,0.38888888888888884,0.779306,0.04198248947889694
3.0,2.0,0.6666666666666666,0.4444444444444444,0.6770740000000001,0.050496815550701034
3.0,2.0,0.6666666666666666,0.5,0.584434,0.05029449987259909
3.0,2.0,0.7777777777777777,0.0,0.9852719999999999,0.005765109624105676
3.0,2.0,0.7777777777777777,0.05555555555555555,0.981962,0.006655610437863777
3.0,2.0,0.7777777777777777,0.1111111111111111,0.9767579999999999,0.007850266834876222
3.0,2.0,0.7777777777777777,0.16666666666666666,0.9704259999999999,0.009141096394118876
3.0,2.0,0.7777777777777777,0.2222222222222222,0.9564400000000001,0.013459298102457695
3.0,2.0,0.7777777777777777,0.2777777777777778,0.918956,0.021385807666279007
3.0,2.0,0.7777777777777777,0.3333333333333333,0.8609,0.031132047938059532
3.0,2.0,0.7777777777777777,0.38888888888888884,0.7783020000000002,0.04018502792008328
3.0,2.0,0.7777777777777777,0.4444444444444444,0.680394,0.04965200304935971
3.0,2.0,0.7777777777777777,0.5,0.5824680000000001,0.04873342661602488
3.0,2.0,0.8888888888888888,0.0,0.9852719999999999,0.005765109624105676
3.0,2.0,0.8888888888888888,0.05555555555555555,0.983086,0.006743705147634833
3.0,2.0,0.8888888888888888,0.1111111111111111,0.978682,0.0077568817464789145
3.0,2.0,0.8888888888888888,0.16666666666666666,0.974758,0.009187178265875659
3.0,2.0,0.8888888888888888,0.2222222222222222,0.9568719999999998,0.013747202885472687
3.0,2.0,0.8888888888888888,0.2777777777777778,0.919996,0.020793863361747236
3.0,2.0,0.8888888888888888,0.3333333333333333,0.861274,0.031508292066341474
3.0,2.0,0.8888888888888888,0.38888888888888884,0.77873,0.0416001230825218
3.0,2.0,0.8888888888888888,0.4444444444444444,0.6777139999999999,0.04904874884772345
3.0,2.0,0.8888888888888888,0.5,0.5814119999999999,0.051817954966534824
3.0,2.0,1.0,0.0,0.9852719999999999,0.005765109624105676
3.0,2.0,1.0,0.05555555555555555,0.98383,0.006320839027536152
3.0,2.0,1.0,0.1111111111111111,0.9816900000000001,0.007010005731860829
3.0,2.0,1.0,0.16666666666666666,0.97759,0.008421147870862134
3.0,2.0,1.0,0.2222222222222222,0.9571879999999999,0.013201105801741667
3.0,2.0,1.0,0.2777777777777778,0.9192480000000001,0.02125789953370677
3.0,2.0,1.0,0.3333333333333333,0.8590979999999999,0.031354339176106735
3.0,2.0,1.0,0.38888888888888884,0.7791760000000002,0.041608118138050654
3.0,2.0,1.0,0.4444444444444444,0.6786019999999999,0.04899146786786138
3.0,2.0,1.0,0.5,0.5853440000000001,0.050251368778653736
3.0,2.5,0.0,0.0,0.9852719999999999,0.005765109624105676
3.0,2.5,0.0,0.05555555555555555,0.9720599999999999,0.00911935992550475
3.0,2.5,0.0,0.1111111111111111,0.950462,0.01242535048476857
3.0,2.5,0.0,0.16666666666666666,0.9162080000000001,0.01788262599914369
3.0,2.5,0.0,0.2222222222222222,0.8707460000000001,0.022013055972911467
3.0,2.5,0.0,0.2777777777777778,0.806786,0.03058403128987218
3.0,2.5,0.0,0.3333333333333333,0.735578,0.034778023777606346
3.0,2.5,0.0,0.38888888888888884,0.655172,0.038035033107478314
3.0,2.5,0.0,0.4444444444444444,0.580836,0.04009769012682665
3.0,2.5,0.0,0.5,0.51538,0.04003630116309
3.0,2.5,0.1111111111111111,0.0,0.9852719999999999,0.005765109624105676
3.0,2.5,0.1111111111111111,0.05555555555555555,0.973406,0.008978105410024275
3.0,2.5,0.1111111111111111,0.1111111111111111,0.9550700000000001,0.011951350113651518
3.0,2.5,0.1111111111111111,0.16666666666666666,0.9255140000000001,0.016484090951854685
3.0,2.5,0.1111111111111111,0.2222222222222222,0.885416,0.022072184001888605
3.0,2.5,0.1111111111111111,0.2777777777777778,0.830846,0.027413962403660987
3.0,2.5,0.1111111111111111,0.3333333333333333,0.7632380000000001,0.034630794675833805
3.0,2.5,0.1111111111111111,0.38888888888888884,0.687512,0.04040994659198565
3.0,2.5,0.1111111111111111,0.4444444444444444,0.609236,0.04309229857402348
3.0,2.5,0.1111111111111111,0.5,0.54065,0.04305236942406367
3.0,2.5,0.2222222222222222,0.0,0.9852719999999999,0.005765109624105676
3.0,2.5,0.2222222222222222,0.05555555555555555,0.975518,0.007961183132785462
3.0,2.5,0.2222222222222222,0.1111111111111111,0.9584739999999999,0.01129266898237485
3.0,2.5,0.2222222222222222,0.16666666666666666,0.935654,0.013723080188489709
3.0,2.5,0.2222222222222222,0.2222222222222222,0.9017360000000001,0.018628697236292274
3.0,2.5,0.2222222222222222,0.2777777777777778,0.858546,0.024799069977390033
3.0,2.5,0.2222222222222222,0.3333333333333333,0.799164,0.031039200504134598
3.0,2.5,0.2222222222222222,0.38888888888888884,0.728754,0.03903697291682617
3.0,2.5,0.2222222222222222,0.4444444444444444,0.648486,0.04670902771992885
3.0,2.5,0.2222222222222222,0.5,0.5673279999999999,0.047215665346452704
3.0,2.5,0.3333333333333333,0.0,0.9852719999999999,0.005765109624105676
3.0,2.5,0.3333333333333333,0.05555555555555555,0.9770740000000001,0.008084754201644114
3.0,2.5,0.3333333333333333,0.1111111111111111,0.9634499999999999,0.01020547909738756
3.0,2.5,0.3333333333333333,0.16666666666666666,0.944158,0.013738942939913953
3.0,2.5,0.3333333333333333,0.2222222222222222,0.918018,0.01774055044976117
3.0,2.5,0.3333333333333333,0.2777777777777778,0.879392,0.024117496621469107
3.0,2.5,0.3333333333333333,0.3333333333333333,0.82729,0.03176860696942113
3.0,2.5,0.3333333333333333,0.38888888888888884,0.7504500000000001,0.04157437139288377
3.0,2.5,0.3333333333333333,0.4444444444444444,0.6584939999999999,0.047065106102343456
3.0,2.5,0.3333333333333333,0.5,0.569034,0.0456967529531467
3.0,2.5,0.4444444444444444,0.0,0.9852719999999999,0.005765109624105676
3.0,2.5,0.4444444444444444,0.05555555555555555,0.9782719999999999,0.007526174500050501
3.0,2.5,0.4444444444444444,0.1111111111111111,0.9663079999999998,0.010411432747884782
3.0,2.5,0.4444444444444444,0.16666666666666666,0.951136,0.012931510039581897
3.0,2.5,0.4444444444444444,0.2222222222222222,0.9291800000000001,0.016550269570181953
3.0,2.5,0.4444444444444444,0.2777777777777778,0.895644,0.02330303256345204
3.0,2.5,0.4444444444444444,0.3333333333333333,0.835014,0.03145543980596637
3.0,2.5,0.4444444444444444,0.38888888888888884,0.752536,0.039710685982016554
3.0,2.5,0.4444444444444444,0.4444444444444444,0.6579259999999999,0.044012483700001354
3.0,2.5,0.4444444444444444,0.5,0.568952,0.04594570394958428
3.0,2.5,0.5555555555555556,0.0,0.9852719999999999,0.005765109624105676
3.0,2.5,0.5555555555555556,0.05555555555555555,0.9797359999999998,0.007323220816434032
3.0,2.5,0.5555555555555556,0.1111111111111111,0.9707039999999999,0.009298672734818592
3.0,2.5,0.5555555555555556,0.16666666666666666,0.9585499999999999,0.01209645188873965
3.0,2.5,0.5555555555555556,0.2222222222222222,0.9409420000000001,0.014534963582089375
3.0,2.5,0.5555555555555556,0.2777777777777778,0.8973479999999999,0.022412843798462263
3.0,2.5,0.5555555555555556,0.3333333333333333,0.835786,0.032115713320494184
3.0,2.5,0.5555555555555556,0.38888888888888884,0.749424,0.03913964803234944
3.0,2.5,0.5555555555555556,0.4444444444444444,0.6560239999999999,0.045569909560088336
3.0,2.5,0.5555555555555556,0.5,0.56875,0.0475769969762969
3.0,2.5,0.6666666666666666,0.0,0.9852719999999999,0.005765109624105676
3.0,2.5,0.6666666666666666,0.05555555555555555,0.9801040000000001,0.0072712396365202814
3.0,2.5,0.6666666666666666,0.1111111111111111,0.974058,0.008800541748673231
3.0,2.5,0.6666666666666666,0.16666666666666666,0.9651479999999999,0.01027936899102798
3.0,2.5,0.6666666666666666,0.2222222222222222,0.94317,0.015507225673736472
3.0,2.5,0.6666666666666666,0.2777777777777778,0.8993140000000001,0.022739780104442477
3.0,2.5,0.6666666666666666,0.3333333333333333,0.8343839999999999,0.03146026128435936
3.0,2.5,0.6666666666666666,0.38888888888888884,0.7520699999999999,0.04026038869404505
3.0,2.5,0.6666666666666666,0.4444444444444444,0.659244,0.04615609639548103
3.0,2.5,0.6666666666666666,0.5,0.569188,0.04730776580447253
3.0,2.5,0.7777777777777777,0.0,0.9852719999999999,0.005765109624105676
3.0,2.5,0.7777777777777777,0.05555555555555555,0.98233,0.007034206431449147
3.0,2.5,0.7777777777777777,0.1111111111111111,0.976846,0.007780446947921364
3.0,2.5,0.7777777777777777,0.16666666666666666,0.9692759999999999,0.009951174591549634
3.0,2.5,0.7777777777777777,0.2222222222222222,0.943098,0.01518636386020659
3.0,2.5,0.7777777777777777,0.2777777777777778,0.899798,0.02137988294611502
3.0,2.5,0.7777777777777777,0.3333333333333333,0.83424,0.03097931302775035
3.0,2.5,0.7777777777777777,0.38888888888888884,0.7526320000000001,0.038600889021712124
3.0,2.5,0.7777777777777777,0.4444444444444444,0.6561659999999999,0.04714641038323116
3.0,2.5,0.7777777777777777,0.5,0.5700080000000001,0.0460436746573501
3.0,2.5,0.8888888888888888,0.0,0.9852719999999999,0.005765109624105676
3.0,2.5,0.8888888888888888,0.05555555555555555,0.9828699999999999,0.006325592956593477
3.0,2.5,0.8888888888888888,0.1111111111111111,0.980296,0.007412845915647952
3.0,2.5,0.8888888888888888,0.16666666666666666,0.9701420000000001,0.009398004094589666
3.0,2.5,0.8888888888888888,0.2222222222222222,0.943408,0.01475183953068489
3.0,2.5,0.8888888888888888,0.2777777777777778,0.898566,0.021716649597474283
3.0,2.5,0.8888888888888888,0.3333333333333333,0.836134,0.029537925147919357
3.0,2.5,0.8888888888888888,0.38888888888888884,0.7518619999999999,0.038471327532126696
3.0,2.5,0.8888888888888888,0.4444444444444444,0.6586399999999999,0.04560220962898721
3.0,2.5,0.8888888888888888,0.5,0.57239,0.04679938316398046
3.0,2.5,1.0,0.0,0.9852719999999999,0.005765109624105676
3.0,2.5,1.0,0.05555555555555555,0.984228,0.006183241945931274
3.0,2.5,1.0,0.1111111111111111,0.9821579999999999,0.006766136060883555
3.0,2.5,1.0,0.16666666666666666,0.970432,0.009424596651533076
3.0,2.5,1.0,0.2222222222222222,0.944562,0.014728068032703788
3.0,2.5,1.0,0.2777777777777778,0.89998,0.022739960677697898
3.0,2.5,1.0,0.3333333333333333,0.83428,0.030348173309879656
3.0,2.5,1.0,0.38888888888888884,0.7533540000000001,0.04054815643133434
3.0,2.5,1.0,0.4444444444444444,0.655498,0.0469191304865214
3.0,2.5,1.0,0.5,0.5691620000000001,0.04919198571838539
3.0,3.0,0.0,0.0,0.9852719999999999,0.005765109624105676
3.0,3.0,0.0,0.05555555555555555,0.9720599999999999,0.00911935992550475
3.0,3.0,0.0,0.1111111111111111,0.950462,0.01242535048476857
3.0,3.0,0.0,0.16666666666666666,0.9162080000000001,0.01788262599914369
3.0,3.0,0.0,0.2222222222222222,0.8707460000000001,0.022013055972911467
3.0,3.0,0.0,0.2777777777777778,0.806786,0.03058403128987218
3.0,3.0,0.0,0.3333333333333333,0.735578,0.034778023777606346
3.0,3.0,0.0,0.38888888888888884,0.655172,0.038035033107478314
3.0,3.0,0.0,0.4444444444444444,0.580836,0.04009769012682665
3.0,3.0,0.0,0.5,0.51538,0.04003630116309
3.0,3.0,0.1111111111111111,0.0,0.9852719999999999,0.005765109624105676
3.0,3.0,0.1111111111111111,0.05555555555555555,0.973268,0.008771662335056036
3.0,3.0,0.1111111111111111,0.1111111111111111,0.954472,0.012257475572679288
3.0,3.0,0.1111111111111111,0.16666666666666666,0.925924,0.015450814844490133
3.0,3.0,0.1111111111111111,0.2222222222222222,0.8875080000000001,0.02142549976266973
3.0,3.0,0.1111111111111111,0.2777777777777778,0.831788,0.027927028015662086
3.0,3.0,0.1111111111111111,0.3333333333333333,0.76649,0.03414254423228164
3.0,3.0,0.1111111111111111,0.38888888888888884,0.689128,0.041164701885993596
3.0,3.0,0.1111111111111111,0.4444444444444444,0.6140180000000001,0.0439258538593679
3.0,3.0,0.1111111111111111,0.5,0.5445260000000001,0.042010607067887326
3.0,3.0,0.2222222222222222,0.0,0.9852719999999999,0.005765109624105676
3.0,3.0,0.2222222222222222,0.05555555555555555,0.974796,0.008409031312537172
3.0,3.0,0.2222222222222222,0.1111111111111111,0.959664,0.010799275563916808
3.0,3.0,0.2222222222222222,0.16666666666666666,0.93575,0.014399381388404733
3.0,3.0,0.2222222222222222,0.2222222222222222,0.902566,0.020607838557695494
3.0,3.0,0.2222222222222222,0.2777777777777778,0.857932,0.026447652687248652
3.0,3.0,0.2222222222222222,0.3333333333333333,0.7992560000000001,0.03290562298526036
3.0,3.0,0.2222222222222222,0.38888888888888884,0.7244619999999999,0.03660968579745495
3.0,3.0,0.2222222222222222,0.4444444444444444,0.636038,0.041989555863371594
3.0,3.0,0.2222222222222222,0.5,0.5565520000000002,0.04242016308871227
3.0,3.0,0.3333333333333333,0.0,0.9852719999999999,0.005765109624105676
3.0,3.0,0.3333333333333333,0.05555555555555555,0.97692,0.007781948177344156
3.0,3.0,0.3333333333333333,0.1111111111111111,0.9635260000000001,0.009928871485619906
3.0,3.0,0.3333333333333333,0.16666666666666666,0.94596,0.013473138123755836
3.0,3.0,0.3333333333333333,0.2222222222222222,0.9184360000000001,0.01793815650834375
3.0,3.0,0.3333333333333333,0.2777777777777778,0.875974,0.02402289580891724
3.0,3.0,0.3333333333333333,0.3333333333333333,0.808234,0.03116655181286192
3.0,3.0,0.3333333333333333,0.38888888888888884,0.725466,0.03567815445634516
3.0,3.0,0.3333333333333333,0.4444444444444444,0.638156,0.04120859085093593
3.0,3.0,0.3333333333333333,0.5,0.553736,0.043287896552915935
3.0,3.0,0.4444444444444444,0.0,0.9852719999999999,0.005765109624105676
3.0,3.0,0.4444444444444444,0.05555555555555555,0.9783160000000001,0.007707070901695901
3.0,3.0,0.4444444444444444,0.1111111111111111,0.968092,0.00969740249914693
3.0,3.0,0.4444444444444444,0.16666666666666666,0.9530219999999999,0.012798011337249882
3.0,3.0,0.4444444444444444,0.2222222222222222,0.92761,0.016666777220742196
3.0,3.0,0.4444444444444444,0.2777777777777778,0.877254,0.022181196879113182
3.0,3.0,0.4444444444444444,0.3333333333333333,0.8101820000000001,0.03058718731848535
3.0,3.0,0.4444444444444444,0.38888888888888884,0.724434,0.03573944963931374
3.0,3.0,0.4444444444444444,0.4444444444444444,0.637024,0.04326012367759948
3.0,3.0,0.4444444444444444,0.5,0.5550499999999999,0.04213176558539509
3.0,3.0,0.5555555555555556,0.0,0.9852719999999999,0.005765109624105676
3.0,3.0,0.5555555555555556,0.05555555555555555,0.9796159999999999,0.006802138058311427
3.0,3.0,0.5555555555555556,0.1111111111111111,0.97033,0.00957206083857573
3.0,3.0,0.5555555555555556,0.16666666666666666,0.957894,0.011951252187855256
3.0,3.0,0.5555555555555556,0.2222222222222222,0.9280600000000001,0.016549567255753392
3.0,3.0,0.5555555555555556,0.2777777777777778,0.8774639999999999,0.022926315357504456
3.0,3.0,0.5555555555555556,0.3333333333333333,0.8123199999999999,0.030170816301728152
3.0,3.0,0.5555555555555556,0.38888888888888884,0.726692,0.03699836339336614
3.0,3.0,0.5555555555555556,0.4444444444444444,0.6342960000000001,0.04264149361778868
3.0,3.0,0.5555555555555556,0.5,0.555004,0.04368162259239701
3.0,3.0,0.6666666666666666,0.0,0.9852719999999999,0.005765109624105676
3.0,3.0,0.6666666666666666,0.05555555555555555,0.980414,0.007225442411096517
3.0,3.0,0.6666666666666666,0.1111111111111111,0.974024,0.00835266172640984
3.0,3.0,0.6666666666666666,0.16666666666666666,0.95951,0.012230825244943396
3.0,3.0,0.6666666666666666,0.2222222222222222,0.928054,0.01636112639502022
3.0,3.0,0.6666666666666666,0.2777777777777778,0.877702,0.023932126720765088
3.0,3.0,0.6666666666666666,0.3333333333333333,0.809102,0.030681367123665676
3.0,3.0,0.6666666666666666,0.38888888888888884,0.724692,0.039179627645562015
3.0,3.0,0.6666666666666666,0.4444444444444444,0.6347619999999999,0.0425604056872644
3.0,3.0,0.6666666666666666,0.5,0.5546960000000001,0.04139757362701839
3.0,3.0,0.7777777777777777,0.0,0.9852719999999999,0.005765109624105676
3.0,3.0,0.7777777777777777,0.05555555555555555,0.981422,0.006409843069557375
3.0,3.0,0.7777777777777777,0.1111111111111111,0.977832,0.007419290244724969
3.0,3.0,0.7777777777777777,0.16666666666666666,0.95928,0.011795247166186164
3.0,3.0,0.7777777777777777,0.2222222222222222,0.927096,0.016416631676174676
3.0,3.0,0.7777777777777777,0.2777777777777778,0.8794160000000001,0.022855364345350484
3.0,3.0,0.7777777777777777,0.3333333333333333,0.810058,0.03173984043661663
3.0,3.0,0.7777777777777777,0.38888888888888884,0.725356,0.03780072822193005
3.0,3.0,0.7777777777777777,0.4444444444444444,0.632658,0.04335911740481177
3.0,3.0,0.7777777777777777,0.5,0.552742,0.04372022818679481
3.0,3.0,0.8888888888888888,0.0,0.9852719999999999,0.005765109624105676
3.0,3.0,0.8888888888888888,0.05555555555555555,0.9831980000000001,0.006572456951609628
3.0,3.0,0.8888888888888888,0.1111111111111111,0.9794279999999999,0.00732913695444383
3.0,3.0,0.8888888888888888,0.16666666666666666,0.9596720000000001,0.011142024295917772
3.0,3.0,0.8888888888888888,0.2222222222222222,0.928016,0.015852518686233864
3.0,3.0,0.8888888888888888,0.2777777777777778,0.8762,0.023791007209618017
3.0,3.0,0.8888888888888888,0.3333333333333333,0.8086780000000001,0.030314489151311932
3.0,3.0,0.8888888888888888,0.38888888888888884,0.7227619999999999,0.03851326913934465
3.0,3.0,0.8888888888888888,0.4444444444444444,0.634298,0.043785059768348296
3.0,3.0,0.8888888888888888,0.5,0.553296,0.042409734202305704
3.0,3.0,1.0,0.0,0.9852719999999999,0.005765109624105676
3.0,3.0,1.0,0.05555555555555555,0.98408,0.006517865074567027
3.0,3.0,1.0,0.1111111111111111,0.979704,0.0072504843318286155
3.0,3.0,1.0,0.16666666666666666,0.9599639999999999,0.011508762192974042
3.0,3.0,1.0,0.2222222222222222,0.928492,0.015843609940663878
3.0,3.0,1.0,0.2777777777777778,0.87727,0.022959341513324197
3.0,3.0,1.0,0.3333333333333333,0.8122619999999999,0.029626420735742308
3.0,3.0,1.0,0.38888888888888884,0.7293499999999999,0.0373901530766349
3.0,3.0,1.0,0.4444444444444444,0.636038,0.04119833931513075
3.0,3.0,1.0,0.5,0.555052,0.04389527179288837
3.5,0.0,0.0,0.0,0.985882,0.005764593400591961
3.5,0.0,0.0,0.05555555555555555,0.9729659999999999,0.00877352800116205
3.5,0.0,0.0,0.1111111111111111,0.951078,0.0124454688698651
3.5,0.0,0.0,0.16666666666666666,0.92168,0.015485386478508606
3.5,0.0,0.0,0.2222222222222222,0.8785799999999999,0.022366943472916494
3.5,0.0,0.0,0.2777777777777778,0.823276,0.02746504106972942
3.5,0.0,0.0,0.3333333333333333,0.7584380000000001,0.0342137884871771
3.5,0.0,0.0,0.38888888888888884,0.687148,0.03712231442753687
3.5,0.0,0.0,0.4444444444444444,0.621086,0.038664563892561954
3.5,0.0,0.0,0.5,0.5606679999999999,0.039939405205590535
3.5,0.0,0.1111111111111111,0.0,0.985882,0.005764593400591961
3.5,0.0,0.1111111111111111,0.05555555555555555,0.974176,0.00820558878903577
3.5,0.0,0.1111111111111111,0.1111111111111111,0.956042,0.01190326052905021
3.5,0.0,0.1111111111111111,0.16666666666666666,0.9267219999999999,0.0168909242685322
3.5,0.0,0.1111111111111111,0.2222222222222222,0.8895,0.020951179055308956
3.5,0.0,0.1111111111111111,0.2777777777777778,0.837048,0.028312132553013358
3.5,0.0,0.1111111111111111,0.3333333333333333,0.7717840000000001,0.03404137150509503
3.5,0.0,0.1111111111111111,0.38888888888888884,0.700898,0.04102943364037209
3.5,0.0,0.1111111111111111,0.4444444444444444,0.628984,0.04331679158093005
3.5,0.0,0.1111111111111111,0.5,0.5629760000000001,0.04505035508168576
3.5,0.0,0.2222222222222222,0.0,0.985882,0.005764593400591961
3.5,0.0,0.2222222222222222,0.05555555555555555,0.9752360000000001,0.008309174975745508
3.5,0.0,0.2222222222222222,0.1111111111111111,0.9580039999999999,0.011688508307431946
3.5,0.0,0.2222222222222222,0.16666666666666666,0.9336460000000001,0.015468523991284275
3.5,0.0,0.2222222222222222,0.2222222222222222,0.8985420000000001,0.019487734079649138
3.5,0.0,0.2222222222222222,0.2777777777777778,0.851062,0.027213218746577898
3.5,0.0,0.2222222222222222,0.3333333333333333,0.78821,0.035034679355105104
3.5,0.0,0.2222222222222222,0.38888888888888884,0.715196,0.04112152165334077
3.5,0.0,0.2222222222222222,0.4444444444444444,0.636582,0.04862114053180187
3.5,0.0,0.2222222222222222,0.5,0.564178,0.04952473841860111
3.5,0.0,0.3333333333333333,0.0,0.985882,0.005764593400591961
3.5,0.0,0.3333333333333333,0.05555555555555555,0.976174,0.007943419908306472
3.5,0.0,0.3333333333333333,0.1111111111111111,0.9610339999999999,0.011025059995110754
3.5,0.0,0.3333333333333333,0.16666666666666666,0.93956,0.014627862068579736
3.5,0.0,0.3333333333333333,0.2222222222222222,0.9086600000000001,0.020506424038669147
3.5,0.0,0.3333333333333333,0.2777777777777778,0.864256,0.02695238999890932
3.5,0.0,0.3333333333333333,0.3333333333333333,0.8051200000000002,0.03282298427311547
3.5,0.0,0.3333333333333333,0.38888888888888884,0.736334,0.04331289019349586
3.5,0.0,0.3333333333333333,0.4444444444444444,0.6517159999999999,0.052370532643641825
3.5,0.0,0.3333333333333333,0.5,0.5665979999999999,0.05654554973106881
3.5,0.0,0.4444444444444444,0.0,0.985882,0.005764593400591961
3.5,0.0,0.4444444444444444,0.05555555555555555,0.977018,0.00761272508148907
3.5,0.0,0.4444444444444444,0.1111111111111111,0.963856,0.010652051276293486
3.5,0.0,0.4444444444444444,0.16666666666666666,0.94484,0.015039906834657892
3.5,0.0,0.4444444444444444,0.2222222222222222,0.9192760000000001,0.018572930072094877
3.5,0.0,0.4444444444444444,0.2777777777777778,0.8813759999999999,0.024197223709974285
3.5,0.0,0.4444444444444444,0.3333333333333333,0.8308620000000001,0.03323817848526053
3.5,0.0,0.4444444444444444,0.38888888888888884,0.7649760000000001,0.042720973621563775
3.5,0.0,0.4444444444444444,0.4444444444444444,0.6736899999999999,0.057345330008183724
3.5,0.0,0.4444444444444444,0.5,0.5655780000000001,0.07448637698742928
3.5,0.0,0.5555555555555556,0.0,0.985882,0.005764593400591961
3.5,0.0,0.5555555555555556,0.05555555555555555,0.978444,0.007735278473728804
3.5,0.0,0.5555555555555556,0.1111111111111111,0.966202,0.010429128892621766
3.5,0.0,0.5555555555555556,0.16666666666666666,0.95086,0.01421085136764105
3.5,0.0,0.5555555555555556,0.2222222222222222,0.9291900000000001,0.01833800602382545
3.5,0.0,0.5555555555555556,0.2777777777777778,0.8969860000000001,0.023063513507499713
3.5,0.0,0.5555555555555556,0.3333333333333333,0.853172,0.0291109138745802
3.5,0.0,0.5555555555555556,0.38888888888888884,0.789828,0.04379871082737798
3.5,0.0,0.5555555555555556,0.4444444444444444,0.6982419999999999,0.06507223853884933
3.5,0.0,0.5555555555555556,0.5,0.5542860000000001,0.1095176352413515
3.5,0.0,0.6666666666666666,0.0,0.985882,0.005764593400591961
3.5,0.0,0.6666666666666666,0.05555555555555555,0.9788640000000001,0.007208983484914607
3.5,0.0,0.6666666666666666,0.1111111111111111,0.9695239999999999,0.009636344861230795
3.5,0.0,0.6666666666666666,0.16666666666666666,0.957132,0.01180938182116218
3.5,0.0,0.6666666666666666,0.2222222222222222,0.9382379999999999,0.015546470386649356
3.5,0.0,0.6666666666666666,0.2777777777777778,0.9116020000000001,0.02090966341307521
3.5,0.0,0.6666666666666666,0.3333333333333333,0.87516,0.02856168657274569
3.5,0.0,0.6666666666666666,0.38888888888888884,0.824202,0.04676364906364232
3.5,0.0,0.6666666666666666,0.4444444444444444,0.7110039999999999,0.12793776662212183
3.5,0.0,0.6666666666666666,0.5,0.47638800000000003,0.17116322957433536
3.5,0.0,0.7777777777777777,0.0,0.985882,0.005764593400591961
3.5,0.0,0.7777777777777777,0.05555555555555555,0.979496,0.007079988451469815
3.5,0.0,0.7777777777777777,0.1111111111111111,0.9716959999999999,0.00939916339602043
3.5,0.0,0.7777777777777777,0.16666666666666666,0.961222,0.011504844148347057
3.5,0.0,0.7777777777777777,0.2222222222222222,0.947346,0.014250770256579498
3.5,0.0,0.7777777777777777,0.2777777777777778,0.9271260000000001,0.017193176980108645
3.5,0.0,0.7777777777777777,0.3333333333333333,0.899776,0.024558584489833488
3.5,0.0,0.7777777777777777,0.38888888888888884,0.837108,0.11468348153886744
3.5,0.0,0.7777777777777777,0.4444444444444444,0.610348,0.2469746137068165
3.5,0.0,0.7777777777777777,0.5,0.372476,0.13816201688532065
3.5,0.0,0.8888888888888888,0.0,0.985882,0.005764593400591961
3.5,0.0,0.8888888888888888,0.05555555555555555,0.980756,0.006947589654261979
3.5,0.0,0.8888888888888888,0.1111111111111111,0.9744120000000001,0.008158638536271304
3.5,0.0,0.8888888888888888,0.16666666666666666,0.965954,0.010642293023667565
3.5,0.0,0.8888888888888888,0.2222222222222222,0.9558399999999999,0.012696487766433924
3.5,0.0,0.8888888888888888,0.2777777777777778,0.941404,0.01686123918262078
3.5,0.0,0.8888888888888888,0.3333333333333333,0.911588,0.07542062581015349
3.5,0.0,0.8888888888888888,0.38888888888888884,0.758538,0.2538525137821312
3.5,0.0,0.8888888888888888,0.4444444444444444,0.437074,0.22860799582584818
3.5,0.0,0.8888888888888888,0.5,0.331596,0.05646167395012743
3.5,0.0,1.0,0.0,0.985882,0.005764593400591961
3.5,0.0,1.0,0.05555555555555555,0.9818220000000001,0.0069153423573847595
3.5,0.0,1.0,0.1111111111111111,0.976644,0.008243371297029003
3.5,0.0,1.0,0.16666666666666666,0.970208,0.009822305807841958
3.5,0.0,1.0,0.2222222222222222,0.963136,0.011126774655238472
3.5,0.0,1.0,0.2777777777777778,0.953294,0.012979696029492966
3.5,0.0,1.0,0.3333333333333333,0.8850640000000001,0.1847382698866735
3.5,0.0,1.0,0.38888888888888884,0.5519780000000001,0.30180218460651764
3.5,0.0,1.0,0.4444444444444444,0.341746,0.09934400811269796
3.5,0.0,1.0,0.5,0.32739200000000007,0.028960935889836677
3.5,0.5,0.0,0.0,0.985882,0.005764593400591961
3.5,0.5,0.0,0.05555555555555555,0.9729659999999999,0.00877352800116205
3.5,0.5,0.0,0.1111111111111111,0.951078,0.0124454688698651
3.5,0.5,0.0,0.16666666666666666,0.92168,0.015485386478508606
3.5,0.5,0.0,0.2222222222222222,0.8785799999999999,0.022366943472916494
3.5,0.5,0.0,0.2777777777777778,0.823276,0.02746504106972942
3.5,0.5,0.0,0.3333333333333333,0.7584380000000001,0.0342137884871771
3.5,0.5,0.0,0.38888888888888884,0.687148,0.03712231442753687
3.5,0.5,0.0,0.4444444444444444,0.621086,0.038664563892561954
3.5,0.5,0.0,0.5,0.5606679999999999,0.039939405205590535
3.5,0.5,0.1111111111111111,0.0,0.985882,0.005764593400591961
3.5,0.5,0.1111111111111111,0.05555555555555555,0.973854,0.008420361570500174
3.5,0.5,0.1111111111111111,0.1111111111111111,0.9557680000000001,0.012090099959639205
3.5,0.5,0.1111111111111111,0.16666666666666666,0.9292659999999999,0.015388725409840756
3.5,0.5,0.1111111111111111,0.2222222222222222,0.8901000000000001,0.021792747593990813
3.5,0.5,0.1111111111111111,0.2777777777777778,0.8394479999999999,0.027373965075009755
3.5,0.5,0.1111111111111111,0.3333333333333333,0.775792,0.03378472363513139
3.5,0.5,0.1111111111111111,0.38888888888888884,0.70698,0.040805953630608925
3.5,0.5,0.1111111111111111,0.4444444444444444,0.634112,0.04249912713945113
3.5,0.5,0.1111111111111111,0.5,0.571704,0.04377690279630199
3.5,0.5,0.2222222222222222,0.0,0.985882,0.005764593400591961
3.5,0.5,0.2222222222222222,0.05555555555555555,0.975124,0.008185513377822874
3.5,0.5,0.2222222222222222,0.1111111111111111,0.9597579999999999,0.01080949241419342
3.5,0.5,0.2222222222222222,0.16666666666666666,0.9363040000000001,0.01476426601975876
3.5,0.5,0.2222222222222222,0.2222222222222222,0.903006,0.020059479790336517
3.5,0.5,0.2222222222222222,0.2777777777777778,0.855358,0.026664805638133574
3.5,0.5,0.2222222222222222,0.3333333333333333,0.797242,0.03242965928903979
3.5,0.5,0.2222222222222222,0.38888888888888884,0.728994,0.04094061836935214
3.5,0.5,0.2222222222222222,0.4444444444444444,0.6536259999999998,0.04503570309328157
3.5,0.5,0.2222222222222222,0.5,0.582348,0.04709635898941787
3.5,0.5,0.3333333333333333,0.0,0.985882,0.005764593400591961
3.5,0.5,0.3333333333333333,0.05555555555555555,0.97681,0.007695996148220636
3.5,0.5,0.3333333333333333,0.1111111111111111,0.961886,0.010695878066583892
3.5,0.5,0.3333333333333333,0.16666666666666666,0.9423579999999999,0.014450448675867021
3.5,0.5,0.3333333333333333,0.2222222222222222,0.913936,0.01985750601385232
3.5,0.5,0.3333333333333333,0.2777777777777778,0.87049,0.02616844425925816
3.5,0.5,0.3333333333333333,0.3333333333333333,0.82072,0.030828987218295214
3.5,0.5,0.3333333333333333,0.38888888888888884,0.756906,0.039253520118371146
3.5,0.5,0.3333333333333333,0.4444444444444444,0.67909,0.04829205052892843
3.5,0.5,0.3333333333333333,0.5,0.597634,0.05189599630863381
3.5,0.5,0.4444444444444444,0.0,0.985882,0.005764593400591961
3.5,0.5,0.4444444444444444,0.05555555555555555,0.97737,0.008253079828361445
3.5,0.5,0.4444444444444444,0.1111111111111111,0.9640899999999999,0.010365944511293818
3.5,0.5,0.4444444444444444,0.16666666666666666,0.9476479999999999,0.012913466274492084
3.5,0.5,0.4444444444444444,0.2222222222222222,0.9245540000000001,0.017302191064465292
3.5,0.5,0.4444444444444444,0.2777777777777778,0.8910159999999999,0.022749391500153468
3.5,0.5,0.4444444444444444,0.3333333333333333,0.8442759999999999,0.029578939320107567
3.5,0.5,0.4444444444444444,0.38888888888888884,0.7876420000000001,0.04002937093028253
3.5,0.5,0.4444444444444444,0.4444444444444444,0.7108300000000001,0.047952894178769224
3.5,0.5,0.4444444444444444,0.5,0.6265,0.05980306692492666
3.5,0.5,0.5555555555555556,0.0,0.985882,0.005764593400591961
3.5,0.5,0.5555555555555556,0.05555555555555555,0.9781920000000001,0.007781789543350175
3.5,0.5,0.5555555555555556,0.1111111111111111,0.967036,0.01031812149872859
3.5,0.5,0.5555555555555556,0.16666666666666666,0.95423,0.011962411905514465
3.5,0.5,0.5555555555555556,0.2222222222222222,0.934398,0.01651208326612888
3.5,0.5,0.5555555555555556,0.2777777777777778,0.906374,0.020922179599611446
3.5,0.5,0.5555555555555556,0.3333333333333333,0.869648,0.02815993714695118
3.5,0.5,0.5555555555555556,0.38888888888888884,0.821784,0.03414464904075355
3.5,0.5,0.5555555555555556,0.4444444444444444,0.753384,0.04992648447170503
3.5,0.5,0.5555555555555556,0.5,0.65033,0.07245644880856293
3.5,0.5,0.6666666666666666,0.0,0.985882,0.005764593400591961
3.5,0.5,0.6666666666666666,0.05555555555555555,0.979104,0.007872810571364294
3.5,0.5,0.6666666666666666,0.1111111111111111,0.970748,0.009312461537088874
3.5,0.5,0.6666666666666666,0.16666666666666666,0.960054,0.011702691569889392
3.5,0.5,0.6666666666666666,0.2222222222222222,0.943268,0.014322095546451377
3.5,0.5,0.6666666666666666,0.2777777777777778,0.922344,0.01843380792319096
3.5,0.5,0.6666666666666666,0.3333333333333333,0.895188,0.023907232536098166
3.5,0.5,0.6666666666666666,0.38888888888888884,0.8545619999999999,0.032249188770459083
3.5,0.5,0.6666666666666666,0.4444444444444444,0.7940259999999999,0.05164249430882355
3.5,0.5,0.6666666666666666,0.5,0.6750320000000001,0.08100136677141734
3.5,0.5,0.7777777777777777,0.0,0.985882,0.005764593400591961
3.5,0.5,0.7777777777777777,0.05555555555555555,0.980526,0.0070376402836123345
3.5,0.5,0.7777777777777777,0.1111111111111111,0.973914,0.008499357750108464
3.5,0.5,0.7777777777777777,0.16666666666666666,0.9645179999999999,0.01066964660696103
3.5,0.5,0.7777777777777777,0.2222222222222222,0.953464,0.01279641357571727
3.5,0.5,0.7777777777777777,0.2777777777777778,0.9377179999999999,0.015879887204740133
3.5,0.5,0.7777777777777777,0.3333333333333333,0.917142,0.019649071428849547
3.5,0.5,0.7777777777777777,0.38888888888888884,0.8853600000000001,0.030100939072828473
3.5,0.5,0.7777777777777777,0.4444444444444444,0.809654,0.059635484957634606
3.5,0.5,0.7777777777777777,0.5,0.675416,0.08148960704355018
3.5,0.5,0.8888888888888888,0.0,0.985882,0.005764593400591961
3.5,0.5,0.8888888888888888,0.05555555555555555,0.981466,0.006852061404495885
3.5,0.5,0.8888888888888888,0.1111111111111111,0.9759439999999999,0.008179405194675075
3.5,0.5,0.8888888888888888,0.16666666666666666,0.9697959999999999,0.009925896980209074
3.5,0.5,0.8888888888888888,0.2222222222222222,0.961274,0.011912629663134083
3.5,0.5,0.8888888888888888,0.2777777777777778,0.951792,0.013189110708556691
3.5,0.5,0.8888888888888888,0.3333333333333333,0.93599,0.019090909502988616
3.5,0.5,0.8888888888888888,0.38888888888888884,0.8996679999999999,0.03488960224320965
3.5,0.5,0.8888888888888888,0.4444444444444444,0.810288,0.06491305311668723
3.5,0.5,0.8888888888888888,0.5,0.6771960000000001,0.08365564007425001
3.5,0.5,1.0,0.0,0.985882,0.005764593400591961
3.5,0.5,1.0,0.05555555555555555,0.982566,0.006250422350459072
3.5,0.5,1.0,0.1111111111111111,0.9787619999999999,0.007796083236321658
3.5,0.5,1.0,0.16666666666666666,0.97424,0.008951573119996578
3.5,0.5,1.0,0.2222222222222222,0.969262,0.00999244985517648
3.5,0.5,1.0,0.2777777777777778,0.962282,0.011150746804973088
3.5,0.5,1.0,0.3333333333333333,0.9491179999999999,0.01852723922192327
3.5,0.5,1.0,0.38888888888888884,0.9023979999999999,0.039574637077294826
3.5,0.5,1.0,0.4444444444444444,0.813552,0.060020832188442556
3.5,0.5,1.0,0.5,0.6787259999999999,0.08028685372938416
3.5,1.0,0.0,0.0,0.985882,0.005764593400591961
3.5,1.0,0.0,0.05555555555555555,0.9729659999999999,0.00877352800116205
3.5,1.0,0.0,0.1111111111111111,0.951078,0.0124454688698651
3.5,1.0,0.0,0.16666666666666666,0.92168,0.015485386478508606
3.5,1.0,0.0,0.2222222222222222,0.8785799999999999,0.022366943472916494
3.5,1.0,0.0,0.2777777777777778,0.823276,0.02746504106972942
3.5,1.0,0.0,0.3333333333333333,0.7584380000000001,0.0342137884871771
3.5,1.0,0.0,0.38888888888888884,0.687148,0.03712231442753687
3.5,1.0,0.0,0.4444444444444444,0.621086,0.038664563892561954
3.5,1.0,0.0,0.5,0.5606679999999999,0.039939405205590535
3.5,1.0,0.1111111111111111,0.0,0.985882,0.005764593400591961
3.5,1.0,0.1111111111111111,0.05555555555555555,0.97443,0.008201929241743873
3.5,1.0,0.1111111111111111,0.1111111111111111,0.95574,0.011620950605951797
3.5,1.0,0.1111111111111111,0.16666666666666666,0.92834,0.01652278441454765
3.5,1.0,0.1111111111111111,0.2222222222222222,0.8914780000000001,0.021966122486095464
3.5,1.0,0.1111111111111111,0.2777777777777778,0.839616,0.028294977566893784
3.5,1.0,0.1111111111111111,0.3333333333333333,0.78036,0.03230079073589883
3.5,1.0,0.1111111111111111,0.38888888888888884,0.7084360000000001,0.039707673094821476
3.5,1.0,0.1111111111111111,0.4444444444444444,0.6415,0.040511286435477654
3.5,1.0,0.1111111111111111,0.5,0.5780019999999999,0.04225552098966731
3.5,1.0,0.2222222222222222,0.0,0.985882,0.005764593400591961
3.5,1.0,0.2222222222222222,0.05555555555555555,0.9751559999999999,0.008145450308082601
3.5,1.0,0.2222222222222222,0.1111111111111111,0.958682,0.011554388074127295
3.5,1.0,0.2222222222222222,0.16666666666666666,0.935984,0.015411774381269571
3.5,1.0,0.2222222222222222,0.2222222222222222,0.903864,0.019600660084586538
3.5,1.0,0.2222222222222222,0.2777777777777778,0.85945,0.02595470657871466
3.5,1.0,0.2222222222222222,0.3333333333333333,0.804066,0.03142209955877171
3.5,1.0,0.2222222222222222,0.38888888888888884,0.738374,0.04003853509539492
3.5,1.0,0.2222222222222222,0.4444444444444444,0.666808,0.044088078358061986
3.5,1.0,0.2222222222222222,0.5,0.5963140000000001,0.046744555950635
3.5,1.0,0.3333333333333333,0.0,0.985882,0.005764593400591961
3.5,1.0,0.3333333333333333,0.05555555555555555,0.976688,0.007689011496648402
3.5,1.0,0.3333333333333333,0.1111111111111111,0.96314,0.010628562116548525
3.5,1.0,0.3333333333333333,0.16666666666666666,0.94307,0.013924254728332062
3.5,1.0,0.3333333333333333,0.2222222222222222,0.9169400000000001,0.018286530408712778
3.5,1.0,0.3333333333333333,0.2777777777777778,0.88025,0.023272359257514533
3.5,1.0,0.3333333333333333,0.3333333333333333,0.830948,0.029690610649184043
3.5,1.0,0.3333333333333333,0.38888888888888884,0.771788,0.03834297097051418
3.5,1.0,0.3333333333333333,0.4444444444444444,0.699264,0.04545739823294131
3.5,1.0,0.3333333333333333,0.5,0.625368,0.049585421284970614
3.5,1.0,0.4444444444444444,0.0,0.985882,0.005764593400591961
3.5,1.0,0.4444444444444444,0.05555555555555555,0.978022,0.007801232881342407
3.5,1.0,0.4444444444444444,0.1111111111111111,0.9663160000000001,0.01093889678742111
3.5,1.0,0.4444444444444444,0.16666666666666666,0.950072,0.013013897920229582
3.5,1.0,0.4444444444444444,0.2222222222222222,0.9281159999999999,0.016716141983292982
3.5,1.0,0.4444444444444444,0.2777777777777778,0.89686,0.022455844002391014
3.5,1.0,0.4444444444444444,0.3333333333333333,0.8560220000000001,0.027491983090867367
3.5,1.0,0.4444444444444444,0.38888888888888884,0.8051159999999999,0.03506773497208143
3.5,1.0,0.4444444444444444,0.4444444444444444,0.736914,0.045016525622912265
3.5,1.0,0.4444444444444444,0.5,0.659928,0.05446260337454194
3.5,1.0,0.5555555555555556,0.0,0.985882,0.005764593400591961
3.5,1.0,0.5555555555555556,0.05555555555555555,0.978896,0.007686569501500837
3.5,1.0,0.5555555555555556,0.1111111111111111,0.96953,0.009805988722696937
3.5,1.0,0.5555555555555556,0.16666666666666666,0.957384,0.012081907505768938
3.5,1.0,0.5555555555555556,0.2222222222222222,0.9393040000000001,0.015121272756602126
3.5,1.0,0.5555555555555556,0.2777777777777778,0.9158599999999999,0.02040610738080328
3.5,1.0,0.5555555555555556,0.3333333333333333,0.883738,0.024417899656753762
3.5,1.0,0.5555555555555556,0.38888888888888884,0.840814,0.031264073448243355
3.5,1.0,0.5555555555555556,0.4444444444444444,0.77597,0.04718654724051088
3.5,1.0,0.5555555555555556,0.5,0.6838219999999999,0.06123592076538058
3.5,1.0,0.6666666666666666,0.0,0.985882,0.005764593400591961
3.5,1.0,0.6666666666666666,0.05555555555555555,0.97994,0.007464840768254263
3.5,1.0,0.6666666666666666,0.1111111111111111,0.972078,0.009615655862984646
3.5,1.0,0.6666666666666666,0.16666666666666666,0.962166,0.011038575283458332
3.5,1.0,0.6666666666666666,0.2222222222222222,0.948058,0.013494251578035075
3.5,1.0,0.6666666666666666,0.2777777777777778,0.9299280000000001,0.017064618906874912
3.5,1.0,0.6666666666666666,0.3333333333333333,0.906352,0.021149626696914482
3.5,1.0,0.6666666666666666,0.38888888888888884,0.8697059999999999,0.0312045993090133
3.5,1.0,0.6666666666666666,0.4444444444444444,0.794344,0.05223418885145952
3.5,1.0,0.6666666666666666,0.5,0.6838719999999999,0.06696719215893185
3.5,1.0,0.7777777777777777,0.0,0.985882,0.005764593400591961
3.5,1.0,0.7777777777777777,0.05555555555555555,0.981356,0.006772665797454365
3.5,1.0,0.7777777777777777,0.1111111111111111,0.9746419999999999,0.008921492142242145
3.5,1.0,0.7777777777777777,0.16666666666666666,0.9680519999999999,0.009665616601571652
3.5,1.0,0.7777777777777777,0.2222222222222222,0.957634,0.01132751823387088
3.5,1.0,0.7777777777777777,0.2777777777777778,0.945576,0.014077520277176226
3.5,1.0,0.7777777777777777,0.3333333333333333,0.9253220000000001,0.02071715997512375
3.5,1.0,0.7777777777777777,0.38888888888888884,0.881418,0.03732024755753253
3.5,1.0,0.7777777777777777,0.4444444444444444,0.796102,0.05530621258322256
3.5,1.0,0.7777777777777777,0.5,0.685212,0.06813707050316671
3.5,1.0,0.8888888888888888,0.0,0.985882,0.005764593400591961
3.5,1.0,0.8888888888888888,0.05555555555555555,0.982172,0.006732686993191998
3.5,1.0,0.8888888888888888,0.1111111111111111,0.9779439999999999,0.007845761655308172
3.5,1.0,0.8888888888888888,0.16666666666666666,0.9723440000000001,0.009362102430749614
3.5,1.0,0.8888888888888888,0.2222222222222222,0.966144,0.01075912550178342
3.5,1.0,0.8888888888888888,0.2777777777777778,0.957098,0.012762843584119691
3.5,1.0,0.8888888888888888,0.3333333333333333,0.936824,0.022879860139432637
3.5,1.0,0.8888888888888888,0.38888888888888884,0.883774,0.03916466092449496
3.5,1.0,0.8888888888888888,0.4444444444444444,0.793924,0.056811983127274354
3.5,1.0,0.8888888888888888,0.5,0.6818979999999999,0.06590604531922122
3.5,1.0,1.0,0.0,0.985882,0.005764593400591961
3.5,1.0,1.0,0.05555555555555555,0.983048,0.00664303815372332
3.5,1.0,1.0,0.1111111111111111,0.980062,0.007040261825610357
3.5,1.0,1.0,0.16666666666666666,0.9764980000000001,0.007812045321438457
3.5,1.0,1.0,0.2222222222222222,0.9724559999999999,0.008954576085205359
3.5,1.0,1.0,0.2777777777777778,0.9658720000000001,0.012581900669171482
3.5,1.0,1.0,0.3333333333333333,0.9384280000000002,0.02509742172324295
3.5,1.0,1.0,0.38888888888888884,0.8833639999999999,0.03877647139009599
3.5,1.0,1.0,0.4444444444444444,0.793624,0.058624844296061664
3.5,1.0,1.0,0.5,0.679432,0.06790740908337493
3.5,1.5,0.0,0.0,0.985882,0.005764593400591961
3.5,1.5,0.0,0.05555555555555555,0.9729659999999999,0.00877352800116205
3.5,1.5,0.0,0.1111111111111111,0.951078,0.0124454688698651
3.5,1.5,0.0,0.16666666666666666,0.92168,0.015485386478508606
3.5,1.5,0.0,0.2222222222222222,0.8785799999999999,0.022366943472916494
3.5,1.5,0.0,0.2777777777777778,0.823276,0.02746504106972942
3.5,1.5,0.0,0.3333333333333333,0.7584380000000001,0.0342137884871771
3.5,1.5,0.0,0.38888888888888884,0.687148,0.03712231442753687
3.5,1.5,0.0,0.4444444444444444,0.621086,0.038664563892561954
3.5,1.5,0.0,0.5,0.5606679999999999,0.039939405205590535
3.5,1.5,0.1111111111111111,0.0,0.985882,0.005764593400591961
3.5,1.5,0.1111111111111111,0.05555555555555555,0.97349,0.008456294568880125
3.5,1.5,0.1111111111111111,0.1111111111111111,0.955958,0.011365852418644403
3.5,1.5,0.1111111111111111,0.16666666666666666,0.929422,0.01619371448363699
3.5,1.5,0.1111111111111111,0.2222222222222222,0.891904,0.021404651415157617
3.5,1.5,0.1111111111111111,0.2777777777777778,0.8425199999999999,0.02805701324061361
3.5,1.5,0.1111111111111111,0.3333333333333333,0.783468,0.0340643175693118
3.5,1.5,0.1111111111111111,0.38888888888888884,0.713362,0.038887471335299066
3.5,1.5,0.1111111111111111,0.4444444444444444,0.644088,0.04116962633136872
3.5,1.5,0.1111111111111111,0.5,0.582986,0.04114890361281906
3.5,1.5,0.2222222222222222,0.0,0.985882,0.005764593400591961
3.5,1.5,0.2222222222222222,0.05555555555555555,0.9755619999999999,0.007795620526859793
3.5,1.5,0.2222222222222222,0.1111111111111111,0.959874,0.011562764333760165
3.5,1.5,0.2222222222222222,0.16666666666666666,0.936604,0.015420205883807043
3.5,1.5,0.2222222222222222,0.2222222222222222,0.905274,0.019523659250793187
3.5,1.5,0.2222222222222222,0.2777777777777778,0.863116,0.024817460722512015
3.5,1.5,0.2222222222222222,0.3333333333333333,0.8110400000000001,0.03214219409565195
3.5,1.5,0.2222222222222222,0.38888888888888884,0.7466400000000001,0.038895863229303794
3.5,1.5,0.2222222222222222,0.4444444444444444,0.6756400000000001,0.0429542143340804
3.5,1.5,0.2222222222222222,0.5,0.60726,0.044395566587952594
3.5,1.5,0.3333333333333333,0.0,0.985882,0.005764593400591961
3.5,1.5,0.3333333333333333,0.05555555555555555,0.977022,0.007642927756388833
3.5,1.5,0.3333333333333333,0.1111111111111111,0.9628979999999999,0.011186145704013647
3.5,1.5,0.3333333333333333,0.16666666666666666,0.9447659999999999,0.013586922127759873
3.5,1.5,0.3333333333333333,0.2222222222222222,0.919564,0.017498179235369202
3.5,1.5,0.3333333333333333,0.2777777777777778,0.884654,0.024533937968138145
3.5,1.5,0.3333333333333333,0.3333333333333333,0.83672,0.02955789129616237
3.5,1.5,0.3333333333333333,0.38888888888888884,0.780672,0.03567264345380033
3.5,1.5,0.3333333333333333,0.4444444444444444,0.713014,0.04325764964147971
3.5,1.5,0.3333333333333333,0.5,0.642434,0.04870361103095857
3.5,1.5,0.4444444444444444,0.0,0.985882,0.005764593400591961
3.5,1.5,0.4444444444444444,0.05555555555555555,0.978588,0.007590090575869299
3.5,1.5,0.4444444444444444,0.1111111111111111,0.967534,0.009541851910177165
3.5,1.5,0.4444444444444444,0.16666666666666666,0.9520919999999999,0.012821869468737635
3.5,1.5,0.4444444444444444,0.2222222222222222,0.930654,0.017276087821634884
3.5,1.5,0.4444444444444444,0.2777777777777778,0.90224,0.02003429924635712
3.5,1.5,0.4444444444444444,0.3333333333333333,0.86541,0.025766678937864204
3.5,1.5,0.4444444444444444,0.38888888888888884,0.8155399999999999,0.03417584493108406
3.5,1.5,0.4444444444444444,0.4444444444444444,0.7527639999999999,0.042346555533255156
3.5,1.5,0.4444444444444444,0.5,0.669584,0.054952876004467
3.5,1.5,0.5555555555555556,0.0,0.985882,0.005764593400591961
3.5,1.5,0.5555555555555556,0.05555555555555555,0.9792919999999999,0.007176191988995682
3.5,1.5,0.5555555555555556,0.1111111111111111,0.9705360000000001,0.008946551602217611
3.5,1.5,0.5555555555555556,0.16666666666666666,0.9586319999999999,0.011340095746645443
3.5,1.5,0.5555555555555556,0.2222222222222222,0.9413579999999999,0.014825972309087136
3.5,1.5,0.5555555555555556,0.2777777777777778,0.9204340000000001,0.01784394734675675
3.5,1.5,0.5555555555555556,0.3333333333333333,0.890758,0.02426233207082596
3.5,1.5,0.5555555555555556,0.38888888888888884,0.846962,0.03270620656535685
3.5,1.5,0.5555555555555556,0.4444444444444444,0.771048,0.04898310305370145
3.5,1.5,0.5555555555555556,0.5,0.671488,0.05953199116394384
3.5,1.5,0.6666666666666666,0.0,0.985882,0.005764593400591961
3.5,1.5,0.6666666666666666,0.05555555555555555,0.9808479999999999,0.0071239312737832695
3.5,1.5,0.6666666666666666,0.1111111111111111,0.9729579999999999,0.008764580522962135
3.5,1.5,0.6666666666666666,0.16666666666666666,0.9643160000000001,0.010526812031336286
3.5,1.5,0.6666666666666666,0.2222222222222222,0.9526079999999999,0.013202232154743193
3.5,1.5,0.6666666666666666,0.2777777777777778,0.936294,0.016021389885641456
3.5,1.5,0.6666666666666666,0.3333333333333333,0.9117700000000001,0.02318283822088986
3.5,1.5,0.6666666666666666,0.38888888888888884,0.857868,0.03672868863896827
3.5,1.5,0.6666666666666666,0.4444444444444444,0.7716620000000001,0.05102692672012498
3.5,1.5,0.6666666666666666,0.5,0.6720499999999999,0.05784385293741493
3.5,1.5,0.7777777777777777,0.0,0.985882,0.005764593400591961
3.5,1.5,0.7777777777777777,0.05555555555555555,0.9817079999999998,0.007104624365492491
3.5,1.5,0.7777777777777777,0.1111111111111111,0.976596,0.007862341688941501
3.5,1.5,0.7777777777777777,0.16666666666666666,0.9699679999999999,0.01005570536664842
3.5,1.5,0.7777777777777777,0.2222222222222222,0.9609800000000001,0.011824518530449926
3.5,1.5,0.7777777777777777,0.2777777777777778,0.9491400000000001,0.01350841792029763
3.5,1.5,0.7777777777777777,0.3333333333333333,0.9194340000000001,0.02453376153201581
3.5,1.5,0.7777777777777777,0.38888888888888884,0.8606479999999999,0.03697255787840686
3.5,1.5,0.7777777777777777,0.4444444444444444,0.7682680000000001,0.05460299579968671
3.5,1.5,0.7777777777777777,0.5,0.673284,0.05774409150907489
3.5,1.5,0.8888888888888888,0.0,0.985882,0.005764593400591961
3.5,1.5,0.8888888888888888,0.05555555555555555,0.98251,0.0064728429141129125
3.5,1.5,0.8888888888888888,0.1111111111111111,0.978998,0.00762931247345627
3.5,1.5,0.8888888888888888,0.16666666666666666,0.974498,0.008369354107477637
3.5,1.5,0.8888888888888888,0.2222222222222222,0.969146,0.00909186493608612
3.5,1.5,0.8888888888888888,0.2777777777777778,0.956716,0.015356137728343787
3.5,1.5,0.8888888888888888,0.3333333333333333,0.92087,0.024125529680500878
3.5,1.5,0.8888888888888888,0.38888888888888884,0.859956,0.03687923833867617
3.5,1.5,0.8888888888888888,0.4444444444444444,0.771464,0.051427875288732536
3.5,1.5,0.8888888888888888,0.5,0.67155,0.05663088923220666
3.5,1.5,1.0,0.0,0.985882,0.005764593400591961
3.5,1.5,1.0,0.05555555555555555,0.98412,0.00619373269114019
3.5,1.5,1.0,0.1111111111111111,0.9813619999999998,0.006683734031303347
3.5,1.5,1.0,0.16666666666666666,0.9787380000000001,0.007939990106150735
3.5,1.5,1.0,0.2222222222222222,0.975352,0.008865737340864245
3.5,1.5,1.0,0.2777777777777778,0.959438,0.016977710130714484
3.5,1.5,1.0,0.3333333333333333,0.921358,0.02511524212054398
3.5,1.5,1.0,0.38888888888888884,0.860322,0.03619096417305777
3.5,1.5,1.0,0.4444444444444444,0.7708619999999999,0.05281964393642904
3.5,1.5,1.0,0.5,0.6695019999999999,0.05650294826223362
3.5,2.0,0.0,0.0,0.985882,0.005764593400591961
3.5,2.0,0.0,0.05555555555555555,0.9729659999999999,0.00877352800116205
3.5,2.0,0.0,0.1111111111111111,0.951078,0.0124454688698651
3.5,2.0,0.0,0.16666666666666666,0.92168,0.015485386478508606
3.5,2.0,0.0,0.2222222222222222,0.8785799999999999,0.022366943472916494
3.5,2.0,0.0,0.2777777777777778,0.823276,0.02746504106972942
3.5,2.0,0.0,0.3333333333333333,0.7584380000000001,0.0342137884871771
3.5,2.0,0.0,0.38888888888888884,0.687148,0.03712231442753687
3.5,2.0,0.0,0.4444444444444444,0.621086,0.038664563892561954
3.5,2.0,0.0,0.5,0.5606679999999999,0.039939405205590535
3.5,2.0,0.1111111111111111,0.0,0.985882,0.005764593400591961
3.5,2.0,0.1111111111111111,0.05555555555555555,0.97335,0.008380690421670983
3.5,2.0,0.1111111111111111,0.1111111111111111,0.9560239999999999,0.01195278889316837
3.5,2.0,0.1111111111111111,0.16666666666666666,0.9300499999999999,0.016176243126367944
3.5,2.0,0.1111111111111111,0.2222222222222222,0.892884,0.02086233491333298
3.5,2.0,0.1111111111111111,0.2777777777777778,0.8443979999999999,0.02624410604696622
3.5,2.0,0.1111111111111111,0.3333333333333333,0.785778,0.031559542541850956
3.5,2.0,0.1111111111111111,0.38888888888888884,0.718654,0.03984713128624804
3.5,2.0,0.1111111111111111,0.4444444444444444,0.64896,0.041638659391385585
3.5,2.0,0.1111111111111111,0.5,0.585124,0.041018455008722664
3.5,2.0,0.2222222222222222,0.0,0.985882,0.005764593400591961
3.5,2.0,0.2222222222222222,0.05555555555555555,0.975588,0.008103925172804411
3.5,2.0,0.2222222222222222,0.1111111111111111,0.9597479999999999,0.011617160273735197
3.5,2.0,0.2222222222222222,0.16666666666666666,0.938778,0.014331626111995337
3.5,2.0,0.2222222222222222,0.2222222222222222,0.90796,0.019173148391395643
3.5,2.0,0.2222222222222222,0.2777777777777778,0.865488,0.025106304168834505
3.5,2.0,0.2222222222222222,0.3333333333333333,0.812514,0.031318356964660996
3.5,2.0,0.2222222222222222,0.38888888888888884,0.7507460000000001,0.03591324276658994
3.5,2.0,0.2222222222222222,0.4444444444444444,0.682936,0.0432929609166416
3.5,2.0,0.2222222222222222,0.5,0.6158779999999999,0.04649704362787236
3.5,2.0,0.3333333333333333,0.0,0.985882,0.005764593400591961
3.5,2.0,0.3333333333333333,0.05555555555555555,0.9770319999999999,0.0073273703818919145
3.5,2.0,0.3333333333333333,0.1111111111111111,0.9638399999999999,0.011049642038471509
3.5,2.0,0.3333333333333333,0.16666666666666666,0.9456599999999998,0.012793425791670239
3.5,2.0,0.3333333333333333,0.2222222222222222,0.921664,0.01811738345253894
3.5,2.0,0.3333333333333333,0.2777777777777778,0.8863240000000001,0.02392647019415744
3.5,2.0,0.3333333333333333,0.3333333333333333,0.842086,0.029400874593346817
3.5,2.0,0.3333333333333333,0.38888888888888884,0.786446,0.03589635330170352
3.5,2.0,0.3333333333333333,0.4444444444444444,0.7206579999999999,0.043496539332086324
3.5,2.0,0.3333333333333333,0.5,0.6506479999999999,0.04985835745003273
3.5,2.0,0.4444444444444444,0.0,0.985882,0.005764593400591961
3.5,2.0,0.4444444444444444,0.05555555555555555,0.9782000000000001,0.007452185594862808
3.5,2.0,0.4444444444444444,0.1111111111111111,0.967386,0.010201821323500693
3.5,2.0,0.4444444444444444,0.16666666666666666,0.9528179999999999,0.0122486298771632
3.5,2.0,0.4444444444444444,0.2222222222222222,0.932804,0.015978868309893837
3.5,2.0,0.4444444444444444,0.2777777777777778,0.905536,0.020525772059468945
3.5,2.0,0.4444444444444444,0.3333333333333333,0.8697720000000001,0.02576166420643999
3.5,2.0,0.4444444444444444,0.38888888888888884,0.819856,0.03478129873197614
3.5,2.0,0.4444444444444444,0.4444444444444444,0.743912,0.04489368710948757
3.5,2.0,0.4444444444444444,0.5,0.6530539999999999,0.05245033039282625
3.5,2.0,0.5555555555555556,0.0,0.985882,0.005764593400591961
3.5,2.0,0.5555555555555556,0.05555555555555555,0.97912,0.007389371124204183
3.5,2.0,0.5555555555555556,0.1111111111111111,0.9709119999999999,0.00912813791545721
3.5,2.0,0.5555555555555556,0.16666666666666666,0.959372,0.012159495164080224
3.5,2.0,0.5555555555555556,0.2222222222222222,0.943114,0.014511035259021877
3.5,2.0,0.5555555555555556,0.2777777777777778,0.9245260000000001,0.018139332809934842
3.5,2.0,0.5555555555555556,0.3333333333333333,0.8933599999999999,0.025149540727369066
3.5,2.0,0.5555555555555556,0.38888888888888884,0.8323440000000001,0.036873363745498156
3.5,2.0,0.5555555555555556,0.4444444444444444,0.747224,0.048649927594086095
3.5,2.0,0.5555555555555556,0.5,0.652,0.05295231719001145
3.5,2.0,0.6666666666666666,0.0,0.985882,0.005764593400591961
3.5,2.0,0.6666666666666666,0.05555555555555555,0.980346,0.007304587462409636
3.5,2.0,0.6666666666666666,0.1111111111111111,0.97402,0.008182022426146483
3.5,2.0,0.6666666666666666,0.16666666666666666,0.9655479999999999,0.010493995611194788
3.5,2.0,0.6666666666666666,0.2222222222222222,0.953828,0.01300664297668871
3.5,2.0,0.6666666666666666,0.2777777777777778,0.937316,0.016454106455182423
3.5,2.0,0.6666666666666666,0.3333333333333333,0.8982239999999999,0.02646572676853543
3.5,2.0,0.6666666666666666,0.38888888888888884,0.8326420000000001,0.03813815509103047
3.5,2.0,0.6666666666666666,0.4444444444444444,0.74481,0.04603925636076789
3.5,2.0,0.6666666666666666,0.5,0.6532479999999999,0.05195186704034758
3.5,2.0,0.7777777777777777,0.0,0.985882,0.005764593400591961
3.5,2.0,0.7777777777777777,0.05555555555555555,0.9816199999999999,0.0067128029501016834
3.5,2.0,0.7777777777777777,0.1111111111111111,0.976648,0.008160225153088506
3.5,2.0,0.7777777777777777,0.16666666666666666,0.970538,0.009426041402042855
3.5,2.0,0.7777777777777777,0.2222222222222222,0.962722,0.011026871714117257
3.5,2.0,0.7777777777777777,0.2777777777777778,0.942792,0.017666605613637684
3.5,2.0,0.7777777777777777,0.3333333333333333,0.8974300000000001,0.027220267926160172
3.5,2.0,0.7777777777777777,0.38888888888888884,0.8321040000000001,0.038090825745998515
3.5,2.0,0.7777777777777777,0.4444444444444444,0.746856,0.047848994938590586
3.5,2.0,0.7777777777777777,0.5,0.654376,0.05145087958451284
3.5,2.0,0.8888888888888888,0.0,0.985882,0.005764593400591961
3.5,2.0,0.8888888888888888,0.05555555555555555,0.9832139999999999,0.0066069287126491695
3.5,2.0,0.8888888888888888,0.1111111111111111,0.9792159999999999,0.007855747548074492
3.5,2.0,0.8888888888888888,0.16666666666666666,0.975304,0.008117843479984762
3.5,2.0,0.8888888888888888,0.2222222222222222,0.9696959999999999,0.010267932844043128
3.5,2.0,0.8888888888888888,0.2777777777777778,0.945654,0.01684189963057409
3.5,2.0,0.8888888888888888,0.3333333333333333,0.900202,0.026975480516539405
3.5,2.0,0.8888888888888888,0.38888888888888884,0.833442,0.037945940821775645
3.5,2.0,0.8888888888888888,0.4444444444444444,0.7441880000000001,0.04734088057850103
3.5,2.0,0.8888888888888888,0.5,0.654058,0.051989310563092195
3.5,2.0,1.0,0.0,0.985882,0.005764593400591961
3.5,2.0,1.0,0.05555555555555555,0.9834179999999999,0.006601092701189659
3.5,2.0,1.0,0.1111111111111111,0.981918,0.006604127876564787
3.5,2.0,1.0,0.16666666666666666,0.9799139999999998,0.007468209444345363
3.5,2.0,1.0,0.2222222222222222,0.972078,0.011144699396991331
3.5,2.0,1.0,0.2777777777777778,0.9430419999999999,0.018020035498264586
3.5,2.0,1.0,0.3333333333333333,0.9011760000000001,0.026080671518458023
3.5,2.0,1.0,0.38888888888888884,0.8334680000000001,0.03654844118572246
3.5,2.0,1.0,0.4444444444444444,0.7453780000000001,0.04609508248456141
3.5,2.0,1.0,0.5,0.654604,0.0523191147051157
3.5,2.5,0.0,0.0,0.985882,0.005764593400591961
3.5,2.5,0.0,0.05555555555555555,0.9729659999999999,0.00877352800116205
3.5,2.5,0.0,0.1111111111111111,0.951078,0.0124454688698651
3.5,2.5,0.0,0.16666666666666666,0.92168,0.015485386478508606
3.5,2.5,0.0,0.2222222222222222,0.8785799999999999,0.022366943472916494
3.5,2.5,0.0,0.2777777777777778,0.823276,0.02746504106972942
3.5,2.5,0.0,0.3333333333333333,0.7584380000000001,0.0342137884871771
3.5,2.5,0.0,0.38888888888888884,0.687148,0.03712231442753687
3.5,2.5,0.0,0.4444444444444444,0.621086,0.038664563892561954
3.5,2.5,0.0,0.5,0.5606679999999999,0.039939405205590535
3.5,2.5,0.1111111111111111,0.0,0.985882,0.005764593400591961
3.5,2.5,0.1111111111111111,0.05555555555555555,0.97465,0.008515663982692854
3.5,2.5,0.1111111111111111,0.1111111111111111,0.956208,0.011283943937363516
3.5,2.5,0.1111111111111111,0.16666666666666666,0.9300499999999999,0.01619295908250541
3.5,2.5,0.1111111111111111,0.2222222222222222,0.89347,0.02134826918498052
3.5,2.5,0.1111111111111111,0.2777777777777778,0.844792,0.02733640968725005
3.5,2.5,0.1111111111111111,0.3333333333333333,0.78428,0.032663180597324974
3.5,2.5,0.1111111111111111,0.38888888888888884,0.719658,0.037824415511910243
3.5,2.5,0.1111111111111111,0.4444444444444444,0.6487280000000001,0.039663994768075514
3.5,2.5,0.1111111111111111,0.5,0.5885840000000001,0.04262887972693568
3.5,2.5,0.2222222222222222,0.0,0.985882,0.005764593400591961
3.5,2.5,0.2222222222222222,0.05555555555555555,0.976058,0.008014430622096173
3.5,2.5,0.2222222222222222,0.1111111111111111,0.9608,0.010961949126743592
3.5,2.5,0.2222222222222222,0.16666666666666666,0.938284,0.014603076514466871
3.5,2.5,0.2222222222222222,0.2222222222222222,0.9078900000000001,0.01904519200946408
3.5,2.5,0.2222222222222222,0.2777777777777778,0.8668399999999999,0.025395043146899082
3.5,2.5,0.2222222222222222,0.3333333333333333,0.8164459999999999,0.029772333931612913
3.5,2.5,0.2222222222222222,0.38888888888888884,0.754176,0.035229181290924984
3.5,2.5,0.2222222222222222,0.4444444444444444,0.6850419999999999,0.03968776225671954
3.5,2.5,0.2222222222222222,0.5,0.6205,0.04245844366999048
3.5,2.5,0.3333333333333333,0.0,0.985882,0.005764593400591961
3.5,2.5,0.3333333333333333,0.05555555555555555,0.977124,0.007967659077945343
3.5,2.5,0.3333333333333333,0.1111111111111111,0.9642419999999999,0.01022881681265108
3.5,2.5,0.3333333333333333,0.16666666666666666,0.9463699999999999,0.013917200758554403
3.5,2.5,0.3333333333333333,0.2222222222222222,0.921884,0.01838430061269765
3.5,2.5,0.3333333333333333,0.2777777777777778,0.8885879999999999,0.023189086300389117
3.5,2.5,0.3333333333333333,0.3333333333333333,0.8457260000000001,0.0278381185731253
3.5,2.5,0.3333333333333333,0.38888888888888884,0.7888099999999999,0.03545374219558975
3.5,2.5,0.3333333333333333,0.4444444444444444,0.71956,0.04017694330766211
3.5,2.5,0.3333333333333333,0.5,0.63459,0.04716085444926514
3.5,2.5,0.4444444444444444,0.0,0.985882,0.005764593400591961
3.5,2.5,0.4444444444444444,0.05555555555555555,0.9779100000000001,0.007678529783707212
3.5,2.5,0.4444444444444444,0.1111111111111111,0.9677859999999998,0.010018230076602137
3.5,2.5,0.4444444444444444,0.16666666666666666,0.9535820000000002,0.012405768100538084
3.5,2.5,0.4444444444444444,0.2222222222222222,0.934142,0.015643377721357536
3.5,2.5,0.4444444444444444,0.2777777777777778,0.908058,0.020202646605326738
3.5,2.5,0.4444444444444444,0.3333333333333333,0.8706860000000001,0.02648853883057272
3.5,2.5,0.4444444444444444,0.38888888888888884,0.80539,0.035445036340825006
3.5,2.5,0.4444444444444444,0.4444444444444444,0.7201879999999999,0.04443089989783534
3.5,2.5,0.4444444444444444,0.5,0.634732,0.049160855927363835
3.5,2.5,0.5555555555555556,0.0,0.985882,0.005764593400591961
3.5,2.5,0.5555555555555556,0.05555555555555555,0.9794299999999999,0.0072017240754779464
3.5,2.5,0.5555555555555556,0.1111111111111111,0.971648,0.009196153243010794
3.5,2.5,0.5555555555555556,0.16666666666666666,0.960238,0.011437437911173281
3.5,2.5,0.5555555555555556,0.2222222222222222,0.945564,0.01409095504314931
3.5,2.5,0.5555555555555556,0.2777777777777778,0.922834,0.020212162353742055
3.5,2.5,0.5555555555555556,0.3333333333333333,0.8763479999999999,0.02909474013988809
3.5,2.5,0.5555555555555556,0.38888888888888884,0.805014,0.03742136450000298
3.5,2.5,0.5555555555555556,0.4444444444444444,0.717668,0.04681732050211757
3.5,2.5,0.5555555555555556,0.5,0.635614,0.04533121266504311
3.5,2.5,0.6666666666666666,0.0,0.985882,0.005764593400591961
3.5,2.5,0.6666666666666666,0.05555555555555555,0.9806959999999999,0.007158076565687228
3.5,2.5,0.6666666666666666,0.1111111111111111,0.9746439999999998,0.00873142253467086
3.5,2.5,0.6666666666666666,0.16666666666666666,0.9667359999999999,0.010209346968884064
3.5,2.5,0.6666666666666666,0.2222222222222222,0.955406,0.012849099685404063
3.5,2.5,0.6666666666666666,0.2777777777777778,0.9273760000000001,0.019261896722043266
3.5,2.5,0.6666666666666666,0.3333333333333333,0.874974,0.028655323748970573
3.5,2.5,0.6666666666666666,0.38888888888888884,0.8036599999999999,0.03848618938719568
3.5,2.5,0.6666666666666666,0.4444444444444444,0.72105,0.04590247896519644
3.5,2.5,0.6666666666666666,0.5,0.6363099999999999,0.04868517631461933
3.5,2.5,0.7777777777777777,0.0,0.985882,0.005764593400591961
3.5,2.5,0.7777777777777777,0.05555555555555555,0.9818680000000001,0.006983129972184173
3.5,2.5,0.7777777777777777,0.1111111111111111,0.97811,0.007171384630253083
3.5,2.5,0.7777777777777777,0.16666666666666666,0.9711139999999999,0.009057432205449446
3.5,2.5,0.7777777777777777,0.2222222222222222,0.9597819999999999,0.012831983307002167
3.5,2.5,0.7777777777777777,0.2777777777777778,0.9270400000000001,0.01974472355381134
3.5,2.5,0.7777777777777777,0.3333333333333333,0.8773299999999999,0.028336743674673856
3.5,2.5,0.7777777777777777,0.38888888888888884,0.8067960000000001,0.03726225079982874
3.5,2.5,0.7777777777777777,0.4444444444444444,0.72085,0.047138047169796526
3.5,2.5,0.7777777777777777,0.5,0.636458,0.04839632884104516
3.5,2.5,0.8888888888888888,0.0,0.985882,0.005764593400591961
3.5,2.5,0.8888888888888888,0.05555555555555555,0.983374,0.006269668371051698
3.5,2.5,0.8888888888888888,0.1111111111111111,0.9805440000000001,0.006738165161190325
3.5,2.5,0.8888888888888888,0.16666666666666666,0.9771059999999999,0.007929976864161222
3.5,2.5,0.8888888888888888,0.2222222222222222,0.960586,0.01264049715543947
3.5,2.5,0.8888888888888888,0.2777777777777778,0.9263239999999999,0.01923223288032684
3.5,2.5,0.8888888888888888,0.3333333333333333,0.8745379999999999,0.028670272496962815
3.5,2.5,0.8888888888888888,0.38888888888888884,0.806704,0.037598879444352355
3.5,2.5,0.8888888888888888,0.4444444444444444,0.7214340000000001,0.045745545727511175
3.5,2.5,0.8888888888888888,0.5,0.634122,0.04659193850299569
3.5,2.5,1.0,0.0,0.985882,0.005764593400591961
3.5,2.5,1.0,0.05555555555555555,0.984066,0.0060695405629496045
3.5,2.5,1.0,0.1111111111111111,0.98259,0.006907193253216151
3.5,2.5,1.0,0.16666666666666666,0.980124,0.007924532821616793
3.5,2.5,1.0,0.2222222222222222,0.9611379999999999,0.013387060273470459
3.5,2.5,1.0,0.2777777777777778,0.9272440000000001,0.01994643287329183
3.5,2.5,1.0,0.3333333333333333,0.8741120000000001,0.027983810378262895
3.5,2.5,1.0,0.38888888888888884,0.805114,0.037949140682723134
3.5,2.5,1.0,0.4444444444444444,0.721042,0.04516698294880229
3.5,2.5,1.0,0.5,0.637558,0.046287922610105524
3.5,3.0,0.0,0.0,0.985882,0.005764593400591961
3.5,3.0,0.0,0.05555555555555555,0.9729659999999999,0.00877352800116205
3.5,3.0,0.0,0.1111111111111111,0.951078,0.0124454688698651
3.5,3.0,0.0,0.16666666666666666,0.92168,0.015485386478508606
3.5,3.0,0.0,0.2222222222222222,0.8785799999999999,0.022366943472916494
3.5,3.0,0.0,0.2777777777777778,0.823276,0.02746504106972942
3.5,3.0,0.0,0.3333333333333333,0.7584380000000001,0.0342137884871771
3.5,3.0,0.0,0.38888888888888884,0.687148,0.03712231442753687
3.5,3.0,0.0,0.4444444444444444,0.621086,0.038664563892561954
3.5,3.0,0.0,0.5,0.5606679999999999,0.039939405205590535
3.5,3.0,0.1111111111111111,0.0,0.985882,0.005764593400591961
3.5,3.0,0.1111111111111111,0.05555555555555555,0.974482,0.008545157425750669
3.5,3.0,0.1111111111111111,0.1111111111111111,0.956484,0.011822744968796126
3.5,3.0,0.1111111111111111,0.16666666666666666,0.9298420000000001,0.015163670723793704
3.5,3.0,0.1111111111111111,0.2222222222222222,0.89524,0.021030143458087402
3.5,3.0,0.1111111111111111,0.2777777777777778,0.8449659999999999,0.028831568856471413
3.5,3.0,0.1111111111111111,0.3333333333333333,0.786328,0.03469738077240022
3.5,3.0,0.1111111111111111,0.38888888888888884,0.719368,0.03904034930360503
3.5,3.0,0.1111111111111111,0.4444444444444444,0.6518679999999999,0.03975252321808527
3.5,3.0,0.1111111111111111,0.5,0.591288,0.04372524270600906
3.5,3.0,0.2222222222222222,0.0,0.985882,0.005764593400591961
3.5,3.0,0.2222222222222222,0.05555555555555555,0.975472,0.008006586467009988
3.5,3.0,0.2222222222222222,0.1111111111111111,0.9601479999999999,0.0109927146579497
3.5,3.0,0.2222222222222222,0.16666666666666666,0.9380640000000001,0.01532598040422539
3.5,3.0,0.2222222222222222,0.2222222222222222,0.908686,0.019216919211151824
3.5,3.0,0.2222222222222222,0.2777777777777778,0.86878,0.0242706763701164
3.5,3.0,0.2222222222222222,0.3333333333333333,0.8187300000000001,0.029014837956522967
3.5,3.0,0.2222222222222222,0.38888888888888884,0.755518,0.03622742785595076
3.5,3.0,0.2222222222222222,0.4444444444444444,0.689342,0.041610767211093226
3.5,3.0,0.2222222222222222,0.5,0.617254,0.043783323798973636
3.5,3.0,0.3333333333333333,0.0,0.985882,0.005764593400591961
3.5,3.0,0.3333333333333333,0.05555555555555555,0.9774019999999999,0.007762790595892139
3.5,3.0,0.3333333333333333,0.1111111111111111,0.964268,0.01045307176952486
3.5,3.0,0.3333333333333333,0.16666666666666666,0.947054,0.01479353850717013
3.5,3.0,0.3333333333333333,0.2222222222222222,0.9218500000000002,0.017214883223792648
3.5,3.0,0.3333333333333333,0.2777777777777778,0.890032,0.02169923246059082
3.5,3.0,0.3333333333333333,0.3333333333333333,0.8459279999999999,0.03004463639907637
3.5,3.0,0.3333333333333333,0.38888888888888884,0.780142,0.034994042378725075
3.5,3.0,0.3333333333333333,0.4444444444444444,0.697988,0.043104336483088285
3.5,3.0,0.3333333333333333,0.5,0.61883,0.04491467194036959
3.5,3.0,0.4444444444444444,0.0,0.985882,0.005764593400591961
3.5,3.0,0.4444444444444444,0.05555555555555555,0.978598,0.007087797241702038
3.5,3.0,0.4444444444444444,0.1111111111111111,0.9679139999999999,0.009799728228205804
3.5,3.0,0.4444444444444444,0.16666666666666666,0.9537080000000001,0.01211942643007449
3.5,3.0,0.4444444444444444,0.2222222222222222,0.935626,0.015943227307982113
3.5,3.0,0.4444444444444444,0.2777777777777778,0.906022,0.02045968507643394
3.5,3.0,0.4444444444444444,0.3333333333333333,0.850796,0.029688604049716464
3.5,3.0,0.4444444444444444,0.38888888888888884,0.7780739999999999,0.03664240515729585
3.5,3.0,0.4444444444444444,0.4444444444444444,0.695174,0.041513352561335766
3.5,3.0,0.4444444444444444,0.5,0.61964,0.04306124640420629
3.5,3.0,0.5555555555555556,0.0,0.985882,0.005764593400591961
3.5,3.0,0.5555555555555556,0.05555555555555555,0.9800639999999999,0.0071566990073191365
3.5,3.0,0.5555555555555556,0.1111111111111111,0.971832,0.009284189158815835
3.5,3.0,0.5555555555555556,0.16666666666666666,0.9611320000000001,0.011354842177756744
3.5,3.0,0.5555555555555556,0.2222222222222222,0.94551,0.014200606128924822
3.5,3.0,0.5555555555555556,0.2777777777777778,0.907338,0.02135555842752662
3.5,3.0,0.5555555555555556,0.3333333333333333,0.85151,0.028404357324714493
3.5,3.0,0.5555555555555556,0.38888888888888884,0.780606,0.03676795519277779
3.5,3.0,0.5555555555555556,0.4444444444444444,0.6966079999999999,0.04233673504497646
3.5,3.0,0.5555555555555556,0.5,0.619548,0.04495287775478755
3.5,3.0,0.6666666666666666,0.0,0.985882,0.005764593400591961
3.5,3.0,0.6666666666666666,0.05555555555555555,0.9811080000000001,0.006851731785243345
3.5,3.0,0.6666666666666666,0.1111111111111111,0.974778,0.008355138099716289
3.5,3.0,0.6666666666666666,0.16666666666666666,0.9676999999999999,0.009820533884241905
3.5,3.0,0.6666666666666666,0.2222222222222222,0.9473119999999999,0.014590696791645362
3.5,3.0,0.6666666666666666,0.2777777777777778,0.9080820000000001,0.02209496891381849
3.5,3.0,0.6666666666666666,0.3333333333333333,0.85051,0.029583310235485456
3.5,3.0,0.6666666666666666,0.38888888888888884,0.777856,0.034819880990957584
3.5,3.0,0.6666666666666666,0.4444444444444444,0.697692,0.04392096581903626
3.5,3.0,0.6666666666666666,0.5,0.618672,0.04609409666643866
3.5,3.0,0.7777777777777777,0.0,0.985882,0.005764593400591961
3.5,3.0,0.7777777777777777,0.05555555555555555,0.982744,0.0067898946485698474
3.5,3.0,0.7777777777777777,0.1111111111111111,0.97808,0.007613509772905292
3.5,3.0,0.7777777777777777,0.16666666666666666,0.970736,0.009298129619921297
3.5,3.0,0.7777777777777777,0.2222222222222222,0.94683,0.013959758224962138
3.5,3.0,0.7777777777777777,0.2777777777777778,0.907588,0.020177425827544324
3.5,3.0,0.7777777777777777,0.3333333333333333,0.85148,0.0280889226413243
3.5,3.0,0.7777777777777777,0.38888888888888884,0.777634,0.03675401691678119
3.5,3.0,0.7777777777777777,0.4444444444444444,0.696098,0.04352872495021629
3.5,3.0,0.7777777777777777,0.5,0.6200220000000002,0.04447995558560954
3.5,3.0,0.8888888888888888,0.0,0.985882,0.005764593400591961
3.5,3.0,0.8888888888888888,0.05555555555555555,0.9832339999999999,0.006650390920750277
3.5,3.0,0.8888888888888888,0.1111111111111111,0.9805519999999999,0.007554431472304164
3.5,3.0,0.8888888888888888,0.16666666666666666,0.972256,0.009686595080238327
3.5,3.0,0.8888888888888888,0.2222222222222222,0.9470619999999998,0.013876717283461874
3.5,3.0,0.8888888888888888,0.2777777777777778,0.907336,0.02045864649562298
3.5,3.0,0.8888888888888888,0.3333333333333333,0.8525600000000001,0.02853480102855949
3.5,3.0,0.8888888888888888,0.38888888888888884,0.7790320000000001,0.03675389330869173
3.5,3.0,0.8888888888888888,0.4444444444444444,0.6952339999999999,0.045573953245564014
3.5,3.0,0.8888888888888888,0.5,0.6179159999999999,0.04412349384872914
3.5,3.0,1.0,0.0,0.985882,0.005764593400591961
3.5,3.0,1.0,0.05555555555555555,0.9846099999999999,0.00622892438531694
3.5,3.0,1.0,0.1111111111111111,0.9834,0.006062467073232494
3.5,3.0,1.0,0.16666666666666666,0.9722799999999999,0.00984924439896082
3.5,3.0,1.0,0.2222222222222222,0.94698,0.014677276480661488
3.5,3.0,1.0,0.2777777777777778,0.907718,0.021285031857207187
3.5,3.0,1.0,0.3333333333333333,0.850664,0.02724194102301454
3.5,3.0,1.0,0.38888888888888884,0.779592,0.037743697611903874
3.5,3.0,1.0,0.4444444444444444,0.696398,0.04281380197177724
3.5,3.0,1.0,0.5,0.61798,0.045678536067989606
4.0,0.0,0.0,0.0,0.9857400000000001,0.005669982133551183
4.0,0.0,0.0,0.05555555555555555,0.97395,0.008493278021063854
4.0,0.0,0.0,0.1111111111111111,0.95412,0.01218468436464943
4.0,0.0,0.0,0.16666666666666666,0.925048,0.01705272079678624
4.0,0.0,0.0,0.2222222222222222,0.8880699999999999,0.020885725437583175
4.0,0.0,0.0,0.2777777777777778,0.83788,0.0260769940606366
4.0,0.0,0.0,0.3333333333333333,0.7808740000000001,0.03247570579577703
4.0,0.0,0.0,0.38888888888888884,0.7186279999999999,0.03613659257103927
4.0,0.0,0.0,0.4444444444444444,0.659048,0.039230290942776726
4.0,0.0,0.0,0.5,0.6052860000000001,0.03983090767749118
4.0,0.0,0.1111111111111111,0.0,0.9857400000000001,0.005669982133551183
4.0,0.0,0.1111111111111111,0.05555555555555555,0.974232,0.00908753776802995
4.0,0.0,0.1111111111111111,0.1111111111111111,0.9565659999999999,0.011373493601942489
4.0,0.0,0.1111111111111111,0.16666666666666666,0.931644,0.01573354228091722
4.0,0.0,0.1111111111111111,0.2222222222222222,0.896618,0.020089481090884417
4.0,0.0,0.1111111111111111,0.2777777777777778,0.848028,0.027828259738621106
4.0,0.0,0.1111111111111111,0.3333333333333333,0.7940539999999999,0.03424606063970973
4.0,0.0,0.1111111111111111,0.38888888888888884,0.7318199999999999,0.03885004829475775
4.0,0.0,0.1111111111111111,0.4444444444444444,0.668332,0.04094903445559724
4.0,0.0,0.1111111111111111,0.5,0.6106400000000001,0.04259336555825519
4.0,0.0,0.2222222222222222,0.0,0.9857400000000001,0.005669982133551183
4.0,0.0,0.2222222222222222,0.05555555555555555,0.97559,0.00856929200874041
4.0,0.0,0.2222222222222222,0.1111111111111111,0.959174,0.01097728224338346
4.0,0.0,0.2222222222222222,0.16666666666666666,0.93744,0.014752412254769337
4.0,0.0,0.2222222222222222,0.2222222222222222,0.905266,0.01960561154384166
4.0,0.0,0.2222222222222222,0.2777777777777778,0.863378,0.02461501399202641
4.0,0.0,0.2222222222222222,0.3333333333333333,0.8080879999999999,0.03229914434549158
4.0,0.0,0.2222222222222222,0.38888888888888884,0.7468279999999999,0.040365593992368214
4.0,0.0,0.2222222222222222,0.4444444444444444,0.680052,0.04317366357460187
4.0,0.0,0.2222222222222222,0.5,0.61578,0.046393623879509
4.0,0.0,0.3333333333333333,0.0,0.9857400000000001,0.005669982133551183
4.0,0.0,0.3333333333333333,0.05555555555555555,0.976186,0.008161656036523293
4.0,0.0,0.3333333333333333,0.1111111111111111,0.9625039999999999,0.010123980143594495
4.0,0.0,0.3333333333333333,0.16666666666666666,0.941274,0.014673429833756373
4.0,0.0,0.3333333333333333,0.2222222222222222,0.9147460000000001,0.018328812693393388
4.0,0.0,0.3333333333333333,0.2777777777777778,0.875512,0.02442135666425284
4.0,0.0,0.3333333333333333,0.3333333333333333,0.8253420000000001,0.031700581852381796
4.0,0.0,0.3333333333333333,0.38888888888888884,0.765848,0.03990736889578628
4.0,0.0,0.3333333333333333,0.4444444444444444,0.6903060000000001,0.04649179861736211
4.0,0.0,0.3333333333333333,0.5,0.621694,0.05260157998038524
4.0,0.0,0.4444444444444444,0.0,0.9857400000000001,0.005669982133551183
4.0,0.0,0.4444444444444444,0.05555555555555555,0.9768580000000001,0.007581344839747005
4.0,0.0,0.4444444444444444,0.1111111111111111,0.965646,0.010664151736754742
4.0,0.0,0.4444444444444444,0.16666666666666666,0.947734,0.01311805667092663
4.0,0.0,0.4444444444444444,0.2222222222222222,0.9233140000000001,0.016420190294226093
4.0,0.0,0.4444444444444444,0.2777777777777778,0.8893199999999999,0.022790533491642263
4.0,0.0,0.4444444444444444,0.3333333333333333,0.8450840000000001,0.02876581109191173
4.0,0.0,0.4444444444444444,0.38888888888888884,0.785068,0.040281068816629226
4.0,0.0,0.4444444444444444,0.4444444444444444,0.711422,0.047087943944600745
4.0,0.0,0.4444444444444444,0.5,0.62725,0.060099879292574016
4.0,0.0,0.5555555555555556,0.0,0.9857400000000001,0.005669982133551183
4.0,0.0,0.5555555555555556,0.05555555555555555,0.9779279999999999,0.008069016920798738
4.0,0.0,0.5555555555555556,0.1111111111111111,0.968082,0.009728337839231771
4.0,0.0,0.5555555555555556,0.16666666666666666,0.952492,0.012609835522472423
4.0,0.0,0.5555555555555556,0.2222222222222222,0.9318599999999999,0.01721793584112966
4.0,0.0,0.5555555555555556,0.2777777777777778,0.903048,0.021657881328682505
4.0,0.0,0.5555555555555556,0.3333333333333333,0.865712,0.02852557576887613
4.0,0.0,0.5555555555555556,0.38888888888888884,0.811594,0.035699665211208695
4.0,0.0,0.5555555555555556,0.4444444444444444,0.7393759999999999,0.0520857415512719
4.0,0.0,0.5555555555555556,0.5,0.640206,0.0778448405638088
4.0,0.0,0.6666666666666666,0.0,0.9857400000000001,0.005669982133551183
4.0,0.0,0.6666666666666666,0.05555555555555555,0.9785959999999999,0.00742043865412547
4.0,0.0,0.6666666666666666,0.1111111111111111,0.969934,0.009261598047680203
4.0,0.0,0.6666666666666666,0.16666666666666666,0.9575039999999999,0.012156873081769532
4.0,0.0,0.6666666666666666,0.2222222222222222,0.941044,0.015501957469001787
4.0,0.0,0.6666666666666666,0.2777777777777778,0.9171800000000001,0.02115274159426876
4.0,0.0,0.6666666666666666,0.3333333333333333,0.88725,0.023699088454773434
4.0,0.0,0.6666666666666666,0.38888888888888884,0.839528,0.03759435978674928
4.0,0.0,0.6666666666666666,0.4444444444444444,0.77601,0.05581473343963828
4.0,0.0,0.6666666666666666,0.5,0.64604,0.12270447088166225
4.0,0.0,0.7777777777777777,0.0,0.9857400000000001,0.005669982133551183
4.0,0.0,0.7777777777777777,0.05555555555555555,0.9799779999999998,0.0072585735361405
4.0,0.0,0.7777777777777777,0.1111111111111111,0.972756,0.00871529556317553
4.0,0.0,0.7777777777777777,0.16666666666666666,0.9635459999999999,0.010725761881371034
4.0,0.0,0.7777777777777777,0.2222222222222222,0.9492439999999999,0.014221848894287382
4.0,0.0,0.7777777777777777,0.2777777777777778,0.9306,0.018564732656227333
4.0,0.0,0.7777777777777777,0.3333333333333333,0.9073000000000001,0.023629784879827708
4.0,0.0,0.7777777777777777,0.38888888888888884,0.87272,0.02994740881260311
4.0,0.0,0.7777777777777777,0.4444444444444444,0.79436,0.11598299232653919
4.0,0.0,0.7777777777777777,0.5,0.575626,0.20106928118355466
4.0,0.0,0.8888888888888888,0.0,0.9857400000000001,0.005669982133551183
4.0,0.0,0.8888888888888888,0.05555555555555555,0.9808259999999999,0.007531611670067539
4.0,0.0,0.8888888888888888,0.1111111111111111,0.974938,0.00846554705698031
4.0,0.0,0.8888888888888888,0.16666666666666666,0.9667319999999999,0.009866451729952307
4.0,0.0,0.8888888888888888,0.2222222222222222,0.95629,0.013085272205704936
4.0,0.0,0.8888888888888888,0.2777777777777778,0.943476,0.015340406779493176
4.0,0.0,0.8888888888888888,0.3333333333333333,0.9248240000000001,0.02034366617665097
4.0,0.0,0.8888888888888888,0.38888888888888884,0.88997,0.08694022259351086
4.0,0.0,0.8888888888888888,0.4444444444444444,0.719148,0.2356556752776838
4.0,0.0,0.8888888888888888,0.5,0.453266,0.18112170877832828
4.0,0.0,1.0,0.0,0.9857400000000001,0.005669982133551183
4.0,0.0,1.0,0.05555555555555555,0.981808,0.007049150093030245
4.0,0.0,1.0,0.1111111111111111,0.9761279999999999,0.00838906244686944
4.0,0.0,1.0,0.16666666666666666,0.970752,0.009208914388157649
4.0,0.0,1.0,0.2222222222222222,0.9634579999999999,0.010711381955976254
4.0,0.0,1.0,0.2777777777777778,0.954824,0.012614089523585037
4.0,0.0,1.0,0.3333333333333333,0.9401280000000001,0.052171825872109
4.0,0.0,1.0,0.38888888888888884,0.8402000000000001,0.2142063601517444
4.0,0.0,1.0,0.4444444444444444,0.537136,0.2584198892933064
4.0,0.0,1.0,0.5,0.38452,0.07153247787391097
4.0,0.5,0.0,0.0,0.9857400000000001,0.005669982133551183
4.0,0.5,0.0,0.05555555555555555,0.97395,0.008493278021063854
4.0,0.5,0.0,0.1111111111111111,0.95412,0.01218468436464943
4.0,0.5,0.0,0.16666666666666666,0.925048,0.01705272079678624
4.0,0.5,0.0,0.2222222222222222,0.8880699999999999,0.020885725437583175
4.0,0.5,0.0,0.2777777777777778,0.83788,0.0260769940606366
4.0,0.5,0.0,0.3333333333333333,0.7808740000000001,0.03247570579577703
4.0,0.5,0.0,0.38888888888888884,0.7186279999999999,0.03613659257103927
4.0,0.5,0.0,0.4444444444444444,0.659048,0.039230290942776726
4.0,0.5,0.0,0.5,0.6052860000000001,0.03983090767749118
4.0,0.5,0.1111111111111111,0.0,0.9857400000000001,0.005669982133551183
4.0,0.5,0.1111111111111111,0.05555555555555555,0.974358,0.00843588550945645
4.0,0.5,0.1111111111111111,0.1111111111111111,0.9570420000000001,0.012075258163676618
4.0,0.5,0.1111111111111111,0.16666666666666666,0.931972,0.015581295502591484
4.0,0.5,0.1111111111111111,0.2222222222222222,0.8966280000000001,0.02004298027031491
4.0,0.5,0.1111111111111111,0.2777777777777778,0.853398,0.02597307832343312
4.0,0.5,0.1111111111111111,0.3333333333333333,0.796944,0.03321094394315208
4.0,0.5,0.1111111111111111,0.38888888888888884,0.736414,0.037357217876267355
4.0,0.5,0.1111111111111111,0.4444444444444444,0.674766,0.041910622096181994
4.0,0.5,0.1111111111111111,0.5,0.6158980000000001,0.044639140916953236
4.0,0.5,0.2222222222222222,0.0,0.9857400000000001,0.005669982133551183
4.0,0.5,0.2222222222222222,0.05555555555555555,0.9754079999999999,0.008213919463075587
4.0,0.5,0.2222222222222222,0.1111111111111111,0.960134,0.01106149888193414
4.0,0.5,0.2222222222222222,0.16666666666666666,0.93828,0.01465684981477893
4.0,0.5,0.2222222222222222,0.2222222222222222,0.908506,0.018815153041310505
4.0,0.5,0.2222222222222222,0.2777777777777778,0.868336,0.024253650924475987
4.0,0.5,0.2222222222222222,0.3333333333333333,0.8167380000000001,0.03244569003123843
4.0,0.5,0.2222222222222222,0.38888888888888884,0.758952,0.036307108232637206
4.0,0.5,0.2222222222222222,0.4444444444444444,0.693266,0.045055779768872734
4.0,0.5,0.2222222222222222,0.5,0.631634,0.04646113772430974
4.0,0.5,0.3333333333333333,0.0,0.9857400000000001,0.005669982133551183
4.0,0.5,0.3333333333333333,0.05555555555555555,0.9768600000000002,0.007684432379948703
4.0,0.5,0.3333333333333333,0.1111111111111111,0.96296,0.01064824728960974
4.0,0.5,0.3333333333333333,0.16666666666666666,0.9434939999999999,0.013864718707918245
4.0,0.5,0.3333333333333333,0.2222222222222222,0.9184680000000001,0.017850441241185316
4.0,0.5,0.3333333333333333,0.2777777777777778,0.8821880000000001,0.025508076759331005
4.0,0.5,0.3333333333333333,0.3333333333333333,0.8370740000000001,0.029127329548952918
4.0,0.5,0.3333333333333333,0.38888888888888884,0.782594,0.03859456236944496
4.0,0.5,0.3333333333333333,0.4444444444444444,0.7153200000000001,0.04462533407025396
4.0,0.5,0.3333333333333333,0.5,0.648452,0.04808321627527373
4.0,0.5,0.4444444444444444,0.0,0.9857400000000001,0.005669982133551183
4.0,0.5,0.4444444444444444,0.05555555555555555,0.9780399999999999,0.008130104377828684
4.0,0.5,0.4444444444444444,0.1111111111111111,0.9658799999999998,0.01021206014204232
4.0,0.5,0.4444444444444444,0.16666666666666666,0.950106,0.012979356354718261
4.0,0.5,0.4444444444444444,0.2222222222222222,0.928596,0.016503742940985337
4.0,0.5,0.4444444444444444,0.2777777777777778,0.8979020000000001,0.021363923573653867
4.0,0.5,0.4444444444444444,0.3333333333333333,0.8596459999999999,0.027931147165197633
4.0,0.5,0.4444444444444444,0.38888888888888884,0.8091419999999999,0.03456059469122054
4.0,0.5,0.4444444444444444,0.4444444444444444,0.7439399999999999,0.04533628963994117
4.0,0.5,0.4444444444444444,0.5,0.6718,0.05268148324938002
4.0,0.5,0.5555555555555556,0.0,0.9857400000000001,0.005669982133551183
4.0,0.5,0.5555555555555556,0.05555555555555555,0.9783979999999999,0.00809361533669824
4.0,0.5,0.5555555555555556,0.1111111111111111,0.9686399999999998,0.009924888251946594
4.0,0.5,0.5555555555555556,0.16666666666666666,0.9549639999999999,0.012385859802455866
4.0,0.5,0.5555555555555556,0.2222222222222222,0.9378179999999999,0.015505538347276972
4.0,0.5,0.5555555555555556,0.2777777777777778,0.912606,0.02075099929988645
4.0,0.5,0.5555555555555556,0.3333333333333333,0.88046,0.025614226069790004
4.0,0.5,0.5555555555555556,0.38888888888888884,0.839356,0.032056395445806976
4.0,0.5,0.5555555555555556,0.4444444444444444,0.78323,0.04203606977733111
4.0,0.5,0.5555555555555556,0.5,0.7069939999999999,0.05505983231239033
4.0,0.5,0.6666666666666666,0.0,0.9857400000000001,0.005669982133551183
4.0,0.5,0.6666666666666666,0.05555555555555555,0.979676,0.007161955823826687
4.0,0.5,0.6666666666666666,0.1111111111111111,0.9714099999999999,0.009220408443432837
4.0,0.5,0.6666666666666666,0.16666666666666666,0.9608679999999999,0.011672320340200085
4.0,0.5,0.6666666666666666,0.2222222222222222,0.94645,0.01378853681486869
4.0,0.5,0.6666666666666666,0.2777777777777778,0.9273020000000001,0.017318506209099808
4.0,0.5,0.6666666666666666,0.3333333333333333,0.9014540000000001,0.023403147194281267
4.0,0.5,0.6666666666666666,0.38888888888888884,0.866334,0.02768941768444053
4.0,0.5,0.6666666666666666,0.4444444444444444,0.81926,0.03859512361859033
4.0,0.5,0.6666666666666666,0.5,0.7453540000000001,0.06145103044119414
4.0,0.5,0.7777777777777777,0.0,0.9857400000000001,0.005669982133551183
4.0,0.5,0.7777777777777777,0.05555555555555555,0.9805859999999998,0.007030038897032336
4.0,0.5,0.7777777777777777,0.1111111111111111,0.974646,0.008624700279419553
4.0,0.5,0.7777777777777777,0.16666666666666666,0.9661959999999999,0.010364189154664605
4.0,0.5,0.7777777777777777,0.2222222222222222,0.956008,0.012329638111149227
4.0,0.5,0.7777777777777777,0.2777777777777778,0.9421320000000001,0.014902844209447442
4.0,0.5,0.7777777777777777,0.3333333333333333,0.923972,0.01973824746084745
4.0,0.5,0.7777777777777777,0.38888888888888884,0.896754,0.024941162908221196
4.0,0.5,0.7777777777777777,0.4444444444444444,0.854986,0.04026721621124071
4.0,0.5,0.7777777777777777,0.5,0.765484,0.07020306749260133
4.0,0.5,0.8888888888888888,0.0,0.9857400000000001,0.005669982133551183
4.0,0.5,0.8888888888888888,0.05555555555555555,0.9812799999999999,0.007117789393604124
4.0,0.5,0.8888888888888888,0.1111111111111111,0.9764539999999999,0.0077717877847211835
4.0,0.5,0.8888888888888888,0.16666666666666666,0.971058,0.009379049479466287
4.0,0.5,0.8888888888888888,0.2222222222222222,0.962908,0.011282469776094999
4.0,0.5,0.8888888888888888,0.2777777777777778,0.953218,0.013359169540867542
4.0,0.5,0.8888888888888888,0.3333333333333333,0.9394100000000001,0.016327248945129474
4.0,0.5,0.8888888888888888,0.38888888888888884,0.922114,0.022233074984052314
4.0,0.5,0.8888888888888888,0.4444444444444444,0.8710680000000001,0.04674099718272248
4.0,0.5,0.8888888888888888,0.5,0.7680039999999999,0.07794875239540403
4.0,0.5,1.0,0.0,0.9857400000000001,0.005669982133551183
4.0,0.5,1.0,0.05555555555555555,0.9828479999999999,0.0066444860138898335
4.0,0.5,1.0,0.1111111111111111,0.978912,0.007589166416266527
4.0,0.5,1.0,0.16666666666666666,0.974656,0.008115502866338421
4.0,0.5,1.0,0.2222222222222222,0.9695940000000001,0.009999857914822262
4.0,0.5,1.0,0.2777777777777778,0.963836,0.011523657986367602
4.0,0.5,1.0,0.3333333333333333,0.956634,0.013216861005157744
4.0,0.5,1.0,0.38888888888888884,0.936376,0.02416282906899012
4.0,0.5,1.0,0.4444444444444444,0.87487,0.051080088595281466
4.0,0.5,1.0,0.5,0.769808,0.0764762208841509
4.0,1.0,0.0,0.0,0.9857400000000001,0.005669982133551183
4.0,1.0,0.0,0.05555555555555555,0.97395,0.008493278021063854
4.0,1.0,0.0,0.1111111111111111,0.95412,0.01218468436464943
4.0,1.0,0.0,0.16666666666666666,0.925048,0.01705272079678624
4.0,1.0,0.0,0.2222222222222222,0.8880699999999999,0.020885725437583175
4.0,1.0,0.0,0.2777777777777778,0.83788,0.0260769940606366
4.0,1.0,0.0,0.3333333333333333,0.7808740000000001,0.03247570579577703
4.0,1.0,0.0,0.38888888888888884,0.7186279999999999,0.03613659257103927
4.0,1.0,0.0,0.4444444444444444,0.659048,0.039230290942776726
4.0,1.0,0.0,0.5,0.6052860000000001,0.03983090767749118
4.0,1.0,0.1111111111111111,0.0,0.9857400000000001,0.005669982133551183
4.0,1.0,0.1111111111111111,0.05555555555555555,0.974772,0.008687171570758786
4.0,1.0,0.1111111111111111,0.1111111111111111,0.9570179999999999,0.012565566558092454
4.0,1.0,0.1111111111111111,0.16666666666666666,0.9333539999999999,0.0160888279489072
4.0,1.0,0.1111111111111111,0.2222222222222222,0.897834,0.021310060566847918
4.0,1.0,0.1111111111111111,0.2777777777777778,0.85265,0.026118189440297725
4.0,1.0,0.1111111111111111,0.3333333333333333,0.8002,0.03184349252252434
4.0,1.0,0.1111111111111111,0.38888888888888884,0.740208,0.03621280810627485
4.0,1.0,0.1111111111111111,0.4444444444444444,0.680868,0.04025363693597319
4.0,1.0,0.1111111111111111,0.5,0.621838,0.04115988372257765
4.0,1.0,0.2222222222222222,0.0,0.9857400000000001,0.005669982133551183
4.0,1.0,0.2222222222222222,0.05555555555555555,0.975856,0.00827794132772459
4.0,1.0,0.2222222222222222,0.1111111111111111,0.960954,0.011011193248395335
4.0,1.0,0.2222222222222222,0.16666666666666666,0.9392059999999999,0.01524021299668636
4.0,1.0,0.2222222222222222,0.2222222222222222,0.9102339999999999,0.019688843162821434
4.0,1.0,0.2222222222222222,0.2777777777777778,0.8726499999999999,0.02293869803924082
4.0,1.0,0.2222222222222222,0.3333333333333333,0.822098,0.031957518081413096
4.0,1.0,0.2222222222222222,0.38888888888888884,0.7662400000000001,0.0372368576431238
4.0,1.0,0.2222222222222222,0.4444444444444444,0.7028840000000001,0.041782797277068386
4.0,1.0,0.2222222222222222,0.5,0.642432,0.04271184823863187
4.0,1.0,0.3333333333333333,0.0,0.9857400000000001,0.005669982133551183
4.0,1.0,0.3333333333333333,0.05555555555555555,0.976958,0.008180591675442609
4.0,1.0,0.3333333333333333,0.1111111111111111,0.9632839999999999,0.011152043766069106
4.0,1.0,0.3333333333333333,0.16666666666666666,0.946174,0.013819757428796669
4.0,1.0,0.3333333333333333,0.2222222222222222,0.920342,0.0185252099260875
4.0,1.0,0.3333333333333333,0.2777777777777778,0.8877860000000001,0.023341505000993894
4.0,1.0,0.3333333333333333,0.3333333333333333,0.843618,0.031104325005827323
4.0,1.0,0.3333333333333333,0.38888888888888884,0.7942840000000001,0.034080585626324905
4.0,1.0,0.3333333333333333,0.4444444444444444,0.731584,0.04184515477275608
4.0,1.0,0.3333333333333333,0.5,0.6683239999999999,0.04682465291105189
4.0,1.0,0.4444444444444444,0.0,0.9857400000000001,0.005669982133551183
4.0,1.0,0.4444444444444444,0.05555555555555555,0.978452,0.007688818626013194
4.0,1.0,0.4444444444444444,0.1111111111111111,0.9667619999999999,0.010112065255300465
4.0,1.0,0.4444444444444444,0.16666666666666666,0.9523299999999999,0.012874961330369772
4.0,1.0,0.4444444444444444,0.2222222222222222,0.931836,0.016231451692565742
4.0,1.0,0.4444444444444444,0.2777777777777778,0.9049320000000001,0.021383214438419666
4.0,1.0,0.4444444444444444,0.3333333333333333,0.868386,0.02605714784675823
4.0,1.0,0.4444444444444444,0.38888888888888884,0.8245779999999999,0.033502189621259636
4.0,1.0,0.4444444444444444,0.4444444444444444,0.768942,0.03932540668858296
4.0,1.0,0.4444444444444444,0.5,0.702042,0.04520113406809706
4.0,1.0,0.5555555555555556,0.0,0.9857400000000001,0.005669982133551183
4.0,1.0,0.5555555555555556,0.05555555555555555,0.979198,0.007101525140322835
4.0,1.0,0.5555555555555556,0.1111111111111111,0.9705,0.008808471964916133
4.0,1.0,0.5555555555555556,0.16666666666666666,0.9574980000000001,0.011841894143836433
4.0,1.0,0.5555555555555556,0.2222222222222222,0.9422379999999999,0.014507732579876776
4.0,1.0,0.5555555555555556,0.2777777777777778,0.918384,0.019681953729373782
4.0,1.0,0.5555555555555556,0.3333333333333333,0.8907160000000001,0.023397997276542844
4.0,1.0,0.5555555555555556,0.38888888888888884,0.852788,0.030104877733129115
4.0,1.0,0.5555555555555556,0.4444444444444444,0.8042819999999999,0.03879686675157513
4.0,1.0,0.5555555555555556,0.5,0.740972,0.05121833511256888
4.0,1.0,0.6666666666666666,0.0,0.9857400000000001,0.005669982133551183
4.0,1.0,0.6666666666666666,0.05555555555555555,0.9801579999999999,0.006848564936055345
4.0,1.0,0.6666666666666666,0.1111111111111111,0.97244,0.009157626561969931
4.0,1.0,0.6666666666666666,0.16666666666666666,0.963404,0.010893949709841757
4.0,1.0,0.6666666666666666,0.2222222222222222,0.9512439999999999,0.01292216811753024
4.0,1.0,0.6666666666666666,0.2777777777777778,0.9348759999999999,0.016323527164132014
4.0,1.0,0.6666666666666666,0.3333333333333333,0.91193,0.021014955548690248
4.0,1.0,0.6666666666666666,0.38888888888888884,0.8842740000000001,0.026284456801286174
4.0,1.0,0.6666666666666666,0.4444444444444444,0.8386019999999998,0.04221311989159252
4.0,1.0,0.6666666666666666,0.5,0.7606679999999999,0.061576823451463855
4.0,1.0,0.7777777777777777,0.0,0.9857400000000001,0.005669982133551183
4.0,1.0,0.7777777777777777,0.05555555555555555,0.98135,0.007412245460420968
4.0,1.0,0.7777777777777777,0.1111111111111111,0.975478,0.008449633638048131
4.0,1.0,0.7777777777777777,0.16666666666666666,0.968236,0.010610252537891635
4.0,1.0,0.7777777777777777,0.2222222222222222,0.9597239999999999,0.01150759198732268
4.0,1.0,0.7777777777777777,0.2777777777777778,0.947734,0.015180782467074104
4.0,1.0,0.7777777777777777,0.3333333333333333,0.932142,0.01727073804982202
4.0,1.0,0.7777777777777777,0.38888888888888884,0.910316,0.024454779010100777
4.0,1.0,0.7777777777777777,0.4444444444444444,0.855562,0.045355842632695535
4.0,1.0,0.7777777777777777,0.5,0.761144,0.06187199326918606
4.0,1.0,0.8888888888888888,0.0,0.9857400000000001,0.005669982133551183
4.0,1.0,0.8888888888888888,0.05555555555555555,0.982108,0.006777329887263985
4.0,1.0,0.8888888888888888,0.1111111111111111,0.9785699999999999,0.00753170320088441
4.0,1.0,0.8888888888888888,0.16666666666666666,0.97272,0.009584222171321913
4.0,1.0,0.8888888888888888,0.2222222222222222,0.9667939999999998,0.009449346236040752
4.0,1.0,0.8888888888888888,0.2777777777777778,0.9594459999999999,0.010990389498222772
4.0,1.0,0.8888888888888888,0.3333333333333333,0.9487599999999999,0.014726715598007888
4.0,1.0,0.8888888888888888,0.38888888888888884,0.9210240000000001,0.028299136138978245
4.0,1.0,0.8888888888888888,0.4444444444444444,0.857094,0.04581102994836351
4.0,1.0,0.8888888888888888,0.5,0.76067,0.06409140751328582
4.0,1.0,1.0,0.0,0.9857400000000001,0.005669982133551183
4.0,1.0,1.0,0.05555555555555555,0.9832000000000001,0.006190043074691249
4.0,1.0,1.0,0.1111111111111111,0.980384,0.0075430988778725895
4.0,1.0,1.0,0.16666666666666666,0.97732,0.007586349939913243
4.0,1.0,1.0,0.2222222222222222,0.9734680000000001,0.00912751878652664
4.0,1.0,1.0,0.2777777777777778,0.969182,0.010144095886905131
4.0,1.0,1.0,0.3333333333333333,0.959178,0.015846783809790172
4.0,1.0,1.0,0.38888888888888884,0.924702,0.030361040521746367
4.0,1.0,1.0,0.4444444444444444,0.8571960000000001,0.04762366650335152
4.0,1.0,1.0,0.5,0.761118,0.061937586368944225
4.0,1.5,0.0,0.0,0.9857400000000001,0.005669982133551183
4.0,1.5,0.0,0.05555555555555555,0.97395,0.008493278021063854
4.0,1.5,0.0,0.1111111111111111,0.95412,0.01218468436464943
4.0,1.5,0.0,0.16666666666666666,0.925048,0.01705272079678624
4.0,1.5,0.0,0.2222222222222222,0.8880699999999999,0.020885725437583175
4.0,1.5,0.0,0.2777777777777778,0.83788,0.0260769940606366
4.0,1.5,0.0,0.3333333333333333,0.7808740000000001,0.03247570579577703
4.0,1.5,0.0,0.38888888888888884,0.7186279999999999,0.03613659257103927
4.0,1.5,0.0,0.4444444444444444,0.659048,0.039230290942776726
4.0,1.5,0.0,0.5,0.6052860000000001,0.03983090767749118
4.0,1.5,0.1111111111111111,0.0,0.9857400000000001,0.005669982133551183
4.0,1.5,0.1111111111111111,0.05555555555555555,0.974476,0.008710060522672461
4.0,1.5,0.1111111111111111,0.1111111111111111,0.9571179999999999,0.01201569097718972
4.0,1.5,0.1111111111111111,0.16666666666666666,0.9329380000000002,0.016364894608615763
4.0,1.5,0.1111111111111111,0.2222222222222222,0.899848,0.020313595948544448
4.0,1.5,0.1111111111111111,0.2777777777777778,0.8547640000000001,0.02541338198603121
4.0,1.5,0.1111111111111111,0.3333333333333333,0.802128,0.03242644854328422
4.0,1.5,0.1111111111111111,0.38888888888888884,0.7428779999999999,0.036698292130432734
4.0,1.5,0.1111111111111111,0.4444444444444444,0.6827,0.0392681292137006
4.0,1.5,0.1111111111111111,0.5,0.626958,0.04182227206742556
4.0,1.5,0.2222222222222222,0.0,0.9857400000000001,0.005669982133551183
4.0,1.5,0.2222222222222222,0.05555555555555555,0.9764480000000001,0.00806059814684803
4.0,1.5,0.2222222222222222,0.1111111111111111,0.9604199999999999,0.011555373352108248
4.0,1.5,0.2222222222222222,0.16666666666666666,0.941078,0.014129798952457643
4.0,1.5,0.2222222222222222,0.2222222222222222,0.912778,0.01867024027010599
4.0,1.5,0.2222222222222222,0.2777777777777778,0.875694,0.023303357202639877
4.0,1.5,0.2222222222222222,0.3333333333333333,0.8273820000000001,0.028894321928007904
4.0,1.5,0.2222222222222222,0.38888888888888884,0.7697,0.03574080034944988
4.0,1.5,0.2222222222222222,0.4444444444444444,0.7125739999999999,0.04060899783805089
4.0,1.5,0.2222222222222222,0.5,0.650104,0.04239339079581079
4.0,1.5,0.3333333333333333,0.0,0.9857400000000001,0.005669982133551183
4.0,1.5,0.3333333333333333,0.05555555555555555,0.976506,0.008226135338371871
4.0,1.5,0.3333333333333333,0.1111111111111111,0.9648979999999999,0.010286652830386853
4.0,1.5,0.3333333333333333,0.16666666666666666,0.947882,0.013507070663760926
4.0,1.5,0.3333333333333333,0.2222222222222222,0.9239639999999999,0.01647171328907087
4.0,1.5,0.3333333333333333,0.2777777777777778,0.89088,0.02161174994004288
4.0,1.5,0.3333333333333333,0.3333333333333333,0.8518,0.027572604102514293
4.0,1.5,0.3333333333333333,0.38888888888888884,0.80164,0.035234547630037576
4.0,1.5,0.3333333333333333,0.4444444444444444,0.7455080000000001,0.040144352954659714
4.0,1.5,0.3333333333333333,0.5,0.681818,0.045798995315878784
4.0,1.5,0.4444444444444444,0.0,0.9857400000000001,0.005669982133551183
4.0,1.5,0.4444444444444444,0.05555555555555555,0.9782600000000001,0.0073768038112002055
4.0,1.5,0.4444444444444444,0.1111111111111111,0.967556,0.010426326321438556
4.0,1.5,0.4444444444444444,0.16666666666666666,0.953528,0.012310658822389737
4.0,1.5,0.4444444444444444,0.2222222222222222,0.9342719999999999,0.01618486687716839
4.0,1.5,0.4444444444444444,0.2777777777777778,0.9087060000000001,0.021174519701026007
4.0,1.5,0.4444444444444444,0.3333333333333333,0.87457,0.025340508731387604
4.0,1.5,0.4444444444444444,0.38888888888888884,0.83259,0.030631985522883546
4.0,1.5,0.4444444444444444,0.4444444444444444,0.7801199999999999,0.03778487784799597
4.0,1.5,0.4444444444444444,0.5,0.721582,0.04747478263217162
4.0,1.5,0.5555555555555556,0.0,0.9857400000000001,0.005669982133551183
4.0,1.5,0.5555555555555556,0.05555555555555555,0.9793339999999999,0.007628553838528945
4.0,1.5,0.5555555555555556,0.1111111111111111,0.9710219999999999,0.009103365230343892
4.0,1.5,0.5555555555555556,0.16666666666666666,0.9593459999999999,0.011988399703668108
4.0,1.5,0.5555555555555556,0.2222222222222222,0.944588,0.014908883446161281
4.0,1.5,0.5555555555555556,0.2777777777777778,0.9257719999999999,0.018929677265149686
4.0,1.5,0.5555555555555556,0.3333333333333333,0.9006620000000001,0.02104541696308963
4.0,1.5,0.5555555555555556,0.38888888888888884,0.866342,0.028109452478432845
4.0,1.5,0.5555555555555556,0.4444444444444444,0.818668,0.04124599666005125
4.0,1.5,0.5555555555555556,0.5,0.7415740000000001,0.05525419963364152
4.0,1.5,0.6666666666666666,0.0,0.9857400000000001,0.005669982133551183
4.0,1.5,0.6666666666666666,0.05555555555555555,0.9805239999999998,0.006947370431452738
4.0,1.5,0.6666666666666666,0.1111111111111111,0.9734259999999999,0.009117168943212482
4.0,1.5,0.6666666666666666,0.16666666666666666,0.9651320000000001,0.010301787692401681
4.0,1.5,0.6666666666666666,0.2222222222222222,0.954258,0.012884232335912436
4.0,1.5,0.6666666666666666,0.2777777777777778,0.9394880000000001,0.016166402231858626
4.0,1.5,0.6666666666666666,0.3333333333333333,0.9198,0.019034511426629812
4.0,1.5,0.6666666666666666,0.38888888888888884,0.8919400000000001,0.026899508678306178
4.0,1.5,0.6666666666666666,0.4444444444444444,0.830532,0.04698062722728742
4.0,1.5,0.6666666666666666,0.5,0.7417760000000001,0.05807573853868432
4.0,1.5,0.7777777777777777,0.0,0.9857400000000001,0.005669982133551183
4.0,1.5,0.7777777777777777,0.05555555555555555,0.981208,0.007072253497936731
4.0,1.5,0.7777777777777777,0.1111111111111111,0.97624,0.008935888327435646
4.0,1.5,0.7777777777777777,0.16666666666666666,0.970088,0.009604412813440608
4.0,1.5,0.7777777777777777,0.2222222222222222,0.962586,0.010860317536517446
4.0,1.5,0.7777777777777777,0.2777777777777778,0.9518419999999999,0.013144527119161507
4.0,1.5,0.7777777777777777,0.3333333333333333,0.9374699999999999,0.01888030805003264
4.0,1.5,0.7777777777777777,0.38888888888888884,0.9024220000000001,0.031004555809782605
4.0,1.5,0.7777777777777777,0.4444444444444444,0.834202,0.04782681260556694
4.0,1.5,0.7777777777777777,0.5,0.7444179999999999,0.05482030470195539
4.0,1.5,0.8888888888888888,0.0,0.9857400000000001,0.005669982133551183
4.0,1.5,0.8888888888888888,0.05555555555555555,0.9826860000000001,0.00672710278081489
4.0,1.5,0.8888888888888888,0.1111111111111111,0.978398,0.00785589116855015
4.0,1.5,0.8888888888888888,0.16666666666666666,0.9748239999999999,0.008819330199643318
4.0,1.5,0.8888888888888888,0.2222222222222222,0.9698720000000001,0.009381238258488332
4.0,1.5,0.8888888888888888,0.2777777777777778,0.96354,0.011441425279433053
4.0,1.5,0.8888888888888888,0.3333333333333333,0.9468719999999999,0.0199661942750153
4.0,1.5,0.8888888888888888,0.38888888888888884,0.9025440000000001,0.03287225630328617
4.0,1.5,0.8888888888888888,0.4444444444444444,0.8333760000000001,0.047079800756572456
4.0,1.5,0.8888888888888888,0.5,0.7411859999999999,0.05648650151768481
4.0,1.5,1.0,0.0,0.9857400000000001,0.005669982133551183
4.0,1.5,1.0,0.05555555555555555,0.9839379999999999,0.006000180024019389
4.0,1.5,1.0,0.1111111111111111,0.981482,0.006959781110510041
4.0,1.5,1.0,0.16666666666666666,0.9791179999999999,0.00769978241891272
4.0,1.5,1.0,0.2222222222222222,0.976134,0.007956044323818546
4.0,1.5,1.0,0.2777777777777778,0.9708559999999998,0.011116402872586605
4.0,1.5,1.0,0.3333333333333333,0.9488499999999999,0.02048449973660369
4.0,1.5,1.0,0.38888888888888884,0.90417,0.03168875912543467
4.0,1.5,1.0,0.4444444444444444,0.833394,0.04719968627829576
4.0,1.5,1.0,0.5,0.74374,0.05789282821834011
4.0,2.0,0.0,0.0,0.9857400000000001,0.005669982133551183
4.0,2.0,0.0,0.05555555555555555,0.97395,0.008493278021063854
4.0,2.0,0.0,0.1111111111111111,0.95412,0.01218468436464943
4.0,2.0,0.0,0.16666666666666666,0.925048,0.01705272079678624
4.0,2.0,0.0,0.2222222222222222,0.8880699999999999,0.020885725437583175
4.0,2.0,0.0,0.2777777777777778,0.83788,0.0260769940606366
4.0,2.0,0.0,0.3333333333333333,0.7808740000000001,0.03247570579577703
4.0,2.0,0.0,0.38888888888888884,0.7186279999999999,0.03613659257103927
4.0,2.0,0.0,0.4444444444444444,0.659048,0.039230290942776726
4.0,2.0,0.0,0.5,0.6052860000000001,0.03983090767749118
4.0,2.0,0.1111111111111111,0.0,0.9857400000000001,0.005669982133551183
4.0,2.0,0.1111111111111111,0.05555555555555555,0.9752580000000001,0.008367764035266524
4.0,2.0,0.1111111111111111,0.1111111111111111,0.9571620000000001,0.011869014407523986
4.0,2.0,0.1111111111111111,0.16666666666666666,0.934818,0.015089209538242138
4.0,2.0,0.1111111111111111,0.2222222222222222,0.900614,0.019919603037468925
4.0,2.0,0.1111111111111111,0.2777777777777778,0.856582,0.02534837976505454
4.0,2.0,0.1111111111111111,0.3333333333333333,0.8036500000000001,0.030167393710537418
4.0,2.0,0.1111111111111111,0.38888888888888884,0.7451959999999999,0.03758252887917346
4.0,2.0,0.1111111111111111,0.4444444444444444,0.686362,0.03993023670862989
4.0,2.0,0.1111111111111111,0.5,0.630154,0.042517499450450254
4.0,2.0,0.2222222222222222,0.0,0.9857400000000001,0.005669982133551183
4.0,2.0,0.2222222222222222,0.05555555555555555,0.976074,0.008250373405043279
4.0,2.0,0.2222222222222222,0.1111111111111111,0.9615739999999998,0.01043908391315501
4.0,2.0,0.2222222222222222,0.16666666666666666,0.941118,0.01509356509956573
4.0,2.0,0.2222222222222222,0.2222222222222222,0.9125740000000001,0.019462942641659955
4.0,2.0,0.2222222222222222,0.2777777777777778,0.876714,0.023924317125046654
4.0,2.0,0.2222222222222222,0.3333333333333333,0.8292419999999999,0.028413131613678057
4.0,2.0,0.2222222222222222,0.38888888888888884,0.778186,0.03373282096743233
4.0,2.0,0.2222222222222222,0.4444444444444444,0.7166140000000001,0.040478612131348575
4.0,2.0,0.2222222222222222,0.5,0.6577560000000001,0.04167130258244679
4.0,2.0,0.3333333333333333,0.0,0.9857400000000001,0.005669982133551183
4.0,2.0,0.3333333333333333,0.05555555555555555,0.9773939999999999,0.007563675189002342
4.0,2.0,0.3333333333333333,0.1111111111111111,0.96476,0.010703435292190451
4.0,2.0,0.3333333333333333,0.16666666666666666,0.9479659999999999,0.013014283967024391
4.0,2.0,0.3333333333333333,0.2222222222222222,0.92573,0.01646825755852839
4.0,2.0,0.3333333333333333,0.2777777777777778,0.896178,0.020987693598038107
4.0,2.0,0.3333333333333333,0.3333333333333333,0.856988,0.026569073890046455
4.0,2.0,0.3333333333333333,0.38888888888888884,0.808708,0.031042777647758507
4.0,2.0,0.3333333333333333,0.4444444444444444,0.752534,0.037676463153426515
4.0,2.0,0.3333333333333333,0.5,0.6931179999999999,0.04355928027178125
4.0,2.0,0.4444444444444444,0.0,0.9857400000000001,0.005669982133551183
4.0,2.0,0.4444444444444444,0.05555555555555555,0.978284,0.007495044722400375
4.0,2.0,0.4444444444444444,0.1111111111111111,0.967976,0.009911200117823833
4.0,2.0,0.4444444444444444,0.16666666666666666,0.954982,0.012729404994068088
4.0,2.0,0.4444444444444444,0.2222222222222222,0.9365200000000001,0.015367169544180796
4.0,2.0,0.4444444444444444,0.2777777777777778,0.911636,0.020075496385151232
4.0,2.0,0.4444444444444444,0.3333333333333333,0.881586,0.024037349945132694
4.0,2.0,0.4444444444444444,0.38888888888888884,0.8417939999999999,0.03158884731276372
4.0,2.0,0.4444444444444444,0.4444444444444444,0.790624,0.03936370952101074
4.0,2.0,0.4444444444444444,0.5,0.7195940000000001,0.05285342119735038
4.0,2.0,0.5555555555555556,0.0,0.9857400000000001,0.005669982133551183
4.0,2.0,0.5555555555555556,0.05555555555555555,0.980136,0.007241711729802233
4.0,2.0,0.5555555555555556,0.1111111111111111,0.971334,0.009473644699257816
4.0,2.0,0.5555555555555556,0.16666666666666666,0.9601759999999999,0.011942288747180835
4.0,2.0,0.5555555555555556,0.2222222222222222,0.946654,0.013466289983951154
4.0,2.0,0.5555555555555556,0.2777777777777778,0.928268,0.017510723196193418
4.0,2.0,0.5555555555555556,0.3333333333333333,0.905866,0.020496347101105067
4.0,2.0,0.5555555555555556,0.38888888888888884,0.869328,0.029704766659993324
4.0,2.0,0.5555555555555556,0.4444444444444444,0.8051159999999999,0.04410325087195896
4.0,2.0,0.5555555555555556,0.5,0.722146,0.053013030915934144
4.0,2.0,0.6666666666666666,0.0,0.9857400000000001,0.005669982133551183
4.0,2.0,0.6666666666666666,0.05555555555555555,0.9805560000000001,0.007340478816706514
4.0,2.0,0.6666666666666666,0.1111111111111111,0.97454,0.00895795120435243
4.0,2.0,0.6666666666666666,0.16666666666666666,0.9658699999999999,0.010124332284571517
4.0,2.0,0.6666666666666666,0.2222222222222222,0.956326,0.012622137723913605
4.0,2.0,0.6666666666666666,0.2777777777777778,0.9423599999999999,0.015473242791508473
4.0,2.0,0.6666666666666666,0.3333333333333333,0.923918,0.01895335683911801
4.0,2.0,0.6666666666666666,0.38888888888888884,0.8783139999999999,0.03228951268227066
4.0,2.0,0.6666666666666666,0.4444444444444444,0.809148,0.04300256430812177
4.0,2.0,0.6666666666666666,0.5,0.7239279999999999,0.05207131320908506
4.0,2.0,0.7777777777777777,0.0,0.9857400000000001,0.005669982133551183
4.0,2.0,0.7777777777777777,0.05555555555555555,0.9823419999999999,0.006374818634694683
4.0,2.0,0.7777777777777777,0.1111111111111111,0.977124,0.008051476669102784
4.0,2.0,0.7777777777777777,0.16666666666666666,0.9714839999999999,0.009132609326266654
4.0,2.0,0.7777777777777777,0.2222222222222222,0.964646,0.010986267799408523
4.0,2.0,0.7777777777777777,0.2777777777777778,0.954934,0.013280903915684174
4.0,2.0,0.7777777777777777,0.3333333333333333,0.93152,0.02173933756109392
4.0,2.0,0.7777777777777777,0.38888888888888884,0.880946,0.033501818273868535
4.0,2.0,0.7777777777777777,0.4444444444444444,0.8062720000000001,0.04384530576555888
4.0,2.0,0.7777777777777777,0.5,0.720924,0.05271147145019656
4.0,2.0,0.8888888888888888,0.0,0.9857400000000001,0.005669982133551183
4.0,2.0,0.8888888888888888,0.05555555555555555,0.983362,0.006600461209366565
4.0,2.0,0.8888888888888888,0.1111111111111111,0.9796459999999999,0.007381982886913624
4.0,2.0,0.8888888888888888,0.16666666666666666,0.9766199999999999,0.007979909643337555
4.0,2.0,0.8888888888888888,0.2222222222222222,0.9719119999999999,0.009226402821145206
4.0,2.0,0.8888888888888888,0.2777777777777778,0.9616659999999999,0.014037540706911454
4.0,2.0,0.8888888888888888,0.3333333333333333,0.930176,0.02309041703212469
4.0,2.0,0.8888888888888888,0.38888888888888884,0.878688,0.034668753958024004
4.0,2.0,0.8888888888888888,0.4444444444444444,0.805424,0.045856404609251424
4.0,2.0,0.8888888888888888,0.5,0.722374,0.0531714635219507
4.0,2.0,1.0,0.0,0.9857400000000001,0.005669982133551183
4.0,2.0,1.0,0.05555555555555555,0.9842540000000001,0.006264181026108338
4.0,2.0,1.0,0.1111111111111111,0.982474,0.006860572783509833
4.0,2.0,1.0,0.16666666666666666,0.980432,0.00724972364893808
4.0,2.0,1.0,0.2222222222222222,0.977296,0.008320025820832452
4.0,2.0,1.0,0.2777777777777778,0.964558,0.013658101019061682
4.0,2.0,1.0,0.3333333333333333,0.9321079999999999,0.0230317445825763
4.0,2.0,1.0,0.38888888888888884,0.88019,0.03277178481193113
4.0,2.0,1.0,0.4444444444444444,0.80729,0.045631330647630086
4.0,2.0,1.0,0.5,0.724392,0.051556867215864
4.0,2.5,0.0,0.0,0.9857400000000001,0.005669982133551183
4.0,2.5,0.0,0.05555555555555555,0.97395,0.008493278021063854
4.0,2.5,0.0,0.1111111111111111,0.95412,0.01218468436464943
4.0,2.5,0.0,0.16666666666666666,0.925048,0.01705272079678624
4.0,2.5,0.0,0.2222222222222222,0.8880699999999999,0.020885725437583175
4.0,2.5,0.0,0.2777777777777778,0.83788,0.0260769940606366
4.0,2.5,0.0,0.3333333333333333,0.7808740000000001,0.03247570579577703
4.0,2.5,0.0,0.38888888888888884,0.7186279999999999,0.03613659257103927
4.0,2.5,0.0,0.4444444444444444,0.659048,0.039230290942776726
4.0,2.5,0.0,0.5,0.6052860000000001,0.03983090767749118
4.0,2.5,0.1111111111111111,0.0,0.9857400000000001,0.005669982133551183
4.0,2.5,0.1111111111111111,0.05555555555555555,0.9747560000000001,0.008234079434172143
4.0,2.5,0.1111111111111111,0.1111111111111111,0.957748,0.011371152193353525
4.0,2.5,0.1111111111111111,0.16666666666666666,0.9335060000000001,0.01545988292193438
4.0,2.5,0.1111111111111111,0.2222222222222222,0.901238,0.020247896449291782
4.0,2.5,0.1111111111111111,0.2777777777777778,0.85798,0.02376411298854356
4.0,2.5,0.1111111111111111,0.3333333333333333,0.806724,0.029862138547620355
4.0,2.5,0.1111111111111111,0.38888888888888884,0.748778,0.03630350678943318
4.0,2.5,0.1111111111111111,0.4444444444444444,0.6880320000000001,0.040146662189650795
4.0,2.5,0.1111111111111111,0.5,0.632048,0.03956276178732324
4.0,2.5,0.2222222222222222,0.0,0.9857400000000001,0.005669982133551183
4.0,2.5,0.2222222222222222,0.05555555555555555,0.9762339999999999,0.008186652953017275
4.0,2.5,0.2222222222222222,0.1111111111111111,0.961548,0.010448446586557454
4.0,2.5,0.2222222222222222,0.16666666666666666,0.941244,0.01398383206128548
4.0,2.5,0.2222222222222222,0.2222222222222222,0.913934,0.01816263766124367
4.0,2.5,0.2222222222222222,0.2777777777777778,0.8776179999999999,0.023511820162946763
4.0,2.5,0.2222222222222222,0.3333333333333333,0.83419,0.02718366795719838
4.0,2.5,0.2222222222222222,0.38888888888888884,0.7786020000000001,0.03662034537508873
4.0,2.5,0.2222222222222222,0.4444444444444444,0.7200979999999999,0.040388697549928
4.0,2.5,0.2222222222222222,0.5,0.663104,0.04406263968979693
4.0,2.5,0.3333333333333333,0.0,0.9857400000000001,0.005669982133551183
4.0,2.5,0.3333333333333333,0.05555555555555555,0.9771099999999999,0.008130813012268878
4.0,2.5,0.3333333333333333,0.1111111111111111,0.965174,0.010675939085190652
4.0,2.5,0.3333333333333333,0.16666666666666666,0.948838,0.013821353610672934
4.0,2.5,0.3333333333333333,0.2222222222222222,0.926926,0.017544576036387774
4.0,2.5,0.3333333333333333,0.2777777777777778,0.897106,0.021729590751518015
4.0,2.5,0.3333333333333333,0.3333333333333333,0.857942,0.02612415700378324
4.0,2.5,0.3333333333333333,0.38888888888888884,0.814204,0.03314131980106271
4.0,2.5,0.3333333333333333,0.4444444444444444,0.7573399999999999,0.038881614677374686
4.0,2.5,0.3333333333333333,0.5,0.6957639999999999,0.04695390977636019
4.0,2.5,0.4444444444444444,0.0,0.9857400000000001,0.005669982133551183
4.0,2.5,0.4444444444444444,0.05555555555555555,0.9783,0.007463068724698937
4.0,2.5,0.4444444444444444,0.1111111111111111,0.968624,0.010360564975580548
4.0,2.5,0.4444444444444444,0.16666666666666666,0.955442,0.01178883324075613
4.0,2.5,0.4444444444444444,0.2222222222222222,0.937684,0.015209562965819289
4.0,2.5,0.4444444444444444,0.2777777777777778,0.916016,0.018125805738430912
4.0,2.5,0.4444444444444444,0.3333333333333333,0.884456,0.023593078024313048
4.0,2.5,0.4444444444444444,0.38888888888888884,0.842482,0.030275913493662782
4.0,2.5,0.4444444444444444,0.4444444444444444,0.7792760000000001,0.040528322366311355
4.0,2.5,0.4444444444444444,0.5,0.7015,0.04762526989598409
4.0,2.5,0.5555555555555556,0.0,0.9857400000000001,0.005669982133551183
4.0,2.5,0.5555555555555556,0.05555555555555555,0.9801799999999999,0.006894539095449192
4.0,2.5,0.5555555555555556,0.1111111111111111,0.971794,0.008841261210913248
4.0,2.5,0.5555555555555556,0.16666666666666666,0.961722,0.011639745846311824
4.0,2.5,0.5555555555555556,0.2222222222222222,0.9488840000000001,0.01346391838197159
4.0,2.5,0.5555555555555556,0.2777777777777778,0.9324240000000001,0.016539023629138748
4.0,2.5,0.5555555555555556,0.3333333333333333,0.9045740000000001,0.0229099597667265
4.0,2.5,0.5555555555555556,0.38888888888888884,0.853212,0.034799901181533394
4.0,2.5,0.5555555555555556,0.4444444444444444,0.778934,0.042716355392707274
4.0,2.5,0.5555555555555556,0.5,0.7007439999999999,0.04855608974890179
4.0,2.5,0.6666666666666666,0.0,0.9857400000000001,0.005669982133551183
4.0,2.5,0.6666666666666666,0.05555555555555555,0.9808619999999999,0.007462864375652214
4.0,2.5,0.6666666666666666,0.1111111111111111,0.974866,0.008092900226008982
4.0,2.5,0.6666666666666666,0.16666666666666666,0.967838,0.010258373382213078
4.0,2.5,0.6666666666666666,0.2222222222222222,0.958056,0.01164801341143053
4.0,2.5,0.6666666666666666,0.2777777777777778,0.943326,0.015479630548687097
4.0,2.5,0.6666666666666666,0.3333333333333333,0.910146,0.025693208556578993
4.0,2.5,0.6666666666666666,0.38888888888888884,0.853804,0.03431887460725685
4.0,2.5,0.6666666666666666,0.4444444444444444,0.779266,0.04303444167571691
4.0,2.5,0.6666666666666666,0.5,0.699312,0.04872205181091341
4.0,2.5,0.7777777777777777,0.0,0.9857400000000001,0.005669982133551183
4.0,2.5,0.7777777777777777,0.05555555555555555,0.9827,0.0067576127930891895
4.0,2.5,0.7777777777777777,0.1111111111111111,0.9776000000000001,0.0078042175535569585
4.0,2.5,0.7777777777777777,0.16666666666666666,0.9727060000000001,0.008870678772437178
4.0,2.5,0.7777777777777777,0.2222222222222222,0.9660319999999999,0.010315026686882708
4.0,2.5,0.7777777777777777,0.2777777777777778,0.9493480000000001,0.016342860035755538
4.0,2.5,0.7777777777777777,0.3333333333333333,0.91158,0.024012096150129128
4.0,2.5,0.7777777777777777,0.38888888888888884,0.85462,0.03333343420158422
4.0,2.5,0.7777777777777777,0.4444444444444444,0.7787000000000001,0.0444545432191767
4.0,2.5,0.7777777777777777,0.5,0.70304,0.048116158714707445
4.0,2.5,0.8888888888888888,0.0,0.9857400000000001,0.005669982133551183
4.0,2.5,0.8888888888888888,0.05555555555555555,0.9830339999999999,0.006509807923310555
4.0,2.5,0.8888888888888888,0.1111111111111111,0.9802919999999999,0.00710067427434189
4.0,2.5,0.8888888888888888,0.16666666666666666,0.9771559999999999,0.007562409939177887
4.0,2.5,0.8888888888888888,0.2222222222222222,0.9722540000000002,0.009368726170623225
4.0,2.5,0.8888888888888888,0.2777777777777778,0.9502039999999999,0.01669958491318107
4.0,2.5,0.8888888888888888,0.3333333333333333,0.9097139999999999,0.025141128787574876
4.0,2.5,0.8888888888888888,0.38888888888888884,0.850902,0.0341398807689458
4.0,2.5,0.8888888888888888,0.4444444444444444,0.7794059999999999,0.042949720849408166
4.0,2.5,0.8888888888888888,0.5,0.7009259999999999,0.04827846460160657
4.0,2.5,1.0,0.0,0.9857400000000001,0.005669982133551183
4.0,2.5,1.0,0.05555555555555555,0.9843540000000001,0.0060084012658562684
4.0,2.5,1.0,0.1111111111111111,0.98307,0.00688126468079919
4.0,2.5,1.0,0.16666666666666666,0.981166,0.006805517919181223
4.0,2.5,1.0,0.2222222222222222,0.974236,0.00979797451564447
4.0,2.5,1.0,0.2777777777777778,0.9503199999999999,0.016118847181760154
4.0,2.5,1.0,0.3333333333333333,0.911954,0.025985426083431355
4.0,2.5,1.0,0.38888888888888884,0.8534619999999999,0.03341211299198509
4.0,2.5,1.0,0.4444444444444444,0.779192,0.043252754102773024
4.0,2.5,1.0,0.5,0.7016899999999999,0.047247630386658614
4.0,3.0,0.0,0.0,0.9857400000000001,0.005669982133551183
4.0,3.0,0.0,0.05555555555555555,0.97395,0.008493278021063854
4.0,3.0,0.0,0.1111111111111111,0.95412,0.01218468436464943
4.0,3.0,0.0,0.16666666666666666,0.925048,0.01705272079678624
4.0,3.0,0.0,0.2222222222222222,0.8880699999999999,0.020885725437583175
4.0,3.0,0.0,0.2777777777777778,0.83788,0.0260769940606366
4.0,3.0,0.0,0.3333333333333333,0.7808740000000001,0.03247570579577703
4.0,3.0,0.0,0.38888888888888884,0.7186279999999999,0.03613659257103927
4.0,3.0,0.0,0.4444444444444444,0.659048,0.039230290942776726
4.0,3.0,0.0,0.5,0.6052860000000001,0.03983090767749118
4.0,3.0,0.1111111111111111,0.0,0.9857400000000001,0.005669982133551183
4.0,3.0,0.1111111111111111,0.05555555555555555,0.9748159999999999,0.008303254305639947
4.0,3.0,0.1111111111111111,0.1111111111111111,0.9573379999999999,0.01207706367184787
4.0,3.0,0.1111111111111111,0.16666666666666666,0.9342099999999999,0.014835838507088701
4.0,3.0,0.1111111111111111,0.2222222222222222,0.901302,0.01962439884582764
4.0,3.0,0.1111111111111111,0.2777777777777778,0.85854,0.025612661260276483
4.0,3.0,0.1111111111111111,0.3333333333333333,0.80617,0.030979227315252718
4.0,3.0,0.1111111111111111,0.38888888888888884,0.7492540000000001,0.03549649964396418
4.0,3.0,0.1111111111111111,0.4444444444444444,0.689394,0.03915022662117012
4.0,3.0,0.1111111111111111,0.5,0.632654,0.03968910094052185
4.0,3.0,0.2222222222222222,0.0,0.9857400000000001,0.005669982133551183
4.0,3.0,0.2222222222222222,0.05555555555555555,0.9761120000000001,0.008472959227811286
4.0,3.0,0.2222222222222222,0.1111111111111111,0.9618179999999998,0.011461046513052315
4.0,3.0,0.2222222222222222,0.16666666666666666,0.941862,0.014107338160686413
4.0,3.0,0.2222222222222222,0.2222222222222222,0.914106,0.019514620283511006
4.0,3.0,0.2222222222222222,0.2777777777777778,0.8771599999999999,0.024557861819676192
4.0,3.0,0.2222222222222222,0.3333333333333333,0.833904,0.029502874830200733
4.0,3.0,0.2222222222222222,0.38888888888888884,0.780856,0.0339004682489046
4.0,3.0,0.2222222222222222,0.4444444444444444,0.7227680000000001,0.039875535013152746
4.0,3.0,0.2222222222222222,0.5,0.66653,0.04036140714064295
4.0,3.0,0.3333333333333333,0.0,0.9857400000000001,0.005669982133551183
4.0,3.0,0.3333333333333333,0.05555555555555555,0.9768000000000001,0.008463288634391379
4.0,3.0,0.3333333333333333,0.1111111111111111,0.9662959999999999,0.01061799735051159
4.0,3.0,0.3333333333333333,0.16666666666666666,0.9493039999999999,0.013796676431703467
4.0,3.0,0.3333333333333333,0.2222222222222222,0.927474,0.01685103078381121
4.0,3.0,0.3333333333333333,0.2777777777777778,0.8991760000000001,0.02245326975398661
4.0,3.0,0.3333333333333333,0.3333333333333333,0.8630519999999999,0.026180835898356545
4.0,3.0,0.3333333333333333,0.38888888888888884,0.817414,0.03153333643326101
4.0,3.0,0.3333333333333333,0.4444444444444444,0.7558779999999999,0.04019495471784411
4.0,3.0,0.3333333333333333,0.5,0.679432,0.04460359107373919
4.0,3.0,0.4444444444444444,0.0,0.9857400000000001,0.005669982133551183
4.0,3.0,0.4444444444444444,0.05555555555555555,0.97854,0.007789335497652551
4.0,3.0,0.4444444444444444,0.1111111111111111,0.96875,0.0095064317432451
4.0,3.0,0.4444444444444444,0.16666666666666666,0.9549739999999999,0.012836154319554993
4.0,3.0,0.4444444444444444,0.2222222222222222,0.939302,0.014098948780438417
4.0,3.0,0.4444444444444444,0.2777777777777778,0.9170020000000001,0.018433273370030298
4.0,3.0,0.4444444444444444,0.3333333333333333,0.883486,0.024763688832020545
4.0,3.0,0.4444444444444444,0.38888888888888884,0.826896,0.03507931442604319
4.0,3.0,0.4444444444444444,0.4444444444444444,0.753914,0.041938482048747394
4.0,3.0,0.4444444444444444,0.5,0.680492,0.04473616641119731
4.0,3.0,0.5555555555555556,0.0,0.9857400000000001,0.005669982133551183
4.0,3.0,0.5555555555555556,0.05555555555555555,0.979694,0.007288525860449223
4.0,3.0,0.5555555555555556,0.1111111111111111,0.9725219999999999,0.009182273372568318
4.0,3.0,0.5555555555555556,0.16666666666666666,0.962828,0.010803696391116465
4.0,3.0,0.5555555555555556,0.2222222222222222,0.9500299999999999,0.013633078215989462
4.0,3.0,0.5555555555555556,0.2777777777777778,0.9298780000000001,0.01807984728241669
4.0,3.0,0.5555555555555556,0.3333333333333333,0.889152,0.026649903014107267
4.0,3.0,0.5555555555555556,0.38888888888888884,0.8285399999999999,0.033187999134825015
4.0,3.0,0.5555555555555556,0.4444444444444444,0.755364,0.04107727094606887
4.0,3.0,0.5555555555555556,0.5,0.6823779999999999,0.04586172381652097
4.0,3.0,0.6666666666666666,0.0,0.9857400000000001,0.005669982133551183
4.0,3.0,0.6666666666666666,0.05555555555555555,0.981384,0.007053797283181913
4.0,3.0,0.6666666666666666,0.1111111111111111,0.97527,0.00836738467219628
4.0,3.0,0.6666666666666666,0.16666666666666666,0.9679679999999999,0.009906728144299212
4.0,3.0,0.6666666666666666,0.2222222222222222,0.958652,0.011883321195915321
4.0,3.0,0.6666666666666666,0.2777777777777778,0.932818,0.018474726168850954
4.0,3.0,0.6666666666666666,0.3333333333333333,0.8874079999999999,0.025972421322215566
4.0,3.0,0.6666666666666666,0.38888888888888884,0.829986,0.03450250207301779
4.0,3.0,0.6666666666666666,0.4444444444444444,0.756286,0.04084405314552791
4.0,3.0,0.6666666666666666,0.5,0.6796960000000001,0.04501956359420228
4.0,3.0,0.7777777777777777,0.0,0.9857400000000001,0.005669982133551183
4.0,3.0,0.7777777777777777,0.05555555555555555,0.98218,0.006656742780737281
4.0,3.0,0.7777777777777777,0.1111111111111111,0.978884,0.007313927198306277
4.0,3.0,0.7777777777777777,0.16666666666666666,0.973178,0.00903823519226965
4.0,3.0,0.7777777777777777,0.2222222222222222,0.963128,0.012308314474793905
4.0,3.0,0.7777777777777777,0.2777777777777778,0.932638,0.01922337202636747
4.0,3.0,0.7777777777777777,0.3333333333333333,0.888834,0.025525939574918024
4.0,3.0,0.7777777777777777,0.38888888888888884,0.828464,0.034394573370732595
4.0,3.0,0.7777777777777777,0.4444444444444444,0.754194,0.04141737754040751
4.0,3.0,0.7777777777777777,0.5,0.682018,0.045119143944678315
4.0,3.0,0.8888888888888888,0.0,0.9857400000000001,0.005669982133551183
4.0,3.0,0.8888888888888888,0.05555555555555555,0.9828340000000001,0.00670285764440828
4.0,3.0,0.8888888888888888,0.1111111111111111,0.9808520000000001,0.007411880188985231
4.0,3.0,0.8888888888888888,0.16666666666666666,0.978096,0.007647729043254486
4.0,3.0,0.8888888888888888,0.2222222222222222,0.9637939999999998,0.011807217486331796
4.0,3.0,0.8888888888888888,0.2777777777777778,0.932466,0.018416709651530475
4.0,3.0,0.8888888888888888,0.3333333333333333,0.889038,0.026392303107661053
4.0,3.0,0.8888888888888888,0.38888888888888884,0.828116,0.0357822201457248
4.0,3.0,0.8888888888888888,0.4444444444444444,0.755486,0.04230306019431224
4.0,3.0,0.8888888888888888,0.5,0.680702,0.04440171416106456
4.0,3.0,1.0,0.0,0.9857400000000001,0.005669982133551183
4.0,3.0,1.0,0.05555555555555555,0.9841940000000001,0.006524838007341198
4.0,3.0,1.0,0.1111111111111111,0.983188,0.006445443622201192
4.0,3.0,1.0,0.16666666666666666,0.98064,0.007523536881974385
4.0,3.0,1.0,0.2222222222222222,0.9640700000000001,0.012352581614589329
4.0,3.0,1.0,0.2777777777777778,0.9325880000000001,0.018071064793352094
4.0,3.0,1.0,0.3333333333333333,0.888752,0.024934031118445967
4.0,3.0,1.0,0.38888888888888884,0.829222,0.0354929318657229
4.0,3.0,1.0,0.4444444444444444,0.7533,0.04149633588382917
4.0,3.0,1.0,0.5,0.682276,0.04476122158650092
4.5,0.0,0.0,0.0,0.985724,0.006100677054314727
4.5,0.0,0.0,0.05555555555555555,0.9739079999999999,0.008468232278098646
4.5,0.0,0.0,0.1111111111111111,0.955996,0.011895165990766812
4.5,0.0,0.0,0.16666666666666666,0.9308040000000001,0.015877965978273588
4.5,0.0,0.0,0.2222222222222222,0.8960260000000001,0.021453807487516612
4.5,0.0,0.0,0.2777777777777778,0.851826,0.026047892609937527
4.5,0.0,0.0,0.3333333333333333,0.8010799999999999,0.03048712070790082
4.5,0.0,0.0,0.38888888888888884,0.7483019999999999,0.03544957179262624
4.5,0.0,0.0,0.4444444444444444,0.6965039999999999,0.03892614125425086
4.5,0.0,0.0,0.5,0.648088,0.039175984627614506
4.5,0.0,0.1111111111111111,0.0,0.985724,0.006100677054314727
4.5,0.0,0.1111111111111111,0.05555555555555555,0.9744039999999999,0.008618197645756493
4.5,0.0,0.1111111111111111,0.1111111111111111,0.9588840000000001,0.011015135515318982
4.5,0.0,0.1111111111111111,0.16666666666666666,0.935192,0.015382730342353722
4.5,0.0,0.1111111111111111,0.2222222222222222,0.903926,0.020984786072128222
4.5,0.0,0.1111111111111111,0.2777777777777778,0.864208,0.024991716784079326
4.5,0.0,0.1111111111111111,0.3333333333333333,0.815566,0.029527570147196244
4.5,0.0,0.1111111111111111,0.38888888888888884,0.75991,0.03473584687489614
4.5,0.0,0.1111111111111111,0.4444444444444444,0.7034600000000001,0.04048974238590503
4.5,0.0,0.1111111111111111,0.5,0.6520719999999999,0.041974832807032805
4.5,0.0,0.2222222222222222,0.0,0.985724,0.006100677054314727
4.5,0.0,0.2222222222222222,0.05555555555555555,0.976026,0.008345815074545864
4.5,0.0,0.2222222222222222,0.1111111111111111,0.96187,0.01074952112462772
4.5,0.0,0.2222222222222222,0.16666666666666666,0.9414680000000001,0.013746960895693803
4.5,0.0,0.2222222222222222,0.2222222222222222,0.911986,0.019438763722781867
4.5,0.0,0.2222222222222222,0.2777777777777778,0.87476,0.02435777087510284
4.5,0.0,0.2222222222222222,0.3333333333333333,0.8274360000000001,0.03152576170852348
4.5,0.0,0.2222222222222222,0.38888888888888884,0.77554,0.03683604468963456
4.5,0.0,0.2222222222222222,0.4444444444444444,0.71594,0.04217736668547529
4.5,0.0,0.2222222222222222,0.5,0.661404,0.0448247174513033
4.5,0.0,0.3333333333333333,0.0,0.985724,0.006100677054314727
4.5,0.0,0.3333333333333333,0.05555555555555555,0.977154,0.0072691102569610155
4.5,0.0,0.3333333333333333,0.1111111111111111,0.9645640000000001,0.010648223952692453
4.5,0.0,0.3333333333333333,0.16666666666666666,0.9457679999999999,0.014354870274621139
4.5,0.0,0.3333333333333333,0.2222222222222222,0.9207139999999999,0.018265252335671996
4.5,0.0,0.3333333333333333,0.2777777777777778,0.8875899999999999,0.02274362426900735
4.5,0.0,0.3333333333333333,0.3333333333333333,0.84256,0.030001910426813102
4.5,0.0,0.3333333333333333,0.38888888888888884,0.792596,0.03695375412441577
4.5,0.0,0.3333333333333333,0.4444444444444444,0.73203,0.042639998110667814
4.5,0.0,0.3333333333333333,0.5,0.6688760000000001,0.046932653578759906
4.5,0.0,0.4444444444444444,0.0,0.985724,0.006100677054314727
4.5,0.0,0.4444444444444444,0.05555555555555555,0.97765,0.008204518770562549
4.5,0.0,0.4444444444444444,0.1111111111111111,0.965494,0.010232074799835024
4.5,0.0,0.4444444444444444,0.16666666666666666,0.949326,0.01278634840018139
4.5,0.0,0.4444444444444444,0.2222222222222222,0.928472,0.017004455858335345
4.5,0.0,0.4444444444444444,0.2777777777777778,0.898784,0.022989353290805294
4.5,0.0,0.4444444444444444,0.3333333333333333,0.860352,0.026245871819681497
4.5,0.0,0.4444444444444444,0.38888888888888884,0.809612,0.03532530552480529
4.5,0.0,0.4444444444444444,0.4444444444444444,0.74678,0.04509597425256026
4.5,0.0,0.4444444444444444,0.5,0.678222,0.05443059889613913
4.5,0.0,0.5555555555555556,0.0,0.985724,0.006100677054314727
4.5,0.0,0.5555555555555556,0.05555555555555555,0.978492,0.007552749436337486
4.5,0.0,0.5555555555555556,0.1111111111111111,0.9684320000000001,0.010205374826565734
4.5,0.0,0.5555555555555556,0.16666666666666666,0.9551799999999999,0.013228059688641122
4.5,0.0,0.5555555555555556,0.2222222222222222,0.9364539999999999,0.015524235497297452
4.5,0.0,0.5555555555555556,0.2777777777777778,0.910252,0.02307234626830678
4.5,0.0,0.5555555555555556,0.3333333333333333,0.876862,0.027889399297696835
4.5,0.0,0.5555555555555556,0.38888888888888884,0.831966,0.033066169829212885
4.5,0.0,0.5555555555555556,0.4444444444444444,0.7702340000000001,0.04563130148648733
4.5,0.0,0.5555555555555556,0.5,0.6953879999999999,0.05830458219221896
4.5,0.0,0.6666666666666666,0.0,0.985724,0.006100677054314727
4.5,0.0,0.6666666666666666,0.05555555555555555,0.9795699999999999,0.007396927000999547
4.5,0.0,0.6666666666666666,0.1111111111111111,0.9702779999999999,0.009830054727818362
4.5,0.0,0.6666666666666666,0.16666666666666666,0.960582,0.010946731835381343
4.5,0.0,0.6666666666666666,0.2222222222222222,0.9445459999999999,0.014138446709264087
4.5,0.0,0.6666666666666666,0.2777777777777778,0.9232619999999999,0.01970456535403872
4.5,0.0,0.6666666666666666,0.3333333333333333,0.8960940000000001,0.023887116877208337
4.5,0.0,0.6666666666666666,0.38888888888888884,0.8563399999999999,0.029368033007429205
4.5,0.0,0.6666666666666666,0.4444444444444444,0.8023859999999999,0.04549770418573168
4.5,0.0,0.6666666666666666,0.5,0.713394,0.08039323920467216
4.5,0.0,0.7777777777777777,0.0,0.985724,0.006100677054314727
4.5,0.0,0.7777777777777777,0.05555555555555555,0.980342,0.007291870730993187
4.5,0.0,0.7777777777777777,0.1111111111111111,0.973296,0.00909669631061382
4.5,0.0,0.7777777777777777,0.16666666666666666,0.9633339999999999,0.011245771594582333
4.5,0.0,0.7777777777777777,0.2222222222222222,0.9509959999999998,0.013629508832751226
4.5,0.0,0.7777777777777777,0.2777777777777778,0.934932,0.017440749280662828
4.5,0.0,0.7777777777777777,0.3333333333333333,0.9131360000000001,0.021050314379384975
4.5,0.0,0.7777777777777777,0.38888888888888884,0.8818539999999999,0.02786448533682568
4.5,0.0,0.7777777777777777,0.4444444444444444,0.8341600000000001,0.04658255326339546
4.5,0.0,0.7777777777777777,0.5,0.727634,0.13202545772302374
4.5,0.0,0.8888888888888888,0.0,0.985724,0.006100677054314727
4.5,0.0,0.8888888888888888,0.05555555555555555,0.9809479999999999,0.007148951742881213
4.5,0.0,0.8888888888888888,0.1111111111111111,0.975124,0.008575295644511725
4.5,0.0,0.8888888888888888,0.16666666666666666,0.968,0.010090373197385967
4.5,0.0,0.8888888888888888,0.2222222222222222,0.957712,0.012012562562527498
4.5,0.0,0.8888888888888888,0.2777777777777778,0.945938,0.014441026365358142
4.5,0.0,0.8888888888888888,0.3333333333333333,0.929184,0.018299505123788206
4.5,0.0,0.8888888888888888,0.38888888888888884,0.906274,0.02413453699061788
4.5,0.0,0.8888888888888888,0.4444444444444444,0.850662,0.11474388905798992
4.5,0.0,0.8888888888888888,0.5,0.66998,0.21495726284473238
4.5,0.0,1.0,0.0,0.985724,0.006100677054314727
4.5,0.0,1.0,0.05555555555555555,0.982022,0.007133251892729589
4.5,0.0,1.0,0.1111111111111111,0.977134,0.008454525533937917
4.5,0.0,1.0,0.16666666666666666,0.9716139999999999,0.009623004126406346
4.5,0.0,1.0,0.2222222222222222,0.9641259999999999,0.010955097092431872
4.5,0.0,1.0,0.2777777777777778,0.956038,0.013014118893769274
4.5,0.0,1.0,0.3333333333333333,0.945864,0.014627283371756866
4.5,0.0,1.0,0.38888888888888884,0.9186340000000001,0.08361561568494698
4.5,0.0,1.0,0.4444444444444444,0.786092,0.2268688751438109
4.5,0.0,1.0,0.5,0.536878,0.21126190926101457
4.5,0.5,0.0,0.0,0.985724,0.006100677054314727
4.5,0.5,0.0,0.05555555555555555,0.9739079999999999,0.008468232278098646
4.5,0.5,0.0,0.1111111111111111,0.955996,0.011895165990766812
4.5,0.5,0.0,0.16666666666666666,0.9308040000000001,0.015877965978273588
4.5,0.5,0.0,0.2222222222222222,0.8960260000000001,0.021453807487516612
4.5,0.5,0.0,0.2777777777777778,0.851826,0.026047892609937527
4.5,0.5,0.0,0.3333333333333333,0.8010799999999999,0.03048712070790082
4.5,0.5,0.0,0.38888888888888884,0.7483019999999999,0.03544957179262624
4.5,0.5,0.0,0.4444444444444444,0.6965039999999999,0.03892614125425086
4.5,0.5,0.0,0.5,0.648088,0.039175984627614506
4.5,0.5,0.1111111111111111,0.0,0.985724,0.006100677054314727
4.5,0.5,0.1111111111111111,0.05555555555555555,0.975144,0.008429316149100299
4.5,0.5,0.1111111111111111,0.1111111111111111,0.958136,0.011607194230985877
4.5,0.5,0.1111111111111111,0.16666666666666666,0.93584,0.014450190864900828
4.5,0.5,0.1111111111111111,0.2222222222222222,0.90613,0.018777174029364976
4.5,0.5,0.1111111111111111,0.2777777777777778,0.863712,0.024818884141315486
4.5,0.5,0.1111111111111111,0.3333333333333333,0.8183520000000001,0.03022142891279401
4.5,0.5,0.1111111111111111,0.38888888888888884,0.763794,0.03729403778768154
4.5,0.5,0.1111111111111111,0.4444444444444444,0.7108,0.039688920630847134
4.5,0.5,0.1111111111111111,0.5,0.659346,0.040893555112014875
4.5,0.5,0.2222222222222222,0.0,0.985724,0.006100677054314727
4.5,0.5,0.2222222222222222,0.05555555555555555,0.976054,0.0077490114438367955
4.5,0.5,0.2222222222222222,0.1111111111111111,0.96115,0.010961560638122961
4.5,0.5,0.2222222222222222,0.16666666666666666,0.942096,0.014438688841821508
4.5,0.5,0.2222222222222222,0.2222222222222222,0.9135999999999999,0.019095477856002914
4.5,0.5,0.2222222222222222,0.2777777777777778,0.8798900000000001,0.02414273479302984
4.5,0.5,0.2222222222222222,0.3333333333333333,0.833664,0.030181068533032263
4.5,0.5,0.2222222222222222,0.38888888888888884,0.7835019999999999,0.0379767621701727
4.5,0.5,0.2222222222222222,0.4444444444444444,0.728694,0.04046365008196754
4.5,0.5,0.2222222222222222,0.5,0.6728160000000001,0.04390920382289711
4.5,0.5,0.3333333333333333,0.0,0.985724,0.006100677054314727
4.5,0.5,0.3333333333333333,0.05555555555555555,0.9769500000000001,0.008396696315696794
4.5,0.5,0.3333333333333333,0.1111111111111111,0.964718,0.01055183198864697
4.5,0.5,0.3333333333333333,0.16666666666666666,0.946762,0.013949283889937984
4.5,0.5,0.3333333333333333,0.2222222222222222,0.923996,0.016747804689685373
4.5,0.5,0.3333333333333333,0.2777777777777778,0.8925520000000001,0.02265369010449957
4.5,0.5,0.3333333333333333,0.3333333333333333,0.851838,0.028786334642052797
4.5,0.5,0.3333333333333333,0.38888888888888884,0.8023020000000001,0.03516862893150432
4.5,0.5,0.3333333333333333,0.4444444444444444,0.747658,0.04170524776791003
4.5,0.5,0.3333333333333333,0.5,0.6896599999999998,0.0462716168406735
4.5,0.5,0.4444444444444444,0.0,0.985724,0.006100677054314727
4.5,0.5,0.4444444444444444,0.05555555555555555,0.9776859999999999,0.007885414607175342
4.5,0.5,0.4444444444444444,0.1111111111111111,0.9670239999999999,0.009824890888041662
4.5,0.5,0.4444444444444444,0.16666666666666666,0.952202,0.01263092540367118
4.5,0.5,0.4444444444444444,0.2222222222222222,0.933586,0.016479738090609018
4.5,0.5,0.4444444444444444,0.2777777777777778,0.9057000000000001,0.020894956290856283
4.5,0.5,0.4444444444444444,0.3333333333333333,0.871204,0.02639446380282952
4.5,0.5,0.4444444444444444,0.38888888888888884,0.8271419999999999,0.033161804029530506
4.5,0.5,0.4444444444444444,0.4444444444444444,0.7742479999999999,0.040408615522148666
4.5,0.5,0.4444444444444444,0.5,0.713716,0.048340344659959636
4.5,0.5,0.5555555555555556,0.0,0.985724,0.006100677054314727
4.5,0.5,0.5555555555555556,0.05555555555555555,0.9791299999999998,0.007552163288798874
4.5,0.5,0.5555555555555556,0.1111111111111111,0.969744,0.0097765856644592
4.5,0.5,0.5555555555555556,0.16666666666666666,0.9579739999999999,0.0116849647325785
4.5,0.5,0.5555555555555556,0.2222222222222222,0.941896,0.01546737415745324
4.5,0.5,0.5555555555555556,0.2777777777777778,0.918858,0.018434356158378497
4.5,0.5,0.5555555555555556,0.3333333333333333,0.89179,0.02375589579810327
4.5,0.5,0.5555555555555556,0.38888888888888884,0.852662,0.029767633093007534
4.5,0.5,0.5555555555555556,0.4444444444444444,0.804684,0.03915418552963373
4.5,0.5,0.5555555555555556,0.5,0.7453820000000001,0.0477793030463945
4.5,0.5,0.6666666666666666,0.0,0.985724,0.006100677054314727
4.5,0.5,0.6666666666666666,0.05555555555555555,0.9801279999999999,0.007301111453533219
4.5,0.5,0.6666666666666666,0.1111111111111111,0.972422,0.009440241114749644
4.5,0.5,0.6666666666666666,0.16666666666666666,0.962862,0.011266446717722794
4.5,0.5,0.6666666666666666,0.2222222222222222,0.949832,0.013421925053593771
4.5,0.5,0.6666666666666666,0.2777777777777778,0.9324540000000001,0.016228821068288723
4.5,0.5,0.6666666666666666,0.3333333333333333,0.9097919999999999,0.021302119532881855
4.5,0.5,0.6666666666666666,0.38888888888888884,0.8793420000000001,0.027053591806991517
4.5,0.5,0.6666666666666666,0.4444444444444444,0.839806,0.0353674154009632
4.5,0.5,0.6666666666666666,0.5,0.786042,0.0463063796640937
4.5,0.5,0.7777777777777777,0.0,0.985724,0.006100677054314727
4.5,0.5,0.7777777777777777,0.05555555555555555,0.981056,0.007420714116309302
4.5,0.5,0.7777777777777777,0.1111111111111111,0.9757440000000001,0.008480938428810023
4.5,0.5,0.7777777777777777,0.16666666666666666,0.967594,0.010034467852864964
4.5,0.5,0.7777777777777777,0.2222222222222222,0.957336,0.012159886087431843
4.5,0.5,0.7777777777777777,0.2777777777777778,0.9446859999999999,0.015427359165509903
4.5,0.5,0.7777777777777777,0.3333333333333333,0.9275140000000001,0.018123983047968396
4.5,0.5,0.7777777777777777,0.38888888888888884,0.904878,0.023075877192783676
4.5,0.5,0.7777777777777777,0.4444444444444444,0.875052,0.02856882306470827
4.5,0.5,0.7777777777777777,0.5,0.824084,0.0528248603950025
4.5,0.5,0.8888888888888888,0.0,0.985724,0.006100677054314727
4.5,0.5,0.8888888888888888,0.05555555555555555,0.9822580000000001,0.006457463408129752
4.5,0.5,0.8888888888888888,0.1111111111111111,0.976456,0.008309160504924265
4.5,0.5,0.8888888888888888,0.16666666666666666,0.9713619999999998,0.009575925683995838
4.5,0.5,0.8888888888888888,0.2222222222222222,0.96377,0.010792128616735454
4.5,0.5,0.8888888888888888,0.2777777777777778,0.9543919999999999,0.013519166828746761
4.5,0.5,0.8888888888888888,0.3333333333333333,0.943228,0.016003632353218854
4.5,0.5,0.8888888888888888,0.38888888888888884,0.928458,0.019655353006334097
4.5,0.5,0.8888888888888888,0.4444444444444444,0.9020039999999999,0.030969504426270975
4.5,0.5,0.8888888888888888,0.5,0.840756,0.06030616993529379
4.5,0.5,1.0,0.0,0.985724,0.006100677054314727
4.5,0.5,1.0,0.05555555555555555,0.9828579999999999,0.00703653762325244
4.5,0.5,1.0,0.1111111111111111,0.979144,0.007517998710376224
4.5,0.5,1.0,0.16666666666666666,0.975856,0.008041928202765607
4.5,0.5,1.0,0.2222222222222222,0.9707939999999998,0.009726910587599672
4.5,0.5,1.0,0.2777777777777778,0.9646440000000001,0.01162667722294264
4.5,0.5,1.0,0.3333333333333333,0.958152,0.013144826698662695
4.5,0.5,1.0,0.38888888888888884,0.947114,0.01687170153319603
4.5,0.5,1.0,0.4444444444444444,0.918454,0.034494573997522295
4.5,0.5,1.0,0.5,0.8416239999999999,0.06655480228664817
4.5,1.0,0.0,0.0,0.985724,0.006100677054314727
4.5,1.0,0.0,0.05555555555555555,0.9739079999999999,0.008468232278098646
4.5,1.0,0.0,0.1111111111111111,0.955996,0.011895165990766812
4.5,1.0,0.0,0.16666666666666666,0.9308040000000001,0.015877965978273588
4.5,1.0,0.0,0.2222222222222222,0.8960260000000001,0.021453807487516612
4.5,1.0,0.0,0.2777777777777778,0.851826,0.026047892609937527
4.5,1.0,0.0,0.3333333333333333,0.8010799999999999,0.03048712070790082
4.5,1.0,0.0,0.38888888888888884,0.7483019999999999,0.03544957179262624
4.5,1.0,0.0,0.4444444444444444,0.6965039999999999,0.03892614125425086
4.5,1.0,0.0,0.5,0.648088,0.039175984627614506
4.5,1.0,0.1111111111111111,0.0,0.985724,0.006100677054314727
4.5,1.0,0.1111111111111111,0.05555555555555555,0.975306,0.00829831839449132
4.5,1.0,0.1111111111111111,0.1111111111111111,0.9593339999999999,0.011176953636173423
4.5,1.0,0.1111111111111111,0.16666666666666666,0.937222,0.014122308422859912
4.5,1.0,0.1111111111111111,0.2222222222222222,0.905702,0.019227182974379278
4.5,1.0,0.1111111111111111,0.2777777777777778,0.868544,0.024965227601172764
4.5,1.0,0.1111111111111111,0.3333333333333333,0.821006,0.029479009277381594
4.5,1.0,0.1111111111111111,0.38888888888888884,0.768732,0.03578425914288028
4.5,1.0,0.1111111111111111,0.4444444444444444,0.7159179999999999,0.03933540165864963
4.5,1.0,0.1111111111111111,0.5,0.664408,0.04151656037741017
4.5,1.0,0.2222222222222222,0.0,0.985724,0.006100677054314727
4.5,1.0,0.2222222222222222,0.05555555555555555,0.976274,0.008047885493832771
4.5,1.0,0.2222222222222222,0.1111111111111111,0.962562,0.010708477902951293
4.5,1.0,0.2222222222222222,0.16666666666666666,0.943214,0.01436484952248391
4.5,1.0,0.2222222222222222,0.2222222222222222,0.9165939999999999,0.018569405203701022
4.5,1.0,0.2222222222222222,0.2777777777777778,0.8829,0.023760031105962667
4.5,1.0,0.2222222222222222,0.3333333333333333,0.839268,0.028211059955407843
4.5,1.0,0.2222222222222222,0.38888888888888884,0.790138,0.03456913371798641
4.5,1.0,0.2222222222222222,0.4444444444444444,0.7374680000000001,0.039841934384150374
4.5,1.0,0.2222222222222222,0.5,0.6830439999999999,0.04286809315588509
4.5,1.0,0.3333333333333333,0.0,0.985724,0.006100677054314727
4.5,1.0,0.3333333333333333,0.05555555555555555,0.9772220000000001,0.008069134890169548
4.5,1.0,0.3333333333333333,0.1111111111111111,0.96489,0.010668530126973464
4.5,1.0,0.3333333333333333,0.16666666666666666,0.9481419999999999,0.013778735177300253
4.5,1.0,0.3333333333333333,0.2222222222222222,0.9266599999999999,0.01705503293155989
4.5,1.0,0.3333333333333333,0.2777777777777778,0.895678,0.021748017577174122
4.5,1.0,0.3333333333333333,0.3333333333333333,0.8587239999999999,0.026330484477609828
4.5,1.0,0.3333333333333333,0.38888888888888884,0.813846,0.033552374098046046
4.5,1.0,0.3333333333333333,0.4444444444444444,0.76276,0.03796710948710226
4.5,1.0,0.3333333333333333,0.5,0.708222,0.042286653190766375
4.5,1.0,0.4444444444444444,0.0,0.985724,0.006100677054314727
4.5,1.0,0.4444444444444444,0.05555555555555555,0.9783160000000001,0.00787757935618716
4.5,1.0,0.4444444444444444,0.1111111111111111,0.9676520000000001,0.010334626505588883
4.5,1.0,0.4444444444444444,0.16666666666666666,0.9538059999999999,0.013033806974498914
4.5,1.0,0.4444444444444444,0.2222222222222222,0.935768,0.01559668841064527
4.5,1.0,0.4444444444444444,0.2777777777777778,0.9112619999999999,0.0191549256943668
4.5,1.0,0.4444444444444444,0.3333333333333333,0.8798980000000001,0.02639577750588684
4.5,1.0,0.4444444444444444,0.38888888888888884,0.8404539999999999,0.028931400516942526
4.5,1.0,0.4444444444444444,0.4444444444444444,0.7931400000000001,0.0375554153010837
4.5,1.0,0.4444444444444444,0.5,0.739068,0.04198572350163698
4.5,1.0,0.5555555555555556,0.0,0.985724,0.006100677054314727
4.5,1.0,0.5555555555555556,0.05555555555555555,0.979452,0.007356897708122341
4.5,1.0,0.5555555555555556,0.1111111111111111,0.97093,0.009008852248631648
4.5,1.0,0.5555555555555556,0.16666666666666666,0.959986,0.01075179082813761
4.5,1.0,0.5555555555555556,0.2222222222222222,0.945196,0.01443587104214672
4.5,1.0,0.5555555555555556,0.2777777777777778,0.925782,0.017967084020965467
4.5,1.0,0.5555555555555556,0.3333333333333333,0.8996000000000001,0.02224206417663781
4.5,1.0,0.5555555555555556,0.38888888888888884,0.868864,0.027006669999259447
4.5,1.0,0.5555555555555556,0.4444444444444444,0.82698,0.03364758416052599
4.5,1.0,0.5555555555555556,0.5,0.776334,0.04097912910304571
4.5,1.0,0.6666666666666666,0.0,0.985724,0.006100677054314727
4.5,1.0,0.6666666666666666,0.05555555555555555,0.980756,0.007325557424740211
4.5,1.0,0.6666666666666666,0.1111111111111111,0.9736139999999999,0.008893998561999081
4.5,1.0,0.6666666666666666,0.16666666666666666,0.964718,0.010359203743744445
4.5,1.0,0.6666666666666666,0.2222222222222222,0.953498,0.012880442834593485
4.5,1.0,0.6666666666666666,0.2777777777777778,0.9391520000000001,0.016055917319229146
4.5,1.0,0.6666666666666666,0.3333333333333333,0.919384,0.020075023215783014
4.5,1.0,0.6666666666666666,0.38888888888888884,0.89622,0.022882193723049338
4.5,1.0,0.6666666666666666,0.4444444444444444,0.861546,0.029506493358252547
4.5,1.0,0.6666666666666666,0.5,0.8143040000000001,0.04351895429310694
4.5,1.0,0.7777777777777777,0.0,0.985724,0.006100677054314727
4.5,1.0,0.7777777777777777,0.05555555555555555,0.981386,0.0067652450866294775
4.5,1.0,0.7777777777777777,0.1111111111111111,0.9762359999999999,0.007789843858170028
4.5,1.0,0.7777777777777777,0.16666666666666666,0.9688900000000001,0.010428586233121115
4.5,1.0,0.7777777777777777,0.2222222222222222,0.961626,0.010659896377618465
4.5,1.0,0.7777777777777777,0.2777777777777778,0.9513240000000001,0.013066157543282997
4.5,1.0,0.7777777777777777,0.3333333333333333,0.936834,0.016265040642254393
4.5,1.0,0.7777777777777777,0.38888888888888884,0.918646,0.020138017864900565
4.5,1.0,0.7777777777777777,0.4444444444444444,0.8891939999999999,0.03336469345789168
4.5,1.0,0.7777777777777777,0.5,0.830668,0.05171140991920121
4.5,1.0,0.8888888888888888,0.0,0.985724,0.006100677054314727
4.5,1.0,0.8888888888888888,0.05555555555555555,0.982974,0.006446739089631256
4.5,1.0,0.8888888888888888,0.1111111111111111,0.97826,0.007633671848578746
4.5,1.0,0.8888888888888888,0.16666666666666666,0.973538,0.008857395944963278
4.5,1.0,0.8888888888888888,0.2222222222222222,0.9681700000000001,0.010628972203378863
4.5,1.0,0.8888888888888888,0.2777777777777778,0.960552,0.011747821867787849
4.5,1.0,0.8888888888888888,0.3333333333333333,0.95288,0.013844744631368809
4.5,1.0,0.8888888888888888,0.38888888888888884,0.9398759999999999,0.01896840068242172
4.5,1.0,0.8888888888888888,0.4444444444444444,0.90364,0.037366923528006656
4.5,1.0,0.8888888888888888,0.5,0.832074,0.05827493853211553
4.5,1.0,1.0,0.0,0.985724,0.006100677054314727
4.5,1.0,1.0,0.05555555555555555,0.983208,0.006770555134822206
4.5,1.0,1.0,0.1111111111111111,0.980598,0.00725214334981962
4.5,1.0,1.0,0.16666666666666666,0.978228,0.0076310209645842255
4.5,1.0,1.0,0.2222222222222222,0.974132,0.008894988343740012
4.5,1.0,1.0,0.2777777777777778,0.970124,0.010134794132305237
4.5,1.0,1.0,0.3333333333333333,0.96492,0.011726919513775361
4.5,1.0,1.0,0.38888888888888884,0.95064,0.020699065259214257
4.5,1.0,1.0,0.4444444444444444,0.9062080000000001,0.03944541313301799
4.5,1.0,1.0,0.5,0.8317680000000001,0.05757850940664389
4.5,1.5,0.0,0.0,0.985724,0.006100677054314727
4.5,1.5,0.0,0.05555555555555555,0.9739079999999999,0.008468232278098646
4.5,1.5,0.0,0.1111111111111111,0.955996,0.011895165990766812
4.5,1.5,0.0,0.16666666666666666,0.9308040000000001,0.015877965978273588
4.5,1.5,0.0,0.2222222222222222,0.8960260000000001,0.021453807487516612
4.5,1.5,0.0,0.2777777777777778,0.851826,0.026047892609937527
4.5,1.5,0.0,0.3333333333333333,0.8010799999999999,0.03048712070790082
4.5,1.5,0.0,0.38888888888888884,0.7483019999999999,0.03544957179262624
4.5,1.5,0.0,0.4444444444444444,0.6965039999999999,0.03892614125425086
4.5,1.5,0.0,0.5,0.648088,0.039175984627614506
4.5,1.5,0.1111111111111111,0.0,0.985724,0.006100677054314727
4.5,1.5,0.1111111111111111,0.05555555555555555,0.975162,0.008381183955085232
4.5,1.5,0.1111111111111111,0.1111111111111111,0.9590660000000001,0.011310238148418793
4.5,1.5,0.1111111111111111,0.16666666666666666,0.93656,0.015259886246512859
4.5,1.5,0.1111111111111111,0.2222222222222222,0.90738,0.019221720763193832
4.5,1.5,0.1111111111111111,0.2777777777777778,0.868138,0.024860552087598554
4.5,1.5,0.1111111111111111,0.3333333333333333,0.822122,0.03027858486460035
4.5,1.5,0.1111111111111111,0.38888888888888884,0.770756,0.03393546368315573
4.5,1.5,0.1111111111111111,0.4444444444444444,0.7189079999999999,0.03755567058095985
4.5,1.5,0.1111111111111111,0.5,0.669104,0.04173243794404428
4.5,1.5,0.2222222222222222,0.0,0.985724,0.006100677054314727
4.5,1.5,0.2222222222222222,0.05555555555555555,0.9766699999999998,0.007737236564776785
4.5,1.5,0.2222222222222222,0.1111111111111111,0.9625940000000001,0.0112965653531308
4.5,1.5,0.2222222222222222,0.16666666666666666,0.9438759999999999,0.013243996030719843
4.5,1.5,0.2222222222222222,0.2222222222222222,0.918832,0.01817350622904988
4.5,1.5,0.2222222222222222,0.2777777777777778,0.8849400000000001,0.022586205377324777
4.5,1.5,0.2222222222222222,0.3333333333333333,0.8449880000000001,0.029166439934227035
4.5,1.5,0.2222222222222222,0.38888888888888884,0.79622,0.03531222885933466
4.5,1.5,0.2222222222222222,0.4444444444444444,0.7431279999999999,0.04083899193815943
4.5,1.5,0.2222222222222222,0.5,0.691116,0.04221552849001635
4.5,1.5,0.3333333333333333,0.0,0.985724,0.006100677054314727
4.5,1.5,0.3333333333333333,0.05555555555555555,0.977932,0.007604145056749526
4.5,1.5,0.3333333333333333,0.1111111111111111,0.966256,0.010273536640817538
4.5,1.5,0.3333333333333333,0.16666666666666666,0.950142,0.012701199823398877
4.5,1.5,0.3333333333333333,0.2222222222222222,0.92936,0.01656100642677656
4.5,1.5,0.3333333333333333,0.2777777777777778,0.9008820000000001,0.02113967473012276
4.5,1.5,0.3333333333333333,0.3333333333333333,0.8638899999999999,0.025780441468769486
4.5,1.5,0.3333333333333333,0.38888888888888884,0.823192,0.03264362646363598
4.5,1.5,0.3333333333333333,0.4444444444444444,0.7733199999999999,0.038661181745361796
4.5,1.5,0.3333333333333333,0.5,0.721122,0.04033679747403006
4.5,1.5,0.4444444444444444,0.0,0.985724,0.006100677054314727
4.5,1.5,0.4444444444444444,0.05555555555555555,0.979224,0.007331392953954292
4.5,1.5,0.4444444444444444,0.1111111111111111,0.968152,0.00931119179187983
4.5,1.5,0.4444444444444444,0.16666666666666666,0.955916,0.011415496973074991
4.5,1.5,0.4444444444444444,0.2222222222222222,0.938508,0.014415740117186205
4.5,1.5,0.4444444444444444,0.2777777777777778,0.9154800000000001,0.0193485485932493
4.5,1.5,0.4444444444444444,0.3333333333333333,0.888272,0.0224621261286736
4.5,1.5,0.4444444444444444,0.38888888888888884,0.8509220000000001,0.02808368392154437
4.5,1.5,0.4444444444444444,0.4444444444444444,0.804684,0.035187732194530356
4.5,1.5,0.4444444444444444,0.5,0.7552040000000001,0.040948944016080124
4.5,1.5,0.5555555555555556,0.0,0.985724,0.006100677054314727
4.5,1.5,0.5555555555555556,0.05555555555555555,0.979946,0.007385945327224773
4.5,1.5,0.5555555555555556,0.1111111111111111,0.971252,0.009224243564579028
4.5,1.5,0.5555555555555556,0.16666666666666666,0.96134,0.010595136328884848
4.5,1.5,0.5555555555555556,0.2222222222222222,0.947142,0.013125486382819147
4.5,1.5,0.5555555555555556,0.2777777777777778,0.92925,0.017959191661382188
4.5,1.5,0.5555555555555556,0.3333333333333333,0.9058579999999999,0.02264958815712496
4.5,1.5,0.5555555555555556,0.38888888888888884,0.879564,0.025012179478096083
4.5,1.5,0.5555555555555556,0.4444444444444444,0.8415560000000001,0.03302113952168552
4.5,1.5,0.5555555555555556,0.5,0.79129,0.04412500347720924
4.5,1.5,0.6666666666666666,0.0,0.985724,0.006100677054314727
4.5,1.5,0.6666666666666666,0.05555555555555555,0.980576,0.007140181256575606
4.5,1.5,0.6666666666666666,0.1111111111111111,0.974246,0.008801614672415716
4.5,1.5,0.6666666666666666,0.16666666666666666,0.967024,0.009827134329919208
4.5,1.5,0.6666666666666666,0.2222222222222222,0.956938,0.011821745358729943
4.5,1.5,0.6666666666666666,0.2777777777777778,0.943284,0.014793411846769328
4.5,1.5,0.6666666666666666,0.3333333333333333,0.925342,0.017999472158815977
4.5,1.5,0.6666666666666666,0.38888888888888884,0.9038619999999999,0.02358107483089694
4.5,1.5,0.6666666666666666,0.4444444444444444,0.8699439999999999,0.03358596280882226
4.5,1.5,0.6666666666666666,0.5,0.8082619999999999,0.05258802484134032
4.5,1.5,0.7777777777777777,0.0,0.985724,0.006100677054314727
4.5,1.5,0.7777777777777777,0.05555555555555555,0.9820740000000001,0.0067832550518314135
4.5,1.5,0.7777777777777777,0.1111111111111111,0.9768779999999999,0.007812630183284085
4.5,1.5,0.7777777777777777,0.16666666666666666,0.971078,0.008572449462059211
4.5,1.5,0.7777777777777777,0.2222222222222222,0.963926,0.010849144291773784
4.5,1.5,0.7777777777777777,0.2777777777777778,0.9550879999999999,0.012980031526805842
4.5,1.5,0.7777777777777777,0.3333333333333333,0.9439379999999999,0.013906867293385326
4.5,1.5,0.7777777777777777,0.38888888888888884,0.9267360000000001,0.0214446742130583
4.5,1.5,0.7777777777777777,0.4444444444444444,0.882514,0.040078852688989655
4.5,1.5,0.7777777777777777,0.5,0.8097519999999999,0.0524840513612906
4.5,1.5,0.8888888888888888,0.0,0.985724,0.006100677054314727
4.5,1.5,0.8888888888888888,0.05555555555555555,0.9828579999999999,0.006796928163878886
4.5,1.5,0.8888888888888888,0.1111111111111111,0.9800019999999999,0.006956924147004515
4.5,1.5,0.8888888888888888,0.16666666666666666,0.9753419999999999,0.008770340571921659
4.5,1.5,0.8888888888888888,0.2222222222222222,0.969938,0.009791931364122172
4.5,1.5,0.8888888888888888,0.2777777777777778,0.9652639999999999,0.010886843008944457
4.5,1.5,0.8888888888888888,0.3333333333333333,0.958048,0.013024629666747216
4.5,1.5,0.8888888888888888,0.38888888888888884,0.9355840000000001,0.024150059933457264
4.5,1.5,0.8888888888888888,0.4444444444444444,0.886494,0.03981492711084227
4.5,1.5,0.8888888888888888,0.5,0.8115719999999998,0.05240134175032607
4.5,1.5,1.0,0.0,0.985724,0.006100677054314727
4.5,1.5,1.0,0.05555555555555555,0.9839759999999999,0.006156234437128742
4.5,1.5,1.0,0.1111111111111111,0.981402,0.007034156289806121
4.5,1.5,1.0,0.16666666666666666,0.9789200000000001,0.007751759771762695
4.5,1.5,1.0,0.2222222222222222,0.9770639999999999,0.008086450727651868
4.5,1.5,1.0,0.2777777777777778,0.973998,0.009020239766818944
4.5,1.5,1.0,0.3333333333333333,0.96577,0.014036065055580551
4.5,1.5,1.0,0.38888888888888884,0.938396,0.02664964523558173
4.5,1.5,1.0,0.4444444444444444,0.8857419999999999,0.04015804743195434
4.5,1.5,1.0,0.5,0.8097380000000001,0.05355843881908317
4.5,2.0,0.0,0.0,0.985724,0.006100677054314727
4.5,2.0,0.0,0.05555555555555555,0.9739079999999999,0.008468232278098646
4.5,2.0,0.0,0.1111111111111111,0.955996,0.011895165990766812
4.5,2.0,0.0,0.16666666666666666,0.9308040000000001,0.015877965978273588
4.5,2.0,0.0,0.2222222222222222,0.8960260000000001,0.021453807487516612
4.5,2.0,0.0,0.2777777777777778,0.851826,0.026047892609937527
4.5,2.0,0.0,0.3333333333333333,0.8010799999999999,0.03048712070790082
4.5,2.0,0.0,0.38888888888888884,0.7483019999999999,0.03544957179262624
4.5,2.0,0.0,0.4444444444444444,0.6965039999999999,0.03892614125425086
4.5,2.0,0.0,0.5,0.648088,0.039175984627614506
4.5,2.0,0.1111111111111111,0.0,0.985724,0.006100677054314727
4.5,2.0,0.1111111111111111,0.05555555555555555,0.975672,0.008279947527739796
4.5,2.0,0.1111111111111111,0.1111111111111111,0.959468,0.01138262290548258
4.5,2.0,0.1111111111111111,0.16666666666666666,0.9371860000000001,0.014257276874907597
4.5,2.0,0.1111111111111111,0.2222222222222222,0.9078440000000001,0.01973531426804542
4.5,2.0,0.1111111111111111,0.2777777777777778,0.868158,0.025634963208035915
4.5,2.0,0.1111111111111111,0.3333333333333333,0.823568,0.03000269486894132
4.5,2.0,0.1111111111111111,0.38888888888888884,0.771804,0.033875665386982785
4.5,2.0,0.1111111111111111,0.4444444444444444,0.7212459999999999,0.03924693782012188
4.5,2.0,0.1111111111111111,0.5,0.671366,0.0398606797682022
4.5,2.0,0.2222222222222222,0.0,0.985724,0.006100677054314727
4.5,2.0,0.2222222222222222,0.05555555555555555,0.9762719999999999,0.008088563885601882
4.5,2.0,0.2222222222222222,0.1111111111111111,0.9624599999999999,0.010957944748273399
4.5,2.0,0.2222222222222222,0.16666666666666666,0.9440899999999999,0.014106448304500124
4.5,2.0,0.2222222222222222,0.2222222222222222,0.9200280000000001,0.017389767797417414
4.5,2.0,0.2222222222222222,0.2777777777777778,0.8857520000000001,0.022952737359727055
4.5,2.0,0.2222222222222222,0.3333333333333333,0.845644,0.02618818256030041
4.5,2.0,0.2222222222222222,0.38888888888888884,0.7981300000000001,0.03420832528841593
4.5,2.0,0.2222222222222222,0.4444444444444444,0.7470160000000001,0.03828900416149994
4.5,2.0,0.2222222222222222,0.5,0.6981499999999998,0.042086268639736066
4.5,2.0,0.3333333333333333,0.0,0.985724,0.006100677054314727
4.5,2.0,0.3333333333333333,0.05555555555555555,0.977682,0.00787024507337797
4.5,2.0,0.3333333333333333,0.1111111111111111,0.966084,0.010404491861777958
4.5,2.0,0.3333333333333333,0.16666666666666666,0.9513059999999999,0.013417467005425539
4.5,2.0,0.3333333333333333,0.2222222222222222,0.92969,0.016323075248590307
4.5,2.0,0.3333333333333333,0.2777777777777778,0.903584,0.021553283556435873
4.5,2.0,0.3333333333333333,0.3333333333333333,0.8695360000000001,0.025384669919734384
4.5,2.0,0.3333333333333333,0.38888888888888884,0.828124,0.033426625653888715
4.5,2.0,0.3333333333333333,0.4444444444444444,0.7792,0.036970767849081806
4.5,2.0,0.3333333333333333,0.5,0.72876,0.04084447259891803
4.5,2.0,0.4444444444444444,0.0,0.985724,0.006100677054314727
4.5,2.0,0.4444444444444444,0.05555555555555555,0.97894,0.007302263080181684
4.5,2.0,0.4444444444444444,0.1111111111111111,0.968982,0.009864293414590733
4.5,2.0,0.4444444444444444,0.16666666666666666,0.956632,0.011797582035475207
4.5,2.0,0.4444444444444444,0.2222222222222222,0.9398820000000001,0.015922535296256052
4.5,2.0,0.4444444444444444,0.2777777777777778,0.918242,0.019759359822656253
4.5,2.0,0.4444444444444444,0.3333333333333333,0.8913240000000001,0.022399072769243026
4.5,2.0,0.4444444444444444,0.38888888888888884,0.85536,0.028947509679301712
4.5,2.0,0.4444444444444444,0.4444444444444444,0.813194,0.034574950736579096
4.5,2.0,0.4444444444444444,0.5,0.765482,0.04150734145653728
4.5,2.0,0.5555555555555556,0.0,0.985724,0.006100677054314727
4.5,2.0,0.5555555555555556,0.05555555555555555,0.9801899999999999,0.006949135267205836
4.5,2.0,0.5555555555555556,0.1111111111111111,0.972486,0.008938545698176911
4.5,2.0,0.5555555555555556,0.16666666666666666,0.962646,0.012174774505859937
4.5,2.0,0.5555555555555556,0.2222222222222222,0.9498099999999999,0.014491304143919637
4.5,2.0,0.5555555555555556,0.2777777777777778,0.932792,0.01694434884897708
4.5,2.0,0.5555555555555556,0.3333333333333333,0.913066,0.018888175410575834
4.5,2.0,0.5555555555555556,0.38888888888888884,0.886304,0.02402069048013162
4.5,2.0,0.5555555555555556,0.4444444444444444,0.8479559999999999,0.034473800920406215
4.5,2.0,0.5555555555555556,0.5,0.785644,0.04995963565108112
4.5,2.0,0.6666666666666666,0.0,0.985724,0.006100677054314727
4.5,2.0,0.6666666666666666,0.05555555555555555,0.98143,0.007038478554398066
4.5,2.0,0.6666666666666666,0.1111111111111111,0.97564,0.007890939986322018
4.5,2.0,0.6666666666666666,0.16666666666666666,0.966946,0.00989519650273077
4.5,2.0,0.6666666666666666,0.2222222222222222,0.958364,0.011723582591407591
4.5,2.0,0.6666666666666666,0.2777777777777778,0.9463499999999999,0.01509407706104114
4.5,2.0,0.6666666666666666,0.3333333333333333,0.9313440000000001,0.017521520234919243
4.5,2.0,0.6666666666666666,0.38888888888888884,0.9070840000000001,0.02377290992901344
4.5,2.0,0.6666666666666666,0.4444444444444444,0.859908,0.03988123068715717
4.5,2.0,0.6666666666666666,0.5,0.7857860000000001,0.051480138045914864
4.5,2.0,0.7777777777777777,0.0,0.985724,0.006100677054314727
4.5,2.0,0.7777777777777777,0.05555555555555555,0.982488,0.006673149019441381
4.5,2.0,0.7777777777777777,0.1111111111111111,0.97802,0.007658518512847204
4.5,2.0,0.7777777777777777,0.16666666666666666,0.9733320000000001,0.008750022960176011
4.5,2.0,0.7777777777777777,0.2222222222222222,0.965596,0.0108178943272409
4.5,2.0,0.7777777777777777,0.2777777777777778,0.9583039999999999,0.012058956042779293
4.5,2.0,0.7777777777777777,0.3333333333333333,0.9469099999999999,0.015782016477249538
4.5,2.0,0.7777777777777777,0.38888888888888884,0.916798,0.02895621039156333
4.5,2.0,0.7777777777777777,0.4444444444444444,0.861932,0.0404385202974552
4.5,2.0,0.7777777777777777,0.5,0.785892,0.05076410468676957
4.5,2.0,0.8888888888888888,0.0,0.985724,0.006100677054314727
4.5,2.0,0.8888888888888888,0.05555555555555555,0.9832919999999999,0.006482807229831716
4.5,2.0,0.8888888888888888,0.1111111111111111,0.98032,0.007246697817524689
4.5,2.0,0.8888888888888888,0.16666666666666666,0.976808,0.007922415372262515
4.5,2.0,0.8888888888888888,0.2222222222222222,0.9730319999999999,0.008593641681773189
4.5,2.0,0.8888888888888888,0.2777777777777778,0.967486,0.01053298112514997
4.5,2.0,0.8888888888888888,0.3333333333333333,0.9540319999999999,0.017081995349790362
4.5,2.0,0.8888888888888888,0.38888888888888884,0.9182539999999999,0.02978603531522109
4.5,2.0,0.8888888888888888,0.4444444444444444,0.858494,0.041181279236068395
4.5,2.0,0.8888888888888888,0.5,0.784358,0.05141872817577688
4.5,2.0,1.0,0.0,0.985724,0.006100677054314727
4.5,2.0,1.0,0.05555555555555555,0.9844179999999999,0.006351374332522352
4.5,2.0,1.0,0.1111111111111111,0.9825999999999999,0.0066120676703853845
4.5,2.0,1.0,0.16666666666666666,0.9809199999999998,0.007330557560533621
4.5,2.0,1.0,0.2222222222222222,0.978838,0.007871956007420628
4.5,2.0,1.0,0.2777777777777778,0.974648,0.00978773188183972
4.5,2.0,1.0,0.3333333333333333,0.955856,0.01887070403938026
4.5,2.0,1.0,0.38888888888888884,0.91844,0.028445750498851063
4.5,2.0,1.0,0.4444444444444444,0.861054,0.042786873185990906
4.5,2.0,1.0,0.5,0.786308,0.05160712864958591
4.5,2.5,0.0,0.0,0.985724,0.006100677054314727
4.5,2.5,0.0,0.05555555555555555,0.9739079999999999,0.008468232278098646
4.5,2.5,0.0,0.1111111111111111,0.955996,0.011895165990766812
4.5,2.5,0.0,0.16666666666666666,0.9308040000000001,0.015877965978273588
4.5,2.5,0.0,0.2222222222222222,0.8960260000000001,0.021453807487516612
4.5,2.5,0.0,0.2777777777777778,0.851826,0.026047892609937527
4.5,2.5,0.0,0.3333333333333333,0.8010799999999999,0.03048712070790082
4.5,2.5,0.0,0.38888888888888884,0.7483019999999999,0.03544957179262624
4.5,2.5,0.0,0.4444444444444444,0.6965039999999999,0.03892614125425086
4.5,2.5,0.0,0.5,0.648088,0.039175984627614506
4.5,2.5,0.1111111111111111,0.0,0.985724,0.006100677054314727
4.5,2.5,0.1111111111111111,0.05555555555555555,0.975834,0.008093048799911908
4.5,2.5,0.1111111111111111,0.1111111111111111,0.9589559999999999,0.011828689690730712
4.5,2.5,0.1111111111111111,0.16666666666666666,0.936836,0.013901064101943132
4.5,2.5,0.1111111111111111,0.2222222222222222,0.907694,0.01990902062393852
4.5,2.5,0.1111111111111111,0.2777777777777778,0.87007,0.024091448603012332
4.5,2.5,0.1111111111111111,0.3333333333333333,0.825174,0.029446594503536597
4.5,2.5,0.1111111111111111,0.38888888888888884,0.774958,0.03595265529617653
4.5,2.5,0.1111111111111111,0.4444444444444444,0.724002,0.03800382319128311
4.5,2.5,0.1111111111111111,0.5,0.673294,0.03976488471141622
4.5,2.5,0.2222222222222222,0.0,0.985724,0.006100677054314727
4.5,2.5,0.2222222222222222,0.05555555555555555,0.9770919999999998,0.007929520198672957
4.5,2.5,0.2222222222222222,0.1111111111111111,0.9637319999999999,0.010940913269299437
4.5,2.5,0.2222222222222222,0.16666666666666666,0.94531,0.014350811530473321
4.5,2.5,0.2222222222222222,0.2222222222222222,0.920876,0.018054377449532276
4.5,2.5,0.2222222222222222,0.2777777777777778,0.887404,0.024082373334263017
4.5,2.5,0.2222222222222222,0.3333333333333333,0.84663,0.028141161132757112
4.5,2.5,0.2222222222222222,0.38888888888888884,0.8011240000000001,0.03231385142609863
4.5,2.5,0.2222222222222222,0.4444444444444444,0.750808,0.037496922198344454
4.5,2.5,0.2222222222222222,0.5,0.700498,0.04151328343317122
4.5,2.5,0.3333333333333333,0.0,0.985724,0.006100677054314727
4.5,2.5,0.3333333333333333,0.05555555555555555,0.977778,0.007791928149603103
4.5,2.5,0.3333333333333333,0.1111111111111111,0.966992,0.010018216674172175
4.5,2.5,0.3333333333333333,0.16666666666666666,0.9510879999999999,0.013294877341557305
4.5,2.5,0.3333333333333333,0.2222222222222222,0.931794,0.015404875344147922
4.5,2.5,0.3333333333333333,0.2777777777777778,0.9055979999999999,0.019121182894124032
4.5,2.5,0.3333333333333333,0.3333333333333333,0.870934,0.024543724918311256
4.5,2.5,0.3333333333333333,0.38888888888888884,0.8304320000000001,0.030553107218766504
4.5,2.5,0.3333333333333333,0.4444444444444444,0.7861480000000001,0.03506132754729571
4.5,2.5,0.3333333333333333,0.5,0.7364919999999999,0.04106124679032472
4.5,2.5,0.4444444444444444,0.0,0.985724,0.006100677054314727
4.5,2.5,0.4444444444444444,0.05555555555555555,0.9788999999999999,0.007721219752664605
4.5,2.5,0.4444444444444444,0.1111111111111111,0.970352,0.0090199120631664
4.5,2.5,0.4444444444444444,0.16666666666666666,0.95824,0.011899310365493817
4.5,2.5,0.4444444444444444,0.2222222222222222,0.9424239999999999,0.014732627893532711
4.5,2.5,0.4444444444444444,0.2777777777777778,0.921214,0.019554871259610983
4.5,2.5,0.4444444444444444,0.3333333333333333,0.89359,0.02339128479602646
4.5,2.5,0.4444444444444444,0.38888888888888884,0.860562,0.0284505364104807
4.5,2.5,0.4444444444444444,0.4444444444444444,0.8184159999999999,0.03508859305708121
4.5,2.5,0.4444444444444444,0.5,0.7608320000000001,0.04482336493491065
4.5,2.5,0.5555555555555556,0.0,0.985724,0.006100677054314727
4.5,2.5,0.5555555555555556,0.05555555555555555,0.9801179999999999,0.00709257959918263
4.5,2.5,0.5555555555555556,0.1111111111111111,0.97315,0.008655016963430785
4.5,2.5,0.5555555555555556,0.16666666666666666,0.962866,0.011417037333869319
4.5,2.5,0.5555555555555556,0.2222222222222222,0.9504659999999999,0.013381141726617167
4.5,2.5,0.5555555555555556,0.2777777777777778,0.935498,0.015473747759979738
4.5,2.5,0.5555555555555556,0.3333333333333333,0.9165740000000001,0.019446976469044617
4.5,2.5,0.5555555555555556,0.38888888888888884,0.8864960000000001,0.02790769899734938
4.5,2.5,0.5555555555555556,0.4444444444444444,0.834152,0.038982305425315056
4.5,2.5,0.5555555555555556,0.5,0.762886,0.04918018284603605
4.5,2.5,0.6666666666666666,0.0,0.985724,0.006100677054314727
4.5,2.5,0.6666666666666666,0.05555555555555555,0.9812339999999999,0.007235741559220029
4.5,2.5,0.6666666666666666,0.1111111111111111,0.975506,0.008211749488344048
4.5,2.5,0.6666666666666666,0.16666666666666666,0.968276,0.009972297500319069
4.5,2.5,0.6666666666666666,0.2222222222222222,0.9599340000000001,0.011945334907490219
4.5,2.5,0.6666666666666666,0.2777777777777778,0.948112,0.013830909011636788
4.5,2.5,0.6666666666666666,0.3333333333333333,0.9329639999999999,0.01751846160466115
4.5,2.5,0.6666666666666666,0.38888888888888884,0.8968800000000001,0.030173539483626038
4.5,2.5,0.6666666666666666,0.4444444444444444,0.8333679999999999,0.038883987771446755
4.5,2.5,0.6666666666666666,0.5,0.7623340000000001,0.046025200511940506
4.5,2.5,0.7777777777777777,0.0,0.985724,0.006100677054314727
4.5,2.5,0.7777777777777777,0.05555555555555555,0.9822799999999999,0.006903398715680227
4.5,2.5,0.7777777777777777,0.1111111111111111,0.9784479999999999,0.007444873961095188
4.5,2.5,0.7777777777777777,0.16666666666666666,0.973684,0.008989202162095491
4.5,2.5,0.7777777777777777,0.2222222222222222,0.9675439999999998,0.010109424559778856
4.5,2.5,0.7777777777777777,0.2777777777777778,0.9598039999999999,0.01187533710100581
4.5,2.5,0.7777777777777777,0.3333333333333333,0.938268,0.020477177676897315
4.5,2.5,0.7777777777777777,0.38888888888888884,0.894298,0.030147752319864256
4.5,2.5,0.7777777777777777,0.4444444444444444,0.8333979999999999,0.04029236335945288
4.5,2.5,0.7777777777777777,0.5,0.762374,0.048902116088323115
4.5,2.5,0.8888888888888888,0.0,0.985724,0.006100677054314727
4.5,2.5,0.8888888888888888,0.05555555555555555,0.9834680000000001,0.006458513822978418
4.5,2.5,0.8888888888888888,0.1111111111111111,0.981298,0.006968379483441668
4.5,2.5,0.8888888888888888,0.16666666666666666,0.977934,0.007774994861103159
4.5,2.5,0.8888888888888888,0.2222222222222222,0.974352,0.008562635894800975
4.5,2.5,0.8888888888888888,0.2777777777777778,0.9659739999999999,0.01318198974766006
4.5,2.5,0.8888888888888888,0.3333333333333333,0.938624,0.02128456458043615
4.5,2.5,0.8888888888888888,0.38888888888888884,0.8947540000000002,0.029429605627237877
4.5,2.5,0.8888888888888888,0.4444444444444444,0.834488,0.04027801500801615
4.5,2.5,0.8888888888888888,0.5,0.7627640000000001,0.04690578438975771
4.5,2.5,1.0,0.0,0.985724,0.006100677054314727
4.5,2.5,1.0,0.05555555555555555,0.9842059999999999,0.0058405297341209
4.5,2.5,1.0,0.1111111111111111,0.9832719999999999,0.006758207064410713
4.5,2.5,1.0,0.16666666666666666,0.9817899999999999,0.006736814480054916
4.5,2.5,1.0,0.2222222222222222,0.9800019999999999,0.007432933000234307
4.5,2.5,1.0,0.2777777777777778,0.967784,0.013332248185634955
4.5,2.5,1.0,0.3333333333333333,0.9400179999999999,0.01980469965075241
4.5,2.5,1.0,0.38888888888888884,0.895374,0.029495186999105895
4.5,2.5,1.0,0.4444444444444444,0.834518,0.03911549206438386
4.5,2.5,1.0,0.5,0.762308,0.04823154257743367
4.5,3.0,0.0,0.0,0.985724,0.006100677054314727
4.5,3.0,0.0,0.05555555555555555,0.9739079999999999,0.008468232278098646
4.5,3.0,0.0,0.1111111111111111,0.955996,0.011895165990766812
4.5,3.0,0.0,0.16666666666666666,0.9308040000000001,0.015877965978273588
4.5,3.0,0.0,0.2222222222222222,0.8960260000000001,0.021453807487516612
4.5,3.0,0.0,0.2777777777777778,0.851826,0.026047892609937527
4.5,3.0,0.0,0.3333333333333333,0.8010799999999999,0.03048712070790082
4.5,3.0,0.0,0.38888888888888884,0.7483019999999999,0.03544957179262624
4.5,3.0,0.0,0.4444444444444444,0.6965039999999999,0.03892614125425086
4.5,3.0,0.0,0.5,0.648088,0.039175984627614506
4.5,3.0,0.1111111111111111,0.0,0.985724,0.006100677054314727
4.5,3.0,0.1111111111111111,0.05555555555555555,0.975632,0.008749038080536021
4.5,3.0,0.1111111111111111,0.1111111111111111,0.959538,0.011633022411258472
4.5,3.0,0.1111111111111111,0.16666666666666666,0.938058,0.01555012052998282
4.5,3.0,0.1111111111111111,0.2222222222222222,0.90752,0.02052257176632128
4.5,3.0,0.1111111111111111,0.2777777777777778,0.87086,0.024239709714724486
4.5,3.0,0.1111111111111111,0.3333333333333333,0.824886,0.030473238102980815
4.5,3.0,0.1111111111111111,0.38888888888888884,0.7766279999999999,0.0351715181272397
4.5,3.0,0.1111111111111111,0.4444444444444444,0.722222,0.04011882046510118
4.5,3.0,0.1111111111111111,0.5,0.675404,0.0405416333176665
4.5,3.0,0.2222222222222222,0.0,0.985724,0.006100677054314727
4.5,3.0,0.2222222222222222,0.05555555555555555,0.9767680000000001,0.00795920057213632
4.5,3.0,0.2222222222222222,0.1111111111111111,0.9636979999999999,0.010346249840958955
4.5,3.0,0.2222222222222222,0.16666666666666666,0.9452059999999999,0.014237308942769457
4.5,3.0,0.2222222222222222,0.2222222222222222,0.921772,0.017313102061907094
4.5,3.0,0.2222222222222222,0.2777777777777778,0.888452,0.021836422662822298
4.5,3.0,0.2222222222222222,0.3333333333333333,0.8504700000000001,0.027113601656540944
4.5,3.0,0.2222222222222222,0.38888888888888884,0.803438,0.03353618205780179
4.5,3.0,0.2222222222222222,0.4444444444444444,0.755576,0.03862994653813387
4.5,3.0,0.2222222222222222,0.5,0.7033339999999999,0.04173663063393289
4.5,3.0,0.3333333333333333,0.0,0.985724,0.006100677054314727
4.5,3.0,0.3333333333333333,0.05555555555555555,0.9779059999999999,0.007631096334244844
4.5,3.0,0.3333333333333333,0.1111111111111111,0.9673099999999999,0.00957021829198857
4.5,3.0,0.3333333333333333,0.16666666666666666,0.952348,0.012573427462562176
4.5,3.0,0.3333333333333333,0.2222222222222222,0.9317160000000001,0.0158460575247648
4.5,3.0,0.3333333333333333,0.2777777777777778,0.906172,0.02009672043754129
4.5,3.0,0.3333333333333333,0.3333333333333333,0.874004,0.025895581597882408
4.5,3.0,0.3333333333333333,0.38888888888888884,0.834984,0.03144890795597278
4.5,3.0,0.3333333333333333,0.4444444444444444,0.788556,0.03655493661301525
4.5,3.0,0.3333333333333333,0.5,0.73481,0.044212887927818516
4.5,3.0,0.4444444444444444,0.0,0.985724,0.006100677054314727
4.5,3.0,0.4444444444444444,0.05555555555555555,0.978846,0.007507530221054074
4.5,3.0,0.4444444444444444,0.1111111111111111,0.97014,0.009553163133313683
4.5,3.0,0.4444444444444444,0.16666666666666666,0.9589840000000001,0.01128016969982783
4.5,3.0,0.4444444444444444,0.2222222222222222,0.9432459999999999,0.01436670764570483
4.5,3.0,0.4444444444444444,0.2777777777777778,0.9233279999999999,0.017307788277828556
4.5,3.0,0.4444444444444444,0.3333333333333333,0.8974139999999999,0.02109560744104357
4.5,3.0,0.4444444444444444,0.38888888888888884,0.8629479999999998,0.02892595231681873
4.5,3.0,0.4444444444444444,0.4444444444444444,0.8073980000000001,0.040029543148146204
4.5,3.0,0.4444444444444444,0.5,0.739966,0.0454815345384029
4.5,3.0,0.5555555555555556,0.0,0.985724,0.006100677054314727
4.5,3.0,0.5555555555555556,0.05555555555555555,0.9800999999999999,0.007531496988898527
4.5,3.0,0.5555555555555556,0.1111111111111111,0.973198,0.0091034356746321
4.5,3.0,0.5555555555555556,0.16666666666666666,0.964442,0.011453952245582653
4.5,3.0,0.5555555555555556,0.2222222222222222,0.950952,0.01360985497000643
4.5,3.0,0.5555555555555556,0.2777777777777778,0.936442,0.015263439362159629
4.5,3.0,0.5555555555555556,0.3333333333333333,0.9153500000000001,0.02011389164916995
4.5,3.0,0.5555555555555556,0.38888888888888884,0.8711939999999999,0.030449346288200646
4.5,3.0,0.5555555555555556,0.4444444444444444,0.808792,0.039688929921536484
4.5,3.0,0.5555555555555556,0.5,0.74021,0.04441354552444675
4.5,3.0,0.6666666666666666,0.0,0.985724,0.006100677054314727
4.5,3.0,0.6666666666666666,0.05555555555555555,0.9812379999999999,0.007250275096708812
4.5,3.0,0.6666666666666666,0.1111111111111111,0.9757619999999999,0.008563645722244259
4.5,3.0,0.6666666666666666,0.16666666666666666,0.969204,0.00983197434083704
4.5,3.0,0.6666666666666666,0.2222222222222222,0.960136,0.012158007167153375
4.5,3.0,0.6666666666666666,0.2777777777777778,0.9483860000000001,0.013806891921394109
4.5,3.0,0.6666666666666666,0.3333333333333333,0.9190499999999999,0.02310105663460591
4.5,3.0,0.6666666666666666,0.38888888888888884,0.8718380000000001,0.03097668261340238
4.5,3.0,0.6666666666666666,0.4444444444444444,0.806824,0.040469898063852296
4.5,3.0,0.6666666666666666,0.5,0.7398119999999999,0.044484766436273214
4.5,3.0,0.7777777777777777,0.0,0.985724,0.006100677054314727
4.5,3.0,0.7777777777777777,0.05555555555555555,0.982772,0.007039540201782019
4.5,3.0,0.7777777777777777,0.1111111111111111,0.9788100000000001,0.007658930632723724
4.5,3.0,0.7777777777777777,0.16666666666666666,0.9741859999999999,0.009031863213435675
4.5,3.0,0.7777777777777777,0.2222222222222222,0.9685219999999999,0.010169579967404103
4.5,3.0,0.7777777777777777,0.2777777777777778,0.9532360000000001,0.014857111817008235
4.5,3.0,0.7777777777777777,0.3333333333333333,0.9194920000000001,0.02346655693938029
4.5,3.0,0.7777777777777777,0.38888888888888884,0.870494,0.030721875451582174
4.5,3.0,0.7777777777777777,0.4444444444444444,0.811212,0.039845380720096725
4.5,3.0,0.7777777777777777,0.5,0.742706,0.04358199564831076
4.5,3.0,0.8888888888888888,0.0,0.985724,0.006100677054314727
4.5,3.0,0.8888888888888888,0.05555555555555555,0.984166,0.006335196400022163
4.5,3.0,0.8888888888888888,0.1111111111111111,0.981204,0.007230140653385347
4.5,3.0,0.8888888888888888,0.16666666666666666,0.9781340000000001,0.007879607886239134
4.5,3.0,0.8888888888888888,0.2222222222222222,0.973654,0.009349712200729667
4.5,3.0,0.8888888888888888,0.2777777777777778,0.95404,0.015493821898875292
4.5,3.0,0.8888888888888888,0.3333333333333333,0.9194580000000001,0.02173460425321997
4.5,3.0,0.8888888888888888,0.38888888888888884,0.871202,0.030209906867547473
4.5,3.0,0.8888888888888888,0.4444444444444444,0.809126,0.03732447396432298
4.5,3.0,0.8888888888888888,0.5,0.7393820000000001,0.0448939529337754
4.5,3.0,1.0,0.0,0.985724,0.006100677054314727
4.5,3.0,1.0,0.05555555555555555,0.9850440000000001,0.00664035032999089
4.5,3.0,1.0,0.1111111111111111,0.98375,0.0066077852304159196
4.5,3.0,1.0,0.16666666666666666,0.9819220000000001,0.00705971636755903
4.5,3.0,1.0,0.2222222222222222,0.9763320000000001,0.010047670743747015
4.5,3.0,1.0,0.2777777777777778,0.9551859999999999,0.015427359165509925
4.5,3.0,1.0,0.3333333333333333,0.919982,0.022790095500146802
4.5,3.0,1.0,0.38888888888888884,0.8709359999999999,0.030904466928784034
4.5,3.0,1.0,0.4444444444444444,0.808196,0.03955500956343108
4.5,3.0,1.0,0.5,0.7407740000000002,0.04471395307058409
5.0,0.0,0.0,0.0,0.985366,0.006069408491680048
5.0,0.0,0.0,0.05555555555555555,0.975066,0.00838368751999177
5.0,0.0,0.0,0.1111111111111111,0.957772,0.011603331012306855
5.0,0.0,0.0,0.16666666666666666,0.934572,0.015434417984395564
5.0,0.0,0.0,0.2222222222222222,0.9050560000000001,0.020316159989363824
5.0,0.0,0.0,0.2777777777777778,0.8662739999999999,0.023926803125692137
5.0,0.0,0.0,0.3333333333333333,0.8231040000000001,0.029462199959488858
5.0,0.0,0.0,0.38888888888888884,0.775818,0.03419765833608119
5.0,0.0,0.0,0.4444444444444444,0.731086,0.03665949318910129
5.0,0.0,0.0,0.5,0.6887340000000001,0.03960070296536037
5.0,0.0,0.1111111111111111,0.0,0.985366,0.006069408491680048
5.0,0.0,0.1111111111111111,0.05555555555555555,0.9754619999999999,0.008602590605757108
5.0,0.0,0.1111111111111111,0.1111111111111111,0.9598119999999999,0.011710462239028116
5.0,0.0,0.1111111111111111,0.16666666666666666,0.9395039999999999,0.015141483184485301
5.0,0.0,0.1111111111111111,0.2222222222222222,0.9119539999999999,0.01885457169355738
5.0,0.0,0.1111111111111111,0.2777777777777778,0.8743399999999999,0.025602252844259703
5.0,0.0,0.1111111111111111,0.3333333333333333,0.831524,0.030179380610411054
5.0,0.0,0.1111111111111111,0.38888888888888884,0.785892,0.03399352077837511
5.0,0.0,0.1111111111111111,0.4444444444444444,0.739344,0.038489069629726376
5.0,0.0,0.1111111111111111,0.5,0.6942139999999999,0.040592952338541696
5.0,0.0,0.2222222222222222,0.0,0.985366,0.006069408491680048
5.0,0.0,0.2222222222222222,0.05555555555555555,0.9764400000000001,0.007511007286704101
5.0,0.0,0.2222222222222222,0.1111111111111111,0.9621839999999999,0.010397227933319297
5.0,0.0,0.2222222222222222,0.16666666666666666,0.944018,0.013738091071636732
5.0,0.0,0.2222222222222222,0.2222222222222222,0.918062,0.018659971733370348
5.0,0.0,0.2222222222222222,0.2777777777777778,0.8853479999999999,0.02332017489458922
5.0,0.0,0.2222222222222222,0.3333333333333333,0.8470339999999998,0.028906608726312264
5.0,0.0,0.2222222222222222,0.38888888888888884,0.799026,0.0358391715366422
5.0,0.0,0.2222222222222222,0.4444444444444444,0.74896,0.03950807735581051
5.0,0.0,0.2222222222222222,0.5,0.700928,0.04338916980206264
5.0,0.0,0.3333333333333333,0.0,0.985366,0.006069408491680048
5.0,0.0,0.3333333333333333,0.05555555555555555,0.97741,0.007816655307764363
5.0,0.0,0.3333333333333333,0.1111111111111111,0.965046,0.010259161016844372
5.0,0.0,0.3333333333333333,0.16666666666666666,0.9481519999999999,0.013019828257535148
5.0,0.0,0.3333333333333333,0.2222222222222222,0.9254380000000001,0.01785855570935253
5.0,0.0,0.3333333333333333,0.2777777777777778,0.8954040000000001,0.021667203775265466
5.0,0.0,0.3333333333333333,0.3333333333333333,0.85866,0.025913614777983474
5.0,0.0,0.3333333333333333,0.38888888888888884,0.8136799999999998,0.03422806920413251
5.0,0.0,0.3333333333333333,0.4444444444444444,0.761712,0.03824141560841427
5.0,0.0,0.3333333333333333,0.5,0.710546,0.042883959144461116
5.0,0.0,0.4444444444444444,0.0,0.985366,0.006069408491680048
5.0,0.0,0.4444444444444444,0.05555555555555555,0.9785860000000001,0.00754111004304822
5.0,0.0,0.4444444444444444,0.1111111111111111,0.96678,0.010504870518441376
5.0,0.0,0.4444444444444444,0.16666666666666666,0.951888,0.013236383936688996
5.0,0.0,0.4444444444444444,0.2222222222222222,0.932288,0.01679193240779557
5.0,0.0,0.4444444444444444,0.2777777777777778,0.9049640000000001,0.021365666087785555
5.0,0.0,0.4444444444444444,0.3333333333333333,0.8720439999999999,0.026543231722994866
5.0,0.0,0.4444444444444444,0.38888888888888884,0.828336,0.033871724068650036
5.0,0.0,0.4444444444444444,0.4444444444444444,0.779066,0.03894451173128218
5.0,0.0,0.4444444444444444,0.5,0.7211559999999999,0.04682153539080819
5.0,0.0,0.5555555555555556,0.0,0.985366,0.006069408491680048
5.0,0.0,0.5555555555555556,0.05555555555555555,0.979022,0.0075702134887022255
5.0,0.0,0.5555555555555556,0.1111111111111111,0.9695119999999999,0.009908289681313211
5.0,0.0,0.5555555555555556,0.16666666666666666,0.9571559999999999,0.01171709198090457
5.0,0.0,0.5555555555555556,0.2222222222222222,0.9398719999999999,0.014814673979884256
5.0,0.0,0.5555555555555556,0.2777777777777778,0.9179400000000001,0.020223807871160644
5.0,0.0,0.5555555555555556,0.3333333333333333,0.8869459999999999,0.025716410159721117
5.0,0.0,0.5555555555555556,0.38888888888888884,0.8499439999999999,0.031418642972803675
5.0,0.0,0.5555555555555556,0.4444444444444444,0.799794,0.040289478131345764
5.0,0.0,0.5555555555555556,0.5,0.737802,0.0507152725887133
5.0,0.0,0.6666666666666666,0.0,0.985366,0.006069408491680048
5.0,0.0,0.6666666666666666,0.05555555555555555,0.979964,0.00697222545932871
5.0,0.0,0.6666666666666666,0.1111111111111111,0.97126,0.009088101406473665
5.0,0.0,0.6666666666666666,0.16666666666666666,0.961298,0.01168873170612602
5.0,0.0,0.6666666666666666,0.2222222222222222,0.9469839999999999,0.013780986000656846
5.0,0.0,0.6666666666666666,0.2777777777777778,0.92695,0.018033133054895102
5.0,0.0,0.6666666666666666,0.3333333333333333,0.9021959999999999,0.02264622013875931
5.0,0.0,0.6666666666666666,0.38888888888888884,0.868146,0.029543634452676038
5.0,0.0,0.6666666666666666,0.4444444444444444,0.821126,0.03749642767219769
5.0,0.0,0.6666666666666666,0.5,0.7620840000000001,0.0530746529104348
5.0,0.0,0.7777777777777777,0.0,0.985366,0.006069408491680048
5.0,0.0,0.7777777777777777,0.05555555555555555,0.980478,0.007089007268165004
5.0,0.0,0.7777777777777777,0.1111111111111111,0.9739180000000001,0.00815182067765978
5.0,0.0,0.7777777777777777,0.16666666666666666,0.964662,0.010071077857828174
5.0,0.0,0.7777777777777777,0.2222222222222222,0.953054,0.012706927875456905
5.0,0.0,0.7777777777777777,0.2777777777777778,0.937514,0.017154660262956943
5.0,0.0,0.7777777777777777,0.3333333333333333,0.918484,0.020944380586599167
5.0,0.0,0.7777777777777777,0.38888888888888884,0.8910800000000001,0.02624238796016291
5.0,0.0,0.7777777777777777,0.4444444444444444,0.852544,0.03586173716351135
5.0,0.0,0.7777777777777777,0.5,0.7907219999999999,0.062099802632326846
5.0,0.0,0.8888888888888888,0.0,0.985366,0.006069408491680048
5.0,0.0,0.8888888888888888,0.05555555555555555,0.9810619999999999,0.0074525994442847954
5.0,0.0,0.8888888888888888,0.1111111111111111,0.9751340000000001,0.008628147765756895
5.0,0.0,0.8888888888888888,0.16666666666666666,0.9687680000000001,0.009584043184769955
5.0,0.0,0.8888888888888888,0.2222222222222222,0.960042,0.012321520837603728
5.0,0.0,0.8888888888888888,0.2777777777777778,0.948122,0.015260172401498167
5.0,0.0,0.8888888888888888,0.3333333333333333,0.93202,0.017194851725202596
5.0,0.0,0.8888888888888888,0.38888888888888884,0.912932,0.02243215949388551
5.0,0.0,0.8888888888888888,0.4444444444444444,0.8791019999999999,0.04675145980595664
5.0,0.0,0.8888888888888888,0.5,0.801928,0.1315498138464897
5.0,0.0,1.0,0.0,0.985366,0.006069408491680048
5.0,0.0,1.0,0.05555555555555555,0.982174,0.006478554417049336
5.0,0.0,1.0,0.1111111111111111,0.978026,0.007488757371817297
5.0,0.0,1.0,0.16666666666666666,0.972428,0.009359916242367145
5.0,0.0,1.0,0.2222222222222222,0.965274,0.011165853149361499
5.0,0.0,1.0,0.2777777777777778,0.9580360000000001,0.0125287126745953
5.0,0.0,1.0,0.3333333333333333,0.9461880000000001,0.016150366084064414
5.0,0.0,1.0,0.38888888888888884,0.932842,0.019090152011118564
5.0,0.0,1.0,0.4444444444444444,0.8948379999999999,0.10319256352243932
5.0,0.0,1.0,0.5,0.741552,0.21437611231446038
5.0,0.5,0.0,0.0,0.985366,0.006069408491680048
5.0,0.5,0.0,0.05555555555555555,0.975066,0.00838368751999177
5.0,0.5,0.0,0.1111111111111111,0.957772,0.011603331012306855
5.0,0.5,0.0,0.16666666666666666,0.934572,0.015434417984395564
5.0,0.5,0.0,0.2222222222222222,0.9050560000000001,0.020316159989363824
5.0,0.5,0.0,0.2777777777777778,0.8662739999999999,0.023926803125692137
5.0,0.5,0.0,0.3333333333333333,0.8231040000000001,0.029462199959488858
5.0,0.5,0.0,0.38888888888888884,0.775818,0.03419765833608119
5.0,0.5,0.0,0.4444444444444444,0.731086,0.03665949318910129
5.0,0.5,0.0,0.5,0.6887340000000001,0.03960070296536037
5.0,0.5,0.1111111111111111,0.0,0.985366,0.006069408491680048
5.0,0.5,0.1111111111111111,0.05555555555555555,0.9759500000000001,0.007981661094512553
5.0,0.5,0.1111111111111111,0.1111111111111111,0.961214,0.010772943731091634
5.0,0.5,0.1111111111111111,0.16666666666666666,0.9397640000000002,0.015080821142519529
5.0,0.5,0.1111111111111111,0.2222222222222222,0.91198,0.020024824273245173
5.0,0.5,0.1111111111111111,0.2777777777777778,0.877992,0.023168718458949362
5.0,0.5,0.1111111111111111,0.3333333333333333,0.836182,0.028645033634188785
5.0,0.5,0.1111111111111111,0.38888888888888884,0.7899740000000001,0.03298893547429891
5.0,0.5,0.1111111111111111,0.4444444444444444,0.7435,0.03832220221183443
5.0,0.5,0.1111111111111111,0.5,0.699092,0.039979848831945955
5.0,0.5,0.2222222222222222,0.0,0.985366,0.006069408491680048
5.0,0.5,0.2222222222222222,0.05555555555555555,0.976468,0.007439332182840982
5.0,0.5,0.2222222222222222,0.1111111111111111,0.962712,0.010756228376982127
5.0,0.5,0.2222222222222222,0.16666666666666666,0.9455520000000001,0.014751763455604196
5.0,0.5,0.2222222222222222,0.2222222222222222,0.919316,0.017826151782556695
5.0,0.5,0.2222222222222222,0.2777777777777778,0.8880039999999999,0.023369472576354695
5.0,0.5,0.2222222222222222,0.3333333333333333,0.8497380000000001,0.027952890443893937
5.0,0.5,0.2222222222222222,0.38888888888888884,0.8053219999999999,0.032794286796528814
5.0,0.5,0.2222222222222222,0.4444444444444444,0.758422,0.037164152950512105
5.0,0.5,0.2222222222222222,0.5,0.71378,0.03959691188542007
5.0,0.5,0.3333333333333333,0.0,0.985366,0.006069408491680048
5.0,0.5,0.3333333333333333,0.05555555555555555,0.9777659999999999,0.007688007213174281
5.0,0.5,0.3333333333333333,0.1111111111111111,0.9656099999999999,0.010151058465793204
5.0,0.5,0.3333333333333333,0.16666666666666666,0.9508340000000001,0.012686383750514969
5.0,0.5,0.3333333333333333,0.2222222222222222,0.9293680000000001,0.015928465337754036
5.0,0.5,0.3333333333333333,0.2777777777777778,0.9016099999999999,0.02187800709362664
5.0,0.5,0.3333333333333333,0.3333333333333333,0.867236,0.026450094877676265
5.0,0.5,0.3333333333333333,0.38888888888888884,0.8266420000000001,0.03216300286831149
5.0,0.5,0.3333333333333333,0.4444444444444444,0.777284,0.03778150643445697
5.0,0.5,0.3333333333333333,0.5,0.7291139999999999,0.04247721308257552
5.0,0.5,0.4444444444444444,0.0,0.985366,0.006069408491680048
5.0,0.5,0.4444444444444444,0.05555555555555555,0.9787979999999997,0.007194770701759856
5.0,0.5,0.4444444444444444,0.1111111111111111,0.96777,0.009312709224828854
5.0,0.5,0.4444444444444444,0.16666666666666666,0.954478,0.01232807685561359
5.0,0.5,0.4444444444444444,0.2222222222222222,0.935976,0.015493208286407652
5.0,0.5,0.4444444444444444,0.2777777777777778,0.912514,0.019057707007737987
5.0,0.5,0.4444444444444444,0.3333333333333333,0.884894,0.023038148288287114
5.0,0.5,0.4444444444444444,0.38888888888888884,0.846404,0.028166282376732864
5.0,0.5,0.4444444444444444,0.4444444444444444,0.8005,0.038269977558978645
5.0,0.5,0.4444444444444444,0.5,0.749816,0.04128994870095456
5.0,0.5,0.5555555555555556,0.0,0.985366,0.006069408491680048
5.0,0.5,0.5555555555555556,0.05555555555555555,0.9795799999999999,0.007498269673477504
5.0,0.5,0.5555555555555556,0.1111111111111111,0.970416,0.009048685064848135
5.0,0.5,0.5555555555555556,0.16666666666666666,0.959012,0.012220414602873838
5.0,0.5,0.5555555555555556,0.2222222222222222,0.943882,0.014553063571586448
5.0,0.5,0.5555555555555556,0.2777777777777778,0.925766,0.01750863640314101
5.0,0.5,0.5555555555555556,0.3333333333333333,0.8986859999999999,0.02282299678755464
5.0,0.5,0.5555555555555556,0.38888888888888884,0.867384,0.027624459551836712
5.0,0.5,0.5555555555555556,0.4444444444444444,0.82645,0.03446585688157429
5.0,0.5,0.5555555555555556,0.5,0.778736,0.04058483166310098
5.0,0.5,0.6666666666666666,0.0,0.985366,0.006069408491680048
5.0,0.5,0.6666666666666666,0.05555555555555555,0.9802819999999999,0.007609618162375449
5.0,0.5,0.6666666666666666,0.1111111111111111,0.973042,0.008894405933721915
5.0,0.5,0.6666666666666666,0.16666666666666666,0.964254,0.010555772480748652
5.0,0.5,0.6666666666666666,0.2222222222222222,0.9525159999999999,0.013217683545789435
5.0,0.5,0.6666666666666666,0.2777777777777778,0.936592,0.016384334861620553
5.0,0.5,0.6666666666666666,0.3333333333333333,0.916344,0.020294763335345273
5.0,0.5,0.6666666666666666,0.38888888888888884,0.890874,0.023818328016445633
5.0,0.5,0.6666666666666666,0.4444444444444444,0.8555119999999999,0.030218672909060246
5.0,0.5,0.6666666666666666,0.5,0.8119959999999999,0.03932078626458185
5.0,0.5,0.7777777777777777,0.0,0.985366,0.006069408491680048
5.0,0.5,0.7777777777777777,0.05555555555555555,0.981164,0.00743610754298118
5.0,0.5,0.7777777777777777,0.1111111111111111,0.9751920000000001,0.008262910345317176
5.0,0.5,0.7777777777777777,0.16666666666666666,0.9674839999999999,0.009652361377420598
5.0,0.5,0.7777777777777777,0.2222222222222222,0.95887,0.01245372597181913
5.0,0.5,0.7777777777777777,0.2777777777777778,0.947072,0.013949767310461896
5.0,0.5,0.7777777777777777,0.3333333333333333,0.9319080000000001,0.016936979025700936
5.0,0.5,0.7777777777777777,0.38888888888888884,0.9110940000000001,0.022908311711930713
5.0,0.5,0.7777777777777777,0.4444444444444444,0.886922,0.025878471875542184
5.0,0.5,0.7777777777777777,0.5,0.8499939999999999,0.03748327568278718
5.0,0.5,0.8888888888888888,0.0,0.985366,0.006069408491680048
5.0,0.5,0.8888888888888888,0.05555555555555555,0.981794,0.006635331132541687
5.0,0.5,0.8888888888888888,0.1111111111111111,0.9772139999999999,0.00816955857894106
5.0,0.5,0.8888888888888888,0.16666666666666666,0.971788,0.009057988203823272
5.0,0.5,0.8888888888888888,0.2222222222222222,0.9652560000000001,0.010601662818115755
5.0,0.5,0.8888888888888888,0.2777777777777778,0.9557619999999999,0.013268967065071328
5.0,0.5,0.8888888888888888,0.3333333333333333,0.9457899999999999,0.014141069255164469
5.0,0.5,0.8888888888888888,0.38888888888888884,0.932816,0.018248620998219906
5.0,0.5,0.8888888888888888,0.4444444444444444,0.91533,0.02205897315364399
5.0,0.5,0.8888888888888888,0.5,0.88076,0.04002782599276927
5.0,0.5,1.0,0.0,0.985366,0.006069408491680048
5.0,0.5,1.0,0.05555555555555555,0.9824380000000001,0.006837811589585473
5.0,0.5,1.0,0.1111111111111111,0.979838,0.007020422256340051
5.0,0.5,1.0,0.16666666666666666,0.9749559999999999,0.008584488971499913
5.0,0.5,1.0,0.2222222222222222,0.9702099999999999,0.009838877324879503
5.0,0.5,1.0,0.2777777777777778,0.96586,0.010666017431811715
5.0,0.5,1.0,0.3333333333333333,0.958824,0.011980487810450477
5.0,0.5,1.0,0.38888888888888884,0.952274,0.012942563265743579
5.0,0.5,1.0,0.4444444444444444,0.937078,0.02242180614450053
5.0,0.5,1.0,0.5,0.897818,0.04590830012143861
5.0,1.0,0.0,0.0,0.985366,0.006069408491680048
5.0,1.0,0.0,0.05555555555555555,0.975066,0.00838368751999177
5.0,1.0,0.0,0.1111111111111111,0.957772,0.011603331012306855
5.0,1.0,0.0,0.16666666666666666,0.934572,0.015434417984395564
5.0,1.0,0.0,0.2222222222222222,0.9050560000000001,0.020316159989363824
5.0,1.0,0.0,0.2777777777777778,0.8662739999999999,0.023926803125692137
5.0,1.0,0.0,0.3333333333333333,0.8231040000000001,0.029462199959488858
5.0,1.0,0.0,0.38888888888888884,0.775818,0.03419765833608119
5.0,1.0,0.0,0.4444444444444444,0.731086,0.03665949318910129
5.0,1.0,0.0,0.5,0.6887340000000001,0.03960070296536037
5.0,1.0,0.1111111111111111,0.0,0.985366,0.006069408491680048
5.0,1.0,0.1111111111111111,0.05555555555555555,0.9747460000000001,0.007997587562110671
5.0,1.0,0.1111111111111111,0.1111111111111111,0.960858,0.010875034194772672
5.0,1.0,0.1111111111111111,0.16666666666666666,0.940802,0.013331701486646683
5.0,1.0,0.1111111111111111,0.2222222222222222,0.91389,0.018054079860219917
5.0,1.0,0.1111111111111111,0.2777777777777778,0.8781300000000001,0.023401974378449784
5.0,1.0,0.1111111111111111,0.3333333333333333,0.83876,0.028365182303913845
5.0,1.0,0.1111111111111111,0.38888888888888884,0.793938,0.032366484743779914
5.0,1.0,0.1111111111111111,0.4444444444444444,0.746884,0.036814741536357096
5.0,1.0,0.1111111111111111,0.5,0.702838,0.040353346095239294
5.0,1.0,0.2222222222222222,0.0,0.985366,0.006069408491680048
5.0,1.0,0.2222222222222222,0.05555555555555555,0.976896,0.007768776723755629
5.0,1.0,0.2222222222222222,0.1111111111111111,0.9646359999999999,0.010414048627581655
5.0,1.0,0.2222222222222222,0.16666666666666666,0.9469839999999999,0.012826721856623152
5.0,1.0,0.2222222222222222,0.2222222222222222,0.922552,0.017904201094538302
5.0,1.0,0.2222222222222222,0.2777777777777778,0.8916600000000001,0.02434415074203046
5.0,1.0,0.2222222222222222,0.3333333333333333,0.8548640000000001,0.02806950834263392
5.0,1.0,0.2222222222222222,0.38888888888888884,0.812906,0.03393677316932611
5.0,1.0,0.2222222222222222,0.4444444444444444,0.765918,0.03897133312591735
5.0,1.0,0.2222222222222222,0.5,0.7215060000000001,0.04046857267991421
5.0,1.0,0.3333333333333333,0.0,0.985366,0.006069408491680048
5.0,1.0,0.3333333333333333,0.05555555555555555,0.977478,0.007777306023164833
5.0,1.0,0.3333333333333333,0.1111111111111111,0.9660259999999999,0.01022832152028106
5.0,1.0,0.3333333333333333,0.16666666666666666,0.951462,0.012807365584945756
5.0,1.0,0.3333333333333333,0.2222222222222222,0.9311820000000001,0.017280918270524394
5.0,1.0,0.3333333333333333,0.2777777777777778,0.904568,0.021653432019808603
5.0,1.0,0.3333333333333333,0.3333333333333333,0.8724000000000001,0.025335583347677933
5.0,1.0,0.3333333333333333,0.38888888888888884,0.833354,0.029788107470824422
5.0,1.0,0.3333333333333333,0.4444444444444444,0.789666,0.035393103672539804
5.0,1.0,0.3333333333333333,0.5,0.7444959999999999,0.04216911728867242
5.0,1.0,0.4444444444444444,0.0,0.985366,0.006069408491680048
5.0,1.0,0.4444444444444444,0.05555555555555555,0.9791420000000001,0.007211508004252011
5.0,1.0,0.4444444444444444,0.1111111111111111,0.9694020000000001,0.009534264544305544
5.0,1.0,0.4444444444444444,0.16666666666666666,0.957018,0.012000904942498204
5.0,1.0,0.4444444444444444,0.2222222222222222,0.940326,0.014799384025528524
5.0,1.0,0.4444444444444444,0.2777777777777778,0.918456,0.01904114477621494
5.0,1.0,0.4444444444444444,0.3333333333333333,0.890428,0.02342687458680335
5.0,1.0,0.4444444444444444,0.38888888888888884,0.85544,0.029594967887269237
5.0,1.0,0.4444444444444444,0.4444444444444444,0.814844,0.034545947794466944
5.0,1.0,0.4444444444444444,0.5,0.7692819999999999,0.04100152101387096
5.0,1.0,0.5555555555555556,0.0,0.985366,0.006069408491680048
5.0,1.0,0.5555555555555556,0.05555555555555555,0.980072,0.007149618877968288
5.0,1.0,0.5555555555555556,0.1111111111111111,0.971934,0.008882535836447361
5.0,1.0,0.5555555555555556,0.16666666666666666,0.9614159999999999,0.01107520945757047
5.0,1.0,0.5555555555555556,0.2222222222222222,0.9482559999999999,0.013933943216013682
5.0,1.0,0.5555555555555556,0.2777777777777778,0.931144,0.016502482475546244
5.0,1.0,0.5555555555555556,0.3333333333333333,0.907578,0.020580160397917397
5.0,1.0,0.5555555555555556,0.38888888888888884,0.879452,0.024778289352707417
5.0,1.0,0.5555555555555556,0.4444444444444444,0.843734,0.03037328294131649
5.0,1.0,0.5555555555555556,0.5,0.803308,0.03799305305131874
5.0,1.0,0.6666666666666666,0.0,0.985366,0.006069408491680048
5.0,1.0,0.6666666666666666,0.05555555555555555,0.980858,0.007031409349118418
5.0,1.0,0.6666666666666666,0.1111111111111111,0.9743419999999998,0.00879589515302941
5.0,1.0,0.6666666666666666,0.16666666666666666,0.966528,0.010153196087024195
5.0,1.0,0.6666666666666666,0.2222222222222222,0.9558439999999999,0.012574095584157098
5.0,1.0,0.6666666666666666,0.2777777777777778,0.94147,0.016242559573015725
5.0,1.0,0.6666666666666666,0.3333333333333333,0.92615,0.018362512456835907
5.0,1.0,0.6666666666666666,0.38888888888888884,0.9028240000000001,0.02222279751649009
5.0,1.0,0.6666666666666666,0.4444444444444444,0.87378,0.02768639870670605
5.0,1.0,0.6666666666666666,0.5,0.8398699999999999,0.03493528371283384
5.0,1.0,0.7777777777777777,0.0,0.985366,0.006069408491680048
5.0,1.0,0.7777777777777777,0.05555555555555555,0.9814879999999999,0.006678252324389708
5.0,1.0,0.7777777777777777,0.1111111111111111,0.976636,0.007875248763446929
5.0,1.0,0.7777777777777777,0.16666666666666666,0.970096,0.00915567784894967
5.0,1.0,0.7777777777777777,0.2222222222222222,0.9625619999999999,0.011302462001466283
5.0,1.0,0.7777777777777777,0.2777777777777778,0.953922,0.012206141724213386
5.0,1.0,0.7777777777777777,0.3333333333333333,0.940472,0.01574436362549922
5.0,1.0,0.7777777777777777,0.38888888888888884,0.925774,0.018546451567118222
5.0,1.0,0.7777777777777777,0.4444444444444444,0.9050560000000001,0.024360207376104445
5.0,1.0,0.7777777777777777,0.5,0.872586,0.03991703073483008
5.0,1.0,0.8888888888888888,0.0,0.985366,0.006069408491680048
5.0,1.0,0.8888888888888888,0.05555555555555555,0.982614,0.0064647188011820655
5.0,1.0,0.8888888888888888,0.1111111111111111,0.979336,0.007353042803965846
5.0,1.0,0.8888888888888888,0.16666666666666666,0.97462,0.008392405193379297
5.0,1.0,0.8888888888888888,0.2222222222222222,0.9687439999999999,0.009472376461673369
5.0,1.0,0.8888888888888888,0.2777777777777778,0.9624100000000001,0.011404298138511822
5.0,1.0,0.8888888888888888,0.3333333333333333,0.9546899999999999,0.012754577943508509
5.0,1.0,0.8888888888888888,0.38888888888888884,0.945258,0.014688189876349185
5.0,1.0,0.8888888888888888,0.4444444444444444,0.927836,0.02428804071644493
5.0,1.0,0.8888888888888888,0.5,0.884664,0.044791379073193964
5.0,1.0,1.0,0.0,0.985366,0.006069408491680048
5.0,1.0,1.0,0.05555555555555555,0.983442,0.006360782586303399
5.0,1.0,1.0,0.1111111111111111,0.9814919999999999,0.006929210916681332
5.0,1.0,1.0,0.16666666666666666,0.9780659999999999,0.007644771354207808
5.0,1.0,1.0,0.2222222222222222,0.9750540000000001,0.008261209303625987
5.0,1.0,1.0,0.2777777777777778,0.970346,0.009662764720518044
5.0,1.0,1.0,0.3333333333333333,0.967048,0.010842916289787294
5.0,1.0,1.0,0.38888888888888884,0.9611179999999999,0.013429698044973246
5.0,1.0,1.0,0.4444444444444444,0.9395199999999999,0.027213282151385205
5.0,1.0,1.0,0.5,0.8866799999999999,0.04920719760963014
5.0,1.5,0.0,0.0,0.985366,0.006069408491680048
5.0,1.5,0.0,0.05555555555555555,0.975066,0.00838368751999177
5.0,1.5,0.0,0.1111111111111111,0.957772,0.011603331012306855
5.0,1.5,0.0,0.16666666666666666,0.934572,0.015434417984395564
5.0,1.5,0.0,0.2222222222222222,0.9050560000000001,0.020316159989363824
5.0,1.5,0.0,0.2777777777777778,0.8662739999999999,0.023926803125692137
5.0,1.5,0.0,0.3333333333333333,0.8231040000000001,0.029462199959488858
5.0,1.5,0.0,0.38888888888888884,0.775818,0.03419765833608119
5.0,1.5,0.0,0.4444444444444444,0.731086,0.03665949318910129
5.0,1.5,0.0,0.5,0.6887340000000001,0.03960070296536037
5.0,1.5,0.1111111111111111,0.0,0.985366,0.006069408491680048
5.0,1.5,0.1111111111111111,0.05555555555555555,0.9758559999999998,0.008021718015477708
5.0,1.5,0.1111111111111111,0.1111111111111111,0.961226,0.010992752394665357
5.0,1.5,0.1111111111111111,0.16666666666666666,0.9408040000000001,0.014493229156498052
5.0,1.5,0.1111111111111111,0.2222222222222222,0.913994,0.01863062436765492
5.0,1.5,0.1111111111111111,0.2777777777777778,0.879856,0.023041029536115983
5.0,1.5,0.1111111111111111,0.3333333333333333,0.83991,0.027978482642594553
5.0,1.5,0.1111111111111111,0.38888888888888884,0.7964779999999999,0.03388329487140654
5.0,1.5,0.1111111111111111,0.4444444444444444,0.7523399999999999,0.03821010893532886
5.0,1.5,0.1111111111111111,0.5,0.7075980000000001,0.03979743795945001
5.0,1.5,0.2222222222222222,0.0,0.985366,0.006069408491680048
5.0,1.5,0.2222222222222222,0.05555555555555555,0.9773059999999999,0.007460273141829426
5.0,1.5,0.2222222222222222,0.1111111111111111,0.963924,0.010275865453656125
5.0,1.5,0.2222222222222222,0.16666666666666666,0.9463400000000001,0.013778973845699845
5.0,1.5,0.2222222222222222,0.2222222222222222,0.9245820000000001,0.017665202936552382
5.0,1.5,0.2222222222222222,0.2777777777777778,0.8952,0.021628768046618604
5.0,1.5,0.2222222222222222,0.3333333333333333,0.8580460000000001,0.026785945152550266
5.0,1.5,0.2222222222222222,0.38888888888888884,0.8182679999999999,0.03209911029551328
5.0,1.5,0.2222222222222222,0.4444444444444444,0.77119,0.03587159660352146
5.0,1.5,0.2222222222222222,0.5,0.727574,0.040468505332513796
5.0,1.5,0.3333333333333333,0.0,0.985366,0.006069408491680048
5.0,1.5,0.3333333333333333,0.05555555555555555,0.97817,0.007559589591345499
5.0,1.5,0.3333333333333333,0.1111111111111111,0.9669200000000001,0.009654845004666226
5.0,1.5,0.3333333333333333,0.16666666666666666,0.9522059999999999,0.01285028496366109
5.0,1.5,0.3333333333333333,0.2222222222222222,0.932556,0.01682894205175006
5.0,1.5,0.3333333333333333,0.2777777777777778,0.907462,0.020853543981615857
5.0,1.5,0.3333333333333333,0.3333333333333333,0.876952,0.025151996777269366
5.0,1.5,0.3333333333333333,0.38888888888888884,0.840862,0.02955764308142746
5.0,1.5,0.3333333333333333,0.4444444444444444,0.7974260000000001,0.03567921715893088
5.0,1.5,0.3333333333333333,0.5,0.752174,0.039441640559439724
5.0,1.5,0.4444444444444444,0.0,0.985366,0.006069408491680048
5.0,1.5,0.4444444444444444,0.05555555555555555,0.97864,0.0076322278401268415
5.0,1.5,0.4444444444444444,0.1111111111111111,0.970164,0.009282102069988
5.0,1.5,0.4444444444444444,0.16666666666666666,0.957678,0.011601875841694387
5.0,1.5,0.4444444444444444,0.2222222222222222,0.94147,0.014901584292579644
5.0,1.5,0.4444444444444444,0.2777777777777778,0.920844,0.017341889928510806
5.0,1.5,0.4444444444444444,0.3333333333333333,0.8957919999999999,0.022430671100348833
5.0,1.5,0.4444444444444444,0.38888888888888884,0.864912,0.025673303117946723
5.0,1.5,0.4444444444444444,0.4444444444444444,0.8256380000000001,0.0336458473230229
5.0,1.5,0.4444444444444444,0.5,0.78223,0.038054558186866316
5.0,1.5,0.5555555555555556,0.0,0.985366,0.006069408491680048
5.0,1.5,0.5555555555555556,0.05555555555555555,0.979474,0.007714424715906873
5.0,1.5,0.5555555555555556,0.1111111111111111,0.9729960000000001,0.008449305624195535
5.0,1.5,0.5555555555555556,0.16666666666666666,0.963098,0.01097329587885471
5.0,1.5,0.5555555555555556,0.2222222222222222,0.950106,0.014013690843675812
5.0,1.5,0.5555555555555556,0.2777777777777778,0.934764,0.01580848254072728
5.0,1.5,0.5555555555555556,0.3333333333333333,0.91505,0.020969667472514098
5.0,1.5,0.5555555555555556,0.38888888888888884,0.888492,0.025108381022980998
5.0,1.5,0.5555555555555556,0.4444444444444444,0.856442,0.02928032292549458
5.0,1.5,0.5555555555555556,0.5,0.818882,0.035550523983635195
5.0,1.5,0.6666666666666666,0.0,0.985366,0.006069408491680048
5.0,1.5,0.6666666666666666,0.05555555555555555,0.980896,0.007139687266858205
5.0,1.5,0.6666666666666666,0.1111111111111111,0.97525,0.008432895555792805
5.0,1.5,0.6666666666666666,0.16666666666666666,0.96722,0.00969513234475759
5.0,1.5,0.6666666666666666,0.2222222222222222,0.95829,0.011695960455728464
5.0,1.5,0.6666666666666666,0.2777777777777778,0.945442,0.013997231189128923
5.0,1.5,0.6666666666666666,0.3333333333333333,0.9319460000000002,0.01626222629310067
5.0,1.5,0.6666666666666666,0.38888888888888884,0.9128919999999999,0.019765264160508195
5.0,1.5,0.6666666666666666,0.4444444444444444,0.885946,0.025627340970346916
5.0,1.5,0.6666666666666666,0.5,0.851018,0.03849026730687525
5.0,1.5,0.7777777777777777,0.0,0.985366,0.006069408491680048
5.0,1.5,0.7777777777777777,0.05555555555555555,0.9821779999999999,0.0066929745118020105
5.0,1.5,0.7777777777777777,0.1111111111111111,0.9772419999999999,0.007766342004848409
5.0,1.5,0.7777777777777777,0.16666666666666666,0.9718699999999999,0.009068935504366818
5.0,1.5,0.7777777777777777,0.2222222222222222,0.9649419999999999,0.011071214005659824
5.0,1.5,0.7777777777777777,0.2777777777777778,0.95715,0.012002483877867808
5.0,1.5,0.7777777777777777,0.3333333333333333,0.946542,0.014206473305065342
5.0,1.5,0.7777777777777777,0.38888888888888884,0.9349559999999999,0.016217647430387425
5.0,1.5,0.7777777777777777,0.4444444444444444,0.912616,0.02547804556105555
5.0,1.5,0.7777777777777777,0.5,0.864722,0.04416639057147668
5.0,1.5,0.8888888888888888,0.0,0.985366,0.006069408491680048
5.0,1.5,0.8888888888888888,0.05555555555555555,0.9832080000000001,0.006751882094916008
5.0,1.5,0.8888888888888888,0.1111111111111111,0.979606,0.007193487089932543
5.0,1.5,0.8888888888888888,0.16666666666666666,0.97608,0.007631124958764117
5.0,1.5,0.8888888888888888,0.2222222222222222,0.971832,0.009123939310247214
5.0,1.5,0.8888888888888888,0.2777777777777778,0.966798,0.010714232850332427
5.0,1.5,0.8888888888888888,0.3333333333333333,0.960096,0.012204124930967453
5.0,1.5,0.8888888888888888,0.38888888888888884,0.950644,0.015669727013875458
5.0,1.5,0.8888888888888888,0.4444444444444444,0.9239339999999999,0.030915387209812933
5.0,1.5,0.8888888888888888,0.5,0.8651019999999999,0.04766154468419345
5.0,1.5,1.0,0.0,0.985366,0.006069408491680048
5.0,1.5,1.0,0.05555555555555555,0.983902,0.006617550903462693
5.0,1.5,1.0,0.1111111111111111,0.9816699999999999,0.007079076680846642
5.0,1.5,1.0,0.16666666666666666,0.9799220000000001,0.00734982693073951
5.0,1.5,1.0,0.2222222222222222,0.977684,0.00764703198609714
5.0,1.5,1.0,0.2777777777777778,0.9747939999999998,0.008460184006678211
5.0,1.5,1.0,0.3333333333333333,0.9713200000000001,0.010027497265160716
5.0,1.5,1.0,0.38888888888888884,0.96027,0.0176758017621796
5.0,1.5,1.0,0.4444444444444444,0.9258540000000001,0.03341697281538662
5.0,1.5,1.0,0.5,0.866114,0.048063428824635074
5.0,2.0,0.0,0.0,0.985366,0.006069408491680048
5.0,2.0,0.0,0.05555555555555555,0.975066,0.00838368751999177
5.0,2.0,0.0,0.1111111111111111,0.957772,0.011603331012306855
5.0,2.0,0.0,0.16666666666666666,0.934572,0.015434417984395564
5.0,2.0,0.0,0.2222222222222222,0.9050560000000001,0.020316159989363824
5.0,2.0,0.0,0.2777777777777778,0.8662739999999999,0.023926803125692137
5.0,2.0,0.0,0.3333333333333333,0.8231040000000001,0.029462199959488858
5.0,2.0,0.0,0.38888888888888884,0.775818,0.03419765833608119
5.0,2.0,0.0,0.4444444444444444,0.731086,0.03665949318910129
5.0,2.0,0.0,0.5,0.6887340000000001,0.03960070296536037
5.0,2.0,0.1111111111111111,0.0,0.985366,0.006069408491680048
5.0,2.0,0.1111111111111111,0.05555555555555555,0.975562,0.008088820311272614
5.0,2.0,0.1111111111111111,0.1111111111111111,0.961442,0.010847579266910374
5.0,2.0,0.1111111111111111,0.16666666666666666,0.9419379999999999,0.013782673186298807
5.0,2.0,0.1111111111111111,0.2222222222222222,0.914474,0.0187442796618083
5.0,2.0,0.1111111111111111,0.2777777777777778,0.881722,0.022611308200036442
5.0,2.0,0.1111111111111111,0.3333333333333333,0.8418539999999999,0.027476364118462635
5.0,2.0,0.1111111111111111,0.38888888888888884,0.79822,0.03080033963844695
5.0,2.0,0.1111111111111111,0.4444444444444444,0.7505839999999999,0.0361166411441467
5.0,2.0,0.1111111111111111,0.5,0.7095119999999999,0.03950051185584494
5.0,2.0,0.2222222222222222,0.0,0.985366,0.006069408491680048
5.0,2.0,0.2222222222222222,0.05555555555555555,0.9773820000000001,0.00791893269260322
5.0,2.0,0.2222222222222222,0.1111111111111111,0.964986,0.01028773439382627
5.0,2.0,0.2222222222222222,0.16666666666666666,0.94786,0.013842240253313765
5.0,2.0,0.2222222222222222,0.2222222222222222,0.9254380000000001,0.017494635765317363
5.0,2.0,0.2222222222222222,0.2777777777777778,0.8957,0.022997473068471486
5.0,2.0,0.2222222222222222,0.3333333333333333,0.8627,0.025215106646738844
5.0,2.0,0.2222222222222222,0.38888888888888884,0.821728,0.030957758019002704
5.0,2.0,0.2222222222222222,0.4444444444444444,0.776732,0.035577911005327534
5.0,2.0,0.2222222222222222,0.5,0.73163,0.040619958913374686
5.0,2.0,0.3333333333333333,0.0,0.985366,0.006069408491680048
5.0,2.0,0.3333333333333333,0.05555555555555555,0.9783999999999999,0.008082986412129956
5.0,2.0,0.3333333333333333,0.1111111111111111,0.96803,0.009213624789599754
5.0,2.0,0.3333333333333333,0.16666666666666666,0.9539359999999999,0.012308163379300043
5.0,2.0,0.3333333333333333,0.2222222222222222,0.935172,0.01593028448985939
5.0,2.0,0.3333333333333333,0.2777777777777778,0.9112380000000001,0.020567922473350077
5.0,2.0,0.3333333333333333,0.3333333333333333,0.88048,0.024838750513141942
5.0,2.0,0.3333333333333333,0.38888888888888884,0.846782,0.028990608596122073
5.0,2.0,0.3333333333333333,0.4444444444444444,0.805682,0.0336587983358114
5.0,2.0,0.3333333333333333,0.5,0.7620520000000001,0.038002601113381274
5.0,2.0,0.4444444444444444,0.0,0.985366,0.006069408491680048
5.0,2.0,0.4444444444444444,0.05555555555555555,0.979078,0.007660893850535888
5.0,2.0,0.4444444444444444,0.1111111111111111,0.9705119999999999,0.00883731023016667
5.0,2.0,0.4444444444444444,0.16666666666666666,0.958068,0.011900025092174747
5.0,2.0,0.4444444444444444,0.2222222222222222,0.944392,0.014188197415168104
5.0,2.0,0.4444444444444444,0.2777777777777778,0.924368,0.017340298379664384
5.0,2.0,0.4444444444444444,0.3333333333333333,0.90079,0.021341903703920473
5.0,2.0,0.4444444444444444,0.38888888888888884,0.870766,0.027175877181817045
5.0,2.0,0.4444444444444444,0.4444444444444444,0.834232,0.030974327982830795
5.0,2.0,0.4444444444444444,0.5,0.79373,0.036160146742302515
5.0,2.0,0.5555555555555556,0.0,0.985366,0.006069408491680048
5.0,2.0,0.5555555555555556,0.05555555555555555,0.9802799999999999,0.00727319728851042
5.0,2.0,0.5555555555555556,0.1111111111111111,0.9727619999999999,0.009184665053462137
5.0,2.0,0.5555555555555556,0.16666666666666666,0.9635659999999999,0.010959830279685863
5.0,2.0,0.5555555555555556,0.2222222222222222,0.9525779999999999,0.013054683662619394
5.0,2.0,0.5555555555555556,0.2777777777777778,0.9368099999999999,0.01556993081201651
5.0,2.0,0.5555555555555556,0.3333333333333333,0.9186340000000001,0.019484849568971552
5.0,2.0,0.5555555555555556,0.38888888888888884,0.8944059999999999,0.02204588865101216
5.0,2.0,0.5555555555555556,0.4444444444444444,0.86776,0.02779156602792598
5.0,2.0,0.5555555555555556,0.5,0.8269880000000001,0.037631690691338565
5.0,2.0,0.6666666666666666,0.0,0.985366,0.006069408491680048
5.0,2.0,0.6666666666666666,0.05555555555555555,0.9808620000000001,0.006691824641610699
5.0,2.0,0.6666666666666666,0.1111111111111111,0.9757100000000001,0.008343207910418688
5.0,2.0,0.6666666666666666,0.16666666666666666,0.968676,0.009766565189010024
5.0,2.0,0.6666666666666666,0.2222222222222222,0.96076,0.010999107269294305
5.0,2.0,0.6666666666666666,0.2777777777777778,0.95001,0.01286269013834935
5.0,2.0,0.6666666666666666,0.3333333333333333,0.9366939999999999,0.01571337596981427
5.0,2.0,0.6666666666666666,0.38888888888888884,0.9192440000000001,0.019236333774244718
5.0,2.0,0.6666666666666666,0.4444444444444444,0.89202,0.028217797365782372
5.0,2.0,0.6666666666666666,0.5,0.8403240000000001,0.0459703117579841
5.0,2.0,0.7777777777777777,0.0,0.985366,0.006069408491680048
5.0,2.0,0.7777777777777777,0.05555555555555555,0.982666,0.0072018175728565436
5.0,2.0,0.7777777777777777,0.1111111111111111,0.9777659999999999,0.007551244041424313
5.0,2.0,0.7777777777777777,0.16666666666666666,0.973356,0.008986142972992483
5.0,2.0,0.7777777777777777,0.2222222222222222,0.966904,0.010380669564204541
5.0,2.0,0.7777777777777777,0.2777777777777778,0.959646,0.011489678386222899
5.0,2.0,0.7777777777777777,0.3333333333333333,0.9515999999999999,0.013253955434863142
5.0,2.0,0.7777777777777777,0.38888888888888884,0.936984,0.019698116040654797
5.0,2.0,0.7777777777777777,0.4444444444444444,0.9023960000000001,0.03309776590974735
5.0,2.0,0.7777777777777777,0.5,0.842108,0.045722044428190105
5.0,2.0,0.8888888888888888,0.0,0.985366,0.006069408491680048
5.0,2.0,0.8888888888888888,0.05555555555555555,0.9834919999999999,0.006363247428449674
5.0,2.0,0.8888888888888888,0.1111111111111111,0.980896,0.0068265942297426165
5.0,2.0,0.8888888888888888,0.16666666666666666,0.9771479999999999,0.0077969019077270335
5.0,2.0,0.8888888888888888,0.2222222222222222,0.9735539999999998,0.008361753514884752
5.0,2.0,0.8888888888888888,0.2777777777777778,0.9691219999999999,0.009913206308689304
5.0,2.0,0.8888888888888888,0.3333333333333333,0.96283,0.012074464185658152
5.0,2.0,0.8888888888888888,0.38888888888888884,0.946442,0.020325079426841457
5.0,2.0,0.8888888888888888,0.4444444444444444,0.90378,0.036772435655638806
5.0,2.0,0.8888888888888888,0.5,0.844114,0.04523624254155684
5.0,2.0,1.0,0.0,0.985366,0.006069408491680048
5.0,2.0,1.0,0.05555555555555555,0.98436,0.0060623348478630965
5.0,2.0,1.0,0.1111111111111111,0.9827899999999999,0.006201840505148656
5.0,2.0,1.0,0.16666666666666666,0.9807440000000001,0.00679992219689075
5.0,2.0,1.0,0.2222222222222222,0.9789659999999999,0.007503161925332254
5.0,2.0,1.0,0.2777777777777778,0.977568,0.007773173125621347
5.0,2.0,1.0,0.3333333333333333,0.9710260000000001,0.012382082050762865
5.0,2.0,1.0,0.38888888888888884,0.9483659999999999,0.02222899684199001
5.0,2.0,1.0,0.4444444444444444,0.905176,0.03452989503752661
5.0,2.0,1.0,0.5,0.844262,0.04679736469808287
5.0,2.5,0.0,0.0,0.985366,0.006069408491680048
5.0,2.5,0.0,0.05555555555555555,0.975066,0.00838368751999177
5.0,2.5,0.0,0.1111111111111111,0.957772,0.011603331012306855
5.0,2.5,0.0,0.16666666666666666,0.934572,0.015434417984395564
5.0,2.5,0.0,0.2222222222222222,0.9050560000000001,0.020316159989363824
5.0,2.5,0.0,0.2777777777777778,0.8662739999999999,0.023926803125692137
5.0,2.5,0.0,0.3333333333333333,0.8231040000000001,0.029462199959488858
5.0,2.5,0.0,0.38888888888888884,0.775818,0.03419765833608119
5.0,2.5,0.0,0.4444444444444444,0.731086,0.03665949318910129
5.0,2.5,0.0,0.5,0.6887340000000001,0.03960070296536037
5.0,2.5,0.1111111111111111,0.0,0.985366,0.006069408491680048
5.0,2.5,0.1111111111111111,0.05555555555555555,0.9757279999999998,0.00812416272855735
5.0,2.5,0.1111111111111111,0.1111111111111111,0.961802,0.011308517193790028
5.0,2.5,0.1111111111111111,0.16666666666666666,0.941594,0.014359580743121833
5.0,2.5,0.1111111111111111,0.2222222222222222,0.914374,0.01963009948042095
5.0,2.5,0.1111111111111111,0.2777777777777778,0.88158,0.024137374042163404
5.0,2.5,0.1111111111111111,0.3333333333333333,0.8421859999999999,0.0288355054880872
5.0,2.5,0.1111111111111111,0.38888888888888884,0.7989980000000001,0.031928621481978815
5.0,2.5,0.1111111111111111,0.4444444444444444,0.754002,0.03648320221811918
5.0,2.5,0.1111111111111111,0.5,0.712212,0.038577032426843356
5.0,2.5,0.2222222222222222,0.0,0.985366,0.006069408491680048
5.0,2.5,0.2222222222222222,0.05555555555555555,0.97688,0.008073162447505174
5.0,2.5,0.2222222222222222,0.1111111111111111,0.965154,0.0102032591358834
5.0,2.5,0.2222222222222222,0.16666666666666666,0.9477000000000001,0.013080374321278761
5.0,2.5,0.2222222222222222,0.2222222222222222,0.924828,0.01723637436360688
5.0,2.5,0.2222222222222222,0.2777777777777778,0.8968780000000001,0.022238710314965337
5.0,2.5,0.2222222222222222,0.3333333333333333,0.8620440000000001,0.02540261107245865
5.0,2.5,0.2222222222222222,0.38888888888888884,0.822406,0.031545068500375556
5.0,2.5,0.2222222222222222,0.4444444444444444,0.7813300000000002,0.035494179431944814
5.0,2.5,0.2222222222222222,0.5,0.73677,0.03892468834461557
5.0,2.5,0.3333333333333333,0.0,0.985366,0.006069408491680048
5.0,2.5,0.3333333333333333,0.05555555555555555,0.9782639999999999,0.007608026559908465
5.0,2.5,0.3333333333333333,0.1111111111111111,0.968348,0.009255388724461116
5.0,2.5,0.3333333333333333,0.16666666666666666,0.9540919999999999,0.013190280626507218
5.0,2.5,0.3333333333333333,0.2222222222222222,0.9347300000000001,0.01496398816772342
5.0,2.5,0.3333333333333333,0.2777777777777778,0.9122840000000001,0.019924792061081976
5.0,2.5,0.3333333333333333,0.3333333333333333,0.8833620000000001,0.0240889915735396
5.0,2.5,0.3333333333333333,0.38888888888888884,0.8477380000000001,0.030131065667122918
5.0,2.5,0.3333333333333333,0.4444444444444444,0.8076559999999999,0.034367658283213615
5.0,2.5,0.3333333333333333,0.5,0.767128,0.03986333889145706
5.0,2.5,0.4444444444444444,0.0,0.985366,0.006069408491680048
5.0,2.5,0.4444444444444444,0.05555555555555555,0.9795,0.007014014028042075
5.0,2.5,0.4444444444444444,0.1111111111111111,0.970342,0.008907509385170126
5.0,2.5,0.4444444444444444,0.16666666666666666,0.960096,0.011306389914814157
5.0,2.5,0.4444444444444444,0.2222222222222222,0.9446420000000001,0.014365045948070598
5.0,2.5,0.4444444444444444,0.2777777777777778,0.92576,0.01759367712986399
5.0,2.5,0.4444444444444444,0.3333333333333333,0.903488,0.02163705572301191
5.0,2.5,0.4444444444444444,0.38888888888888884,0.875182,0.024317391864552184
5.0,2.5,0.4444444444444444,0.4444444444444444,0.8407080000000001,0.02977683757742289
5.0,2.5,0.4444444444444444,0.5,0.7999339999999999,0.03745315904225556
5.0,2.5,0.5555555555555556,0.0,0.985366,0.006069408491680048
5.0,2.5,0.5555555555555556,0.05555555555555555,0.9804680000000001,0.007323950881390879
5.0,2.5,0.5555555555555556,0.1111111111111111,0.9742999999999999,0.00848185615107538
5.0,2.5,0.5555555555555556,0.16666666666666666,0.9649659999999999,0.010186873356312786
5.0,2.5,0.5555555555555556,0.2222222222222222,0.95402,0.012345705037207524
5.0,2.5,0.5555555555555556,0.2777777777777778,0.939558,0.01505642813073909
5.0,2.5,0.5555555555555556,0.3333333333333333,0.92271,0.018095103357844124
5.0,2.5,0.5555555555555556,0.38888888888888884,0.90107,0.02237781565002567
5.0,2.5,0.5555555555555556,0.4444444444444444,0.8695660000000001,0.03224936723991263
5.0,2.5,0.5555555555555556,0.5,0.8182180000000001,0.044202286822297356
5.0,2.5,0.6666666666666666,0.0,0.985366,0.006069408491680048
5.0,2.5,0.6666666666666666,0.05555555555555555,0.981236,0.006834744432890368
5.0,2.5,0.6666666666666666,0.1111111111111111,0.9763440000000001,0.008093000513692649
5.0,2.5,0.6666666666666666,0.16666666666666666,0.9699139999999999,0.009306547569067205
5.0,2.5,0.6666666666666666,0.2222222222222222,0.961644,0.011032165760299535
5.0,2.5,0.6666666666666666,0.2777777777777778,0.951684,0.012703341835421683
5.0,2.5,0.6666666666666666,0.3333333333333333,0.9386500000000001,0.017491352000047852
5.0,2.5,0.6666666666666666,0.38888888888888884,0.920164,0.02146696917431665
5.0,2.5,0.6666666666666666,0.4444444444444444,0.8803040000000001,0.034462601843907606
5.0,2.5,0.6666666666666666,0.5,0.81938,0.04450205012052655
5.0,2.5,0.7777777777777777,0.0,0.985366,0.006069408491680048
5.0,2.5,0.7777777777777777,0.05555555555555555,0.9823099999999999,0.006962676045561132
5.0,2.5,0.7777777777777777,0.1111111111111111,0.9792860000000001,0.0073189711488265185
5.0,2.5,0.7777777777777777,0.16666666666666666,0.974616,0.008508898089258497
5.0,2.5,0.7777777777777777,0.2222222222222222,0.9681620000000001,0.00971290053865208
5.0,2.5,0.7777777777777777,0.2777777777777778,0.962352,0.01123425622932164
5.0,2.5,0.7777777777777777,0.3333333333333333,0.9527080000000001,0.01434693015281035
5.0,2.5,0.7777777777777777,0.38888888888888884,0.92783,0.02500062323872446
5.0,2.5,0.7777777777777777,0.4444444444444444,0.880126,0.035997023424038564
5.0,2.5,0.7777777777777777,0.5,0.820078,0.04454112413802509
5.0,2.5,0.8888888888888888,0.0,0.985366,0.006069408491680048
5.0,2.5,0.8888888888888888,0.05555555555555555,0.983604,0.006437240101180049
5.0,2.5,0.8888888888888888,0.1111111111111111,0.981276,0.007095386742528711
5.0,2.5,0.8888888888888888,0.16666666666666666,0.978758,0.007531060333012809
5.0,2.5,0.8888888888888888,0.2222222222222222,0.974926,0.008666414337830268
5.0,2.5,0.8888888888888888,0.2777777777777778,0.971094,0.009370847858073373
5.0,2.5,0.8888888888888888,0.3333333333333333,0.959866,0.01524220106765336
5.0,2.5,0.8888888888888888,0.38888888888888884,0.928662,0.026300174035709646
5.0,2.5,0.8888888888888888,0.4444444444444444,0.8793880000000001,0.03628352856172868
5.0,2.5,0.8888888888888888,0.5,0.81847,0.04444028552963978
5.0,2.5,1.0,0.0,0.985366,0.006069408491680048
5.0,2.5,1.0,0.05555555555555555,0.9841619999999999,0.0059246907024620085
5.0,2.5,1.0,0.1111111111111111,0.9835059999999999,0.0063427458446401195
5.0,2.5,1.0,0.16666666666666666,0.98221,0.0068719974314165036
5.0,2.5,1.0,0.2222222222222222,0.98049,0.007120343994302135
5.0,2.5,1.0,0.2777777777777778,0.9773959999999999,0.009233075509641071
5.0,2.5,1.0,0.3333333333333333,0.961802,0.015561848806506016
5.0,2.5,1.0,0.38888888888888884,0.92763,0.026047688268409863
5.0,2.5,1.0,0.4444444444444444,0.879832,0.03805375082569139
5.0,2.5,1.0,0.5,0.818782,0.044985975057831154
5.0,3.0,0.0,0.0,0.985366,0.006069408491680048
5.0,3.0,0.0,0.05555555555555555,0.975066,0.00838368751999177
5.0,3.0,0.0,0.1111111111111111,0.957772,0.011603331012306855
5.0,3.0,0.0,0.16666666666666666,0.934572,0.015434417984395564
5.0,3.0,0.0,0.2222222222222222,0.9050560000000001,0.020316159989363824
5.0,3.0,0.0,0.2777777777777778,0.8662739999999999,0.023926803125692137
5.0,3.0,0.0,0.3333333333333333,0.8231040000000001,0.029462199959488858
5.0,3.0,0.0,0.38888888888888884,0.775818,0.03419765833608119
5.0,3.0,0.0,0.4444444444444444,0.731086,0.03665949318910129
5.0,3.0,0.0,0.5,0.6887340000000001,0.03960070296536037
5.0,3.0,0.1111111111111111,0.0,0.985366,0.006069408491680048
5.0,3.0,0.1111111111111111,0.05555555555555555,0.97577,0.008234604874240775
5.0,3.0,0.1111111111111111,0.1111111111111111,0.9619739999999999,0.010937118685022146
5.0,3.0,0.1111111111111111,0.16666666666666666,0.9414819999999999,0.015087243812297275
5.0,3.0,0.1111111111111111,0.2222222222222222,0.914892,0.018862447344914695
5.0,3.0,0.1111111111111111,0.2777777777777778,0.8811800000000001,0.023447540901951693
5.0,3.0,0.1111111111111111,0.3333333333333333,0.8425719999999999,0.029024017695805187
5.0,3.0,0.1111111111111111,0.38888888888888884,0.8,0.03210528771087396
5.0,3.0,0.1111111111111111,0.4444444444444444,0.756188,0.03688155574685831
5.0,3.0,0.1111111111111111,0.5,0.711836,0.039395953934036713
5.0,3.0,0.2222222222222222,0.0,0.985366,0.006069408491680048
5.0,3.0,0.2222222222222222,0.05555555555555555,0.976832,0.007635993241587575
5.0,3.0,0.2222222222222222,0.1111111111111111,0.9648539999999999,0.010058181646603546
5.0,3.0,0.2222222222222222,0.16666666666666666,0.948152,0.013627630778726063
5.0,3.0,0.2222222222222222,0.2222222222222222,0.926228,0.017923350942779515
5.0,3.0,0.2222222222222222,0.2777777777777778,0.8988459999999999,0.020980816794078674
5.0,3.0,0.2222222222222222,0.3333333333333333,0.863946,0.02718641731771856
5.0,3.0,0.2222222222222222,0.38888888888888884,0.825962,0.03060467035756782
5.0,3.0,0.2222222222222222,0.4444444444444444,0.782864,0.03559972168948427
5.0,3.0,0.2222222222222222,0.5,0.7412580000000001,0.038571374591473286
5.0,3.0,0.3333333333333333,0.0,0.985366,0.006069408491680048
5.0,3.0,0.3333333333333333,0.05555555555555555,0.978348,0.0075424580440791
5.0,3.0,0.3333333333333333,0.1111111111111111,0.9683820000000001,0.009466324450239094
5.0,3.0,0.3333333333333333,0.16666666666666666,0.9542959999999999,0.012190882627540828
5.0,3.0,0.3333333333333333,0.2222222222222222,0.9370559999999999,0.014878696691258284
5.0,3.0,0.3333333333333333,0.2777777777777778,0.9151379999999999,0.019880276829401227
5.0,3.0,0.3333333333333333,0.3333333333333333,0.8859880000000001,0.02254463077438856
5.0,3.0,0.3333333333333333,0.38888888888888884,0.85112,0.027730480686750394
5.0,3.0,0.3333333333333333,0.4444444444444444,0.8154359999999999,0.032617874785323187
5.0,3.0,0.3333333333333333,0.5,0.7726479999999999,0.037005552527096156
5.0,3.0,0.4444444444444444,0.0,0.985366,0.006069408491680048
5.0,3.0,0.4444444444444444,0.05555555555555555,0.980016,0.006816206080413171
5.0,3.0,0.4444444444444444,0.1111111111111111,0.9713820000000001,0.008737319813022193
5.0,3.0,0.4444444444444444,0.16666666666666666,0.960654,0.011159900122379359
5.0,3.0,0.4444444444444444,0.2222222222222222,0.9459460000000001,0.014577932508845828
5.0,3.0,0.4444444444444444,0.2777777777777778,0.9295140000000001,0.01752038045999359
5.0,3.0,0.4444444444444444,0.3333333333333333,0.906198,0.020846869788050202
5.0,3.0,0.4444444444444444,0.38888888888888884,0.8776120000000001,0.025447920333469258
5.0,3.0,0.4444444444444444,0.4444444444444444,0.8430979999999999,0.031144378958029677
5.0,3.0,0.4444444444444444,0.5,0.793586,0.04298919335706335
5.0,3.0,0.5555555555555556,0.0,0.985366,0.006069408491680048
5.0,3.0,0.5555555555555556,0.05555555555555555,0.9803419999999999,0.007456287846972784
5.0,3.0,0.5555555555555556,0.1111111111111111,0.973786,0.008204806011318413
5.0,3.0,0.5555555555555556,0.16666666666666666,0.9651299999999999,0.011075668868369231
5.0,3.0,0.5555555555555556,0.2222222222222222,0.9550319999999999,0.012468114683765736
5.0,3.0,0.5555555555555556,0.2777777777777778,0.9411459999999999,0.015094780183147891
5.0,3.0,0.5555555555555556,0.3333333333333333,0.924318,0.01730374859476584
5.0,3.0,0.5555555555555556,0.38888888888888884,0.898668,0.025010574436972393
5.0,3.0,0.5555555555555556,0.4444444444444444,0.854976,0.03787855585932464
5.0,3.0,0.5555555555555556,0.5,0.796852,0.04391349320848368
5.0,3.0,0.6666666666666666,0.0,0.985366,0.006069408491680048
5.0,3.0,0.6666666666666666,0.05555555555555555,0.981462,0.006961140060498991
5.0,3.0,0.6666666666666666,0.1111111111111111,0.9770700000000001,0.007449300918095389
5.0,3.0,0.6666666666666666,0.16666666666666666,0.970776,0.009260958627994127
5.0,3.0,0.6666666666666666,0.2222222222222222,0.9633899999999999,0.010874852865657498
5.0,3.0,0.6666666666666666,0.2777777777777778,0.953218,0.013030812720637198
5.0,3.0,0.6666666666666666,0.3333333333333333,0.9389160000000001,0.01672016962067932
5.0,3.0,0.6666666666666666,0.38888888888888884,0.9066379999999999,0.025835206051887535
5.0,3.0,0.6666666666666666,0.4444444444444444,0.855182,0.035079824174705565
5.0,3.0,0.6666666666666666,0.5,0.796298,0.041774194938088864
5.0,3.0,0.7777777777777777,0.0,0.985366,0.006069408491680048
5.0,3.0,0.7777777777777777,0.05555555555555555,0.982652,0.006394111770266561
5.0,3.0,0.7777777777777777,0.1111111111111111,0.9790519999999999,0.00712592826987579
5.0,3.0,0.7777777777777777,0.16666666666666666,0.975,0.008102054466192284
5.0,3.0,0.7777777777777777,0.2222222222222222,0.97027,0.009319807811069423
5.0,3.0,0.7777777777777777,0.2777777777777778,0.962928,0.011388688266911254
5.0,3.0,0.7777777777777777,0.3333333333333333,0.9459839999999999,0.018656899630099696
5.0,3.0,0.7777777777777777,0.38888888888888884,0.90891,0.02550935817909613
5.0,3.0,0.7777777777777777,0.4444444444444444,0.856574,0.03608168927033772
5.0,3.0,0.7777777777777777,0.5,0.796872,0.044072126345812784
5.0,3.0,0.8888888888888888,0.0,0.985366,0.006069408491680048
5.0,3.0,0.8888888888888888,0.05555555555555555,0.9834339999999999,0.006384918038370854
5.0,3.0,0.8888888888888888,0.1111111111111111,0.981468,0.007300106788139239
5.0,3.0,0.8888888888888888,0.16666666666666666,0.979136,0.007907373591416335
5.0,3.0,0.8888888888888888,0.2222222222222222,0.975856,0.008363920991299331
5.0,3.0,0.8888888888888888,0.2777777777777778,0.9690319999999999,0.011660828694895726
5.0,3.0,0.8888888888888888,0.3333333333333333,0.945282,0.01900064538509414
5.0,3.0,0.8888888888888888,0.38888888888888884,0.907014,0.028526712931941586
5.0,3.0,0.8888888888888888,0.4444444444444444,0.856502,0.03789392953748112
5.0,3.0,0.8888888888888888,0.5,0.794086,0.043752979904241956
5.0,3.0,1.0,0.0,0.985366,0.006069408491680048
5.0,3.0,1.0,0.05555555555555555,0.984752,0.006067959811381839
5.0,3.0,1.0,0.1111111111111111,0.9837899999999999,0.0063481097181750145
5.0,3.0,1.0,0.16666666666666666,0.9824179999999999,0.006517378956061544
5.0,3.0,1.0,0.2222222222222222,0.981718,0.007387803142378737
5.0,3.0,1.0,0.2777777777777778,0.97072,0.012005409602318405
5.0,3.0,1.0,0.3333333333333333,0.94555,0.018783640496469287
5.0,3.0,1.0,0.38888888888888884,0.908336,0.026271419431730673
5.0,3.0,1.0,0.4444444444444444,0.8559960000000001,0.03679352539540137
5.0,3.0,1.0,0.5,0.7951299999999999,0.04405063014341636
