tau,delay,p,q,mean_final_epidemic_fraction,std_final_epidemic_fraction
2.0,0.0,0.0,0.0,0.6956720000000001,0.05096299510173513
2.0,0.0,0.0,0.05555555555555555,0.617336,0.05739438417362224
2.0,0.0,0.0,0.1111111111111111,0.5397399999999999,0.059519185704559725
2.0,0.0,0.0,0.16666666666666666,0.4681659999999999,0.05607444275479268
2.0,0.0,0.0,0.2222222222222222,0.405614,0.049628812620131954
2.0,0.0,0.0,0.2777777777777778,0.359238,0.04356959921725129
2.0,0.0,0.0,0.3333333333333333,0.31861399999999995,0.03855336207718997
2.0,0.0,0.0,0.38888888888888884,0.287864,0.03404155046875264
2.0,0.0,0.0,0.4444444444444444,0.264562,0.029726241856477913
2.0,0.0,0.0,0.5,0.24388200000000002,0.028284485149997
2.0,0.0,0.1111111111111111,0.0,0.6931,0.05731582860272399
2.0,0.0,0.1111111111111111,0.05555555555555555,0.62114,0.058414183497395
2.0,0.0,0.1111111111111111,0.1111111111111111,0.54266,0.05711210015371467
2.0,0.0,0.1111111111111111,0.16666666666666666,0.461946,0.060626415104447946
2.0,0.0,0.1111111111111111,0.2222222222222222,0.394794,0.051410520784121505
2.0,0.0,0.1111111111111111,0.2777777777777778,0.33908400000000005,0.04746711702217435
2.0,0.0,0.1111111111111111,0.3333333333333333,0.298302,0.04091903629195248
2.0,0.0,0.1111111111111111,0.38888888888888884,0.26538199999999995,0.03618821977523904
2.0,0.0,0.1111111111111111,0.4444444444444444,0.242498,0.030568199581449063
2.0,0.0,0.1111111111111111,0.5,0.22034800000000002,0.02868638550648816
2.0,0.0,0.2222222222222222,0.0,0.6982820000000001,0.05313267015005503
2.0,0.0,0.2222222222222222,0.05555555555555555,0.62126,0.06189509192827505
2.0,0.0,0.2222222222222222,0.1111111111111111,0.54122,0.06434999178621371
2.0,0.0,0.2222222222222222,0.16666666666666666,0.458758,0.06513275664345823
2.0,0.0,0.2222222222222222,0.2222222222222222,0.38619600000000004,0.05872477144751716
2.0,0.0,0.2222222222222222,0.2777777777777778,0.320456,0.05309125565339086
2.0,0.0,0.2222222222222222,0.3333333333333333,0.271726,0.04590151219342655
2.0,0.0,0.2222222222222222,0.38888888888888884,0.23935599999999999,0.03884454996681322
2.0,0.0,0.2222222222222222,0.4444444444444444,0.20928000000000002,0.034446577964537116
2.0,0.0,0.2222222222222222,0.5,0.185832,0.028820983226605867
2.0,0.0,0.3333333333333333,0.0,0.697244,0.05204896399839879
2.0,0.0,0.3333333333333333,0.05555555555555555,0.6292179999999999,0.0589786693889051
2.0,0.0,0.3333333333333333,0.1111111111111111,0.541304,0.06597129684958476
2.0,0.0,0.3333333333333333,0.16666666666666666,0.45769600000000005,0.07137807256073093
2.0,0.0,0.3333333333333333,0.2222222222222222,0.37211400000000006,0.06640189324750995
2.0,0.0,0.3333333333333333,0.2777777777777778,0.30193000000000003,0.062349852511585244
2.0,0.0,0.3333333333333333,0.3333333333333333,0.241012,0.05177297304071836
2.0,0.0,0.3333333333333333,0.38888888888888884,0.19951800000000003,0.04192021331731434
2.0,0.0,0.3333333333333333,0.4444444444444444,0.174382,0.02966709201619523
2.0,0.0,0.3333333333333333,0.5,0.16613599999999998,0.01783585544567341
2.0,0.0,0.4444444444444444,0.0,0.699668,0.05366639488431992
2.0,0.0,0.4444444444444444,0.05555555555555555,0.62493,0.05863655507601351
2.0,0.0,0.4444444444444444,0.1111111111111111,0.540932,0.06957531764678694
2.0,0.0,0.4444444444444444,0.16666666666666666,0.44824200000000003,0.07562243676240384
2.0,0.0,0.4444444444444444,0.2222222222222222,0.35261400000000004,0.07147807520120375
2.0,0.0,0.4444444444444444,0.2777777777777778,0.26126599999999994,0.06822883255034022
2.0,0.0,0.4444444444444444,0.3333333333333333,0.19583799999999998,0.049964313477145715
2.0,0.0,0.4444444444444444,0.38888888888888884,0.16998399999999997,0.025119349263363285
2.0,0.0,0.4444444444444444,0.4444444444444444,0.165546,0.01772840875414113
2.0,0.0,0.4444444444444444,0.5,0.165196,0.016101804875245537
2.0,0.0,0.5555555555555556,0.0,0.697154,0.04953254718325035
2.0,0.0,0.5555555555555556,0.05555555555555555,0.63102,0.06015204182962158
2.0,0.0,0.5555555555555556,0.1111111111111111,0.54201,0.07847122636185487
2.0,0.0,0.5555555555555556,0.16666666666666666,0.4414640000000001,0.08299781912773324
2.0,0.0,0.5555555555555556,0.2222222222222222,0.32838599999999996,0.08409206832937233
2.0,0.0,0.5555555555555556,0.2777777777777778,0.217284,0.0714455616575384
2.0,0.0,0.5555555555555556,0.3333333333333333,0.169936,0.02956775961782758
2.0,0.0,0.5555555555555556,0.38888888888888884,0.165844,0.015864647429935288
2.0,0.0,0.5555555555555556,0.4444444444444444,0.164874,0.015410681432188805
2.0,0.0,0.5555555555555556,0.5,0.16569799999999998,0.014697442826944507
2.0,0.0,0.6666666666666666,0.0,0.695258,0.05711816177722826
2.0,0.0,0.6666666666666666,0.05555555555555555,0.630752,0.06641976864860845
2.0,0.0,0.6666666666666666,0.1111111111111111,0.5417040000000001,0.07475713774139947
2.0,0.0,0.6666666666666666,0.16666666666666666,0.42577599999999993,0.09703478408614763
2.0,0.0,0.6666666666666666,0.2222222222222222,0.271462,0.10340994046790256
2.0,0.0,0.6666666666666666,0.2777777777777778,0.17800200000000002,0.047379358408556074
2.0,0.0,0.6666666666666666,0.3333333333333333,0.16509800000000002,0.01922653675082597
2.0,0.0,0.6666666666666666,0.38888888888888884,0.165978,0.015596024749145274
2.0,0.0,0.6666666666666666,0.4444444444444444,0.16599,0.015153651914065643
2.0,0.0,0.6666666666666666,0.5,0.16526600000000002,0.015978920357507986
2.0,0.0,0.7777777777777777,0.0,0.699406,0.05290295463599776
2.0,0.0,0.7777777777777777,0.05555555555555555,0.630606,0.06642661932923444
2.0,0.0,0.7777777777777777,0.1111111111111111,0.5451159999999999,0.08038947368255321
2.0,0.0,0.7777777777777777,0.16666666666666666,0.409068,0.11278542672243574
2.0,0.0,0.7777777777777777,0.2222222222222222,0.20781200000000002,0.09222089808762533
2.0,0.0,0.7777777777777777,0.2777777777777778,0.16679,0.022247962686218592
2.0,0.0,0.7777777777777777,0.3333333333333333,0.16614999999999996,0.014953484992698314
2.0,0.0,0.7777777777777777,0.38888888888888884,0.164902,0.015878811962444714
2.0,0.0,0.7777777777777777,0.4444444444444444,0.164988,0.015489341347868267
2.0,0.0,0.7777777777777777,0.5,0.16524399999999997,0.016262392037753218
2.0,0.0,0.8888888888888888,0.0,0.6986359999999999,0.050763622750839794
2.0,0.0,0.8888888888888888,0.05555555555555555,0.6378400000000001,0.0638045487475757
2.0,0.0,0.8888888888888888,0.1111111111111111,0.549532,0.08164990133966822
2.0,0.0,0.8888888888888888,0.16666666666666666,0.36645799999999995,0.1384190590482959
2.0,0.0,0.8888888888888888,0.2222222222222222,0.186284,0.07194948784809525
2.0,0.0,0.8888888888888888,0.2777777777777778,0.165702,0.01459723791370884
2.0,0.0,0.8888888888888888,0.3333333333333333,0.16636199999999998,0.015579743670088134
2.0,0.0,0.8888888888888888,0.38888888888888884,0.164024,0.015133322798309553
2.0,0.0,0.8888888888888888,0.4444444444444444,0.16495400000000002,0.016483303144853287
2.0,0.0,0.8888888888888888,0.5,0.165204,0.015912032225302904
2.0,0.0,1.0,0.0,0.699394,0.04983321646177228
2.0,0.0,1.0,0.05555555555555555,0.638432,0.06396051336989941
2.0,0.0,1.0,0.1111111111111111,0.548884,0.0916659141865028
2.0,0.0,1.0,0.16666666666666666,0.30879399999999996,0.1596604223498418
2.0,0.0,1.0,0.2222222222222222,0.166262,0.02082452105943158
2.0,0.0,1.0,0.2777777777777778,0.165286,0.015482493960550315
2.0,0.0,1.0,0.3333333333333333,0.16485399999999997,0.0155491554906672
2.0,0.0,1.0,0.38888888888888884,0.16495400000000002,0.015227331586804992
2.0,0.0,1.0,0.4444444444444444,0.16418599999999997,0.015121796899937716
2.0,0.0,1.0,0.5,0.166,0.015596875489985174
2.0,0.5,0.0,0.0,0.695872,0.05371277072986421
2.0,0.5,0.0,0.05555555555555555,0.619232,0.05709930680555895
2.0,0.5,0.0,0.1111111111111111,0.53583,0.05731309345483565
2.0,0.5,0.0,0.16666666666666666,0.465376,0.05487017492401847
2.0,0.5,0.0,0.2222222222222222,0.40229,0.048572837482302435
2.0,0.5,0.0,0.2777777777777778,0.35401199999999994,0.04432486032109938
2.0,0.5,0.0,0.3333333333333333,0.31880200000000003,0.03846298999295813
2.0,0.5,0.0,0.38888888888888884,0.28865999999999997,0.034503933730601954
2.0,0.5,0.0,0.4444444444444444,0.26418,0.0293490431303191
2.0,0.5,0.0,0.5,0.24535200000000001,0.027338890355164444
2.0,0.5,0.1111111111111111,0.0,0.696108,0.053885839544418467
2.0,0.5,0.1111111111111111,0.05555555555555555,0.6166759999999999,0.0584469255839898
2.0,0.5,0.1111111111111111,0.1111111111111111,0.544468,0.0586868748064599
2.0,0.5,0.1111111111111111,0.16666666666666666,0.468016,0.058274828659641904
2.0,0.5,0.1111111111111111,0.2222222222222222,0.40401800000000004,0.05444198320294862
2.0,0.5,0.1111111111111111,0.2777777777777778,0.35194600000000004,0.0476178748792513
2.0,0.5,0.1111111111111111,0.3333333333333333,0.30676400000000004,0.040853326579180435
2.0,0.5,0.1111111111111111,0.38888888888888884,0.27466199999999996,0.03720807220583389
2.0,0.5,0.1111111111111111,0.4444444444444444,0.24957400000000002,0.032564357798021984
2.0,0.5,0.1111111111111111,0.5,0.230658,0.026862543223918952
2.0,0.5,0.2222222222222222,0.0,0.697872,0.0525194459262548
2.0,0.5,0.2222222222222222,0.05555555555555555,0.6202260000000002,0.06065982321359509
2.0,0.5,0.2222222222222222,0.1111111111111111,0.5492740000000002,0.06280758321268248
2.0,0.5,0.2222222222222222,0.16666666666666666,0.47484,0.06476885369386766
2.0,0.5,0.2222222222222222,0.2222222222222222,0.402824,0.05857948562656167
2.0,0.5,0.2222222222222222,0.2777777777777778,0.344178,0.05131495654807731
2.0,0.5,0.2222222222222222,0.3333333333333333,0.29758799999999996,0.04586097157089951
2.0,0.5,0.2222222222222222,0.38888888888888884,0.26215200000000005,0.03999384842477212
2.0,0.5,0.2222222222222222,0.4444444444444444,0.23071599999999998,0.0345355578137521
2.0,0.5,0.2222222222222222,0.5,0.208998,0.03019094205161422
2.0,0.5,0.3333333333333333,0.0,0.6991300000000001,0.051866959260456466
2.0,0.5,0.3333333333333333,0.05555555555555555,0.6259880000000001,0.06312144238670371
2.0,0.5,0.3333333333333333,0.1111111111111111,0.547174,0.06248613252166459
2.0,0.5,0.3333333333333333,0.16666666666666666,0.47599,0.06529257339300207
2.0,0.5,0.3333333333333333,0.2222222222222222,0.40197400000000005,0.06500964414349096
2.0,0.5,0.3333333333333333,0.2777777777777778,0.33610199999999996,0.057970101443094314
2.0,0.5,0.3333333333333333,0.3333333333333333,0.28479,0.04810194897288446
2.0,0.5,0.3333333333333333,0.38888888888888884,0.23821199999999998,0.041985337835801356
2.0,0.5,0.3333333333333333,0.4444444444444444,0.21725400000000003,0.03332077478187037
2.0,0.5,0.3333333333333333,0.5,0.201118,0.02705735161750141
2.0,0.5,0.4444444444444444,0.0,0.6969099999999999,0.051152468660859374
2.0,0.5,0.4444444444444444,0.05555555555555555,0.631794,0.05889292246639885
2.0,0.5,0.4444444444444444,0.1111111111111111,0.5577300000000001,0.06578492542236139
2.0,0.5,0.4444444444444444,0.16666666666666666,0.47804800000000003,0.06755706929124772
2.0,0.5,0.4444444444444444,0.2222222222222222,0.397668,0.0670908050947111
2.0,0.5,0.4444444444444444,0.2777777777777778,0.327472,0.0648819894972576
2.0,0.5,0.4444444444444444,0.3333333333333333,0.265836,0.05411615489334845
2.0,0.5,0.4444444444444444,0.38888888888888884,0.235036,0.039915325006076065
2.0,0.5,0.4444444444444444,0.4444444444444444,0.215134,0.03272855573839828
2.0,0.5,0.4444444444444444,0.5,0.202326,0.02697976165717845
2.0,0.5,0.5555555555555556,0.0,0.699292,0.049085491817990656
2.0,0.5,0.5555555555555556,0.05555555555555555,0.63475,0.060690247257895145
2.0,0.5,0.5555555555555556,0.1111111111111111,0.5629559999999999,0.06620507751356502
2.0,0.5,0.5555555555555556,0.16666666666666666,0.47872000000000003,0.07979275259529194
2.0,0.5,0.5555555555555556,0.2222222222222222,0.38823,0.08022341736292947
2.0,0.5,0.5555555555555556,0.2777777777777778,0.31103,0.06998062357074779
2.0,0.5,0.5555555555555556,0.3333333333333333,0.26475,0.05393151877552559
2.0,0.5,0.5555555555555556,0.38888888888888884,0.236172,0.04052874998257781
2.0,0.5,0.5555555555555556,0.4444444444444444,0.216556,0.032735578507190013
2.0,0.5,0.5555555555555556,0.5,0.203226,0.026547173651025744
2.0,0.5,0.6666666666666666,0.0,0.701538,0.05063964161213239
2.0,0.5,0.6666666666666666,0.05555555555555555,0.6401720000000001,0.060863380765748404
2.0,0.5,0.6666666666666666,0.1111111111111111,0.5707819999999999,0.07298092151933698
2.0,0.5,0.6666666666666666,0.16666666666666666,0.485114,0.08152576220930176
2.0,0.5,0.6666666666666666,0.2222222222222222,0.391466,0.09033192435188253
2.0,0.5,0.6666666666666666,0.2777777777777778,0.30730799999999997,0.06951104016924808
2.0,0.5,0.6666666666666666,0.3333333333333333,0.262058,0.052290143949970315
2.0,0.5,0.6666666666666666,0.38888888888888884,0.23328800000000002,0.0387669292775585
2.0,0.5,0.6666666666666666,0.4444444444444444,0.21842599999999998,0.03328447440583892
2.0,0.5,0.6666666666666666,0.5,0.20418400000000003,0.02933720312118979
2.0,0.5,0.7777777777777777,0.0,0.700834,0.05005910778814471
2.0,0.5,0.7777777777777777,0.05555555555555555,0.643712,0.060292050210929746
2.0,0.5,0.7777777777777777,0.1111111111111111,0.575594,0.07398535550809578
2.0,0.5,0.7777777777777777,0.16666666666666666,0.487976,0.09258424871553714
2.0,0.5,0.7777777777777777,0.2222222222222222,0.395972,0.0953657405200099
2.0,0.5,0.7777777777777777,0.2777777777777778,0.313544,0.07030571706272119
2.0,0.5,0.7777777777777777,0.3333333333333333,0.26220599999999994,0.04813932231248599
2.0,0.5,0.7777777777777777,0.38888888888888884,0.234316,0.03746341092741868
2.0,0.5,0.7777777777777777,0.4444444444444444,0.213814,0.031981761523410195
2.0,0.5,0.7777777777777777,0.5,0.20412799999999998,0.026176134091801716
2.0,0.5,0.8888888888888888,0.0,0.6979200000000001,0.05054946187836607
2.0,0.5,0.8888888888888888,0.05555555555555555,0.64771,0.06198239697744949
2.0,0.5,0.8888888888888888,0.1111111111111111,0.584674,0.07871925537206678
2.0,0.5,0.8888888888888888,0.16666666666666666,0.49321,0.09894822586992458
2.0,0.5,0.8888888888888888,0.2222222222222222,0.391522,0.08595980276491312
2.0,0.5,0.8888888888888888,0.2777777777777778,0.308226,0.06915252031656015
2.0,0.5,0.8888888888888888,0.3333333333333333,0.2662,0.05049022207368572
2.0,0.5,0.8888888888888888,0.38888888888888884,0.23399799999999998,0.03589566817859748
2.0,0.5,0.8888888888888888,0.4444444444444444,0.214406,0.031200835698689117
2.0,0.5,0.8888888888888888,0.5,0.204066,0.025848208909083337
2.0,0.5,1.0,0.0,0.696596,0.05801538031165021
2.0,0.5,1.0,0.05555555555555555,0.656016,0.05954513405795607
2.0,0.5,1.0,0.1111111111111111,0.590148,0.08400277989483515
2.0,0.5,1.0,0.16666666666666666,0.496564,0.10326655735394431
2.0,0.5,1.0,0.2222222222222222,0.39512400000000003,0.09485286899991498
2.0,0.5,1.0,0.2777777777777778,0.31477999999999995,0.07210446385221118
2.0,0.5,1.0,0.3333333333333333,0.26174800000000004,0.04848990655874841
2.0,0.5,1.0,0.38888888888888884,0.235608,0.03893206580050679
2.0,0.5,1.0,0.4444444444444444,0.21694400000000003,0.030733140350957686
2.0,0.5,1.0,0.5,0.20291399999999998,0.026956927790677924
2.0,1.0,0.0,0.0,0.70348,0.04852396057103128
2.0,1.0,0.0,0.05555555555555555,0.61481,0.05639118576216789
2.0,1.0,0.0,0.1111111111111111,0.5373859999999999,0.05812915793303742
2.0,1.0,0.0,0.16666666666666666,0.465644,0.055484685857716265
2.0,1.0,0.0,0.2222222222222222,0.40351200000000004,0.05017522258967913
2.0,1.0,0.0,0.2777777777777778,0.35562400000000005,0.04523227322479122
2.0,1.0,0.0,0.3333333333333333,0.318826,0.03737702245518268
2.0,1.0,0.0,0.38888888888888884,0.287682,0.03174309569415838
2.0,1.0,0.0,0.4444444444444444,0.265026,0.02963068137179964
2.0,1.0,0.0,0.5,0.243714,0.026389410868983495
2.0,1.0,0.1111111111111111,0.0,0.697586,0.05485691539206944
2.0,1.0,0.1111111111111111,0.05555555555555555,0.6215080000000001,0.06169007429508467
2.0,1.0,0.1111111111111111,0.1111111111111111,0.543522,0.05608983557927961
2.0,1.0,0.1111111111111111,0.16666666666666666,0.464152,0.05741702121017163
2.0,1.0,0.1111111111111111,0.2222222222222222,0.408678,0.05405962636205332
2.0,1.0,0.1111111111111111,0.2777777777777778,0.356024,0.045582045475597945
2.0,1.0,0.1111111111111111,0.3333333333333333,0.314788,0.04155440521998086
2.0,1.0,0.1111111111111111,0.38888888888888884,0.28112,0.0363937716268382
2.0,1.0,0.1111111111111111,0.4444444444444444,0.258006,0.03274572535550429
2.0,1.0,0.1111111111111111,0.5,0.239334,0.02906992544074134
2.0,1.0,0.2222222222222222,0.0,0.70159,0.050532573474581004
2.0,1.0,0.2222222222222222,0.05555555555555555,0.6255940000000001,0.057980139333346115
2.0,1.0,0.2222222222222222,0.1111111111111111,0.5477280000000001,0.06468925269957645
2.0,1.0,0.2222222222222222,0.16666666666666666,0.479916,0.056127975585144464
2.0,1.0,0.2222222222222222,0.2222222222222222,0.415372,0.05670838825603488
2.0,1.0,0.2222222222222222,0.2777777777777778,0.360242,0.05112164199789677
2.0,1.0,0.2222222222222222,0.3333333333333333,0.30817,0.044085146026756006
2.0,1.0,0.2222222222222222,0.38888888888888884,0.274784,0.03893848681588721
2.0,1.0,0.2222222222222222,0.4444444444444444,0.248286,0.035647632620173335
2.0,1.0,0.2222222222222222,0.5,0.22593000000000002,0.031208027524403523
2.0,1.0,0.3333333333333333,0.0,0.702156,0.05305655152117066
2.0,1.0,0.3333333333333333,0.05555555555555555,0.6333300000000001,0.060723304747674574
2.0,1.0,0.3333333333333333,0.1111111111111111,0.5623480000000001,0.0637468290381949
2.0,1.0,0.3333333333333333,0.16666666666666666,0.482028,0.0617931712086055
2.0,1.0,0.3333333333333333,0.2222222222222222,0.422752,0.05824723148744414
2.0,1.0,0.3333333333333333,0.2777777777777778,0.35589800000000005,0.05787533762675447
2.0,1.0,0.3333333333333333,0.3333333333333333,0.30579,0.05158725025408463
2.0,1.0,0.3333333333333333,0.38888888888888884,0.269092,0.04083580122053007
2.0,1.0,0.3333333333333333,0.4444444444444444,0.244644,0.03339112454525594
2.0,1.0,0.3333333333333333,0.5,0.22458799999999998,0.03064369965681877
2.0,1.0,0.4444444444444444,0.0,0.695194,0.05171891391079499
2.0,1.0,0.4444444444444444,0.05555555555555555,0.6364059999999999,0.056900725382882385
2.0,1.0,0.4444444444444444,0.1111111111111111,0.5641459999999999,0.0681235518792237
2.0,1.0,0.4444444444444444,0.16666666666666666,0.49625199999999997,0.06755183933836288
2.0,1.0,0.4444444444444444,0.2222222222222222,0.426072,0.0695917008389025
2.0,1.0,0.4444444444444444,0.2777777777777778,0.35713599999999995,0.06146134148384648
2.0,1.0,0.4444444444444444,0.3333333333333333,0.301274,0.048233887878541985
2.0,1.0,0.4444444444444444,0.38888888888888884,0.26715,0.04084335759605763
2.0,1.0,0.4444444444444444,0.4444444444444444,0.24327600000000002,0.03317790485762299
2.0,1.0,0.4444444444444444,0.5,0.224054,0.02853235487212891
2.0,1.0,0.5555555555555556,0.0,0.6945939999999999,0.05542729954697541
2.0,1.0,0.5555555555555556,0.05555555555555555,0.642564,0.05913489473695799
2.0,1.0,0.5555555555555556,0.1111111111111111,0.5808679999999999,0.0675402542776957
2.0,1.0,0.5555555555555556,0.16666666666666666,0.5096959999999999,0.07144326324943069
2.0,1.0,0.5555555555555556,0.2222222222222222,0.435962,0.07377668027978904
2.0,1.0,0.5555555555555556,0.2777777777777778,0.36396799999999996,0.06501529784525958
2.0,1.0,0.5555555555555556,0.3333333333333333,0.30911,0.05457371602669113
2.0,1.0,0.5555555555555556,0.38888888888888884,0.270294,0.045724490396767556
2.0,1.0,0.5555555555555556,0.4444444444444444,0.24185800000000002,0.03453350491803355
2.0,1.0,0.5555555555555556,0.5,0.224906,0.030388617938307112
2.0,1.0,0.6666666666666666,0.0,0.698386,0.05351995679698464
2.0,1.0,0.6666666666666666,0.05555555555555555,0.645856,0.06267081078979352
2.0,1.0,0.6666666666666666,0.1111111111111111,0.588724,0.06929585597501932
2.0,1.0,0.6666666666666666,0.16666666666666666,0.518782,0.07345997012265143
2.0,1.0,0.6666666666666666,0.2222222222222222,0.438824,0.07633575386827116
2.0,1.0,0.6666666666666666,0.2777777777777778,0.35631399999999996,0.06877822542480411
2.0,1.0,0.6666666666666666,0.3333333333333333,0.30928200000000006,0.053038633743137435
2.0,1.0,0.6666666666666666,0.38888888888888884,0.270606,0.043888759499681025
2.0,1.0,0.6666666666666666,0.4444444444444444,0.242904,0.03544793217934698
2.0,1.0,0.6666666666666666,0.5,0.222528,0.027888218326793234
2.0,1.0,0.7777777777777777,0.0,0.694856,0.0527729593112698
2.0,1.0,0.7777777777777777,0.05555555555555555,0.6520119999999999,0.05709458327090019
2.0,1.0,0.7777777777777777,0.1111111111111111,0.5986619999999999,0.06453642115356739
2.0,1.0,0.7777777777777777,0.16666666666666666,0.5326900000000001,0.07968938886322814
2.0,1.0,0.7777777777777777,0.2222222222222222,0.440752,0.07641028438056122
2.0,1.0,0.7777777777777777,0.2777777777777778,0.36186,0.06476769339891944
2.0,1.0,0.7777777777777777,0.3333333333333333,0.30773,0.05306634690977604
2.0,1.0,0.7777777777777777,0.38888888888888884,0.270942,0.03884415493668888
2.0,1.0,0.7777777777777777,0.4444444444444444,0.24415000000000003,0.03600828645446453
2.0,1.0,0.7777777777777777,0.5,0.22601400000000002,0.029251822888233293
2.0,1.0,0.8888888888888888,0.0,0.694592,0.05162976662355938
2.0,1.0,0.8888888888888888,0.05555555555555555,0.6604220000000001,0.058897178806311984
2.0,1.0,0.8888888888888888,0.1111111111111111,0.61182,0.07118642155092818
2.0,1.0,0.8888888888888888,0.16666666666666666,0.5371500000000001,0.08268749569244298
2.0,1.0,0.8888888888888888,0.2222222222222222,0.44452200000000003,0.07932777134530647
2.0,1.0,0.8888888888888888,0.2777777777777778,0.355136,0.06479040899852688
2.0,1.0,0.8888888888888888,0.3333333333333333,0.307566,0.05048734086059939
2.0,1.0,0.8888888888888888,0.38888888888888884,0.27187,0.04114908984643987
2.0,1.0,0.8888888888888888,0.4444444444444444,0.24235,0.03448933935374982
2.0,1.0,0.8888888888888888,0.5,0.22711599999999998,0.03010094146957383
2.0,1.0,1.0,0.0,0.6971839999999999,0.052756161432938584
2.0,1.0,1.0,0.05555555555555555,0.664196,0.05986151004418063
2.0,1.0,1.0,0.1111111111111111,0.623904,0.06831216500577002
2.0,1.0,1.0,0.16666666666666666,0.543156,0.0894859717625314
2.0,1.0,1.0,0.2222222222222222,0.43781,0.07649911194423445
2.0,1.0,1.0,0.2777777777777778,0.361054,0.0658588936419637
2.0,1.0,1.0,0.3333333333333333,0.305182,0.05131478627628846
2.0,1.0,1.0,0.38888888888888884,0.27382799999999996,0.04546753798063009
2.0,1.0,1.0,0.4444444444444444,0.24308000000000002,0.03427101698535398
2.0,1.0,1.0,0.5,0.225072,0.030017944132466497
2.0,1.5,0.0,0.0,0.699558,0.05043834542665686
2.0,1.5,0.0,0.05555555555555555,0.6165,0.05443528635730324
2.0,1.5,0.0,0.1111111111111111,0.53224,0.06339836832452729
2.0,1.5,0.0,0.16666666666666666,0.467028,0.054109026877030036
2.0,1.5,0.0,0.2222222222222222,0.404472,0.047547815992022416
2.0,1.5,0.0,0.2777777777777778,0.355166,0.040608231936419055
2.0,1.5,0.0,0.3333333333333333,0.31807799999999997,0.03933408517447719
2.0,1.5,0.0,0.38888888888888884,0.28923400000000005,0.033859062542138774
2.0,1.5,0.0,0.4444444444444444,0.26450200000000007,0.029635156165640896
2.0,1.5,0.0,0.5,0.24601800000000001,0.026021681956855277
2.0,1.5,0.1111111111111111,0.0,0.6954859999999999,0.05288041680019101
2.0,1.5,0.1111111111111111,0.05555555555555555,0.624404,0.0604194157170622
2.0,1.5,0.1111111111111111,0.1111111111111111,0.54492,0.05901561900525271
2.0,1.5,0.1111111111111111,0.16666666666666666,0.47037599999999996,0.059452096072846
2.0,1.5,0.1111111111111111,0.2222222222222222,0.413646,0.051412948432598825
2.0,1.5,0.1111111111111111,0.2777777777777778,0.36283000000000004,0.048042077207014366
2.0,1.5,0.1111111111111111,0.3333333333333333,0.319048,0.041519892810531145
2.0,1.5,0.1111111111111111,0.38888888888888884,0.28908,0.03696829600914328
2.0,1.5,0.1111111111111111,0.4444444444444444,0.25995799999999997,0.03176637280020751
2.0,1.5,0.1111111111111111,0.5,0.24292200000000003,0.029180522987837066
2.0,1.5,0.2222222222222222,0.0,0.696978,0.05324064846805115
2.0,1.5,0.2222222222222222,0.05555555555555555,0.634372,0.05297541321037165
2.0,1.5,0.2222222222222222,0.1111111111111111,0.5578759999999999,0.057272689354453954
2.0,1.5,0.2222222222222222,0.16666666666666666,0.49084000000000005,0.05724698100046268
2.0,1.5,0.2222222222222222,0.2222222222222222,0.42519999999999997,0.056528603077838954
2.0,1.5,0.2222222222222222,0.2777777777777778,0.36650600000000005,0.050809380534509584
2.0,1.5,0.2222222222222222,0.3333333333333333,0.32214000000000004,0.04301931802628784
2.0,1.5,0.2222222222222222,0.38888888888888884,0.28741200000000006,0.0382384441789471
2.0,1.5,0.2222222222222222,0.4444444444444444,0.256986,0.0360877604862622
2.0,1.5,0.2222222222222222,0.5,0.23564600000000002,0.030778097188310167
2.0,1.5,0.3333333333333333,0.0,0.694154,0.05267134729291916
2.0,1.5,0.3333333333333333,0.05555555555555555,0.635174,0.05908497094509878
2.0,1.5,0.3333333333333333,0.1111111111111111,0.570322,0.059463216059411524
2.0,1.5,0.3333333333333333,0.16666666666666666,0.49946,0.06329021807046341
2.0,1.5,0.3333333333333333,0.2222222222222222,0.43828200000000006,0.06247842494146546
2.0,1.5,0.3333333333333333,0.2777777777777778,0.3800700000000001,0.05703162554780681
2.0,1.5,0.3333333333333333,0.3333333333333333,0.32230999999999993,0.04665339192337371
2.0,1.5,0.3333333333333333,0.38888888888888884,0.285164,0.04136393421941651
2.0,1.5,0.3333333333333333,0.4444444444444444,0.256776,0.034722343040359836
2.0,1.5,0.3333333333333333,0.5,0.239112,0.0291728910316116
2.0,1.5,0.4444444444444444,0.0,0.698084,0.05181005218115523
2.0,1.5,0.4444444444444444,0.05555555555555555,0.6420619999999999,0.05854664443971405
2.0,1.5,0.4444444444444444,0.1111111111111111,0.578682,0.06638713262942988
2.0,1.5,0.4444444444444444,0.16666666666666666,0.5159400000000001,0.06689992226601162
2.0,1.5,0.4444444444444444,0.2222222222222222,0.443514,0.0668310900194391
2.0,1.5,0.4444444444444444,0.2777777777777778,0.381658,0.05855067376894646
2.0,1.5,0.4444444444444444,0.3333333333333333,0.32344,0.05007015519130896
2.0,1.5,0.4444444444444444,0.38888888888888884,0.286032,0.043615175605357506
2.0,1.5,0.4444444444444444,0.4444444444444444,0.25744599999999995,0.0326613626970225
2.0,1.5,0.4444444444444444,0.5,0.235804,0.031892693077623394
2.0,1.5,0.5555555555555556,0.0,0.69905,0.056319830847521075
2.0,1.5,0.5555555555555556,0.05555555555555555,0.6517240000000001,0.05407420700969599
2.0,1.5,0.5555555555555556,0.1111111111111111,0.5904200000000001,0.06470834521048857
2.0,1.5,0.5555555555555556,0.16666666666666666,0.5226120000000001,0.06832861080183189
2.0,1.5,0.5555555555555556,0.2222222222222222,0.457928,0.06729633280363527
2.0,1.5,0.5555555555555556,0.2777777777777778,0.381472,0.05669240932037638
2.0,1.5,0.5555555555555556,0.3333333333333333,0.32375600000000004,0.04844442370775767
2.0,1.5,0.5555555555555556,0.38888888888888884,0.28549599999999997,0.0419501324339083
2.0,1.5,0.5555555555555556,0.4444444444444444,0.256418,0.037086089468480334
2.0,1.5,0.5555555555555556,0.5,0.23551999999999998,0.029574090919374258
2.0,1.5,0.6666666666666666,0.0,0.6996420000000001,0.05216766015004949
2.0,1.5,0.6666666666666666,0.05555555555555555,0.6544439999999999,0.05935514240451049
2.0,1.5,0.6666666666666666,0.1111111111111111,0.5986800000000001,0.05989430904946668
2.0,1.5,0.6666666666666666,0.16666666666666666,0.536798,0.07044517187487699
2.0,1.5,0.6666666666666666,0.2222222222222222,0.446856,0.0651024725172225
2.0,1.5,0.6666666666666666,0.2777777777777778,0.37989,0.05833475625709899
2.0,1.5,0.6666666666666666,0.3333333333333333,0.32021400000000005,0.048750316827499314
2.0,1.5,0.6666666666666666,0.38888888888888884,0.288774,0.043099536704334265
2.0,1.5,0.6666666666666666,0.4444444444444444,0.25962399999999997,0.034150360440798756
2.0,1.5,0.6666666666666666,0.5,0.23849600000000004,0.028654216307978986
2.0,1.5,0.7777777777777777,0.0,0.6983879999999999,0.052794127474479424
2.0,1.5,0.7777777777777777,0.05555555555555555,0.664542,0.058711347119284545
2.0,1.5,0.7777777777777777,0.1111111111111111,0.609734,0.0634258063395306
2.0,1.5,0.7777777777777777,0.16666666666666666,0.549734,0.0729005639790044
2.0,1.5,0.7777777777777777,0.2222222222222222,0.455066,0.06815796843599907
2.0,1.5,0.7777777777777777,0.2777777777777778,0.382328,0.060743592122691724
2.0,1.5,0.7777777777777777,0.3333333333333333,0.32584199999999996,0.04918894327265591
2.0,1.5,0.7777777777777777,0.38888888888888884,0.284404,0.0417885312818408
2.0,1.5,0.7777777777777777,0.4444444444444444,0.25822399999999995,0.03714535473996062
2.0,1.5,0.7777777777777777,0.5,0.235724,0.030540485695762374
2.0,1.5,0.8888888888888888,0.0,0.696562,0.05555836228002475
2.0,1.5,0.8888888888888888,0.05555555555555555,0.6654100000000001,0.06076830979178127
2.0,1.5,0.8888888888888888,0.1111111111111111,0.6273399999999999,0.06460889271637514
2.0,1.5,0.8888888888888888,0.16666666666666666,0.546564,0.07146995041010765
2.0,1.5,0.8888888888888888,0.2222222222222222,0.45772799999999997,0.0676422424371328
2.0,1.5,0.8888888888888888,0.2777777777777778,0.37712799999999996,0.061301610017858124
2.0,1.5,0.8888888888888888,0.3333333333333333,0.32367399999999996,0.049117662949566876
2.0,1.5,0.8888888888888888,0.38888888888888884,0.282274,0.03879020861724178
2.0,1.5,0.8888888888888888,0.4444444444444444,0.25581600000000004,0.032081030673251694
2.0,1.5,0.8888888888888888,0.5,0.23959,0.03131010292365997
2.0,1.5,1.0,0.0,0.7002039999999999,0.050849481053860265
2.0,1.5,1.0,0.05555555555555555,0.67284,0.06137442496740935
2.0,1.5,1.0,0.1111111111111111,0.641844,0.06595379800240381
2.0,1.5,1.0,0.16666666666666666,0.5445699999999999,0.07284466893042459
2.0,1.5,1.0,0.2222222222222222,0.45070399999999994,0.0688975044267386
2.0,1.5,1.0,0.2777777777777778,0.378512,0.060887078503220324
2.0,1.5,1.0,0.3333333333333333,0.32615599999999995,0.048799204796569746
2.0,1.5,1.0,0.38888888888888884,0.283006,0.0404492056841783
2.0,1.5,1.0,0.4444444444444444,0.25796600000000003,0.034289128490898255
2.0,1.5,1.0,0.5,0.23673200000000003,0.030975072012383517
2.0,2.0,0.0,0.0,0.698954,0.054104069946442464
2.0,2.0,0.0,0.05555555555555555,0.6180540000000001,0.06172249522527154
2.0,2.0,0.0,0.1111111111111111,0.5367440000000001,0.058383145232974464
2.0,2.0,0.0,0.16666666666666666,0.46701800000000004,0.05785450685925735
2.0,2.0,0.0,0.2222222222222222,0.40793000000000007,0.04811918548795322
2.0,2.0,0.0,0.2777777777777778,0.356072,0.04375747077353757
2.0,2.0,0.0,0.3333333333333333,0.320708,0.03661606489530017
2.0,2.0,0.0,0.38888888888888884,0.29044000000000003,0.032580383096664944
2.0,2.0,0.0,0.4444444444444444,0.264044,0.029666382531495308
2.0,2.0,0.0,0.5,0.24421199999999998,0.027483481211064913
2.0,2.0,0.1111111111111111,0.0,0.69747,0.05045561056289527
2.0,2.0,0.1111111111111111,0.05555555555555555,0.623174,0.06011051715419765
2.0,2.0,0.1111111111111111,0.1111111111111111,0.5456899999999999,0.05788640229917804
2.0,2.0,0.1111111111111111,0.16666666666666666,0.473148,0.05909279154028897
2.0,2.0,0.1111111111111111,0.2222222222222222,0.418738,0.05232507221557109
2.0,2.0,0.1111111111111111,0.2777777777777778,0.366726,0.04409198487549093
2.0,2.0,0.1111111111111111,0.3333333333333333,0.32363600000000003,0.03905819490424969
2.0,2.0,0.1111111111111111,0.38888888888888884,0.29056800000000005,0.03594815594480005
2.0,2.0,0.1111111111111111,0.4444444444444444,0.264932,0.031828564073516794
2.0,2.0,0.1111111111111111,0.5,0.24479399999999998,0.027884523616419007
2.0,2.0,0.2222222222222222,0.0,0.6968139999999999,0.053976052397937825
2.0,2.0,0.2222222222222222,0.05555555555555555,0.629096,0.056096063325703015
2.0,2.0,0.2222222222222222,0.1111111111111111,0.554376,0.06206983125403038
2.0,2.0,0.2222222222222222,0.16666666666666666,0.488058,0.05828884812407312
2.0,2.0,0.2222222222222222,0.2222222222222222,0.428046,0.057150820787047904
2.0,2.0,0.2222222222222222,0.2777777777777778,0.370212,0.05182496222303338
2.0,2.0,0.2222222222222222,0.3333333333333333,0.32512800000000003,0.0454197922833441
2.0,2.0,0.2222222222222222,0.38888888888888884,0.28862400000000005,0.038597125543237035
2.0,2.0,0.2222222222222222,0.4444444444444444,0.26435000000000003,0.03255554064138554
2.0,2.0,0.2222222222222222,0.5,0.24361000000000002,0.030687282685784915
2.0,2.0,0.3333333333333333,0.0,0.6982379999999999,0.052296033369773134
2.0,2.0,0.3333333333333333,0.05555555555555555,0.6338320000000001,0.06030736050817451
2.0,2.0,0.3333333333333333,0.1111111111111111,0.570156,0.058357268661334914
2.0,2.0,0.3333333333333333,0.16666666666666666,0.501112,0.05856578658839506
2.0,2.0,0.3333333333333333,0.2222222222222222,0.439848,0.05695479429500534
2.0,2.0,0.3333333333333333,0.2777777777777778,0.383876,0.051170905279212996
2.0,2.0,0.3333333333333333,0.3333333333333333,0.334544,0.04646579606989229
2.0,2.0,0.3333333333333333,0.38888888888888884,0.293798,0.0392658223600528
2.0,2.0,0.3333333333333333,0.4444444444444444,0.267594,0.0337141877688582
2.0,2.0,0.3333333333333333,0.5,0.243522,0.029960453493682204
2.0,2.0,0.4444444444444444,0.0,0.699934,0.052978515364063956
2.0,2.0,0.4444444444444444,0.05555555555555555,0.649354,0.05239059297684013
2.0,2.0,0.4444444444444444,0.1111111111111111,0.58059,0.06390189985916868
2.0,2.0,0.4444444444444444,0.16666666666666666,0.5184480000000001,0.06301438662594191
2.0,2.0,0.4444444444444444,0.2222222222222222,0.44899,0.0638863430606207
2.0,2.0,0.4444444444444444,0.2777777777777778,0.38060000000000005,0.05352608788402471
2.0,2.0,0.4444444444444444,0.3333333333333333,0.329672,0.047820476911298655
2.0,2.0,0.4444444444444444,0.38888888888888884,0.294754,0.03892345764587494
2.0,2.0,0.4444444444444444,0.4444444444444444,0.261242,0.03391016417637841
2.0,2.0,0.4444444444444444,0.5,0.242066,0.030177259285029713
2.0,2.0,0.5555555555555556,0.0,0.696568,0.05340567111660361
2.0,2.0,0.5555555555555556,0.05555555555555555,0.64689,0.05783538504693345
2.0,2.0,0.5555555555555556,0.1111111111111111,0.594716,0.06292323904587277
2.0,2.0,0.5555555555555556,0.16666666666666666,0.5326120000000001,0.06480772746423188
2.0,2.0,0.5555555555555556,0.2222222222222222,0.450154,0.06221671900902921
2.0,2.0,0.5555555555555556,0.2777777777777778,0.382404,0.05374836329707379
2.0,2.0,0.5555555555555556,0.3333333333333333,0.33217,0.048922140710555645
2.0,2.0,0.5555555555555556,0.38888888888888884,0.293648,0.04017137756102348
2.0,2.0,0.5555555555555556,0.4444444444444444,0.262298,0.03354023092020031
2.0,2.0,0.5555555555555556,0.5,0.242448,0.030310670885664644
2.0,2.0,0.6666666666666666,0.0,0.700342,0.05676055458779652
2.0,2.0,0.6666666666666666,0.05555555555555555,0.65885,0.05812387004094853
2.0,2.0,0.6666666666666666,0.1111111111111111,0.6046860000000001,0.0643380927939952
2.0,2.0,0.6666666666666666,0.16666666666666666,0.537818,0.06556470343617324
2.0,2.0,0.6666666666666666,0.2222222222222222,0.45677000000000006,0.058615840294812246
2.0,2.0,0.6666666666666666,0.2777777777777778,0.38314600000000004,0.05324598533136386
2.0,2.0,0.6666666666666666,0.3333333333333333,0.334852,0.04783549482476648
2.0,2.0,0.6666666666666666,0.38888888888888884,0.29307799999999995,0.041594183104567306
2.0,2.0,0.6666666666666666,0.4444444444444444,0.26347400000000004,0.03453338142820265
2.0,2.0,0.6666666666666666,0.5,0.245144,0.02999918609450372
2.0,2.0,0.7777777777777777,0.0,0.6948499999999999,0.0515937916679648
2.0,2.0,0.7777777777777777,0.05555555555555555,0.6598720000000001,0.05712205769184003
2.0,2.0,0.7777777777777777,0.1111111111111111,0.621154,0.05883558051953036
2.0,2.0,0.7777777777777777,0.16666666666666666,0.534482,0.06716612429271925
2.0,2.0,0.7777777777777777,0.2222222222222222,0.450358,0.06461426965993948
2.0,2.0,0.7777777777777777,0.2777777777777778,0.38316600000000006,0.04949790428955671
2.0,2.0,0.7777777777777777,0.3333333333333333,0.330916,0.044144835223997696
2.0,2.0,0.7777777777777777,0.38888888888888884,0.2905459999999999,0.035895303727079934
2.0,2.0,0.7777777777777777,0.4444444444444444,0.26376,0.03419252341250393
2.0,2.0,0.7777777777777777,0.5,0.243502,0.029746120071677203
2.0,2.0,0.8888888888888888,0.0,0.6984880000000001,0.05262936020046434
2.0,2.0,0.8888888888888888,0.05555555555555555,0.6713539999999999,0.05604790289420002
2.0,2.0,0.8888888888888888,0.1111111111111111,0.6357160000000001,0.06490158530845838
2.0,2.0,0.8888888888888888,0.16666666666666666,0.53923,0.0681139642382419
2.0,2.0,0.8888888888888888,0.2222222222222222,0.45094399999999996,0.059488070443157764
2.0,2.0,0.8888888888888888,0.2777777777777778,0.383408,0.0523053078229438
2.0,2.0,0.8888888888888888,0.3333333333333333,0.335304,0.04604401901848653
2.0,2.0,0.8888888888888888,0.38888888888888884,0.296286,0.04023707554603085
2.0,2.0,0.8888888888888888,0.4444444444444444,0.265958,0.03438174580921946
2.0,2.0,0.8888888888888888,0.5,0.24468,0.028942026220766352
2.0,2.0,1.0,0.0,0.698282,0.04943373204328654
2.0,2.0,1.0,0.05555555555555555,0.6755979999999999,0.06062070715747668
2.0,2.0,1.0,0.1111111111111111,0.6355819999999999,0.06266761313047547
2.0,2.0,1.0,0.16666666666666666,0.541566,0.06532365577651036
2.0,2.0,1.0,0.2222222222222222,0.45091799999999993,0.0626036557352911
2.0,2.0,1.0,0.2777777777777778,0.38139999999999996,0.0529739982347751
2.0,2.0,1.0,0.3333333333333333,0.33122399999999996,0.046512241412368045
2.0,2.0,1.0,0.38888888888888884,0.29386799999999996,0.039483572292308144
2.0,2.0,1.0,0.4444444444444444,0.26351,0.03345103651140536
2.0,2.0,1.0,0.5,0.243784,0.02772794658902978
2.0,2.5,0.0,0.0,0.697144,0.05466560088245331
2.0,2.5,0.0,0.05555555555555555,0.616058,0.0567470094556914
2.0,2.5,0.0,0.1111111111111111,0.53973,0.05695813865566743
2.0,2.5,0.0,0.16666666666666666,0.465704,0.05318305424208951
2.0,2.5,0.0,0.2222222222222222,0.40465999999999996,0.04525386419355697
2.0,2.5,0.0,0.2777777777777778,0.3534,0.04185402631812232
2.0,2.5,0.0,0.3333333333333333,0.316072,0.038335127232864634
2.0,2.5,0.0,0.38888888888888884,0.287326,0.03375028722508226
2.0,2.5,0.0,0.4444444444444444,0.26574400000000004,0.029927676080697983
2.0,2.5,0.0,0.5,0.24638800000000002,0.027130971882159717
2.0,2.5,0.1111111111111111,0.0,0.69796,0.052340629371129384
2.0,2.5,0.1111111111111111,0.05555555555555555,0.62075,0.05945860873165979
2.0,2.5,0.1111111111111111,0.1111111111111111,0.547558,0.06069476373369764
2.0,2.5,0.1111111111111111,0.16666666666666666,0.47513599999999995,0.056260073727214255
2.0,2.5,0.1111111111111111,0.2222222222222222,0.41609799999999997,0.052501287282624466
2.0,2.5,0.1111111111111111,0.2777777777777778,0.362044,0.046937322980514715
2.0,2.5,0.1111111111111111,0.3333333333333333,0.32493399999999995,0.04076342671949736
2.0,2.5,0.1111111111111111,0.38888888888888884,0.291764,0.035700102221102877
2.0,2.5,0.1111111111111111,0.4444444444444444,0.26428999999999997,0.03368190674061323
2.0,2.5,0.1111111111111111,0.5,0.245726,0.028269865485869905
2.0,2.5,0.2222222222222222,0.0,0.6974360000000001,0.054605837590847334
2.0,2.5,0.2222222222222222,0.05555555555555555,0.630008,0.05577901516758908
2.0,2.5,0.2222222222222222,0.1111111111111111,0.558442,0.06107640535084855
2.0,2.5,0.2222222222222222,0.16666666666666666,0.4877320000000001,0.05920360047004941
2.0,2.5,0.2222222222222222,0.2222222222222222,0.423598,0.05295742983519404
2.0,2.5,0.2222222222222222,0.2777777777777778,0.37185199999999996,0.050217623554195207
2.0,2.5,0.2222222222222222,0.3333333333333333,0.33142200000000005,0.044014935477519224
2.0,2.5,0.2222222222222222,0.38888888888888884,0.29554,0.04124442514098627
2.0,2.5,0.2222222222222222,0.4444444444444444,0.26400599999999996,0.03278230197294404
2.0,2.5,0.2222222222222222,0.5,0.24354200000000004,0.029620583957578824
2.0,2.5,0.3333333333333333,0.0,0.696886,0.05157041807121676
2.0,2.5,0.3333333333333333,0.05555555555555555,0.638346,0.06031811364480271
2.0,2.5,0.3333333333333333,0.1111111111111111,0.5692640000000001,0.061901776742900164
2.0,2.5,0.3333333333333333,0.16666666666666666,0.50634,0.061759443469929606
2.0,2.5,0.3333333333333333,0.2222222222222222,0.43915000000000004,0.05906346150514665
2.0,2.5,0.3333333333333333,0.2777777777777778,0.37903000000000003,0.05340656910199805
2.0,2.5,0.3333333333333333,0.3333333333333333,0.329212,0.047270117240894756
2.0,2.5,0.3333333333333333,0.38888888888888884,0.293228,0.03951413354103817
2.0,2.5,0.3333333333333333,0.4444444444444444,0.26373,0.03330368404158139
2.0,2.5,0.3333333333333333,0.5,0.24407800000000004,0.028557924050114432
2.0,2.5,0.4444444444444444,0.0,0.7003599999999999,0.051738613900419415
2.0,2.5,0.4444444444444444,0.05555555555555555,0.64606,0.059069169060237625
2.0,2.5,0.4444444444444444,0.1111111111111111,0.5845540000000001,0.06258953573855566
2.0,2.5,0.4444444444444444,0.16666666666666666,0.5191979999999999,0.06653802983880466
2.0,2.5,0.4444444444444444,0.2222222222222222,0.44968600000000003,0.061077264743413934
2.0,2.5,0.4444444444444444,0.2777777777777778,0.385374,0.05444761896006878
2.0,2.5,0.4444444444444444,0.3333333333333333,0.329058,0.04667367029705288
2.0,2.5,0.4444444444444444,0.38888888888888884,0.295014,0.0392926663801596
2.0,2.5,0.4444444444444444,0.4444444444444444,0.265662,0.03353871564168472
2.0,2.5,0.4444444444444444,0.5,0.24356,0.02899116028636141
2.0,2.5,0.5555555555555556,0.0,0.699302,0.05067914311720541
2.0,2.5,0.5555555555555556,0.05555555555555555,0.650308,0.05893433334902999
2.0,2.5,0.5555555555555556,0.1111111111111111,0.5901040000000001,0.0663642494964152
2.0,2.5,0.5555555555555556,0.16666666666666666,0.5404000000000001,0.06520020040049362
2.0,2.5,0.5555555555555556,0.2222222222222222,0.453332,0.05956843604751003
2.0,2.5,0.5555555555555556,0.2777777777777778,0.381982,0.055971307386025945
2.0,2.5,0.5555555555555556,0.3333333333333333,0.332228,0.04832787169289301
2.0,2.5,0.5555555555555556,0.38888888888888884,0.29566,0.04087019875523711
2.0,2.5,0.5555555555555556,0.4444444444444444,0.26687,0.03509302124754381
2.0,2.5,0.5555555555555556,0.5,0.244796,0.028806909937031437
2.0,2.5,0.6666666666666666,0.0,0.6971419999999999,0.05523821464089355
2.0,2.5,0.6666666666666666,0.05555555555555555,0.65377,0.05829124151770445
2.0,2.5,0.6666666666666666,0.1111111111111111,0.61213,0.061455827530633333
2.0,2.5,0.6666666666666666,0.16666666666666666,0.5360640000000001,0.06875208799161239
2.0,2.5,0.6666666666666666,0.2222222222222222,0.45219000000000004,0.06451926356322957
2.0,2.5,0.6666666666666666,0.2777777777777778,0.382026,0.05436237540541656
2.0,2.5,0.6666666666666666,0.3333333333333333,0.33333799999999997,0.04357238645889673
2.0,2.5,0.6666666666666666,0.38888888888888884,0.292378,0.03843818549578552
2.0,2.5,0.6666666666666666,0.4444444444444444,0.265314,0.0328893116017236
2.0,2.5,0.6666666666666666,0.5,0.243912,0.02921731608341595
2.0,2.5,0.7777777777777777,0.0,0.698466,0.0528142360643617
2.0,2.5,0.7777777777777777,0.05555555555555555,0.655996,0.05714854237678843
2.0,2.5,0.7777777777777777,0.1111111111111111,0.615962,0.06610091692584055
2.0,2.5,0.7777777777777777,0.16666666666666666,0.5361039999999999,0.06870573586157536
2.0,2.5,0.7777777777777777,0.2222222222222222,0.452626,0.06610990215031823
2.0,2.5,0.7777777777777777,0.2777777777777778,0.38308,0.052617818937499485
2.0,2.5,0.7777777777777777,0.3333333333333333,0.33153,0.04525280912238415
2.0,2.5,0.7777777777777777,0.38888888888888884,0.290754,0.037646833228097795
2.0,2.5,0.7777777777777777,0.4444444444444444,0.263742,0.03133392835461689
2.0,2.5,0.7777777777777777,0.5,0.24467599999999998,0.02794618045465262
2.0,2.5,0.8888888888888888,0.0,0.7014859999999999,0.05143493861005026
2.0,2.5,0.8888888888888888,0.05555555555555555,0.667682,0.05633884100699999
2.0,2.5,0.8888888888888888,0.1111111111111111,0.6297,0.06082124997809397
2.0,2.5,0.8888888888888888,0.16666666666666666,0.5372720000000001,0.06747321903224379
2.0,2.5,0.8888888888888888,0.2222222222222222,0.446264,0.06763163742481415
2.0,2.5,0.8888888888888888,0.2777777777777778,0.382516,0.05511148969673371
2.0,2.5,0.8888888888888888,0.3333333333333333,0.330556,0.0443337097437072
2.0,2.5,0.8888888888888888,0.38888888888888884,0.293262,0.03840081511117186
2.0,2.5,0.8888888888888888,0.4444444444444444,0.264096,0.03267117376511564
2.0,2.5,0.8888888888888888,0.5,0.24319400000000002,0.028856016762658247
2.0,2.5,1.0,0.0,0.6992760000000001,0.0511376372144799
2.0,2.5,1.0,0.05555555555555555,0.677552,0.057192983579644474
2.0,2.5,1.0,0.1111111111111111,0.633386,0.05827294807158728
2.0,2.5,1.0,0.16666666666666666,0.534576,0.06420664459711971
2.0,2.5,1.0,0.2222222222222222,0.45142999999999994,0.06576570044262753
2.0,2.5,1.0,0.2777777777777778,0.38550199999999996,0.053847051971412735
2.0,2.5,1.0,0.3333333333333333,0.332072,0.04622905002411649
2.0,2.5,1.0,0.38888888888888884,0.29038400000000003,0.03963981804131671
2.0,2.5,1.0,0.4444444444444444,0.26507000000000003,0.03504364727634465
2.0,2.5,1.0,0.5,0.244508,0.030162916620879957
2.0,3.0,0.0,0.0,0.697316,0.05606820338535669
2.0,3.0,0.0,0.05555555555555555,0.622714,0.05540371239089838
2.0,3.0,0.0,0.1111111111111111,0.5398780000000001,0.056830718604943826
2.0,3.0,0.0,0.16666666666666666,0.466716,0.0547672003709606
2.0,3.0,0.0,0.2222222222222222,0.400992,0.04689287600093727
2.0,3.0,0.0,0.2777777777777778,0.357706,0.042989670707917156
2.0,3.0,0.0,0.3333333333333333,0.318476,0.03730905191383747
2.0,3.0,0.0,0.38888888888888884,0.289132,0.03395273409174303
2.0,3.0,0.0,0.4444444444444444,0.265002,0.02980016939871961
2.0,3.0,0.0,0.5,0.24627600000000002,0.0264539495518871
2.0,3.0,0.1111111111111111,0.0,0.6961560000000001,0.05641667614006861
2.0,3.0,0.1111111111111111,0.05555555555555555,0.627232,0.05685313301364256
2.0,3.0,0.1111111111111111,0.1111111111111111,0.549686,0.05943723558467281
2.0,3.0,0.1111111111111111,0.16666666666666666,0.475232,0.05940029432529661
2.0,3.0,0.1111111111111111,0.2222222222222222,0.411824,0.052368329244073
2.0,3.0,0.1111111111111111,0.2777777777777778,0.364134,0.046761151124721234
2.0,3.0,0.1111111111111111,0.3333333333333333,0.322082,0.041268552954106
2.0,3.0,0.1111111111111111,0.38888888888888884,0.28972000000000003,0.03440210181396534
2.0,3.0,0.1111111111111111,0.4444444444444444,0.26515,0.032458505960971724
2.0,3.0,0.1111111111111111,0.5,0.245724,0.029180178025145057
2.0,3.0,0.2222222222222222,0.0,0.6974859999999999,0.05214741133573205
2.0,3.0,0.2222222222222222,0.05555555555555555,0.633556,0.05737758480867728
2.0,3.0,0.2222222222222222,0.1111111111111111,0.555922,0.062441635401896116
2.0,3.0,0.2222222222222222,0.16666666666666666,0.49391399999999996,0.06053514360454136
2.0,3.0,0.2222222222222222,0.2222222222222222,0.42547399999999996,0.05599782886572792
2.0,3.0,0.2222222222222222,0.2777777777777778,0.370284,0.04945266905793769
2.0,3.0,0.2222222222222222,0.3333333333333333,0.330652,0.04480578101120488
2.0,3.0,0.2222222222222222,0.38888888888888884,0.29208,0.039259600513313044
2.0,3.0,0.2222222222222222,0.4444444444444444,0.263474,0.032642554997940755
2.0,3.0,0.2222222222222222,0.5,0.244228,0.027630688117593154
2.0,3.0,0.3333333333333333,0.0,0.697282,0.05115615682165269
2.0,3.0,0.3333333333333333,0.05555555555555555,0.633372,0.05666918394345939
2.0,3.0,0.3333333333333333,0.1111111111111111,0.56649,0.06583672872872254
2.0,3.0,0.3333333333333333,0.16666666666666666,0.50607,0.05754573941004231
2.0,3.0,0.3333333333333333,0.2222222222222222,0.44110000000000005,0.05826621580133393
2.0,3.0,0.3333333333333333,0.2777777777777778,0.380836,0.052447331191378996
2.0,3.0,0.3333333333333333,0.3333333333333333,0.330726,0.046465525005406495
2.0,3.0,0.3333333333333333,0.38888888888888884,0.29266,0.039180948091984365
2.0,3.0,0.3333333333333333,0.4444444444444444,0.26343600000000006,0.03338519201820149
2.0,3.0,0.3333333333333333,0.5,0.243062,0.029528596852274037
2.0,3.0,0.4444444444444444,0.0,0.701198,0.055955203203375665
2.0,3.0,0.4444444444444444,0.05555555555555555,0.6400440000000001,0.058452677397959965
2.0,3.0,0.4444444444444444,0.1111111111111111,0.5814239999999999,0.060155378505385965
2.0,3.0,0.4444444444444444,0.16666666666666666,0.520128,0.06274243254515532
2.0,3.0,0.4444444444444444,0.2222222222222222,0.44637600000000005,0.06283364351615328
2.0,3.0,0.4444444444444444,0.2777777777777778,0.381182,0.055675779841164716
2.0,3.0,0.4444444444444444,0.3333333333333333,0.33329,0.04831291935241241
2.0,3.0,0.4444444444444444,0.38888888888888884,0.293964,0.03964864100403612
2.0,3.0,0.4444444444444444,0.4444444444444444,0.263306,0.03180155722734609
2.0,3.0,0.4444444444444444,0.5,0.24445,0.028482169298279788
2.0,3.0,0.5555555555555556,0.0,0.6972180000000001,0.05106326850860179
2.0,3.0,0.5555555555555556,0.05555555555555555,0.652654,0.05472696195413609
2.0,3.0,0.5555555555555556,0.1111111111111111,0.5926440000000001,0.0607468651640108
2.0,3.0,0.5555555555555556,0.16666666666666666,0.5400600000000001,0.0591132909109673
2.0,3.0,0.5555555555555556,0.2222222222222222,0.456632,0.057994130861914454
2.0,3.0,0.5555555555555556,0.2777777777777778,0.383262,0.05204935760654985
2.0,3.0,0.5555555555555556,0.3333333333333333,0.332184,0.044430600948008825
2.0,3.0,0.5555555555555556,0.38888888888888884,0.296404,0.03916314962534492
2.0,3.0,0.5555555555555556,0.4444444444444444,0.266374,0.0347365424122424
2.0,3.0,0.5555555555555556,0.5,0.24373599999999998,0.028518149900501874
2.0,3.0,0.6666666666666666,0.0,0.6961780000000001,0.05177187431356797
2.0,3.0,0.6666666666666666,0.05555555555555555,0.6579619999999999,0.057682710982516976
2.0,3.0,0.6666666666666666,0.1111111111111111,0.60713,0.06207559794089332
2.0,3.0,0.6666666666666666,0.16666666666666666,0.535076,0.06796785624812608
2.0,3.0,0.6666666666666666,0.2222222222222222,0.448488,0.061217947778903214
2.0,3.0,0.6666666666666666,0.2777777777777778,0.38102600000000003,0.055301372565382416
2.0,3.0,0.6666666666666666,0.3333333333333333,0.334216,0.044610284677392455
2.0,3.0,0.6666666666666666,0.38888888888888884,0.296584,0.03815219684695099
2.0,3.0,0.6666666666666666,0.4444444444444444,0.264584,0.03261500300232522
2.0,3.0,0.6666666666666666,0.5,0.24133800000000002,0.028676408925416647
2.0,3.0,0.7777777777777777,0.0,0.6958439999999999,0.05091991102385544
2.0,3.0,0.7777777777777777,0.05555555555555555,0.656766,0.059211682044856336
2.0,3.0,0.7777777777777777,0.1111111111111111,0.6206500000000001,0.06215453218988529
2.0,3.0,0.7777777777777777,0.16666666666666666,0.533746,0.06826807852203093
2.0,3.0,0.7777777777777777,0.2222222222222222,0.448276,0.06208856419347459
2.0,3.0,0.7777777777777777,0.2777777777777778,0.378496,0.05577748865340714
2.0,3.0,0.7777777777777777,0.3333333333333333,0.32915799999999995,0.04411063968099003
2.0,3.0,0.7777777777777777,0.38888888888888884,0.288746,0.04031511007302846
2.0,3.0,0.7777777777777777,0.4444444444444444,0.26487600000000006,0.03357772403100312
2.0,3.0,0.7777777777777777,0.5,0.24543600000000002,0.029328864085352405
2.0,3.0,0.8888888888888888,0.0,0.7005999999999999,0.05373515547449115
2.0,3.0,0.8888888888888888,0.05555555555555555,0.6693500000000001,0.05845755787017012
2.0,3.0,0.8888888888888888,0.1111111111111111,0.631088,0.061276568864318495
2.0,3.0,0.8888888888888888,0.16666666666666666,0.538214,0.06709820072909678
2.0,3.0,0.8888888888888888,0.2222222222222222,0.452088,0.06363762842456502
2.0,3.0,0.8888888888888888,0.2777777777777778,0.381558,0.05351439261014616
2.0,3.0,0.8888888888888888,0.3333333333333333,0.331578,0.04597328574296173
2.0,3.0,0.8888888888888888,0.38888888888888884,0.294752,0.040504712806277716
2.0,3.0,0.8888888888888888,0.4444444444444444,0.26511,0.034786003393090854
2.0,3.0,0.8888888888888888,0.5,0.24408800000000003,0.028626407360980415
2.0,3.0,1.0,0.0,0.697588,0.0550359898280453
2.0,3.0,1.0,0.05555555555555555,0.6760839999999999,0.05751863812246362
2.0,3.0,1.0,0.1111111111111111,0.630338,0.06250271141212783
2.0,3.0,1.0,0.16666666666666666,0.53587,0.06354470047073818
2.0,3.0,1.0,0.2222222222222222,0.454294,0.06375456731644734
2.0,3.0,1.0,0.2777777777777778,0.38194599999999995,0.05250272522748343
2.0,3.0,1.0,0.3333333333333333,0.33101400000000003,0.0443482054953898
2.0,3.0,1.0,0.38888888888888884,0.295772,0.03740211025735589
2.0,3.0,1.0,0.4444444444444444,0.267016,0.03317838686116941
2.0,3.0,1.0,0.5,0.241462,0.031174673639881238
2.5,0.0,0.0,0.0,0.6993119999999999,0.052282401963856064
2.5,0.0,0.0,0.05555555555555555,0.626054,0.05491931669907581
2.5,0.0,0.0,0.1111111111111111,0.547058,0.056651826934265584
2.5,0.0,0.0,0.16666666666666666,0.47516200000000003,0.05432943152896523
2.5,0.0,0.0,0.2222222222222222,0.426074,0.049118283107931836
2.5,0.0,0.0,0.2777777777777778,0.37476,0.044872011263030975
2.5,0.0,0.0,0.3333333333333333,0.344006,0.03781960614837807
2.5,0.0,0.0,0.38888888888888884,0.31035199999999996,0.0375141936532148
2.5,0.0,0.0,0.4444444444444444,0.292148,0.031137649275512266
2.5,0.0,0.0,0.5,0.271782,0.02946609879091414
2.5,0.0,0.1111111111111111,0.0,0.692866,0.05512936184170962
2.5,0.0,0.1111111111111111,0.05555555555555555,0.6217940000000001,0.05825353648514442
2.5,0.0,0.1111111111111111,0.1111111111111111,0.54717,0.059307198446522075
2.5,0.0,0.1111111111111111,0.16666666666666666,0.47962400000000005,0.05579951429529815
2.5,0.0,0.1111111111111111,0.2222222222222222,0.41557800000000006,0.05263215941236705
2.5,0.0,0.1111111111111111,0.2777777777777778,0.364372,0.05044481116971195
2.5,0.0,0.1111111111111111,0.3333333333333333,0.32684799999999997,0.043017553577948425
2.5,0.0,0.1111111111111111,0.38888888888888884,0.29451,0.03575117050370197
2.5,0.0,0.1111111111111111,0.4444444444444444,0.272882,0.03502898994079825
2.5,0.0,0.1111111111111111,0.5,0.250928,0.03136402749075574
2.5,0.0,0.2222222222222222,0.0,0.6966679999999998,0.05203827187252626
2.5,0.0,0.2222222222222222,0.05555555555555555,0.624818,0.06039207963437863
2.5,0.0,0.2222222222222222,0.1111111111111111,0.5458039999999998,0.06391644708849854
2.5,0.0,0.2222222222222222,0.16666666666666666,0.47763,0.061830179055896065
2.5,0.0,0.2222222222222222,0.2222222222222222,0.41133400000000003,0.06003674930018335
2.5,0.0,0.2222222222222222,0.2777777777777778,0.35313799999999995,0.05176015052494273
2.5,0.0,0.2222222222222222,0.3333333333333333,0.30655,0.04579582967948134
2.5,0.0,0.2222222222222222,0.38888888888888884,0.274462,0.04207066004799244
2.5,0.0,0.2222222222222222,0.4444444444444444,0.242322,0.03895630248119054
2.5,0.0,0.2222222222222222,0.5,0.225336,0.03273919384510337
2.5,0.0,0.3333333333333333,0.0,0.69628,0.051690709599674055
2.5,0.0,0.3333333333333333,0.05555555555555555,0.629288,0.06213148718161185
2.5,0.0,0.3333333333333333,0.1111111111111111,0.5503060000000001,0.06408242722430164
2.5,0.0,0.3333333333333333,0.16666666666666666,0.477892,0.06672799702654313
2.5,0.0,0.3333333333333333,0.2222222222222222,0.39578599999999997,0.06705553738647076
2.5,0.0,0.3333333333333333,0.2777777777777778,0.331556,0.05748592982858078
2.5,0.0,0.3333333333333333,0.3333333333333333,0.280302,0.05462290838320934
2.5,0.0,0.3333333333333333,0.38888888888888884,0.23930200000000001,0.04493641461796251
2.5,0.0,0.3333333333333333,0.4444444444444444,0.212372,0.03705395535181675
2.5,0.0,0.3333333333333333,0.5,0.19739,0.024697324058109264
2.5,0.0,0.4444444444444444,0.0,0.6958019999999999,0.05018333917807905
2.5,0.0,0.4444444444444444,0.05555555555555555,0.63406,0.06001349547625565
2.5,0.0,0.4444444444444444,0.1111111111111111,0.549776,0.06629001853306596
2.5,0.0,0.4444444444444444,0.16666666666666666,0.470448,0.07335060953966013
2.5,0.0,0.4444444444444444,0.2222222222222222,0.38388,0.07025862330203028
2.5,0.0,0.4444444444444444,0.2777777777777778,0.30612,0.06627502060892496
2.5,0.0,0.4444444444444444,0.3333333333333333,0.244644,0.05746328673723155
2.5,0.0,0.4444444444444444,0.38888888888888884,0.20498000000000002,0.03615591376525286
2.5,0.0,0.4444444444444444,0.4444444444444444,0.19537200000000002,0.022173157506941932
2.5,0.0,0.4444444444444444,0.5,0.194394,0.019795111944968326
2.5,0.0,0.5555555555555556,0.0,0.6973499999999999,0.054507445576237504
2.5,0.0,0.5555555555555556,0.05555555555555555,0.629886,0.060304213786441165
2.5,0.0,0.5555555555555556,0.1111111111111111,0.550808,0.06659992670020701
2.5,0.0,0.5555555555555556,0.16666666666666666,0.46137199999999995,0.07890067330826141
2.5,0.0,0.5555555555555556,0.2222222222222222,0.36724399999999996,0.08698246007512918
2.5,0.0,0.5555555555555556,0.2777777777777778,0.259234,0.07358366908977444
2.5,0.0,0.5555555555555556,0.3333333333333333,0.20564000000000002,0.04085619729876278
2.5,0.0,0.5555555555555556,0.38888888888888884,0.194402,0.021747789052161477
2.5,0.0,0.5555555555555556,0.4444444444444444,0.19522199999999998,0.019602991367163383
2.5,0.0,0.5555555555555556,0.5,0.193308,0.018373140193258263
2.5,0.0,0.6666666666666666,0.0,0.698234,0.052265041021949385
2.5,0.0,0.6666666666666666,0.05555555555555555,0.63886,0.05959075865462755
2.5,0.0,0.6666666666666666,0.1111111111111111,0.55563,0.07365706909493012
2.5,0.0,0.6666666666666666,0.16666666666666666,0.454504,0.09115765145525456
2.5,0.0,0.6666666666666666,0.2222222222222222,0.330062,0.10181968696331085
2.5,0.0,0.6666666666666666,0.2777777777777778,0.22136200000000003,0.061980562568216054
2.5,0.0,0.6666666666666666,0.3333333333333333,0.19273400000000002,0.021938775347030082
2.5,0.0,0.6666666666666666,0.38888888888888884,0.19292,0.018961980735852826
2.5,0.0,0.6666666666666666,0.4444444444444444,0.193238,0.01890661991348814
2.5,0.0,0.6666666666666666,0.5,0.19406,0.020079611090933168
2.5,0.0,0.7777777777777777,0.0,0.697338,0.051465300059558974
2.5,0.0,0.7777777777777777,0.05555555555555555,0.63616,0.06679447134909902
2.5,0.0,0.7777777777777777,0.1111111111111111,0.5586500000000001,0.07850116155019274
2.5,0.0,0.7777777777777777,0.16666666666666666,0.44158600000000003,0.10508993478343001
2.5,0.0,0.7777777777777777,0.2222222222222222,0.277994,0.1042452690352539
2.5,0.0,0.7777777777777777,0.2777777777777778,0.20247000000000004,0.04424971383352323
2.5,0.0,0.7777777777777777,0.3333333333333333,0.19453800000000002,0.01915375390301218
2.5,0.0,0.7777777777777777,0.38888888888888884,0.193492,0.019729278366166853
2.5,0.0,0.7777777777777777,0.4444444444444444,0.194592,0.018698363393280557
2.5,0.0,0.7777777777777777,0.5,0.19226,0.018884110231580334
2.5,0.0,0.8888888888888888,0.0,0.6955500000000001,0.049110520119142964
2.5,0.0,0.8888888888888888,0.05555555555555555,0.63802,0.06277318332767727
2.5,0.0,0.8888888888888888,0.1111111111111111,0.5600219999999999,0.07731743326685094
2.5,0.0,0.8888888888888888,0.16666666666666666,0.42853399999999997,0.12592930247740156
2.5,0.0,0.8888888888888888,0.2222222222222222,0.23956200000000002,0.09405078019085762
2.5,0.0,0.8888888888888888,0.2777777777777778,0.193488,0.022092578392756246
2.5,0.0,0.8888888888888888,0.3333333333333333,0.19359,0.018978468445295004
2.5,0.0,0.8888888888888888,0.38888888888888884,0.193446,0.020604469717628974
2.5,0.0,0.8888888888888888,0.4444444444444444,0.19235199999999997,0.01924319873084487
2.5,0.0,0.8888888888888888,0.5,0.19425800000000001,0.0198808937392599
2.5,0.0,1.0,0.0,0.6997960000000001,0.052862190707658206
2.5,0.0,1.0,0.05555555555555555,0.644484,0.06136259838828473
2.5,0.0,1.0,0.1111111111111111,0.565644,0.09008137750471121
2.5,0.0,1.0,0.16666666666666666,0.38713,0.15179935173238635
2.5,0.0,1.0,0.2222222222222222,0.203546,0.051318330312395244
2.5,0.0,1.0,0.2777777777777778,0.192736,0.018914592981486827
2.5,0.0,1.0,0.3333333333333333,0.19372000000000003,0.019173336529340286
2.5,0.0,1.0,0.38888888888888884,0.19403399999999998,0.01939807760654801
2.5,0.0,1.0,0.4444444444444444,0.191962,0.019516617347927145
2.5,0.0,1.0,0.5,0.19366,0.020094775440397436
2.5,0.5,0.0,0.0,0.700076,0.05212096905113775
2.5,0.5,0.0,0.05555555555555555,0.620262,0.05671121299495116
2.5,0.5,0.0,0.1111111111111111,0.5455599999999999,0.05500106029220285
2.5,0.5,0.0,0.16666666666666666,0.47679000000000005,0.05283439074780159
2.5,0.5,0.0,0.2222222222222222,0.422586,0.05031399009419147
2.5,0.5,0.0,0.2777777777777778,0.37807,0.04324814335676868
2.5,0.5,0.0,0.3333333333333333,0.34187799999999996,0.038046579352167806
2.5,0.5,0.0,0.38888888888888884,0.313634,0.037520068698101025
2.5,0.5,0.0,0.4444444444444444,0.290138,0.03403014925204167
2.5,0.5,0.0,0.5,0.27173,0.02819366712103026
2.5,0.5,0.1111111111111111,0.0,0.697968,0.05273337267031545
2.5,0.5,0.1111111111111111,0.05555555555555555,0.62621,0.056485246446592266
2.5,0.5,0.1111111111111111,0.1111111111111111,0.549078,0.06040859469169309
2.5,0.5,0.1111111111111111,0.16666666666666666,0.483794,0.06076674055365345
2.5,0.5,0.1111111111111111,0.2222222222222222,0.423072,0.05151055708281521
2.5,0.5,0.1111111111111111,0.2777777777777778,0.37867399999999996,0.04936051706871172
2.5,0.5,0.1111111111111111,0.3333333333333333,0.33629200000000004,0.04143670760901438
2.5,0.5,0.1111111111111111,0.38888888888888884,0.305668,0.03787858696811964
2.5,0.5,0.1111111111111111,0.4444444444444444,0.279108,0.03171934061638539
2.5,0.5,0.1111111111111111,0.5,0.25955600000000006,0.032873274378082164
2.5,0.5,0.2222222222222222,0.0,0.6951020000000001,0.05091888708646574
2.5,0.5,0.2222222222222222,0.05555555555555555,0.629524,0.05978861749165242
2.5,0.5,0.2222222222222222,0.1111111111111111,0.56082,0.060697446074112864
2.5,0.5,0.2222222222222222,0.16666666666666666,0.483624,0.062299157249420124
2.5,0.5,0.2222222222222222,0.2222222222222222,0.42487400000000003,0.05611402401702061
2.5,0.5,0.2222222222222222,0.2777777777777778,0.36812399999999995,0.050236042279301577
2.5,0.5,0.2222222222222222,0.3333333333333333,0.32956,0.04762683098905615
2.5,0.5,0.2222222222222222,0.38888888888888884,0.291956,0.04195959101989811
2.5,0.5,0.2222222222222222,0.4444444444444444,0.264094,0.03800122827885176
2.5,0.5,0.2222222222222222,0.5,0.245214,0.033848776689368455
2.5,0.5,0.3333333333333333,0.0,0.6976760000000001,0.05092659482156882
2.5,0.5,0.3333333333333333,0.05555555555555555,0.634856,0.055076984416585935
2.5,0.5,0.3333333333333333,0.1111111111111111,0.564026,0.06376379039809242
2.5,0.5,0.3333333333333333,0.16666666666666666,0.492568,0.06263116397930671
2.5,0.5,0.3333333333333333,0.2222222222222222,0.422744,0.062618436591809
2.5,0.5,0.3333333333333333,0.2777777777777778,0.36189000000000004,0.05960781898516617
2.5,0.5,0.3333333333333333,0.3333333333333333,0.314442,0.05218022794485238
2.5,0.5,0.3333333333333333,0.38888888888888884,0.27941200000000005,0.047348939800172934
2.5,0.5,0.3333333333333333,0.4444444444444444,0.249568,0.03830692126017002
2.5,0.5,0.3333333333333333,0.5,0.23317400000000002,0.03137611584136222
2.5,0.5,0.4444444444444444,0.0,0.6952180000000001,0.05113977933135926
2.5,0.5,0.4444444444444444,0.05555555555555555,0.638254,0.05779735766543496
2.5,0.5,0.4444444444444444,0.1111111111111111,0.566576,0.06344385288534954
2.5,0.5,0.4444444444444444,0.16666666666666666,0.49490999999999996,0.06745955442312031
2.5,0.5,0.4444444444444444,0.2222222222222222,0.426466,0.06996022949807158
2.5,0.5,0.4444444444444444,0.2777777777777778,0.35830199999999995,0.06414745972506126
2.5,0.5,0.4444444444444444,0.3333333333333333,0.30555600000000005,0.0554475944967042
2.5,0.5,0.4444444444444444,0.38888888888888884,0.2645,0.043633998804870115
2.5,0.5,0.4444444444444444,0.4444444444444444,0.24459199999999998,0.03523129324972469
2.5,0.5,0.4444444444444444,0.5,0.231992,0.03068542204781458
2.5,0.5,0.5555555555555556,0.0,0.699542,0.052281842144630594
2.5,0.5,0.5555555555555556,0.05555555555555555,0.638426,0.05990517326214101
2.5,0.5,0.5555555555555556,0.1111111111111111,0.5768699999999999,0.06708372046258469
2.5,0.5,0.5555555555555556,0.16666666666666666,0.501586,0.07111016745748575
2.5,0.5,0.5555555555555556,0.2222222222222222,0.416784,0.07436497591801246
2.5,0.5,0.5555555555555556,0.2777777777777778,0.347642,0.07065509267024198
2.5,0.5,0.5555555555555556,0.3333333333333333,0.29283999999999993,0.052622777515319866
2.5,0.5,0.5555555555555556,0.38888888888888884,0.26935400000000004,0.04341643303306513
2.5,0.5,0.5555555555555556,0.4444444444444444,0.24296800000000002,0.03135949316591782
2.5,0.5,0.5555555555555556,0.5,0.232034,0.02952911752090005
2.5,0.5,0.6666666666666666,0.0,0.69772,0.05388878921637053
2.5,0.5,0.6666666666666666,0.05555555555555555,0.638344,0.0604502616393389
2.5,0.5,0.6666666666666666,0.1111111111111111,0.5860219999999999,0.06631975675673536
2.5,0.5,0.6666666666666666,0.16666666666666666,0.50415,0.08007834027477295
2.5,0.5,0.6666666666666666,0.2222222222222222,0.419962,0.08476299952323746
2.5,0.5,0.6666666666666666,0.2777777777777778,0.334932,0.07086912050026416
2.5,0.5,0.6666666666666666,0.3333333333333333,0.2974,0.05658908595567344
2.5,0.5,0.6666666666666666,0.38888888888888884,0.26411399999999996,0.04269757803834641
2.5,0.5,0.6666666666666666,0.4444444444444444,0.24624400000000002,0.035385204385148854
2.5,0.5,0.6666666666666666,0.5,0.232624,0.029502396628301696
2.5,0.5,0.7777777777777777,0.0,0.70013,0.053873460995180165
2.5,0.5,0.7777777777777777,0.05555555555555555,0.650014,0.06533611113953504
2.5,0.5,0.7777777777777777,0.1111111111111111,0.593604,0.07364173677195275
2.5,0.5,0.7777777777777777,0.16666666666666666,0.5148659999999999,0.08062928877533793
2.5,0.5,0.7777777777777777,0.2222222222222222,0.423968,0.09471898621024928
2.5,0.5,0.7777777777777777,0.2777777777777778,0.340966,0.07186580711621438
2.5,0.5,0.7777777777777777,0.3333333333333333,0.294518,0.05568680019026827
2.5,0.5,0.7777777777777777,0.38888888888888884,0.265322,0.042610016933652725
2.5,0.5,0.7777777777777777,0.4444444444444444,0.24808000000000005,0.03283391130314703
2.5,0.5,0.7777777777777777,0.5,0.233246,0.029385242366498796
2.5,0.5,0.8888888888888888,0.0,0.6956420000000001,0.05566880515814464
2.5,0.5,0.8888888888888888,0.05555555555555555,0.6557719999999999,0.060494853256629046
2.5,0.5,0.8888888888888888,0.1111111111111111,0.598662,0.073853995025065
2.5,0.5,0.8888888888888888,0.16666666666666666,0.52373,0.09232833879307359
2.5,0.5,0.8888888888888888,0.2222222222222222,0.420262,0.09546851748960662
2.5,0.5,0.8888888888888888,0.2777777777777778,0.342962,0.07180596597427681
2.5,0.5,0.8888888888888888,0.3333333333333333,0.294028,0.05426158729443346
2.5,0.5,0.8888888888888888,0.38888888888888884,0.26387600000000005,0.04248574703830457
2.5,0.5,0.8888888888888888,0.4444444444444444,0.242278,0.03253640963449728
2.5,0.5,0.8888888888888888,0.5,0.231984,0.030189112425144864
2.5,0.5,1.0,0.0,0.698732,0.04833483929195128
2.5,0.5,1.0,0.05555555555555555,0.664468,0.05982356302818124
2.5,0.5,1.0,0.1111111111111111,0.603956,0.0756977566690682
2.5,0.5,1.0,0.16666666666666666,0.5247339999999999,0.0954478487324639
2.5,0.5,1.0,0.2222222222222222,0.42457799999999996,0.09994687925766714
2.5,0.5,1.0,0.2777777777777778,0.345578,0.07531515558851781
2.5,0.5,1.0,0.3333333333333333,0.293764,0.056034453901578234
2.5,0.5,1.0,0.38888888888888884,0.26518,0.041557932136318976
2.5,0.5,1.0,0.4444444444444444,0.24495,0.03542362440988592
2.5,0.5,1.0,0.5,0.233106,0.030543814647591958
2.5,1.0,0.0,0.0,0.6925239999999999,0.05442103197701129
2.5,1.0,0.0,0.05555555555555555,0.622174,0.055742390981232674
2.5,1.0,0.0,0.1111111111111111,0.5530900000000001,0.05812144272304686
2.5,1.0,0.0,0.16666666666666666,0.47795800000000005,0.05350212323245464
2.5,1.0,0.0,0.2222222222222222,0.425716,0.04860254889940484
2.5,1.0,0.0,0.2777777777777778,0.37625200000000003,0.04500158643384838
2.5,1.0,0.0,0.3333333333333333,0.344976,0.041235812207556115
2.5,1.0,0.0,0.38888888888888884,0.30863999999999997,0.03536563099552195
2.5,1.0,0.0,0.4444444444444444,0.290996,0.032794312278742355
2.5,1.0,0.0,0.5,0.272118,0.02987804329171982
2.5,1.0,0.1111111111111111,0.0,0.6995419999999999,0.05031715281825344
2.5,1.0,0.1111111111111111,0.05555555555555555,0.62957,0.05551797538799812
2.5,1.0,0.1111111111111111,0.1111111111111111,0.551774,0.05836392395340187
2.5,1.0,0.1111111111111111,0.16666666666666666,0.487822,0.05795335623583846
2.5,1.0,0.1111111111111111,0.2222222222222222,0.426954,0.05288608285285494
2.5,1.0,0.1111111111111111,0.2777777777777778,0.37896,0.047899385196518006
2.5,1.0,0.1111111111111111,0.3333333333333333,0.34220399999999995,0.041427900331198336
2.5,1.0,0.1111111111111111,0.38888888888888884,0.308278,0.038072559088023254
2.5,1.0,0.1111111111111111,0.4444444444444444,0.285568,0.033813963747076105
2.5,1.0,0.1111111111111111,0.5,0.26277999999999996,0.030387141305384863
2.5,1.0,0.2222222222222222,0.0,0.6964239999999999,0.05304235294943867
2.5,1.0,0.2222222222222222,0.05555555555555555,0.6286900000000001,0.058101406582747955
2.5,1.0,0.2222222222222222,0.1111111111111111,0.561648,0.05940419018573729
2.5,1.0,0.2222222222222222,0.16666666666666666,0.49922000000000005,0.06202316782214036
2.5,1.0,0.2222222222222222,0.2222222222222222,0.43525400000000003,0.053752657426035425
2.5,1.0,0.2222222222222222,0.2777777777777778,0.380164,0.054876113927277315
2.5,1.0,0.2222222222222222,0.3333333333333333,0.34025199999999994,0.04749163512465776
2.5,1.0,0.2222222222222222,0.38888888888888884,0.307316,0.04095283156053622
2.5,1.0,0.2222222222222222,0.4444444444444444,0.2809400000000001,0.037719197708216204
2.5,1.0,0.2222222222222222,0.5,0.25908,0.03667265148218038
2.5,1.0,0.3333333333333333,0.0,0.69702,0.04995693135071408
2.5,1.0,0.3333333333333333,0.05555555555555555,0.63862,0.055946148599221486
2.5,1.0,0.3333333333333333,0.1111111111111111,0.569764,0.06134635322582929
2.5,1.0,0.3333333333333333,0.16666666666666666,0.505124,0.0654237047735191
2.5,1.0,0.3333333333333333,0.2222222222222222,0.443116,0.060494741685067854
2.5,1.0,0.3333333333333333,0.2777777777777778,0.384814,0.057870314935218756
2.5,1.0,0.3333333333333333,0.3333333333333333,0.337628,0.04987834514726064
2.5,1.0,0.3333333333333333,0.38888888888888884,0.30270199999999997,0.042898131607224825
2.5,1.0,0.3333333333333333,0.4444444444444444,0.27336200000000005,0.03912903165472502
2.5,1.0,0.3333333333333333,0.5,0.254344,0.034421902893326445
2.5,1.0,0.4444444444444444,0.0,0.697598,0.05360177886408985
2.5,1.0,0.4444444444444444,0.05555555555555555,0.640798,0.05684762528903036
2.5,1.0,0.4444444444444444,0.1111111111111111,0.5781860000000001,0.06086045838464888
2.5,1.0,0.4444444444444444,0.16666666666666666,0.517104,0.0660129730372632
2.5,1.0,0.4444444444444444,0.2222222222222222,0.44888000000000006,0.06320049212157147
2.5,1.0,0.4444444444444444,0.2777777777777778,0.39125,0.06044951437005223
2.5,1.0,0.4444444444444444,0.3333333333333333,0.33567600000000003,0.05536132926109262
2.5,1.0,0.4444444444444444,0.38888888888888884,0.301178,0.04635220998767463
2.5,1.0,0.4444444444444444,0.4444444444444444,0.271336,0.03660955644700565
2.5,1.0,0.4444444444444444,0.5,0.253608,0.03181431497415195
2.5,1.0,0.5555555555555556,0.0,0.699328,0.05410103751797226
2.5,1.0,0.5555555555555556,0.05555555555555555,0.64181,0.06048095395728449
2.5,1.0,0.5555555555555556,0.1111111111111111,0.5866939999999999,0.06122831188553793
2.5,1.0,0.5555555555555556,0.16666666666666666,0.5290999999999999,0.07021214632086077
2.5,1.0,0.5555555555555556,0.2222222222222222,0.458582,0.06900343632348245
2.5,1.0,0.5555555555555556,0.2777777777777778,0.39455,0.06706811286689864
2.5,1.0,0.5555555555555556,0.3333333333333333,0.341212,0.0597789436189734
2.5,1.0,0.5555555555555556,0.38888888888888884,0.300028,0.04701497667833228
2.5,1.0,0.5555555555555556,0.4444444444444444,0.27312400000000003,0.03879896058769321
2.5,1.0,0.5555555555555556,0.5,0.252258,0.031668932387390554
2.5,1.0,0.6666666666666666,0.0,0.694684,0.053303571037696354
2.5,1.0,0.6666666666666666,0.05555555555555555,0.6521279999999999,0.05857427342284348
2.5,1.0,0.6666666666666666,0.1111111111111111,0.5975540000000001,0.06412458974543261
2.5,1.0,0.6666666666666666,0.16666666666666666,0.541454,0.07184343283615674
2.5,1.0,0.6666666666666666,0.2222222222222222,0.47505600000000003,0.07750284023498091
2.5,1.0,0.6666666666666666,0.2777777777777778,0.39212199999999997,0.06930056459008838
2.5,1.0,0.6666666666666666,0.3333333333333333,0.33557400000000004,0.05399978219357841
2.5,1.0,0.6666666666666666,0.38888888888888884,0.297754,0.04382920810334054
2.5,1.0,0.6666666666666666,0.4444444444444444,0.27595600000000003,0.03939072635336
2.5,1.0,0.6666666666666666,0.5,0.25470600000000004,0.032117887249361925
2.5,1.0,0.7777777777777777,0.0,0.696904,0.05287337677833607
2.5,1.0,0.7777777777777777,0.05555555555555555,0.658312,0.05964288056763196
2.5,1.0,0.7777777777777777,0.1111111111111111,0.6065799999999999,0.07096085177737045
2.5,1.0,0.7777777777777777,0.16666666666666666,0.5511820000000001,0.07507946942712714
2.5,1.0,0.7777777777777777,0.2222222222222222,0.47656400000000004,0.08481800570742258
2.5,1.0,0.7777777777777777,0.2777777777777778,0.38872199999999996,0.06999863093422136
2.5,1.0,0.7777777777777777,0.3333333333333333,0.338658,0.05641583580040374
2.5,1.0,0.7777777777777777,0.38888888888888884,0.298962,0.042956338881475924
2.5,1.0,0.7777777777777777,0.4444444444444444,0.273444,0.036569242307791
2.5,1.0,0.7777777777777777,0.5,0.250988,0.030817906202163875
2.5,1.0,0.8888888888888888,0.0,0.700004,0.05329567376141675
2.5,1.0,0.8888888888888888,0.05555555555555555,0.6652199999999999,0.05917495204814111
2.5,1.0,0.8888888888888888,0.1111111111111111,0.61651,0.06304690098210136
2.5,1.0,0.8888888888888888,0.16666666666666666,0.572844,0.07511978186373086
2.5,1.0,0.8888888888888888,0.2222222222222222,0.481904,0.08174035573393978
2.5,1.0,0.8888888888888888,0.2777777777777778,0.39776599999999995,0.07268169302514908
2.5,1.0,0.8888888888888888,0.3333333333333333,0.34112,0.05861310939701436
2.5,1.0,0.8888888888888888,0.38888888888888884,0.30155999999999994,0.0477820536320761
2.5,1.0,0.8888888888888888,0.4444444444444444,0.270154,0.038712266313485864
2.5,1.0,0.8888888888888888,0.5,0.253848,0.03405084162882413
2.5,1.0,1.0,0.0,0.699844,0.05122589040412466
2.5,1.0,1.0,0.05555555555555555,0.668394,0.05725233990720117
2.5,1.0,1.0,0.1111111111111111,0.635568,0.06657240529147633
2.5,1.0,1.0,0.16666666666666666,0.57834,0.0869048289716814
2.5,1.0,1.0,0.2222222222222222,0.47810199999999997,0.08291550855610931
2.5,1.0,1.0,0.2777777777777778,0.40091,0.07160413538622484
2.5,1.0,1.0,0.3333333333333333,0.343954,0.05707931306489173
2.5,1.0,1.0,0.38888888888888884,0.299832,0.04658846150594568
2.5,1.0,1.0,0.4444444444444444,0.273298,0.037773945225191286
2.5,1.0,1.0,0.5,0.25464000000000003,0.03488185614005584
2.5,1.5,0.0,0.0,0.698068,0.05358310998207085
2.5,1.5,0.0,0.05555555555555555,0.621372,0.05721549476919138
2.5,1.5,0.0,0.1111111111111111,0.540558,0.057881076995407545
2.5,1.5,0.0,0.16666666666666666,0.481616,0.05494917075564896
2.5,1.5,0.0,0.2222222222222222,0.421044,0.04903610039842656
2.5,1.5,0.0,0.2777777777777778,0.37514000000000003,0.04348869892130294
2.5,1.5,0.0,0.3333333333333333,0.34287399999999996,0.039558056115122926
2.5,1.5,0.0,0.38888888888888884,0.3142,0.03686339403309574
2.5,1.5,0.0,0.4444444444444444,0.289038,0.03310378039670252
2.5,1.5,0.0,0.5,0.2721,0.0291163446030935
2.5,1.5,0.1111111111111111,0.0,0.699798,0.051602313839470164
2.5,1.5,0.1111111111111111,0.05555555555555555,0.625328,0.05672622095899371
2.5,1.5,0.1111111111111111,0.1111111111111111,0.55144,0.05871672425650829
2.5,1.5,0.1111111111111111,0.16666666666666666,0.487976,0.05639724037080968
2.5,1.5,0.1111111111111111,0.2222222222222222,0.43301999999999996,0.05239620525046922
2.5,1.5,0.1111111111111111,0.2777777777777778,0.38424400000000003,0.047415196569575276
2.5,1.5,0.1111111111111111,0.3333333333333333,0.343158,0.04225973030689172
2.5,1.5,0.1111111111111111,0.38888888888888884,0.31505400000000006,0.038810508824162315
2.5,1.5,0.1111111111111111,0.4444444444444444,0.29053999999999996,0.03453725588532152
2.5,1.5,0.1111111111111111,0.5,0.270534,0.030947897970258903
2.5,1.5,0.2222222222222222,0.0,0.6966140000000001,0.054536753836638245
2.5,1.5,0.2222222222222222,0.05555555555555555,0.6322920000000001,0.06032927962407573
2.5,1.5,0.2222222222222222,0.1111111111111111,0.5660080000000001,0.058264856672320856
2.5,1.5,0.2222222222222222,0.16666666666666666,0.5032300000000001,0.055257505225693414
2.5,1.5,0.2222222222222222,0.2222222222222222,0.43950599999999995,0.05628044901991959
2.5,1.5,0.2222222222222222,0.2777777777777778,0.39098,0.05461385305846662
2.5,1.5,0.2222222222222222,0.3333333333333333,0.34729999999999994,0.04471815545003738
2.5,1.5,0.2222222222222222,0.38888888888888884,0.312226,0.04207159328958018
2.5,1.5,0.2222222222222222,0.4444444444444444,0.288852,0.03656007897624811
2.5,1.5,0.2222222222222222,0.5,0.267386,0.03517680797968
2.5,1.5,0.3333333333333333,0.0,0.697494,0.05647673154860173
2.5,1.5,0.3333333333333333,0.05555555555555555,0.639906,0.0571276140984828
2.5,1.5,0.3333333333333333,0.1111111111111111,0.5769480000000001,0.05968811135623701
2.5,1.5,0.3333333333333333,0.16666666666666666,0.511516,0.06318628615067537
2.5,1.5,0.3333333333333333,0.2222222222222222,0.453452,0.05789060667052439
2.5,1.5,0.3333333333333333,0.2777777777777778,0.400132,0.055951906201801835
2.5,1.5,0.3333333333333333,0.3333333333333333,0.35840200000000005,0.05134562437330536
2.5,1.5,0.3333333333333333,0.38888888888888884,0.318444,0.044693914081358144
2.5,1.5,0.3333333333333333,0.4444444444444444,0.28841200000000006,0.039269255210783144
2.5,1.5,0.3333333333333333,0.5,0.26641599999999993,0.03379709204741916
2.5,1.5,0.4444444444444444,0.0,0.702408,0.052549294883809536
2.5,1.5,0.4444444444444444,0.05555555555555555,0.643934,0.055993429724787255
2.5,1.5,0.4444444444444444,0.1111111111111111,0.587694,0.059595331789849826
2.5,1.5,0.4444444444444444,0.16666666666666666,0.5260499999999999,0.06488923428004757
2.5,1.5,0.4444444444444444,0.2222222222222222,0.47259400000000007,0.06419978495896662
2.5,1.5,0.4444444444444444,0.2777777777777778,0.40949800000000003,0.05949114546533421
2.5,1.5,0.4444444444444444,0.3333333333333333,0.357622,0.0535545263314051
2.5,1.5,0.4444444444444444,0.38888888888888884,0.319052,0.04464508554507039
2.5,1.5,0.4444444444444444,0.4444444444444444,0.29055,0.038488416652713395
2.5,1.5,0.4444444444444444,0.5,0.26859000000000005,0.03689433946514205
2.5,1.5,0.5555555555555556,0.0,0.693904,0.054883396016615384
2.5,1.5,0.5555555555555556,0.05555555555555555,0.6466099999999999,0.057412736781043444
2.5,1.5,0.5555555555555556,0.1111111111111111,0.59551,0.06591208315180777
2.5,1.5,0.5555555555555556,0.16666666666666666,0.542284,0.06080227938454867
2.5,1.5,0.5555555555555556,0.2222222222222222,0.47856,0.06681034084096991
2.5,1.5,0.5555555555555556,0.2777777777777778,0.410674,0.06627285951138392
2.5,1.5,0.5555555555555556,0.3333333333333333,0.35888800000000004,0.05083687866563928
2.5,1.5,0.5555555555555556,0.38888888888888884,0.315248,0.04534484320858572
2.5,1.5,0.5555555555555556,0.4444444444444444,0.28622600000000004,0.037843615081078204
2.5,1.5,0.5555555555555556,0.5,0.268274,0.03499044994243927
2.5,1.5,0.6666666666666666,0.0,0.702038,0.05035418198408722
2.5,1.5,0.6666666666666666,0.05555555555555555,0.6575619999999999,0.057822495951629
2.5,1.5,0.6666666666666666,0.1111111111111111,0.6086079999999999,0.06211814278716527
2.5,1.5,0.6666666666666666,0.16666666666666666,0.560308,0.06969007496837837
2.5,1.5,0.6666666666666666,0.2222222222222222,0.49054,0.07145673186662063
2.5,1.5,0.6666666666666666,0.2777777777777778,0.415134,0.06659650315493247
2.5,1.5,0.6666666666666666,0.3333333333333333,0.35529200000000005,0.05401939397893782
2.5,1.5,0.6666666666666666,0.38888888888888884,0.316326,0.04387105038774714
2.5,1.5,0.6666666666666666,0.4444444444444444,0.290332,0.038507810622754386
2.5,1.5,0.6666666666666666,0.5,0.266778,0.034636803147295926
2.5,1.5,0.7777777777777777,0.0,0.7010759999999999,0.05135606209814433
2.5,1.5,0.7777777777777777,0.05555555555555555,0.6646040000000001,0.05694668589187729
2.5,1.5,0.7777777777777777,0.1111111111111111,0.621286,0.06367342313420297
2.5,1.5,0.7777777777777777,0.16666666666666666,0.572836,0.06630038148585828
2.5,1.5,0.7777777777777777,0.2222222222222222,0.491154,0.07283103048841207
2.5,1.5,0.7777777777777777,0.2777777777777778,0.41250800000000004,0.06321244784950392
2.5,1.5,0.7777777777777777,0.3333333333333333,0.363042,0.05563144750861519
2.5,1.5,0.7777777777777777,0.38888888888888884,0.31585599999999997,0.0460458870196117
2.5,1.5,0.7777777777777777,0.4444444444444444,0.28711000000000003,0.03783285013183908
2.5,1.5,0.7777777777777777,0.5,0.263012,0.03474210534448848
2.5,1.5,0.8888888888888888,0.0,0.6954400000000001,0.05159545116734929
2.5,1.5,0.8888888888888888,0.05555555555555555,0.669244,0.057324136078569114
2.5,1.5,0.8888888888888888,0.1111111111111111,0.6327240000000001,0.06757381345261682
2.5,1.5,0.8888888888888888,0.16666666666666666,0.578844,0.07202548858572237
2.5,1.5,0.8888888888888888,0.2222222222222222,0.492668,0.07498759934890718
2.5,1.5,0.8888888888888888,0.2777777777777778,0.419524,0.06570857369715637
2.5,1.5,0.8888888888888888,0.3333333333333333,0.357996,0.054512596988777945
2.5,1.5,0.8888888888888888,0.38888888888888884,0.318534,0.046093405689926974
2.5,1.5,0.8888888888888888,0.4444444444444444,0.28938200000000003,0.03978459128113312
2.5,1.5,0.8888888888888888,0.5,0.26747800000000005,0.03375268884115777
2.5,1.5,1.0,0.0,0.695374,0.05235459991504594
2.5,1.5,1.0,0.05555555555555555,0.6765359999999999,0.06024396546335159
2.5,1.5,1.0,0.1111111111111111,0.6504719999999999,0.061499997686429726
2.5,1.5,1.0,0.16666666666666666,0.5797940000000001,0.07152778489527023
2.5,1.5,1.0,0.2222222222222222,0.488942,0.07425306506362338
2.5,1.5,1.0,0.2777777777777778,0.4179480000000001,0.06566876021470386
2.5,1.5,1.0,0.3333333333333333,0.36177200000000004,0.054864270635676636
2.5,1.5,1.0,0.38888888888888884,0.31926,0.044318310270705284
2.5,1.5,1.0,0.4444444444444444,0.285226,0.03760349677809073
2.5,1.5,1.0,0.5,0.26954199999999995,0.035631382612153956
2.5,2.0,0.0,0.0,0.69711,0.0529643686708092
2.5,2.0,0.0,0.05555555555555555,0.624698,0.05804692659714854
2.5,2.0,0.0,0.1111111111111111,0.54761,0.05764150402246582
2.5,2.0,0.0,0.16666666666666666,0.47886,0.05672134538288111
2.5,2.0,0.0,0.2222222222222222,0.42261000000000004,0.05033727826538035
2.5,2.0,0.0,0.2777777777777778,0.378878,0.04423555906022599
2.5,2.0,0.0,0.3333333333333333,0.34069399999999994,0.03902971947124407
2.5,2.0,0.0,0.38888888888888884,0.313144,0.035376294724814156
2.5,2.0,0.0,0.4444444444444444,0.291082,0.03284388401871602
2.5,2.0,0.0,0.5,0.270452,0.03046446887322106
2.5,2.0,0.1111111111111111,0.0,0.6970879999999999,0.05337075163664571
2.5,2.0,0.1111111111111111,0.05555555555555555,0.629508,0.054881270427053486
2.5,2.0,0.1111111111111111,0.1111111111111111,0.5550039999999999,0.05803871957529628
2.5,2.0,0.1111111111111111,0.16666666666666666,0.49031,0.05852890880866195
2.5,2.0,0.1111111111111111,0.2222222222222222,0.43198200000000003,0.05207961451947387
2.5,2.0,0.1111111111111111,0.2777777777777778,0.386488,0.04679398690452484
2.5,2.0,0.1111111111111111,0.3333333333333333,0.347266,0.041938441909775796
2.5,2.0,0.1111111111111111,0.38888888888888884,0.322266,0.03662028583544016
2.5,2.0,0.1111111111111111,0.4444444444444444,0.294176,0.035567669902378606
2.5,2.0,0.1111111111111111,0.5,0.27420799999999995,0.03217513347958105
2.5,2.0,0.2222222222222222,0.0,0.6976399999999999,0.052894821336766956
2.5,2.0,0.2222222222222222,0.05555555555555555,0.63647,0.05543105902478518
2.5,2.0,0.2222222222222222,0.1111111111111111,0.5671280000000001,0.05869628714193511
2.5,2.0,0.2222222222222222,0.16666666666666666,0.506882,0.057141073498501255
2.5,2.0,0.2222222222222222,0.2222222222222222,0.44551,0.05316388527369675
2.5,2.0,0.2222222222222222,0.2777777777777778,0.39528399999999997,0.052033549990840505
2.5,2.0,0.2222222222222222,0.3333333333333333,0.3569,0.046484401676244014
2.5,2.0,0.2222222222222222,0.38888888888888884,0.3256320000000001,0.04275742005710681
2.5,2.0,0.2222222222222222,0.4444444444444444,0.29556600000000005,0.037070123173036915
2.5,2.0,0.2222222222222222,0.5,0.272342,0.03218279821584823
2.5,2.0,0.3333333333333333,0.0,0.697676,0.05417176556444083
2.5,2.0,0.3333333333333333,0.05555555555555555,0.6407999999999999,0.059119830079400894
2.5,2.0,0.3333333333333333,0.1111111111111111,0.57975,0.059044695376504475
2.5,2.0,0.3333333333333333,0.16666666666666666,0.51995,0.061829453034335104
2.5,2.0,0.3333333333333333,0.2222222222222222,0.460446,0.05654139140385358
2.5,2.0,0.3333333333333333,0.2777777777777778,0.40619000000000005,0.05538759311381822
2.5,2.0,0.3333333333333333,0.3333333333333333,0.366882,0.05088928683947202
2.5,2.0,0.3333333333333333,0.38888888888888884,0.324394,0.043571639164472084
2.5,2.0,0.3333333333333333,0.4444444444444444,0.297484,0.03578411308805904
2.5,2.0,0.3333333333333333,0.5,0.27244,0.03364047805140489
2.5,2.0,0.4444444444444444,0.0,0.702118,0.0530481317726566
2.5,2.0,0.4444444444444444,0.05555555555555555,0.644018,0.05796607462658853
2.5,2.0,0.4444444444444444,0.1111111111111111,0.5911279999999999,0.060223694695739245
2.5,2.0,0.4444444444444444,0.16666666666666666,0.534898,0.06295094311030577
2.5,2.0,0.4444444444444444,0.2222222222222222,0.47702,0.06402513597074312
2.5,2.0,0.4444444444444444,0.2777777777777778,0.418068,0.05909497277785337
2.5,2.0,0.4444444444444444,0.3333333333333333,0.363046,0.05147877244092023
2.5,2.0,0.4444444444444444,0.38888888888888884,0.322914,0.04147354233034422
2.5,2.0,0.4444444444444444,0.4444444444444444,0.2972620000000001,0.036847861345966106
2.5,2.0,0.4444444444444444,0.5,0.27545800000000004,0.03172603534381935
2.5,2.0,0.5555555555555556,0.0,0.700188,0.05105155412283462
2.5,2.0,0.5555555555555556,0.05555555555555555,0.652098,0.058017311320205545
2.5,2.0,0.5555555555555556,0.1111111111111111,0.60275,0.05770392522153016
2.5,2.0,0.5555555555555556,0.16666666666666666,0.548202,0.06442697312253201
2.5,2.0,0.5555555555555556,0.2222222222222222,0.48846000000000006,0.06610088542605322
2.5,2.0,0.5555555555555556,0.2777777777777778,0.420062,0.06153085606829304
2.5,2.0,0.5555555555555556,0.3333333333333333,0.36410799999999993,0.04966860453599544
2.5,2.0,0.5555555555555556,0.38888888888888884,0.32144799999999996,0.044321960339505216
2.5,2.0,0.5555555555555556,0.4444444444444444,0.295422,0.036863338528338827
2.5,2.0,0.5555555555555556,0.5,0.27292400000000006,0.035060414848925525
2.5,2.0,0.6666666666666666,0.0,0.697414,0.05217354465170108
2.5,2.0,0.6666666666666666,0.05555555555555555,0.6642460000000001,0.05629062758139239
2.5,2.0,0.6666666666666666,0.1111111111111111,0.6204700000000001,0.05869807516483068
2.5,2.0,0.6666666666666666,0.16666666666666666,0.569816,0.06135508974874173
2.5,2.0,0.6666666666666666,0.2222222222222222,0.488554,0.06333021804031681
2.5,2.0,0.6666666666666666,0.2777777777777778,0.413706,0.0588132089849058
2.5,2.0,0.6666666666666666,0.3333333333333333,0.368216,0.049241677770556505
2.5,2.0,0.6666666666666666,0.38888888888888884,0.32724999999999993,0.041691820730590114
2.5,2.0,0.6666666666666666,0.4444444444444444,0.29464,0.03774041703739258
2.5,2.0,0.6666666666666666,0.5,0.27493,0.03236888303878212
2.5,2.0,0.7777777777777777,0.0,0.697798,0.05491426361791074
2.5,2.0,0.7777777777777777,0.05555555555555555,0.664236,0.05871810569042349
2.5,2.0,0.7777777777777777,0.1111111111111111,0.629962,0.062337858265634156
2.5,2.0,0.7777777777777777,0.16666666666666666,0.573384,0.06588458165762609
2.5,2.0,0.7777777777777777,0.2222222222222222,0.484608,0.06152825194636323
2.5,2.0,0.7777777777777777,0.2777777777777778,0.41790999999999995,0.0617775593048749
2.5,2.0,0.7777777777777777,0.3333333333333333,0.367408,0.04871159178623398
2.5,2.0,0.7777777777777777,0.38888888888888884,0.325186,0.043103401378787286
2.5,2.0,0.7777777777777777,0.4444444444444444,0.29602200000000006,0.03679049601723777
2.5,2.0,0.7777777777777777,0.5,0.27319600000000005,0.03334927183408548
2.5,2.0,0.8888888888888888,0.0,0.6951120000000001,0.054873396425504234
2.5,2.0,0.8888888888888888,0.05555555555555555,0.6712100000000001,0.057018032340866054
2.5,2.0,0.8888888888888888,0.1111111111111111,0.643858,0.06364497782547189
2.5,2.0,0.8888888888888888,0.16666666666666666,0.5760080000000001,0.06714474491379856
2.5,2.0,0.8888888888888888,0.2222222222222222,0.48925,0.06272521346962176
2.5,2.0,0.8888888888888888,0.2777777777777778,0.41749,0.05762818681714412
2.5,2.0,0.8888888888888888,0.3333333333333333,0.36550399999999994,0.05014158294949774
2.5,2.0,0.8888888888888888,0.38888888888888884,0.32804200000000006,0.04313162308352932
2.5,2.0,0.8888888888888888,0.4444444444444444,0.295964,0.038441568808060496
2.5,2.0,0.8888888888888888,0.5,0.27308799999999994,0.033421643713873114
2.5,2.0,1.0,0.0,0.695692,0.05032986515631953
2.5,2.0,1.0,0.05555555555555555,0.68123,0.05394531763359243
2.5,2.0,1.0,0.1111111111111111,0.656916,0.06151892473215377
2.5,2.0,1.0,0.16666666666666666,0.58376,0.06904033266917346
2.5,2.0,1.0,0.2222222222222222,0.48897199999999996,0.0648076173805293
2.5,2.0,1.0,0.2777777777777778,0.41933,0.060003749882819826
2.5,2.0,1.0,0.3333333333333333,0.362226,0.0513019952187715
2.5,2.0,1.0,0.38888888888888884,0.325288,0.04494023035776762
2.5,2.0,1.0,0.4444444444444444,0.29287,0.0366920388016644
2.5,2.0,1.0,0.5,0.27445800000000004,0.0321214540708114
2.5,2.5,0.0,0.0,0.697058,0.053989817899986914
2.5,2.5,0.0,0.05555555555555555,0.619242,0.056430028639586294
2.5,2.5,0.0,0.1111111111111111,0.5451119999999999,0.05453464505268228
2.5,2.5,0.0,0.16666666666666666,0.477844,0.05519391633868359
2.5,2.5,0.0,0.2222222222222222,0.4263819999999999,0.05017644294740021
2.5,2.5,0.0,0.2777777777777778,0.376854,0.04454576674241155
2.5,2.5,0.0,0.3333333333333333,0.340554,0.03734584995709746
2.5,2.5,0.0,0.38888888888888884,0.312766,0.035139219876757284
2.5,2.5,0.0,0.4444444444444444,0.29061400000000004,0.034303563560450855
2.5,2.5,0.0,0.5,0.271596,0.03047796904641759
2.5,2.5,0.1111111111111111,0.0,0.697962,0.05369210594194422
2.5,2.5,0.1111111111111111,0.05555555555555555,0.6283399999999999,0.05458453391470309
2.5,2.5,0.1111111111111111,0.1111111111111111,0.556566,0.059946683425419076
2.5,2.5,0.1111111111111111,0.16666666666666666,0.49170600000000003,0.05497442987316703
2.5,2.5,0.1111111111111111,0.2222222222222222,0.44204,0.051379198554358324
2.5,2.5,0.1111111111111111,0.2777777777777778,0.38753600000000005,0.047857134417234576
2.5,2.5,0.1111111111111111,0.3333333333333333,0.3513820000000001,0.043536777303285916
2.5,2.5,0.1111111111111111,0.38888888888888884,0.321248,0.0386476620193139
2.5,2.5,0.1111111111111111,0.4444444444444444,0.297466,0.033159432140489976
2.5,2.5,0.1111111111111111,0.5,0.274966,0.031131256870043283
2.5,2.5,0.2222222222222222,0.0,0.696042,0.05685248143476748
2.5,2.5,0.2222222222222222,0.05555555555555555,0.6344,0.05890561724901094
2.5,2.5,0.2222222222222222,0.1111111111111111,0.570434,0.05832111408998798
2.5,2.5,0.2222222222222222,0.16666666666666666,0.508932,0.05995916593114281
2.5,2.5,0.2222222222222222,0.2222222222222222,0.449972,0.053983772667560444
2.5,2.5,0.2222222222222222,0.2777777777777778,0.40245,0.047767845189710376
2.5,2.5,0.2222222222222222,0.3333333333333333,0.363058,0.045136784273906556
2.5,2.5,0.2222222222222222,0.38888888888888884,0.325082,0.041656569897571535
2.5,2.5,0.2222222222222222,0.4444444444444444,0.297404,0.03502785584889177
2.5,2.5,0.2222222222222222,0.5,0.27593,0.03249783559927145
2.5,2.5,0.3333333333333333,0.0,0.6956000000000001,0.05696073252777039
2.5,2.5,0.3333333333333333,0.05555555555555555,0.6418900000000001,0.05682531242557782
2.5,2.5,0.3333333333333333,0.1111111111111111,0.5762200000000001,0.059669527440813705
2.5,2.5,0.3333333333333333,0.16666666666666666,0.52475,0.05778516895798615
2.5,2.5,0.3333333333333333,0.2222222222222222,0.46898199999999995,0.058443725189519326
2.5,2.5,0.3333333333333333,0.2777777777777778,0.41581,0.051316944156048795
2.5,2.5,0.3333333333333333,0.3333333333333333,0.3632619999999999,0.0464998691574861
2.5,2.5,0.3333333333333333,0.38888888888888884,0.32715599999999995,0.04318348400234935
2.5,2.5,0.3333333333333333,0.4444444444444444,0.299528,0.03604963756735253
2.5,2.5,0.3333333333333333,0.5,0.27952,0.0334177661459945
2.5,2.5,0.4444444444444444,0.0,0.697814,0.05263485784649791
2.5,2.5,0.4444444444444444,0.05555555555555555,0.64585,0.05436482842002058
2.5,2.5,0.4444444444444444,0.1111111111111111,0.5914739999999999,0.05966826566824036
2.5,2.5,0.4444444444444444,0.16666666666666666,0.539118,0.06488062165340483
2.5,2.5,0.4444444444444444,0.2222222222222222,0.480002,0.060339869038565065
2.5,2.5,0.4444444444444444,0.2777777777777778,0.413254,0.052019703797372134
2.5,2.5,0.4444444444444444,0.3333333333333333,0.36621000000000004,0.04924929325149289
2.5,2.5,0.4444444444444444,0.38888888888888884,0.321856,0.040812136982153975
2.5,2.5,0.4444444444444444,0.4444444444444444,0.29853,0.03651267520877926
2.5,2.5,0.4444444444444444,0.5,0.27787800000000007,0.03161008559023597
2.5,2.5,0.5555555555555556,0.0,0.6998,0.0497843445464922
2.5,2.5,0.5555555555555556,0.05555555555555555,0.6565,0.05557783543448923
2.5,2.5,0.5555555555555556,0.1111111111111111,0.6083399999999999,0.06064110063457247
2.5,2.5,0.5555555555555556,0.16666666666666666,0.552378,0.06443768731956624
2.5,2.5,0.5555555555555556,0.2222222222222222,0.482188,0.06147828735115563
2.5,2.5,0.5555555555555556,0.2777777777777778,0.41409,0.0542914821133124
2.5,2.5,0.5555555555555556,0.3333333333333333,0.36319999999999997,0.047840248523157936
2.5,2.5,0.5555555555555556,0.38888888888888884,0.326144,0.04259808043696133
2.5,2.5,0.5555555555555556,0.4444444444444444,0.29536599999999996,0.037939462960081535
2.5,2.5,0.5555555555555556,0.5,0.274952,0.03216044596346789
2.5,2.5,0.6666666666666666,0.0,0.69821,0.05373330844898486
2.5,2.5,0.6666666666666666,0.05555555555555555,0.663078,0.05621394784093826
2.5,2.5,0.6666666666666666,0.1111111111111111,0.6210260000000001,0.062255447999441965
2.5,2.5,0.6666666666666666,0.16666666666666666,0.556592,0.06341065650754166
2.5,2.5,0.6666666666666666,0.2222222222222222,0.477828,0.059878219900368394
2.5,2.5,0.6666666666666666,0.2777777777777778,0.41484000000000004,0.05585482901099685
2.5,2.5,0.6666666666666666,0.3333333333333333,0.36376800000000004,0.04615238087597477
2.5,2.5,0.6666666666666666,0.38888888888888884,0.32538,0.03962746866183973
2.5,2.5,0.6666666666666666,0.4444444444444444,0.29797199999999996,0.03612452322670451
2.5,2.5,0.6666666666666666,0.5,0.275814,0.03233931146657678
2.5,2.5,0.7777777777777777,0.0,0.6959939999999999,0.05361207394744109
2.5,2.5,0.7777777777777777,0.05555555555555555,0.669712,0.05621370845297499
2.5,2.5,0.7777777777777777,0.1111111111111111,0.6305080000000001,0.06298040169763919
2.5,2.5,0.7777777777777777,0.16666666666666666,0.559216,0.062219996785599405
2.5,2.5,0.7777777777777777,0.2222222222222222,0.47740600000000005,0.06132897888684113
2.5,2.5,0.7777777777777777,0.2777777777777778,0.413754,0.054122860716190976
2.5,2.5,0.7777777777777777,0.3333333333333333,0.363036,0.04615807447976311
2.5,2.5,0.7777777777777777,0.38888888888888884,0.32683000000000006,0.04258219800778664
2.5,2.5,0.7777777777777777,0.4444444444444444,0.299626,0.03712064126622858
2.5,2.5,0.7777777777777777,0.5,0.27346799999999993,0.03263917289415326
2.5,2.5,0.8888888888888888,0.0,0.6982659999999999,0.0556469262835749
2.5,2.5,0.8888888888888888,0.05555555555555555,0.6762100000000001,0.05594208553377086
2.5,2.5,0.8888888888888888,0.1111111111111111,0.645112,0.061519075491253905
2.5,2.5,0.8888888888888888,0.16666666666666666,0.55675,0.06568021987299623
2.5,2.5,0.8888888888888888,0.2222222222222222,0.48165800000000003,0.06005042166616792
2.5,2.5,0.8888888888888888,0.2777777777777778,0.413928,0.05229608567717386
2.5,2.5,0.8888888888888888,0.3333333333333333,0.361908,0.04490046368667652
2.5,2.5,0.8888888888888888,0.38888888888888884,0.326286,0.039964666307955234
2.5,2.5,0.8888888888888888,0.4444444444444444,0.29836,0.03687283025782594
2.5,2.5,0.8888888888888888,0.5,0.27638999999999997,0.03265631285891103
2.5,2.5,1.0,0.0,0.7011839999999999,0.048008872593463287
2.5,2.5,1.0,0.05555555555555555,0.6786100000000002,0.056844070902721124
2.5,2.5,1.0,0.1111111111111111,0.648738,0.054024463359505615
2.5,2.5,1.0,0.16666666666666666,0.5604359999999999,0.06453445044771962
2.5,2.5,1.0,0.2222222222222222,0.475226,0.05838177615981849
2.5,2.5,1.0,0.2777777777777778,0.41604800000000003,0.05285179581283196
2.5,2.5,1.0,0.3333333333333333,0.36500000000000005,0.045195234466001766
2.5,2.5,1.0,0.38888888888888884,0.327596,0.04045360022968396
2.5,2.5,1.0,0.4444444444444444,0.29660000000000003,0.037789205444097286
2.5,2.5,1.0,0.5,0.278296,0.032117525666056836
2.5,3.0,0.0,0.0,0.69786,0.052637836997425476
2.5,3.0,0.0,0.05555555555555555,0.62829,0.054978242189328466
2.5,3.0,0.0,0.1111111111111111,0.544982,0.05734676083229036
2.5,3.0,0.0,0.16666666666666666,0.476782,0.054898398376351354
2.5,3.0,0.0,0.2222222222222222,0.42204200000000003,0.05239418419132174
2.5,3.0,0.0,0.2777777777777778,0.37913,0.04571639835066092
2.5,3.0,0.0,0.3333333333333333,0.34150800000000003,0.03920510191329776
2.5,3.0,0.0,0.38888888888888884,0.31607999999999997,0.03631036332742954
2.5,3.0,0.0,0.4444444444444444,0.293144,0.029870114017573578
2.5,3.0,0.0,0.5,0.27193399999999995,0.030121890720889388
2.5,3.0,0.1111111111111111,0.0,0.6959480000000001,0.05367243945932614
2.5,3.0,0.1111111111111111,0.05555555555555555,0.629758,0.05976141136701135
2.5,3.0,0.1111111111111111,0.1111111111111111,0.5531600000000001,0.05714691540126867
2.5,3.0,0.1111111111111111,0.16666666666666666,0.495294,0.05761849830300497
2.5,3.0,0.1111111111111111,0.2222222222222222,0.43597400000000003,0.05184562915545582
2.5,3.0,0.1111111111111111,0.2777777777777778,0.387182,0.04618913018768582
2.5,3.0,0.1111111111111111,0.3333333333333333,0.348414,0.044691310458084825
2.5,3.0,0.1111111111111111,0.38888888888888884,0.318376,0.03895332266563902
2.5,3.0,0.1111111111111111,0.4444444444444444,0.290514,0.03543429104644155
2.5,3.0,0.1111111111111111,0.5,0.27466399999999996,0.03135655547317473
2.5,3.0,0.2222222222222222,0.0,0.69998,0.05185434742327191
2.5,3.0,0.2222222222222222,0.05555555555555555,0.63595,0.05701456674958854
2.5,3.0,0.2222222222222222,0.1111111111111111,0.5691299999999999,0.06018213088413795
2.5,3.0,0.2222222222222222,0.16666666666666666,0.5096339999999999,0.060591506875228164
2.5,3.0,0.2222222222222222,0.2222222222222222,0.446114,0.054414730816753284
2.5,3.0,0.2222222222222222,0.2777777777777778,0.408416,0.0497180320348547
2.5,3.0,0.2222222222222222,0.3333333333333333,0.361386,0.04885684175191786
2.5,3.0,0.2222222222222222,0.38888888888888884,0.32793600000000006,0.04029753947047821
2.5,3.0,0.2222222222222222,0.4444444444444444,0.29778999999999994,0.036803789721654365
2.5,3.0,0.2222222222222222,0.5,0.2750740000000001,0.03168470237716395
2.5,3.0,0.3333333333333333,0.0,0.69576,0.05468043800666928
2.5,3.0,0.3333333333333333,0.05555555555555555,0.642988,0.0557480721738627
2.5,3.0,0.3333333333333333,0.1111111111111111,0.57985,0.06347097469913722
2.5,3.0,0.3333333333333333,0.16666666666666666,0.517224,0.06092698925796416
2.5,3.0,0.3333333333333333,0.2222222222222222,0.46640799999999993,0.05891321643010405
2.5,3.0,0.3333333333333333,0.2777777777777778,0.41445800000000005,0.053752272972399956
2.5,3.0,0.3333333333333333,0.3333333333333333,0.365692,0.04866174129778202
2.5,3.0,0.3333333333333333,0.38888888888888884,0.32668200000000003,0.041401510190960236
2.5,3.0,0.3333333333333333,0.4444444444444444,0.29727200000000004,0.03594370481505298
2.5,3.0,0.3333333333333333,0.5,0.27544,0.033903292856787025
2.5,3.0,0.4444444444444444,0.0,0.69671,0.05220656041054418
2.5,3.0,0.4444444444444444,0.05555555555555555,0.6495160000000001,0.05657649284894012
2.5,3.0,0.4444444444444444,0.1111111111111111,0.5960799999999999,0.06107646247563028
2.5,3.0,0.4444444444444444,0.16666666666666666,0.5408,0.06022772416018249
2.5,3.0,0.4444444444444444,0.2222222222222222,0.47937599999999997,0.06199155207815107
2.5,3.0,0.4444444444444444,0.2777777777777778,0.416014,0.05406710930517032
2.5,3.0,0.4444444444444444,0.3333333333333333,0.364178,0.05023314696600459
2.5,3.0,0.4444444444444444,0.38888888888888884,0.32673599999999997,0.04160461744067321
2.5,3.0,0.4444444444444444,0.4444444444444444,0.299512,0.03746450365436777
2.5,3.0,0.4444444444444444,0.5,0.276004,0.03140191306733679
2.5,3.0,0.5555555555555556,0.0,0.700566,0.04769098976756532
2.5,3.0,0.5555555555555556,0.05555555555555555,0.65514,0.05922103225478804
2.5,3.0,0.5555555555555556,0.1111111111111111,0.608374,0.05963242554477141
2.5,3.0,0.5555555555555556,0.16666666666666666,0.5601659999999999,0.06047171322362548
2.5,3.0,0.5555555555555556,0.2222222222222222,0.482126,0.06091468889065503
2.5,3.0,0.5555555555555556,0.2777777777777778,0.41490799999999994,0.053929958435304466
2.5,3.0,0.5555555555555556,0.3333333333333333,0.363708,0.04242695876043107
2.5,3.0,0.5555555555555556,0.38888888888888884,0.32570000000000005,0.04190506017339997
2.5,3.0,0.5555555555555556,0.4444444444444444,0.29690000000000005,0.03590649736616219
2.5,3.0,0.5555555555555556,0.5,0.276158,0.03384180212610263
2.5,3.0,0.6666666666666666,0.0,0.697502,0.0505157170724388
2.5,3.0,0.6666666666666666,0.05555555555555555,0.6631079999999999,0.059411343626474274
2.5,3.0,0.6666666666666666,0.1111111111111111,0.6247659999999999,0.05994890312567815
2.5,3.0,0.6666666666666666,0.16666666666666666,0.558412,0.06276972465022712
2.5,3.0,0.6666666666666666,0.2222222222222222,0.480962,0.06061383199615841
2.5,3.0,0.6666666666666666,0.2777777777777778,0.414568,0.05251461649761696
2.5,3.0,0.6666666666666666,0.3333333333333333,0.36221800000000004,0.04413413781009527
2.5,3.0,0.6666666666666666,0.38888888888888884,0.32997400000000005,0.040871092674809484
2.5,3.0,0.6666666666666666,0.4444444444444444,0.29973600000000006,0.03726762745483302
2.5,3.0,0.6666666666666666,0.5,0.27572,0.03419421132554972
2.5,3.0,0.7777777777777777,0.0,0.6981900000000001,0.050003666198255234
2.5,3.0,0.7777777777777777,0.05555555555555555,0.666528,0.054771974168443274
2.5,3.0,0.7777777777777777,0.1111111111111111,0.634336,0.06117712305077396
2.5,3.0,0.7777777777777777,0.16666666666666666,0.557548,0.06032051745178669
2.5,3.0,0.7777777777777777,0.2222222222222222,0.481692,0.05708153588927822
2.5,3.0,0.7777777777777777,0.2777777777777778,0.41717,0.055921153876702184
2.5,3.0,0.7777777777777777,0.3333333333333333,0.362302,0.04492633467237438
2.5,3.0,0.7777777777777777,0.38888888888888884,0.32765999999999995,0.044695993821901474
2.5,3.0,0.7777777777777777,0.4444444444444444,0.29643600000000003,0.03715155960066176
2.5,3.0,0.7777777777777777,0.5,0.27649799999999997,0.03321820124250522
2.5,3.0,0.8888888888888888,0.0,0.7034760000000001,0.05387729530980374
2.5,3.0,0.8888888888888888,0.05555555555555555,0.6786880000000001,0.054520010262637295
2.5,3.0,0.8888888888888888,0.1111111111111111,0.651912,0.05974149603665274
2.5,3.0,0.8888888888888888,0.16666666666666666,0.558896,0.057846431205446136
2.5,3.0,0.8888888888888888,0.2222222222222222,0.47556,0.05824846923599515
2.5,3.0,0.8888888888888888,0.2777777777777778,0.415682,0.05335517242826322
2.5,3.0,0.8888888888888888,0.3333333333333333,0.364908,0.04698999526825494
2.5,3.0,0.8888888888888888,0.38888888888888884,0.324008,0.039105119315933905
2.5,3.0,0.8888888888888888,0.4444444444444444,0.298502,0.03570119250518931
2.5,3.0,0.8888888888888888,0.5,0.27701,0.03291054706650184
2.5,3.0,1.0,0.0,0.70188,0.04907813083086706
2.5,3.0,1.0,0.05555555555555555,0.684162,0.05816478350411149
2.5,3.0,1.0,0.1111111111111111,0.6457860000000001,0.05997033505135972
2.5,3.0,1.0,0.16666666666666666,0.562178,0.05946810259671066
2.5,3.0,1.0,0.2222222222222222,0.48001800000000006,0.059783122362744474
2.5,3.0,1.0,0.2777777777777778,0.411522,0.05219941641578282
2.5,3.0,1.0,0.3333333333333333,0.362266,0.04698431968852147
2.5,3.0,1.0,0.38888888888888884,0.32280600000000004,0.04060080312541684
2.5,3.0,1.0,0.4444444444444444,0.297828,0.03659213555901785
2.5,3.0,1.0,0.5,0.275994,0.03163148852223468
3.0,0.0,0.0,0.0,0.7038120000000001,0.04978278122617524
3.0,0.0,0.0,0.05555555555555555,0.6229739999999999,0.059160165435440566
3.0,0.0,0.0,0.1111111111111111,0.5524560000000001,0.05876719518967126
3.0,0.0,0.0,0.16666666666666666,0.49394199999999994,0.05226396157352328
3.0,0.0,0.0,0.2222222222222222,0.44061,0.04824010899896957
3.0,0.0,0.0,0.2777777777777778,0.39593599999999995,0.045453977076424554
3.0,0.0,0.0,0.3333333333333333,0.364068,0.04105574898902832
3.0,0.0,0.0,0.38888888888888884,0.337936,0.03827602398400398
3.0,0.0,0.0,0.4444444444444444,0.31444,0.035224308421991986
3.0,0.0,0.0,0.5,0.298714,0.03384220432517915
3.0,0.0,0.1111111111111111,0.0,0.697076,0.05797423780005214
3.0,0.0,0.1111111111111111,0.05555555555555555,0.631432,0.056551334935312815
3.0,0.0,0.1111111111111111,0.1111111111111111,0.557264,0.05917710844852642
3.0,0.0,0.1111111111111111,0.16666666666666666,0.491286,0.059093996351656734
3.0,0.0,0.1111111111111111,0.2222222222222222,0.435322,0.05576876029866991
3.0,0.0,0.1111111111111111,0.2777777777777778,0.390452,0.051452331149924806
3.0,0.0,0.1111111111111111,0.3333333333333333,0.353372,0.04486793821605266
3.0,0.0,0.1111111111111111,0.38888888888888884,0.32253200000000004,0.04179160265058291
3.0,0.0,0.1111111111111111,0.4444444444444444,0.296572,0.034841881830046405
3.0,0.0,0.1111111111111111,0.5,0.28141000000000005,0.03390795480116126
3.0,0.0,0.2222222222222222,0.0,0.698362,0.054215067121659195
3.0,0.0,0.2222222222222222,0.05555555555555555,0.6321279999999999,0.05858142352627435
3.0,0.0,0.2222222222222222,0.1111111111111111,0.556192,0.05744418861478698
3.0,0.0,0.2222222222222222,0.16666666666666666,0.48732999999999993,0.06129308921543393
3.0,0.0,0.2222222222222222,0.2222222222222222,0.43078200000000005,0.05871436988047237
3.0,0.0,0.2222222222222222,0.2777777777777778,0.38023599999999996,0.05219840659735319
3.0,0.0,0.2222222222222222,0.3333333333333333,0.33536,0.04878543262976918
3.0,0.0,0.2222222222222222,0.38888888888888884,0.30574199999999996,0.043885159798057044
3.0,0.0,0.2222222222222222,0.4444444444444444,0.274204,0.041083403901725386
3.0,0.0,0.2222222222222222,0.5,0.25652800000000003,0.037010332955689305
3.0,0.0,0.3333333333333333,0.0,0.6986559999999999,0.052865027061114275
3.0,0.0,0.3333333333333333,0.05555555555555555,0.6309179999999999,0.058475585196971366
3.0,0.0,0.3333333333333333,0.1111111111111111,0.561272,0.061604514838581384
3.0,0.0,0.3333333333333333,0.16666666666666666,0.48837800000000003,0.06445709075887769
3.0,0.0,0.3333333333333333,0.2222222222222222,0.425346,0.0617253783192725
3.0,0.0,0.3333333333333333,0.2777777777777778,0.36498400000000003,0.058375226579057596
3.0,0.0,0.3333333333333333,0.3333333333333333,0.314362,0.05347011372836464
3.0,0.0,0.3333333333333333,0.38888888888888884,0.270056,0.04814179190948871
3.0,0.0,0.3333333333333333,0.4444444444444444,0.24379800000000001,0.04063909778202604
3.0,0.0,0.3333333333333333,0.5,0.22896400000000003,0.033487752434677553
3.0,0.0,0.4444444444444444,0.0,0.695198,0.052484626969582934
3.0,0.0,0.4444444444444444,0.05555555555555555,0.636864,0.060587649157736116
3.0,0.0,0.4444444444444444,0.1111111111111111,0.5592239999999999,0.06864755492801758
3.0,0.0,0.4444444444444444,0.16666666666666666,0.484582,0.07145375114790134
3.0,0.0,0.4444444444444444,0.2222222222222222,0.411298,0.0731525514768634
3.0,0.0,0.4444444444444444,0.2777777777777778,0.33820599999999995,0.06957647112831564
3.0,0.0,0.4444444444444444,0.3333333333333333,0.283674,0.06177841750756876
3.0,0.0,0.4444444444444444,0.38888888888888884,0.242202,0.04575031561374757
3.0,0.0,0.4444444444444444,0.4444444444444444,0.22537200000000002,0.0290718413575721
3.0,0.0,0.4444444444444444,0.5,0.222328,0.02266989776176898
3.0,0.0,0.5555555555555556,0.0,0.7027259999999999,0.052656170279816915
3.0,0.0,0.5555555555555556,0.05555555555555555,0.6369940000000001,0.05670934547080803
3.0,0.0,0.5555555555555556,0.1111111111111111,0.56634,0.06807752565272915
3.0,0.0,0.5555555555555556,0.16666666666666666,0.487134,0.07760492957401853
3.0,0.0,0.5555555555555556,0.2222222222222222,0.395914,0.07751433123683767
3.0,0.0,0.5555555555555556,0.2777777777777778,0.31376,0.0759023367852329
3.0,0.0,0.5555555555555556,0.3333333333333333,0.24171,0.05134844911438812
3.0,0.0,0.5555555555555556,0.38888888888888884,0.223114,0.026933916829000253
3.0,0.0,0.5555555555555556,0.4444444444444444,0.22137,0.02327945372924081
3.0,0.0,0.5555555555555556,0.5,0.22273400000000002,0.023767141140574564
3.0,0.0,0.6666666666666666,0.0,0.701654,0.05070305596083471
3.0,0.0,0.6666666666666666,0.05555555555555555,0.636682,0.06243236722209008
3.0,0.0,0.6666666666666666,0.1111111111111111,0.567202,0.07000739437040251
3.0,0.0,0.6666666666666666,0.16666666666666666,0.479726,0.08443381468419064
3.0,0.0,0.6666666666666666,0.2222222222222222,0.368332,0.09606042361957365
3.0,0.0,0.6666666666666666,0.2777777777777778,0.27252200000000004,0.07826765082927087
3.0,0.0,0.6666666666666666,0.3333333333333333,0.225976,0.035703177137552215
3.0,0.0,0.6666666666666666,0.38888888888888884,0.222398,0.023740826643135215
3.0,0.0,0.6666666666666666,0.4444444444444444,0.22175,0.022639890221874247
3.0,0.0,0.6666666666666666,0.5,0.22061599999999998,0.022074036108973835
3.0,0.0,0.7777777777777777,0.0,0.6960839999999999,0.054414988062589
3.0,0.0,0.7777777777777777,0.05555555555555555,0.634682,0.06168668714351163
3.0,0.0,0.7777777777777777,0.1111111111111111,0.568644,0.07830151670969136
3.0,0.0,0.7777777777777777,0.16666666666666666,0.47199,0.09467354466861501
3.0,0.0,0.7777777777777777,0.2222222222222222,0.33198400000000006,0.10751777475271496
3.0,0.0,0.7777777777777777,0.2777777777777778,0.23460599999999998,0.05250459245110768
3.0,0.0,0.7777777777777777,0.3333333333333333,0.222436,0.023769220763656153
3.0,0.0,0.7777777777777777,0.38888888888888884,0.221958,0.021059326353255126
3.0,0.0,0.7777777777777777,0.4444444444444444,0.22186400000000003,0.02228467449694677
3.0,0.0,0.7777777777777777,0.5,0.220546,0.02283749079850814
3.0,0.0,0.8888888888888888,0.0,0.69887,0.05170082252827512
3.0,0.0,0.8888888888888888,0.05555555555555555,0.6401720000000001,0.06880988312758614
3.0,0.0,0.8888888888888888,0.1111111111111111,0.5720599999999999,0.08129111199743523
3.0,0.0,0.8888888888888888,0.16666666666666666,0.462724,0.11204660059729979
3.0,0.0,0.8888888888888888,0.2222222222222222,0.295332,0.11294774083761322
3.0,0.0,0.8888888888888888,0.2777777777777778,0.22728200000000004,0.040433404462063116
3.0,0.0,0.8888888888888888,0.3333333333333333,0.221364,0.022012555717554397
3.0,0.0,0.8888888888888888,0.38888888888888884,0.221482,0.0224252415576251
3.0,0.0,0.8888888888888888,0.4444444444444444,0.22168200000000002,0.02232293670210109
3.0,0.0,0.8888888888888888,0.5,0.22017200000000003,0.022010254851711156
3.0,0.0,1.0,0.0,0.6976079999999999,0.05386599508830879
3.0,0.0,1.0,0.05555555555555555,0.6443920000000001,0.06378824512739684
3.0,0.0,1.0,0.1111111111111111,0.572956,0.08133920454733243
3.0,0.0,1.0,0.16666666666666666,0.44200199999999995,0.13489588502097155
3.0,0.0,1.0,0.2222222222222222,0.25810400000000006,0.0969009637596815
3.0,0.0,1.0,0.2777777777777778,0.220524,0.0234532200574276
3.0,0.0,1.0,0.3333333333333333,0.222336,0.022099680897958305
3.0,0.0,1.0,0.38888888888888884,0.221314,0.022394159970885338
3.0,0.0,1.0,0.4444444444444444,0.22279000000000002,0.022982565056868357
3.0,0.0,1.0,0.5,0.221704,0.023957970546467637
3.0,0.5,0.0,0.0,0.696238,0.05231204886939363
3.0,0.5,0.0,0.05555555555555555,0.625308,0.05690516260465411
3.0,0.5,0.0,0.1111111111111111,0.552104,0.05845222415800819
3.0,0.5,0.0,0.16666666666666666,0.49323400000000006,0.05126464055020267
3.0,0.5,0.0,0.2222222222222222,0.43856,0.052349319982261576
3.0,0.5,0.0,0.2777777777777778,0.395988,0.04709487988542752
3.0,0.5,0.0,0.3333333333333333,0.36141,0.03961318352035386
3.0,0.5,0.0,0.38888888888888884,0.33553,0.03631123947518797
3.0,0.5,0.0,0.4444444444444444,0.31514600000000004,0.03510740297269187
3.0,0.5,0.0,0.5,0.293922,0.031050090696558827
3.0,0.5,0.1111111111111111,0.0,0.697914,0.05328941853929833
3.0,0.5,0.1111111111111111,0.05555555555555555,0.626448,0.05898686460893464
3.0,0.5,0.1111111111111111,0.1111111111111111,0.5584300000000001,0.05952451121067471
3.0,0.5,0.1111111111111111,0.16666666666666666,0.49529199999999995,0.05634942103075241
3.0,0.5,0.1111111111111111,0.2222222222222222,0.443702,0.05593251369441886
3.0,0.5,0.1111111111111111,0.2777777777777778,0.393376,0.04885636614634834
3.0,0.5,0.1111111111111111,0.3333333333333333,0.358632,0.04377470760670029
3.0,0.5,0.1111111111111111,0.38888888888888884,0.32834399999999997,0.0384805297044189
3.0,0.5,0.1111111111111111,0.4444444444444444,0.308588,0.03636541134491083
3.0,0.5,0.1111111111111111,0.5,0.287726,0.03623330828476082
3.0,0.5,0.2222222222222222,0.0,0.697772,0.05233114860413879
3.0,0.5,0.2222222222222222,0.05555555555555555,0.633824,0.0584699452110738
3.0,0.5,0.2222222222222222,0.1111111111111111,0.5658479999999999,0.060507083140905416
3.0,0.5,0.2222222222222222,0.16666666666666666,0.501942,0.05879190089818873
3.0,0.5,0.2222222222222222,0.2222222222222222,0.440066,0.058700708602032754
3.0,0.5,0.2222222222222222,0.2777777777777778,0.39237199999999994,0.05109347024231967
3.0,0.5,0.2222222222222222,0.3333333333333333,0.353182,0.047894808710368664
3.0,0.5,0.2222222222222222,0.38888888888888884,0.32432,0.04652589513201945
3.0,0.5,0.2222222222222222,0.4444444444444444,0.29629,0.04094458227452407
3.0,0.5,0.2222222222222222,0.5,0.273958,0.03529759306457459
3.0,0.5,0.3333333333333333,0.0,0.6982719999999999,0.05149623034241398
3.0,0.5,0.3333333333333333,0.05555555555555555,0.63559,0.060375826129018914
3.0,0.5,0.3333333333333333,0.1111111111111111,0.568962,0.06364597533507288
3.0,0.5,0.3333333333333333,0.16666666666666666,0.50799,0.06342064534923171
3.0,0.5,0.3333333333333333,0.2222222222222222,0.445538,0.06031228481328491
3.0,0.5,0.3333333333333333,0.2777777777777778,0.39341200000000004,0.057093972531247095
3.0,0.5,0.3333333333333333,0.3333333333333333,0.34496,0.05274267702686242
3.0,0.5,0.3333333333333333,0.38888888888888884,0.3048779999999999,0.04875433402449822
3.0,0.5,0.3333333333333333,0.4444444444444444,0.27851600000000004,0.040148194218395376
3.0,0.5,0.3333333333333333,0.5,0.2635,0.034411368536708016
3.0,0.5,0.4444444444444444,0.0,0.701872,0.05292755679735344
3.0,0.5,0.4444444444444444,0.05555555555555555,0.6374200000000001,0.05971417893878024
3.0,0.5,0.4444444444444444,0.1111111111111111,0.5705399999999999,0.0663637604223479
3.0,0.5,0.4444444444444444,0.16666666666666666,0.514486,0.07097021450364502
3.0,0.5,0.4444444444444444,0.2222222222222222,0.443826,0.06475212273584238
3.0,0.5,0.4444444444444444,0.2777777777777778,0.387418,0.06403258248140924
3.0,0.5,0.4444444444444444,0.3333333333333333,0.325668,0.05814622725067357
3.0,0.5,0.4444444444444444,0.38888888888888884,0.295014,0.050446958235263115
3.0,0.5,0.4444444444444444,0.4444444444444444,0.277426,0.040686303279471064
3.0,0.5,0.4444444444444444,0.5,0.25972199999999995,0.032887381710186396
3.0,0.5,0.5555555555555556,0.0,0.69971,0.05194599766436961
3.0,0.5,0.5555555555555556,0.05555555555555555,0.650924,0.054930546637620634
3.0,0.5,0.5555555555555556,0.1111111111111111,0.5820599999999999,0.0636701199020127
3.0,0.5,0.5555555555555556,0.16666666666666666,0.5154359999999999,0.07217115250921949
3.0,0.5,0.5555555555555556,0.2222222222222222,0.448778,0.07374747518520472
3.0,0.5,0.5555555555555556,0.2777777777777778,0.38070399999999993,0.0737911556577522
3.0,0.5,0.5555555555555556,0.3333333333333333,0.32951400000000003,0.05883377116298527
3.0,0.5,0.5555555555555556,0.38888888888888884,0.29678200000000005,0.047145858141301865
3.0,0.5,0.5555555555555556,0.4444444444444444,0.27056600000000003,0.03826803534358821
3.0,0.5,0.5555555555555556,0.5,0.25839200000000007,0.03190062123643583
3.0,0.5,0.6666666666666666,0.0,0.692962,0.052278050318371475
3.0,0.5,0.6666666666666666,0.05555555555555555,0.6454500000000001,0.06264452228523008
3.0,0.5,0.6666666666666666,0.1111111111111111,0.5924459999999999,0.0656847322602765
3.0,0.5,0.6666666666666666,0.16666666666666666,0.529696,0.0766716679963772
3.0,0.5,0.6666666666666666,0.2222222222222222,0.452706,0.0782529655491373
3.0,0.5,0.6666666666666666,0.2777777777777778,0.380654,0.0769485831767279
3.0,0.5,0.6666666666666666,0.3333333333333333,0.322012,0.05908269955556827
3.0,0.5,0.6666666666666666,0.38888888888888884,0.299602,0.04545168100976273
3.0,0.5,0.6666666666666666,0.4444444444444444,0.275828,0.040260554398579285
3.0,0.5,0.6666666666666666,0.5,0.26326599999999994,0.03331641052725881
3.0,0.5,0.7777777777777777,0.0,0.695496,0.0521516401577389
3.0,0.5,0.7777777777777777,0.05555555555555555,0.6569440000000001,0.06045519435954284
3.0,0.5,0.7777777777777777,0.1111111111111111,0.595062,0.07265945877791687
3.0,0.5,0.7777777777777777,0.16666666666666666,0.533472,0.08117526756425418
3.0,0.5,0.7777777777777777,0.2222222222222222,0.455202,0.09436893656482917
3.0,0.5,0.7777777777777777,0.2777777777777778,0.378848,0.07741345219767895
3.0,0.5,0.7777777777777777,0.3333333333333333,0.326914,0.059043228312984704
3.0,0.5,0.7777777777777777,0.38888888888888884,0.29427800000000004,0.04561216565030234
3.0,0.5,0.7777777777777777,0.4444444444444444,0.27457,0.03856962966720488
3.0,0.5,0.7777777777777777,0.5,0.26176800000000006,0.03228285212124486
3.0,0.5,0.8888888888888888,0.0,0.700684,0.05168398797719128
3.0,0.5,0.8888888888888888,0.05555555555555555,0.655848,0.0646317214286426
3.0,0.5,0.8888888888888888,0.1111111111111111,0.60798,0.07022651298656729
3.0,0.5,0.8888888888888888,0.16666666666666666,0.5460440000000001,0.08573138167326602
3.0,0.5,0.8888888888888888,0.2222222222222222,0.455092,0.09973192291787919
3.0,0.5,0.8888888888888888,0.2777777777777778,0.386536,0.08360864497783743
3.0,0.5,0.8888888888888888,0.3333333333333333,0.32320400000000005,0.056332522490834376
3.0,0.5,0.8888888888888888,0.38888888888888884,0.293062,0.046296402341213065
3.0,0.5,0.8888888888888888,0.4444444444444444,0.271802,0.03900263076271683
3.0,0.5,0.8888888888888888,0.5,0.26030600000000004,0.0320397480469154
3.0,0.5,1.0,0.0,0.6974960000000001,0.04968475756475558
3.0,0.5,1.0,0.05555555555555555,0.6621900000000001,0.05953424689291208
3.0,0.5,1.0,0.1111111111111111,0.6155819999999999,0.07129896465392357
3.0,0.5,1.0,0.16666666666666666,0.5503020000000001,0.09040810830946631
3.0,0.5,1.0,0.2222222222222222,0.46154199999999995,0.10095869230087227
3.0,0.5,1.0,0.2777777777777778,0.37625400000000003,0.07874276048410618
3.0,0.5,1.0,0.3333333333333333,0.325646,0.05780088726947258
3.0,0.5,1.0,0.38888888888888884,0.29282400000000003,0.04540171423317209
3.0,0.5,1.0,0.4444444444444444,0.27475599999999994,0.0393854655144201
3.0,0.5,1.0,0.5,0.25933799999999996,0.033498956942455166
3.0,1.0,0.0,0.0,0.6986499999999999,0.05265903006032097
3.0,1.0,0.0,0.05555555555555555,0.626204,0.05674545335931248
3.0,1.0,0.0,0.1111111111111111,0.556704,0.06116035940972103
3.0,1.0,0.0,0.16666666666666666,0.49413599999999996,0.05343467069295111
3.0,1.0,0.0,0.2222222222222222,0.439464,0.049942218155670834
3.0,1.0,0.0,0.2777777777777778,0.40076,0.044791908086842205
3.0,1.0,0.0,0.3333333333333333,0.36362,0.04256335134544167
3.0,1.0,0.0,0.38888888888888884,0.3385,0.03737426482678536
3.0,1.0,0.0,0.4444444444444444,0.316538,0.033213654567051165
3.0,1.0,0.0,0.5,0.297736,0.0331359969306066
3.0,1.0,0.1111111111111111,0.0,0.696682,0.05545993585436193
3.0,1.0,0.1111111111111111,0.05555555555555555,0.6283979999999999,0.05791441750990009
3.0,1.0,0.1111111111111111,0.1111111111111111,0.5655800000000001,0.05612421451485819
3.0,1.0,0.1111111111111111,0.16666666666666666,0.495788,0.05749021922564939
3.0,1.0,0.1111111111111111,0.2222222222222222,0.447934,0.055261064181110896
3.0,1.0,0.1111111111111111,0.2777777777777778,0.401134,0.04591998840014377
3.0,1.0,0.1111111111111111,0.3333333333333333,0.360996,0.04400733205443268
3.0,1.0,0.1111111111111111,0.38888888888888884,0.332026,0.04009829260879172
3.0,1.0,0.1111111111111111,0.4444444444444444,0.31308400000000003,0.0377482556631591
3.0,1.0,0.1111111111111111,0.5,0.292284,0.0355571647904592
3.0,1.0,0.2222222222222222,0.0,0.6985439999999999,0.05134394282610033
3.0,1.0,0.2222222222222222,0.05555555555555555,0.63321,0.05372771383996287
3.0,1.0,0.2222222222222222,0.1111111111111111,0.56644,0.058891653514801356
3.0,1.0,0.2222222222222222,0.16666666666666666,0.5092760000000001,0.0603370611307162
3.0,1.0,0.2222222222222222,0.2222222222222222,0.453108,0.055911936339662766
3.0,1.0,0.2222222222222222,0.2777777777777778,0.40514,0.04957774001111001
3.0,1.0,0.2222222222222222,0.3333333333333333,0.3652060000000001,0.0485238156513968
3.0,1.0,0.2222222222222222,0.38888888888888884,0.33626,0.04362929555770667
3.0,1.0,0.2222222222222222,0.4444444444444444,0.305896,0.04042555670946958
3.0,1.0,0.2222222222222222,0.5,0.28666400000000003,0.03721980294766384
3.0,1.0,0.3333333333333333,0.0,0.698122,0.054366115043562376
3.0,1.0,0.3333333333333333,0.05555555555555555,0.64205,0.05650079805065342
3.0,1.0,0.3333333333333333,0.1111111111111111,0.5781280000000001,0.06138840842845462
3.0,1.0,0.3333333333333333,0.16666666666666666,0.521028,0.061190880560157444
3.0,1.0,0.3333333333333333,0.2222222222222222,0.46146000000000004,0.05966358929678595
3.0,1.0,0.3333333333333333,0.2777777777777778,0.407646,0.05784632294412768
3.0,1.0,0.3333333333333333,0.3333333333333333,0.367288,0.05646458673460933
3.0,1.0,0.3333333333333333,0.38888888888888884,0.32858800000000005,0.044263266140886146
3.0,1.0,0.3333333333333333,0.4444444444444444,0.304174,0.04280739035889337
3.0,1.0,0.3333333333333333,0.5,0.28378600000000004,0.03564993744847472
3.0,1.0,0.4444444444444444,0.0,0.6960700000000001,0.05425916710039749
3.0,1.0,0.4444444444444444,0.05555555555555555,0.6452060000000001,0.05302050463569398
3.0,1.0,0.4444444444444444,0.1111111111111111,0.587566,0.06135034942646617
3.0,1.0,0.4444444444444444,0.16666666666666666,0.523154,0.06408084732576479
3.0,1.0,0.4444444444444444,0.2222222222222222,0.47339,0.06906467808886854
3.0,1.0,0.4444444444444444,0.2777777777777778,0.41847999999999996,0.06370269748868308
3.0,1.0,0.4444444444444444,0.3333333333333333,0.36713999999999997,0.05645034706152597
3.0,1.0,0.4444444444444444,0.38888888888888884,0.330476,0.04882627811813778
3.0,1.0,0.4444444444444444,0.4444444444444444,0.30376400000000003,0.04189179094162236
3.0,1.0,0.4444444444444444,0.5,0.282636,0.03911387598524567
3.0,1.0,0.5555555555555556,0.0,0.6937239999999999,0.05299710567965803
3.0,1.0,0.5555555555555556,0.05555555555555555,0.645302,0.06010824234325264
3.0,1.0,0.5555555555555556,0.1111111111111111,0.59345,0.06357467245653659
3.0,1.0,0.5555555555555556,0.16666666666666666,0.5425220000000001,0.06697235331251569
3.0,1.0,0.5555555555555556,0.2222222222222222,0.487232,0.0661793441126032
3.0,1.0,0.5555555555555556,0.2777777777777778,0.424796,0.06778832419964069
3.0,1.0,0.5555555555555556,0.3333333333333333,0.364422,0.060519394496478904
3.0,1.0,0.5555555555555556,0.38888888888888884,0.330402,0.04987130126013113
3.0,1.0,0.5555555555555556,0.4444444444444444,0.30388800000000005,0.04204234262200778
3.0,1.0,0.5555555555555556,0.5,0.28215200000000007,0.03619338085389745
3.0,1.0,0.6666666666666666,0.0,0.697048,0.054013299928242456
3.0,1.0,0.6666666666666666,0.05555555555555555,0.659912,0.061720686502051876
3.0,1.0,0.6666666666666666,0.1111111111111111,0.60319,0.059498891891131424
3.0,1.0,0.6666666666666666,0.16666666666666666,0.55011,0.06849359565164162
3.0,1.0,0.6666666666666666,0.2222222222222222,0.497146,0.07591024578296174
3.0,1.0,0.6666666666666666,0.2777777777777778,0.428952,0.07613863592000791
3.0,1.0,0.6666666666666666,0.3333333333333333,0.36528999999999995,0.05992438371420314
3.0,1.0,0.6666666666666666,0.38888888888888884,0.33072199999999996,0.052656415679615425
3.0,1.0,0.6666666666666666,0.4444444444444444,0.302692,0.04398684828040407
3.0,1.0,0.6666666666666666,0.5,0.28374800000000006,0.036266776174733485
3.0,1.0,0.7777777777777777,0.0,0.6978679999999999,0.0542354639243935
3.0,1.0,0.7777777777777777,0.05555555555555555,0.6616839999999999,0.05856414998381393
3.0,1.0,0.7777777777777777,0.1111111111111111,0.61619,0.061748227401070784
3.0,1.0,0.7777777777777777,0.16666666666666666,0.5646420000000001,0.07026852187382815
3.0,1.0,0.7777777777777777,0.2222222222222222,0.504626,0.07743535751313073
3.0,1.0,0.7777777777777777,0.2777777777777778,0.427844,0.07631032824194105
3.0,1.0,0.7777777777777777,0.3333333333333333,0.366504,0.06380325771769638
3.0,1.0,0.7777777777777777,0.38888888888888884,0.33061199999999996,0.05269876445943588
3.0,1.0,0.7777777777777777,0.4444444444444444,0.30132600000000004,0.04211230956899026
3.0,1.0,0.7777777777777777,0.5,0.28428,0.036974637898097
3.0,1.0,0.8888888888888888,0.0,0.6985180000000001,0.05403121709569093
3.0,1.0,0.8888888888888888,0.05555555555555555,0.666916,0.058183533677341776
3.0,1.0,0.8888888888888888,0.1111111111111111,0.627472,0.06302041225445484
3.0,1.0,0.8888888888888888,0.16666666666666666,0.58339,0.07625270388451415
3.0,1.0,0.8888888888888888,0.2222222222222222,0.505748,0.08433697853193338
3.0,1.0,0.8888888888888888,0.2777777777777778,0.431702,0.07830991048494641
3.0,1.0,0.8888888888888888,0.3333333333333333,0.369116,0.06040884870616231
3.0,1.0,0.8888888888888888,0.38888888888888884,0.326734,0.049192265672603534
3.0,1.0,0.8888888888888888,0.4444444444444444,0.302154,0.042802317235418955
3.0,1.0,0.8888888888888888,0.5,0.28104399999999996,0.03579626809625884
3.0,1.0,1.0,0.0,0.69811,0.05208708120115881
3.0,1.0,1.0,0.05555555555555555,0.6711220000000001,0.05693426153268825
3.0,1.0,1.0,0.1111111111111111,0.636702,0.06813667447724195
3.0,1.0,1.0,0.16666666666666666,0.593206,0.0805130814001868
3.0,1.0,1.0,0.2222222222222222,0.517208,0.08765148202170459
3.0,1.0,1.0,0.2777777777777778,0.428194,0.07925140967750506
3.0,1.0,1.0,0.3333333333333333,0.372536,0.06187812625652167
3.0,1.0,1.0,0.38888888888888884,0.33087,0.04993644357374269
3.0,1.0,1.0,0.4444444444444444,0.302892,0.04223306286783374
3.0,1.0,1.0,0.5,0.281308,0.03703950574686363
3.0,1.5,0.0,0.0,0.6964859999999999,0.05392574316178778
3.0,1.5,0.0,0.05555555555555555,0.623768,0.0590475350780843
3.0,1.5,0.0,0.1111111111111111,0.552134,0.05906458579038016
3.0,1.5,0.0,0.16666666666666666,0.49413599999999996,0.05268610020022945
3.0,1.5,0.0,0.2222222222222222,0.43934,0.05094749940272615
3.0,1.5,0.0,0.2777777777777778,0.396472,0.04577737817640292
3.0,1.5,0.0,0.3333333333333333,0.365442,0.04146353923837598
3.0,1.5,0.0,0.38888888888888884,0.337548,0.03830642845426657
3.0,1.5,0.0,0.4444444444444444,0.31830600000000003,0.034076543040207914
3.0,1.5,0.0,0.5,0.29894600000000005,0.032012883866764236
3.0,1.5,0.1111111111111111,0.0,0.699476,0.05137450831111103
3.0,1.5,0.1111111111111111,0.05555555555555555,0.628394,0.05499475985239362
3.0,1.5,0.1111111111111111,0.1111111111111111,0.5658479999999999,0.05650854206802106
3.0,1.5,0.1111111111111111,0.16666666666666666,0.504638,0.05737402298101513
3.0,1.5,0.1111111111111111,0.2222222222222222,0.450484,0.05187148586740296
3.0,1.5,0.1111111111111111,0.2777777777777778,0.40578,0.04727567640085456
3.0,1.5,0.1111111111111111,0.3333333333333333,0.37151,0.04650271933781532
3.0,1.5,0.1111111111111111,0.38888888888888884,0.34046799999999994,0.041648699912588114
3.0,1.5,0.1111111111111111,0.4444444444444444,0.314592,0.04028597094411179
3.0,1.5,0.1111111111111111,0.5,0.293598,0.03539771733863034
3.0,1.5,0.2222222222222222,0.0,0.696726,0.05241394248416605
3.0,1.5,0.2222222222222222,0.05555555555555555,0.636794,0.05876644070476118
3.0,1.5,0.2222222222222222,0.1111111111111111,0.5738099999999999,0.06117049582207289
3.0,1.5,0.2222222222222222,0.16666666666666666,0.511812,0.056155958181465994
3.0,1.5,0.2222222222222222,0.2222222222222222,0.45915200000000006,0.05801714292989181
3.0,1.5,0.2222222222222222,0.2777777777777778,0.415306,0.05241257979762191
3.0,1.5,0.2222222222222222,0.3333333333333333,0.37262599999999996,0.04978005858237744
3.0,1.5,0.2222222222222222,0.38888888888888884,0.343344,0.04358533039971252
3.0,1.5,0.2222222222222222,0.4444444444444444,0.317224,0.03982871422672225
3.0,1.5,0.2222222222222222,0.5,0.29616,0.0360520999085439
3.0,1.5,0.3333333333333333,0.0,0.694578,0.05194096305698011
3.0,1.5,0.3333333333333333,0.05555555555555555,0.6403240000000001,0.0534054614306556
3.0,1.5,0.3333333333333333,0.1111111111111111,0.581784,0.060290789533768846
3.0,1.5,0.3333333333333333,0.16666666666666666,0.5228400000000001,0.060663188548655926
3.0,1.5,0.3333333333333333,0.2222222222222222,0.476022,0.06393030332609673
3.0,1.5,0.3333333333333333,0.2777777777777778,0.419734,0.05531443407678025
3.0,1.5,0.3333333333333333,0.3333333333333333,0.37900799999999996,0.05086372157387512
3.0,1.5,0.3333333333333333,0.38888888888888884,0.3482,0.04791805797985893
3.0,1.5,0.3333333333333333,0.4444444444444444,0.318648,0.04361413166580212
3.0,1.5,0.3333333333333333,0.5,0.29369399999999996,0.036336056224691306
3.0,1.5,0.4444444444444444,0.0,0.7023440000000001,0.05018292853783313
3.0,1.5,0.4444444444444444,0.05555555555555555,0.6506900000000001,0.055027174012114405
3.0,1.5,0.4444444444444444,0.1111111111111111,0.5927859999999999,0.06047845476681728
3.0,1.5,0.4444444444444444,0.16666666666666666,0.534908,0.06133494507190781
3.0,1.5,0.4444444444444444,0.2222222222222222,0.481582,0.06427236692623511
3.0,1.5,0.4444444444444444,0.2777777777777778,0.437044,0.05846793191249584
3.0,1.5,0.4444444444444444,0.3333333333333333,0.388024,0.05578536939805773
3.0,1.5,0.4444444444444444,0.38888888888888884,0.348284,0.04936266493392306
3.0,1.5,0.4444444444444444,0.4444444444444444,0.31761399999999995,0.0406367283548118
3.0,1.5,0.4444444444444444,0.5,0.29543,0.03700193760836785
3.0,1.5,0.5555555555555556,0.0,0.701914,0.05227369972908684
3.0,1.5,0.5555555555555556,0.05555555555555555,0.656118,0.056096682179100445
3.0,1.5,0.5555555555555556,0.1111111111111111,0.603422,0.06128549371163586
3.0,1.5,0.5555555555555556,0.16666666666666666,0.556932,0.06507833553119673
3.0,1.5,0.5555555555555556,0.2222222222222222,0.5068860000000001,0.06630893419070324
3.0,1.5,0.5555555555555556,0.2777777777777778,0.44239,0.06735502430106602
3.0,1.5,0.5555555555555556,0.3333333333333333,0.39120399999999994,0.05835447603866815
3.0,1.5,0.5555555555555556,0.38888888888888884,0.347376,0.048312263179725846
3.0,1.5,0.5555555555555556,0.4444444444444444,0.31715,0.04422659248648863
3.0,1.5,0.5555555555555556,0.5,0.29814999999999997,0.03722944484042507
3.0,1.5,0.6666666666666666,0.0,0.69974,0.05146795411322663
3.0,1.5,0.6666666666666666,0.05555555555555555,0.65895,0.05876821339645798
3.0,1.5,0.6666666666666666,0.1111111111111111,0.618668,0.06321044927696363
3.0,1.5,0.6666666666666666,0.16666666666666666,0.56639,0.06631102626568841
3.0,1.5,0.6666666666666666,0.2222222222222222,0.514366,0.06814137169938794
3.0,1.5,0.6666666666666666,0.2777777777777778,0.45395800000000003,0.0678013737956478
3.0,1.5,0.6666666666666666,0.3333333333333333,0.39295800000000003,0.05954049358842692
3.0,1.5,0.6666666666666666,0.38888888888888884,0.349222,0.04804678660854245
3.0,1.5,0.6666666666666666,0.4444444444444444,0.32036000000000003,0.04356445941646122
3.0,1.5,0.6666666666666666,0.5,0.295524,0.03855357545495257
3.0,1.5,0.7777777777777777,0.0,0.69498,0.051655824923206806
3.0,1.5,0.7777777777777777,0.05555555555555555,0.666776,0.055575814580918786
3.0,1.5,0.7777777777777777,0.1111111111111111,0.6266079999999999,0.06052570576305767
3.0,1.5,0.7777777777777777,0.16666666666666666,0.5851459999999999,0.06556879759791903
3.0,1.5,0.7777777777777777,0.2222222222222222,0.5292460000000001,0.0758746030947746
3.0,1.5,0.7777777777777777,0.2777777777777778,0.44301599999999997,0.07013665264387926
3.0,1.5,0.7777777777777777,0.3333333333333333,0.39069600000000004,0.05934100009761523
3.0,1.5,0.7777777777777777,0.38888888888888884,0.347042,0.05006356916876614
3.0,1.5,0.7777777777777777,0.4444444444444444,0.316332,0.04205676305467736
3.0,1.5,0.7777777777777777,0.5,0.293298,0.037209707344203646
3.0,1.5,0.8888888888888888,0.0,0.6970919999999998,0.05056085775254754
3.0,1.5,0.8888888888888888,0.05555555555555555,0.6678480000000001,0.058258467144166916
3.0,1.5,0.8888888888888888,0.1111111111111111,0.6420319999999999,0.05929325726179518
3.0,1.5,0.8888888888888888,0.16666666666666666,0.59978,0.07279388366475575
3.0,1.5,0.8888888888888888,0.2222222222222222,0.526316,0.07675766817228422
3.0,1.5,0.8888888888888888,0.2777777777777778,0.447368,0.06861872656404039
3.0,1.5,0.8888888888888888,0.3333333333333333,0.386224,0.055572280687061264
3.0,1.5,0.8888888888888888,0.38888888888888884,0.349426,0.051969010767574944
3.0,1.5,0.8888888888888888,0.4444444444444444,0.31963400000000003,0.042847448602027716
3.0,1.5,0.8888888888888888,0.5,0.295164,0.037054272928834654
3.0,1.5,1.0,0.0,0.699952,0.0536398747979213
3.0,1.5,1.0,0.05555555555555555,0.677708,0.057770213181726475
3.0,1.5,1.0,0.1111111111111111,0.65199,0.06502370386350086
3.0,1.5,1.0,0.16666666666666666,0.619472,0.07695550347460577
3.0,1.5,1.0,0.2222222222222222,0.523556,0.07670247325090379
3.0,1.5,1.0,0.2777777777777778,0.446796,0.0699013503557916
3.0,1.5,1.0,0.3333333333333333,0.38543,0.06015338693639652
3.0,1.5,1.0,0.38888888888888884,0.351336,0.05106692437900546
3.0,1.5,1.0,0.4444444444444444,0.31635199999999997,0.04139617594374547
3.0,1.5,1.0,0.5,0.296752,0.037277630550760034
3.0,2.0,0.0,0.0,0.700156,0.05325673877030866
3.0,2.0,0.0,0.05555555555555555,0.625278,0.05545939239126965
3.0,2.0,0.0,0.1111111111111111,0.552984,0.05831192249110998
3.0,2.0,0.0,0.16666666666666666,0.49336,0.055112404722608664
3.0,2.0,0.0,0.2222222222222222,0.43841800000000003,0.04822030351773707
3.0,2.0,0.0,0.2777777777777778,0.399678,0.04611272147861508
3.0,2.0,0.0,0.3333333333333333,0.363396,0.04289423054477205
3.0,2.0,0.0,0.38888888888888884,0.33869199999999994,0.037248033074725864
3.0,2.0,0.0,0.4444444444444444,0.31584799999999996,0.034236371804100635
3.0,2.0,0.0,0.5,0.296606,0.0316572127996842
3.0,2.0,0.1111111111111111,0.0,0.70296,0.05158010677412038
3.0,2.0,0.1111111111111111,0.05555555555555555,0.63519,0.05720390260240897
3.0,2.0,0.1111111111111111,0.1111111111111111,0.5631860000000001,0.058682626947085634
3.0,2.0,0.1111111111111111,0.16666666666666666,0.5041640000000001,0.05391317431509166
3.0,2.0,0.1111111111111111,0.2222222222222222,0.446724,0.05384074177562843
3.0,2.0,0.1111111111111111,0.2777777777777778,0.41017600000000004,0.04729548339428405
3.0,2.0,0.1111111111111111,0.3333333333333333,0.375704,0.04398351376329467
3.0,2.0,0.1111111111111111,0.38888888888888884,0.34242999999999996,0.0409213172859432
3.0,2.0,0.1111111111111111,0.4444444444444444,0.322678,0.036567261933190744
3.0,2.0,0.1111111111111111,0.5,0.30062,0.03313081498852099
3.0,2.0,0.2222222222222222,0.0,0.6974159999999999,0.05137967190797097
3.0,2.0,0.2222222222222222,0.05555555555555555,0.6419400000000001,0.05834381201808469
3.0,2.0,0.2222222222222222,0.1111111111111111,0.5730259999999999,0.059897552182998505
3.0,2.0,0.2222222222222222,0.16666666666666666,0.5151979999999999,0.05548553040359564
3.0,2.0,0.2222222222222222,0.2222222222222222,0.46386800000000006,0.05620388179349639
3.0,2.0,0.2222222222222222,0.2777777777777778,0.416234,0.052330834854348605
3.0,2.0,0.2222222222222222,0.3333333333333333,0.38134799999999996,0.047568523467201494
3.0,2.0,0.2222222222222222,0.38888888888888884,0.34786,0.041695868991807376
3.0,2.0,0.2222222222222222,0.4444444444444444,0.32366,0.041009657203736
3.0,2.0,0.2222222222222222,0.5,0.302382,0.03579999098756058
3.0,2.0,0.3333333333333333,0.0,0.698794,0.05014499581424272
3.0,2.0,0.3333333333333333,0.05555555555555555,0.643308,0.051934569749542935
3.0,2.0,0.3333333333333333,0.1111111111111111,0.585836,0.05927721890712085
3.0,2.0,0.3333333333333333,0.16666666666666666,0.5281679999999999,0.060488589957363524
3.0,2.0,0.3333333333333333,0.2222222222222222,0.481264,0.05758258253693774
3.0,2.0,0.3333333333333333,0.2777777777777778,0.433416,0.054135276857154815
3.0,2.0,0.3333333333333333,0.3333333333333333,0.392248,0.05360557444167953
3.0,2.0,0.3333333333333333,0.38888888888888884,0.35297199999999995,0.04767999559521707
3.0,2.0,0.3333333333333333,0.4444444444444444,0.324834,0.04137426862445325
3.0,2.0,0.3333333333333333,0.5,0.304662,0.03887918386329311
3.0,2.0,0.4444444444444444,0.0,0.6952719999999999,0.0549557848873544
3.0,2.0,0.4444444444444444,0.05555555555555555,0.6469320000000001,0.06078675377802091
3.0,2.0,0.4444444444444444,0.1111111111111111,0.598306,0.06254031456502104
3.0,2.0,0.4444444444444444,0.16666666666666666,0.5470559999999999,0.05900128105670812
3.0,2.0,0.4444444444444444,0.2222222222222222,0.49685,0.05924650028137682
3.0,2.0,0.4444444444444444,0.2777777777777778,0.446286,0.06267609424317344
3.0,2.0,0.4444444444444444,0.3333333333333333,0.394642,0.05293757275525992
3.0,2.0,0.4444444444444444,0.38888888888888884,0.356342,0.04788275841162675
3.0,2.0,0.4444444444444444,0.4444444444444444,0.32856,0.04182929331890653
3.0,2.0,0.4444444444444444,0.5,0.30631600000000003,0.03785088536674
3.0,2.0,0.5555555555555556,0.0,0.6974539999999999,0.05262302013850017
3.0,2.0,0.5555555555555556,0.05555555555555555,0.658404,0.05665357923450345
3.0,2.0,0.5555555555555556,0.1111111111111111,0.60952,0.05791862164681524
3.0,2.0,0.5555555555555556,0.16666666666666666,0.559264,0.06003461179375155
3.0,2.0,0.5555555555555556,0.2222222222222222,0.51323,0.06329101520129393
3.0,2.0,0.5555555555555556,0.2777777777777778,0.453966,0.06407445603227284
3.0,2.0,0.5555555555555556,0.3333333333333333,0.39455,0.05736477084298111
3.0,2.0,0.5555555555555556,0.38888888888888884,0.359316,0.051646402059498615
3.0,2.0,0.5555555555555556,0.4444444444444444,0.322926,0.04106933045239008
3.0,2.0,0.5555555555555556,0.5,0.30209800000000003,0.03783304209481834
3.0,2.0,0.6666666666666666,0.0,0.6986979999999999,0.05226806575142024
3.0,2.0,0.6666666666666666,0.05555555555555555,0.663162,0.05913324985553351
3.0,2.0,0.6666666666666666,0.1111111111111111,0.6227239999999999,0.06118908425580602
3.0,2.0,0.6666666666666666,0.16666666666666666,0.581328,0.06580578408040491
3.0,2.0,0.6666666666666666,0.2222222222222222,0.52396,0.06974099233610064
3.0,2.0,0.6666666666666666,0.2777777777777778,0.453096,0.0601802135273746
3.0,2.0,0.6666666666666666,0.3333333333333333,0.394906,0.05326954526655744
3.0,2.0,0.6666666666666666,0.38888888888888884,0.35198199999999996,0.04747172638119687
3.0,2.0,0.6666666666666666,0.4444444444444444,0.329992,0.039006036427141774
3.0,2.0,0.6666666666666666,0.5,0.301568,0.03687884861204183
3.0,2.0,0.7777777777777777,0.0,0.699326,0.053195330720100256
3.0,2.0,0.7777777777777777,0.05555555555555555,0.6700119999999999,0.05659694589436022
3.0,2.0,0.7777777777777777,0.1111111111111111,0.639422,0.06338877020716487
3.0,2.0,0.7777777777777777,0.16666666666666666,0.599504,0.0648481344765613
3.0,2.0,0.7777777777777777,0.2222222222222222,0.52506,0.07216972591521569
3.0,2.0,0.7777777777777777,0.2777777777777778,0.451374,0.06701773554631275
3.0,2.0,0.7777777777777777,0.3333333333333333,0.402882,0.0570421571417383
3.0,2.0,0.7777777777777777,0.38888888888888884,0.356006,0.045777123698504875
3.0,2.0,0.7777777777777777,0.4444444444444444,0.327522,0.0397987612721501
3.0,2.0,0.7777777777777777,0.5,0.301514,0.03648962578020167
3.0,2.0,0.8888888888888888,0.0,0.697282,0.05402072707681576
3.0,2.0,0.8888888888888888,0.05555555555555555,0.6735740000000001,0.058972434408290114
3.0,2.0,0.8888888888888888,0.1111111111111111,0.653638,0.06124482683155578
3.0,2.0,0.8888888888888888,0.16666666666666666,0.604956,0.06896975945614772
3.0,2.0,0.8888888888888888,0.2222222222222222,0.522366,0.06952783819858875
3.0,2.0,0.8888888888888888,0.2777777777777778,0.456192,0.06213776097251457
3.0,2.0,0.8888888888888888,0.3333333333333333,0.401314,0.05764548036761969
3.0,2.0,0.8888888888888888,0.38888888888888884,0.35421199999999997,0.04633513727066948
3.0,2.0,0.8888888888888888,0.4444444444444444,0.32772199999999996,0.04185566280705678
3.0,2.0,0.8888888888888888,0.5,0.302188,0.03629986247952
3.0,2.0,1.0,0.0,0.7011179999999999,0.053583153927046316
3.0,2.0,1.0,0.05555555555555555,0.680312,0.055198118814333536
3.0,2.0,1.0,0.1111111111111111,0.6598059999999999,0.06315147330951451
3.0,2.0,1.0,0.16666666666666666,0.605902,0.07302271584965955
3.0,2.0,1.0,0.2222222222222222,0.5245400000000001,0.06937681662753589
3.0,2.0,1.0,0.2777777777777778,0.44992000000000004,0.06726507846990983
3.0,2.0,1.0,0.3333333333333333,0.39732399999999995,0.05452611501323813
3.0,2.0,1.0,0.38888888888888884,0.359242,0.048567035630145264
3.0,2.0,1.0,0.4444444444444444,0.326414,0.04128092578500796
3.0,2.0,1.0,0.5,0.30113000000000006,0.03822521987993973
3.0,2.5,0.0,0.0,0.69304,0.05229953041628124
3.0,2.5,0.0,0.05555555555555555,0.627562,0.05517244015180595
3.0,2.5,0.0,0.1111111111111111,0.560628,0.057505333167327796
3.0,2.5,0.0,0.16666666666666666,0.48888600000000004,0.05568189967937344
3.0,2.5,0.0,0.2222222222222222,0.44184199999999996,0.049929981394790934
3.0,2.5,0.0,0.2777777777777778,0.39979,0.044884107055084256
3.0,2.5,0.0,0.3333333333333333,0.36746,0.042877328865745856
3.0,2.5,0.0,0.38888888888888884,0.33770399999999995,0.04047885199604647
3.0,2.5,0.0,0.4444444444444444,0.31564800000000004,0.035568276604316974
3.0,2.5,0.0,0.5,0.296212,0.03128713514611561
3.0,2.5,0.1111111111111111,0.0,0.69802,0.05488829611219682
3.0,2.5,0.1111111111111111,0.05555555555555555,0.628758,0.05917423947322407
3.0,2.5,0.1111111111111111,0.1111111111111111,0.5608879999999999,0.05749823954785228
3.0,2.5,0.1111111111111111,0.16666666666666666,0.50569,0.05402906792052517
3.0,2.5,0.1111111111111111,0.2222222222222222,0.454632,0.0513249752280927
3.0,2.5,0.1111111111111111,0.2777777777777778,0.40974,0.049357275870561636
3.0,2.5,0.1111111111111111,0.3333333333333333,0.375264,0.042732639292721475
3.0,2.5,0.1111111111111111,0.38888888888888884,0.34486,0.04187949598990821
3.0,2.5,0.1111111111111111,0.4444444444444444,0.32079,0.03646116747262673
3.0,2.5,0.1111111111111111,0.5,0.29879200000000006,0.03518637375171802
3.0,2.5,0.2222222222222222,0.0,0.695136,0.05282319645921038
3.0,2.5,0.2222222222222222,0.05555555555555555,0.640654,0.05532938609755094
3.0,2.5,0.2222222222222222,0.1111111111111111,0.5785560000000001,0.0624819562250368
3.0,2.5,0.2222222222222222,0.16666666666666666,0.519518,0.05881901928849307
3.0,2.5,0.2222222222222222,0.2222222222222222,0.468892,0.058819689285947364
3.0,2.5,0.2222222222222222,0.2777777777777778,0.42252,0.05167256242354185
3.0,2.5,0.2222222222222222,0.3333333333333333,0.389654,0.04660306831048685
3.0,2.5,0.2222222222222222,0.38888888888888884,0.352284,0.043980403542846026
3.0,2.5,0.2222222222222222,0.4444444444444444,0.32850799999999997,0.0392500071608178
3.0,2.5,0.2222222222222222,0.5,0.304574,0.03472249742825695
3.0,2.5,0.3333333333333333,0.0,0.701004,0.04884452435143817
3.0,2.5,0.3333333333333333,0.05555555555555555,0.645366,0.058056085487434024
3.0,2.5,0.3333333333333333,0.1111111111111111,0.589066,0.05754341085010976
3.0,2.5,0.3333333333333333,0.16666666666666666,0.535588,0.06070512730372883
3.0,2.5,0.3333333333333333,0.2222222222222222,0.482688,0.055095459661851455
3.0,2.5,0.3333333333333333,0.2777777777777778,0.438146,0.055750308319824665
3.0,2.5,0.3333333333333333,0.3333333333333333,0.39599599999999996,0.050792200969821316
3.0,2.5,0.3333333333333333,0.38888888888888884,0.35893,0.04555994421675764
3.0,2.5,0.3333333333333333,0.4444444444444444,0.325042,0.040889413351728306
3.0,2.5,0.3333333333333333,0.5,0.305712,0.035291188588427676
3.0,2.5,0.4444444444444444,0.0,0.698932,0.05229045763731505
3.0,2.5,0.4444444444444444,0.05555555555555555,0.64746,0.05735202620500552
3.0,2.5,0.4444444444444444,0.1111111111111111,0.600262,0.05901874091811107
3.0,2.5,0.4444444444444444,0.16666666666666666,0.5546019999999998,0.06277679067054787
3.0,2.5,0.4444444444444444,0.2222222222222222,0.505482,0.06080552853648427
3.0,2.5,0.4444444444444444,0.2777777777777778,0.45008800000000004,0.06046632624211956
3.0,2.5,0.4444444444444444,0.3333333333333333,0.39822,0.05121591295172778
3.0,2.5,0.4444444444444444,0.38888888888888884,0.354702,0.04713164520743913
3.0,2.5,0.4444444444444444,0.4444444444444444,0.330452,0.041201636444337775
3.0,2.5,0.4444444444444444,0.5,0.305398,0.03778400266932331
3.0,2.5,0.5555555555555556,0.0,0.697962,0.05042779472634039
3.0,2.5,0.5555555555555556,0.05555555555555555,0.657492,0.05592320399879626
3.0,2.5,0.5555555555555556,0.1111111111111111,0.6145940000000001,0.059646127158181364
3.0,2.5,0.5555555555555556,0.16666666666666666,0.57416,0.06126114801824257
3.0,2.5,0.5555555555555556,0.2222222222222222,0.511022,0.06037114265716248
3.0,2.5,0.5555555555555556,0.2777777777777778,0.44747000000000003,0.05554652042984986
3.0,2.5,0.5555555555555556,0.3333333333333333,0.396106,0.050360372300017726
3.0,2.5,0.5555555555555556,0.38888888888888884,0.35764199999999996,0.042577358995104383
3.0,2.5,0.5555555555555556,0.4444444444444444,0.33055399999999996,0.03798690687840189
3.0,2.5,0.5555555555555556,0.5,0.306464,0.036687609152555326
3.0,2.5,0.6666666666666666,0.0,0.7030599999999999,0.05007321693388808
3.0,2.5,0.6666666666666666,0.05555555555555555,0.6606559999999999,0.05714704921926361
3.0,2.5,0.6666666666666666,0.1111111111111111,0.625632,0.058250242553272095
3.0,2.5,0.6666666666666666,0.16666666666666666,0.589482,0.06108728992171743
3.0,2.5,0.6666666666666666,0.2222222222222222,0.517,0.06368210754712257
3.0,2.5,0.6666666666666666,0.2777777777777778,0.4436300000000001,0.058155353927052685
3.0,2.5,0.6666666666666666,0.3333333333333333,0.398596,0.05283020770062695
3.0,2.5,0.6666666666666666,0.38888888888888884,0.354272,0.045883598651920286
3.0,2.5,0.6666666666666666,0.4444444444444444,0.327272,0.04123001144418195
3.0,2.5,0.6666666666666666,0.5,0.304938,0.03527069889300184
3.0,2.5,0.7777777777777777,0.0,0.695406,0.05334165190219844
3.0,2.5,0.7777777777777777,0.05555555555555555,0.6707139999999999,0.05363735765557943
3.0,2.5,0.7777777777777777,0.1111111111111111,0.64449,0.060278261734022745
3.0,2.5,0.7777777777777777,0.16666666666666666,0.5940799999999999,0.06558976776350517
3.0,2.5,0.7777777777777777,0.2222222222222222,0.5135740000000001,0.06383596623511185
3.0,2.5,0.7777777777777777,0.2777777777777778,0.44837800000000005,0.05987584947791057
3.0,2.5,0.7777777777777777,0.3333333333333333,0.397428,0.05456059505784493
3.0,2.5,0.7777777777777777,0.38888888888888884,0.357432,0.046813206776051074
3.0,2.5,0.7777777777777777,0.4444444444444444,0.329312,0.041303590997133856
3.0,2.5,0.7777777777777777,0.5,0.307778,0.035811585490042486
3.0,2.5,0.8888888888888888,0.0,0.6965820000000001,0.05154381442628419
3.0,2.5,0.8888888888888888,0.05555555555555555,0.681702,0.05917069831494433
3.0,2.5,0.8888888888888888,0.1111111111111111,0.652768,0.05731163427128641
3.0,2.5,0.8888888888888888,0.16666666666666666,0.593094,0.06455307399903935
3.0,2.5,0.8888888888888888,0.2222222222222222,0.517732,0.06286656174128136
3.0,2.5,0.8888888888888888,0.2777777777777778,0.44646800000000003,0.057008674374237255
3.0,2.5,0.8888888888888888,0.3333333333333333,0.39023399999999997,0.05241153672966219
3.0,2.5,0.8888888888888888,0.38888888888888884,0.35817600000000005,0.04315690049250804
3.0,2.5,0.8888888888888888,0.4444444444444444,0.329202,0.03953062783556756
3.0,2.5,0.8888888888888888,0.5,0.30482000000000004,0.0350489437346381
3.0,2.5,1.0,0.0,0.697026,0.05165064280145608
3.0,2.5,1.0,0.05555555555555555,0.6821199999999998,0.05728085012971758
3.0,2.5,1.0,0.1111111111111111,0.669314,0.06094495860987945
3.0,2.5,1.0,0.16666666666666666,0.59325,0.06670215780401278
3.0,2.5,1.0,0.2222222222222222,0.5119,0.06591679640346755
3.0,2.5,1.0,0.2777777777777778,0.448352,0.05616758577135718
3.0,2.5,1.0,0.3333333333333333,0.39816399999999996,0.053316661906703686
3.0,2.5,1.0,0.38888888888888884,0.35929600000000006,0.045560596131302755
3.0,2.5,1.0,0.4444444444444444,0.32890199999999997,0.039092567755360026
3.0,2.5,1.0,0.5,0.30585199999999996,0.0345162692318183
3.0,3.0,0.0,0.0,0.698282,0.053128181630531394
3.0,3.0,0.0,0.05555555555555555,0.6278680000000001,0.058239077570928485
3.0,3.0,0.0,0.1111111111111111,0.554804,0.054541793135143554
3.0,3.0,0.0,0.16666666666666666,0.49425800000000003,0.050758608221830065
3.0,3.0,0.0,0.2222222222222222,0.440324,0.04873866986161768
3.0,3.0,0.0,0.2777777777777778,0.39810199999999996,0.04459714572496346
3.0,3.0,0.0,0.3333333333333333,0.36335,0.04159629796037162
3.0,3.0,0.0,0.38888888888888884,0.336486,0.03980445443899932
3.0,3.0,0.0,0.4444444444444444,0.31496199999999996,0.03637800536792937
3.0,3.0,0.0,0.5,0.29948400000000003,0.032262726342050574
3.0,3.0,0.1111111111111111,0.0,0.6982,0.052253774158692645
3.0,3.0,0.1111111111111111,0.05555555555555555,0.6328720000000001,0.05855880705553636
3.0,3.0,0.1111111111111111,0.1111111111111111,0.5682419999999999,0.05960379737334397
3.0,3.0,0.1111111111111111,0.16666666666666666,0.5122380000000001,0.05585858680130457
3.0,3.0,0.1111111111111111,0.2222222222222222,0.456814,0.05078473769909945
3.0,3.0,0.1111111111111111,0.2777777777777778,0.40884000000000004,0.05006295035249113
3.0,3.0,0.1111111111111111,0.3333333333333333,0.376346,0.04406756385788461
3.0,3.0,0.1111111111111111,0.38888888888888884,0.347428,0.0398714469333773
3.0,3.0,0.1111111111111111,0.4444444444444444,0.320408,0.03808299048563095
3.0,3.0,0.1111111111111111,0.5,0.30444,0.033999328061260777
3.0,3.0,0.2222222222222222,0.0,0.695042,0.05101542298918564
3.0,3.0,0.2222222222222222,0.05555555555555555,0.6386759999999999,0.05852022091989252
3.0,3.0,0.2222222222222222,0.1111111111111111,0.576126,0.061107203377418755
3.0,3.0,0.2222222222222222,0.16666666666666666,0.521408,0.061880367611962216
3.0,3.0,0.2222222222222222,0.2222222222222222,0.467794,0.055788459994313117
3.0,3.0,0.2222222222222222,0.2777777777777778,0.423522,0.04971934777414294
3.0,3.0,0.2222222222222222,0.3333333333333333,0.385376,0.04570216625062755
3.0,3.0,0.2222222222222222,0.38888888888888884,0.35356600000000005,0.03861060997193401
3.0,3.0,0.2222222222222222,0.4444444444444444,0.32768,0.039638567482492705
3.0,3.0,0.2222222222222222,0.5,0.306992,0.03290814226988984
3.0,3.0,0.3333333333333333,0.0,0.7014259999999999,0.050783485986074205
3.0,3.0,0.3333333333333333,0.05555555555555555,0.6452640000000002,0.05677595725873136
3.0,3.0,0.3333333333333333,0.1111111111111111,0.591534,0.057082095048712964
3.0,3.0,0.3333333333333333,0.16666666666666666,0.5364220000000001,0.05192027876170722
3.0,3.0,0.3333333333333333,0.2222222222222222,0.4901120000000001,0.05518036971971835
3.0,3.0,0.3333333333333333,0.2777777777777778,0.440466,0.052803193070086143
3.0,3.0,0.3333333333333333,0.3333333333333333,0.39071000000000006,0.05080504113184849
3.0,3.0,0.3333333333333333,0.38888888888888884,0.355108,0.04404971157885555
3.0,3.0,0.3333333333333333,0.4444444444444444,0.330558,0.03982530282987164
3.0,3.0,0.3333333333333333,0.5,0.30561400000000005,0.035133085138408855
3.0,3.0,0.4444444444444444,0.0,0.7034920000000001,0.049798370368745654
3.0,3.0,0.4444444444444444,0.05555555555555555,0.651168,0.06072065358297032
3.0,3.0,0.4444444444444444,0.1111111111111111,0.609236,0.05676284299336476
3.0,3.0,0.4444444444444444,0.16666666666666666,0.554928,0.0591509635507145
3.0,3.0,0.4444444444444444,0.2222222222222222,0.50299,0.061169742313904665
3.0,3.0,0.4444444444444444,0.2777777777777778,0.43682600000000005,0.053179958065795424
3.0,3.0,0.4444444444444444,0.3333333333333333,0.389582,0.04784836683123922
3.0,3.0,0.4444444444444444,0.38888888888888884,0.353276,0.04118139919039368
3.0,3.0,0.4444444444444444,0.4444444444444444,0.32553200000000004,0.036777086401295254
3.0,3.0,0.4444444444444444,0.5,0.304416,0.03420477858071166
3.0,3.0,0.5555555555555556,0.0,0.69536,0.05050667528651033
3.0,3.0,0.5555555555555556,0.05555555555555555,0.66223,0.053617896804289425
3.0,3.0,0.5555555555555556,0.1111111111111111,0.614454,0.06214041153300308
3.0,3.0,0.5555555555555556,0.16666666666666666,0.5710160000000001,0.059882648632257646
3.0,3.0,0.5555555555555556,0.2222222222222222,0.496772,0.059924568616283716
3.0,3.0,0.5555555555555556,0.2777777777777778,0.43843600000000005,0.05241936171841405
3.0,3.0,0.5555555555555556,0.3333333333333333,0.391192,0.04794898692040726
3.0,3.0,0.5555555555555556,0.38888888888888884,0.354798,0.0426568682960394
3.0,3.0,0.5555555555555556,0.4444444444444444,0.3335580000000001,0.03920899548130896
3.0,3.0,0.5555555555555556,0.5,0.30563999999999997,0.033292509403238586
3.0,3.0,0.6666666666666666,0.0,0.700622,0.05237420386469776
3.0,3.0,0.6666666666666666,0.05555555555555555,0.6668099999999999,0.055740181518105426
3.0,3.0,0.6666666666666666,0.1111111111111111,0.6274919999999999,0.05875534287733556
3.0,3.0,0.6666666666666666,0.16666666666666666,0.572596,0.061023146697509224
3.0,3.0,0.6666666666666666,0.2222222222222222,0.503934,0.05678230449892305
3.0,3.0,0.6666666666666666,0.2777777777777778,0.43918799999999997,0.05259381022275811
3.0,3.0,0.6666666666666666,0.3333333333333333,0.393568,0.048131639130313666
3.0,3.0,0.6666666666666666,0.38888888888888884,0.355238,0.04263600607500726
3.0,3.0,0.6666666666666666,0.4444444444444444,0.328238,0.03951379551589729
3.0,3.0,0.6666666666666666,0.5,0.30527,0.03461058921445203
3.0,3.0,0.7777777777777777,0.0,0.6989500000000001,0.05292168657383889
3.0,3.0,0.7777777777777777,0.05555555555555555,0.6711079999999999,0.05352399435714685
3.0,3.0,0.7777777777777777,0.1111111111111111,0.6497200000000001,0.054905654187191386
3.0,3.0,0.7777777777777777,0.16666666666666666,0.5753299999999999,0.059259332065707146
3.0,3.0,0.7777777777777777,0.2222222222222222,0.500868,0.059609808206946426
3.0,3.0,0.7777777777777777,0.2777777777777778,0.437044,0.05517396484569137
3.0,3.0,0.7777777777777777,0.3333333333333333,0.39125600000000005,0.04921412932329597
3.0,3.0,0.7777777777777777,0.38888888888888884,0.354696,0.0442255059298308
3.0,3.0,0.7777777777777777,0.4444444444444444,0.328654,0.03932932590003931
3.0,3.0,0.7777777777777777,0.5,0.305446,0.03194250665591111
3.0,3.0,0.8888888888888888,0.0,0.698874,0.05251794353157377
3.0,3.0,0.8888888888888888,0.05555555555555555,0.6795800000000001,0.05751569969515146
3.0,3.0,0.8888888888888888,0.1111111111111111,0.6554459999999999,0.05687118556435227
3.0,3.0,0.8888888888888888,0.16666666666666666,0.5756479999999999,0.0603592127610215
3.0,3.0,0.8888888888888888,0.2222222222222222,0.5003960000000001,0.062313120882107456
3.0,3.0,0.8888888888888888,0.2777777777777778,0.43704200000000004,0.05272072824205623
3.0,3.0,0.8888888888888888,0.3333333333333333,0.39011,0.04833755204678606
3.0,3.0,0.8888888888888888,0.38888888888888884,0.352572,0.04337076044668167
3.0,3.0,0.8888888888888888,0.4444444444444444,0.326436,0.03815937866843119
3.0,3.0,0.8888888888888888,0.5,0.30605600000000005,0.03553993581980913
3.0,3.0,1.0,0.0,0.6996160000000001,0.05278424857659329
3.0,3.0,1.0,0.05555555555555555,0.6866619999999999,0.05250349502633096
3.0,3.0,1.0,0.1111111111111111,0.660102,0.05547643522912645
3.0,3.0,1.0,0.16666666666666666,0.5752460000000001,0.05854605678891672
3.0,3.0,1.0,0.2222222222222222,0.49980800000000003,0.05906573166663246
3.0,3.0,1.0,0.2777777777777778,0.44228400000000007,0.052595359945298896
3.0,3.0,1.0,0.3333333333333333,0.389632,0.047948834787876024
3.0,3.0,1.0,0.38888888888888884,0.35193599999999997,0.04377648530125119
3.0,3.0,1.0,0.4444444444444444,0.324976,0.03987524915270098
3.0,3.0,1.0,0.5,0.30728200000000006,0.03473602826056309
3.5,0.0,0.0,0.0,0.696078,0.05101541984659391
3.5,0.0,0.0,0.05555555555555555,0.6331079999999999,0.05680812143807121
3.5,0.0,0.0,0.1111111111111111,0.5634180000000001,0.05420394276085129
3.5,0.0,0.0,0.16666666666666666,0.506178,0.05606697179849565
3.5,0.0,0.0,0.2222222222222222,0.457144,0.051292388150332095
3.5,0.0,0.0,0.2777777777777778,0.417948,0.046019875639856045
3.5,0.0,0.0,0.3333333333333333,0.386144,0.04419354480923217
3.5,0.0,0.0,0.38888888888888884,0.36045,0.04027405491129489
3.5,0.0,0.0,0.4444444444444444,0.33856800000000004,0.036976260813222514
3.5,0.0,0.0,0.5,0.321816,0.033135208284483623
3.5,0.0,0.1111111111111111,0.0,0.6977260000000001,0.053079957495984785
3.5,0.0,0.1111111111111111,0.05555555555555555,0.629886,0.05489714379449615
3.5,0.0,0.1111111111111111,0.1111111111111111,0.565926,0.061202647427249485
3.5,0.0,0.1111111111111111,0.16666666666666666,0.507974,0.05582661144194747
3.5,0.0,0.1111111111111111,0.2222222222222222,0.45150999999999997,0.05162041490020144
3.5,0.0,0.1111111111111111,0.2777777777777778,0.40512,0.04886324624569406
3.5,0.0,0.1111111111111111,0.3333333333333333,0.37566999999999995,0.046137299452846205
3.5,0.0,0.1111111111111111,0.38888888888888884,0.34704599999999997,0.04195698584649099
3.5,0.0,0.1111111111111111,0.4444444444444444,0.326808,0.0384207684318493
3.5,0.0,0.1111111111111111,0.5,0.30628000000000005,0.03557691715239161
3.5,0.0,0.2222222222222222,0.0,0.698388,0.05220989563679293
3.5,0.0,0.2222222222222222,0.05555555555555555,0.6309739999999999,0.05850064936350625
3.5,0.0,0.2222222222222222,0.1111111111111111,0.564662,0.06009581324467686
3.5,0.0,0.2222222222222222,0.16666666666666666,0.501572,0.06199331543252573
3.5,0.0,0.2222222222222222,0.2222222222222222,0.44795799999999997,0.05927007778163009
3.5,0.0,0.2222222222222222,0.2777777777777778,0.397626,0.053665464576171815
3.5,0.0,0.2222222222222222,0.3333333333333333,0.362758,0.050987399087730124
3.5,0.0,0.2222222222222222,0.38888888888888884,0.333638,0.04654916331375271
3.5,0.0,0.2222222222222222,0.4444444444444444,0.302776,0.04012248061750175
3.5,0.0,0.2222222222222222,0.5,0.28760399999999997,0.03721619640088302
3.5,0.0,0.3333333333333333,0.0,0.7007360000000001,0.051459639456431984
3.5,0.0,0.3333333333333333,0.05555555555555555,0.6362060000000002,0.05776713293296275
3.5,0.0,0.3333333333333333,0.1111111111111111,0.572174,0.05730360486270057
3.5,0.0,0.3333333333333333,0.16666666666666666,0.49976199999999993,0.06609349480933978
3.5,0.0,0.3333333333333333,0.2222222222222222,0.44171799999999994,0.06153450631096238
3.5,0.0,0.3333333333333333,0.2777777777777778,0.389098,0.06072584006255167
3.5,0.0,0.3333333333333333,0.3333333333333333,0.34287599999999996,0.05321315536413543
3.5,0.0,0.3333333333333333,0.38888888888888884,0.309596,0.053660373231190085
3.5,0.0,0.3333333333333333,0.4444444444444444,0.276416,0.04685648305206032
3.5,0.0,0.3333333333333333,0.5,0.25822,0.03850882313078181
3.5,0.0,0.4444444444444444,0.0,0.697924,0.05345012681100228
3.5,0.0,0.4444444444444444,0.05555555555555555,0.63536,0.059973360819750896
3.5,0.0,0.4444444444444444,0.1111111111111111,0.56753,0.06732216312103013
3.5,0.0,0.4444444444444444,0.16666666666666666,0.49701999999999996,0.07242008656357538
3.5,0.0,0.4444444444444444,0.2222222222222222,0.4347039999999999,0.06930097860254603
3.5,0.0,0.4444444444444444,0.2777777777777778,0.366106,0.06376782444830417
3.5,0.0,0.4444444444444444,0.3333333333333333,0.31869,0.05837153735122531
3.5,0.0,0.4444444444444444,0.38888888888888884,0.275178,0.05103975341689765
3.5,0.0,0.4444444444444444,0.4444444444444444,0.26031400000000005,0.03619513198150155
3.5,0.0,0.4444444444444444,0.5,0.25020000000000003,0.02719166735503901
3.5,0.0,0.5555555555555556,0.0,0.701058,0.05424972535785601
3.5,0.0,0.5555555555555556,0.05555555555555555,0.6405700000000001,0.060213723394006616
3.5,0.0,0.5555555555555556,0.1111111111111111,0.5719059999999999,0.06504354302294699
3.5,0.0,0.5555555555555556,0.16666666666666666,0.495638,0.07238016809504476
3.5,0.0,0.5555555555555556,0.2222222222222222,0.41955200000000004,0.07782841267582988
3.5,0.0,0.5555555555555556,0.2777777777777778,0.33707600000000004,0.07441616595546308
3.5,0.0,0.5555555555555556,0.3333333333333333,0.281848,0.05886165377025299
3.5,0.0,0.5555555555555556,0.38888888888888884,0.25348600000000004,0.035135435127563265
3.5,0.0,0.5555555555555556,0.4444444444444444,0.25219600000000003,0.028728735867229835
3.5,0.0,0.5555555555555556,0.5,0.250486,0.026027228766707936
3.5,0.0,0.6666666666666666,0.0,0.6956140000000001,0.05375373412018674
3.5,0.0,0.6666666666666666,0.05555555555555555,0.63874,0.059232705719506916
3.5,0.0,0.6666666666666666,0.1111111111111111,0.575392,0.07039993350333897
3.5,0.0,0.6666666666666666,0.16666666666666666,0.486316,0.07949666397507718
3.5,0.0,0.6666666666666666,0.2222222222222222,0.40205599999999997,0.09378601439977066
3.5,0.0,0.6666666666666666,0.2777777777777778,0.3064160000000001,0.07973422123575387
3.5,0.0,0.6666666666666666,0.3333333333333333,0.256576,0.04083566243681259
3.5,0.0,0.6666666666666666,0.38888888888888884,0.25029999999999997,0.028812398522463114
3.5,0.0,0.6666666666666666,0.4444444444444444,0.24894400000000003,0.02536872105597821
3.5,0.0,0.6666666666666666,0.5,0.249674,0.026309924901006334
3.5,0.0,0.7777777777777777,0.0,0.6952699999999999,0.05325163446455228
3.5,0.0,0.7777777777777777,0.05555555555555555,0.647412,0.061757446680063464
3.5,0.0,0.7777777777777777,0.1111111111111111,0.576904,0.07259856670606901
3.5,0.0,0.7777777777777777,0.16666666666666666,0.49498000000000003,0.0857240036956933
3.5,0.0,0.7777777777777777,0.2222222222222222,0.38034799999999996,0.09917793818609909
3.5,0.0,0.7777777777777777,0.2777777777777778,0.28122,0.0750084270482758
3.5,0.0,0.7777777777777777,0.3333333333333333,0.250166,0.03063618114567122
3.5,0.0,0.7777777777777777,0.38888888888888884,0.248994,0.02571007545613042
3.5,0.0,0.7777777777777777,0.4444444444444444,0.24884199999999998,0.02576775096860337
3.5,0.0,0.7777777777777777,0.5,0.249106,0.02520502629836761
3.5,0.0,0.8888888888888888,0.0,0.7011040000000001,0.052087343632915915
3.5,0.0,0.8888888888888888,0.05555555555555555,0.6439600000000001,0.06394754864696466
3.5,0.0,0.8888888888888888,0.1111111111111111,0.586364,0.07977091136875147
3.5,0.0,0.8888888888888888,0.16666666666666666,0.47948199999999996,0.10998018438753333
3.5,0.0,0.8888888888888888,0.2222222222222222,0.34082799999999996,0.11331099319287918
3.5,0.0,0.8888888888888888,0.2777777777777778,0.255834,0.04232177583016617
3.5,0.0,0.8888888888888888,0.3333333333333333,0.24758,0.02332440042767705
3.5,0.0,0.8888888888888888,0.38888888888888884,0.24857600000000002,0.024501446196734243
3.5,0.0,0.8888888888888888,0.4444444444444444,0.247596,0.026442753684986928
3.5,0.0,0.8888888888888888,0.5,0.248312,0.026962503763902138
3.5,0.0,1.0,0.0,0.69801,0.052971632859253555
3.5,0.0,1.0,0.05555555555555555,0.65226,0.06489720868720612
3.5,0.0,1.0,0.1111111111111111,0.588282,0.08551413808033878
3.5,0.0,1.0,0.16666666666666666,0.474822,0.12503645286511522
3.5,0.0,1.0,0.2222222222222222,0.29688800000000004,0.09945474321466923
3.5,0.0,1.0,0.2777777777777778,0.24965600000000004,0.028863747085082058
3.5,0.0,1.0,0.3333333333333333,0.24980599999999997,0.026330646971540212
3.5,0.0,1.0,0.38888888888888884,0.24883400000000003,0.026662411976879546
3.5,0.0,1.0,0.4444444444444444,0.250348,0.026050415434088134
3.5,0.0,1.0,0.5,0.24865199999999998,0.02610436307484031
3.5,0.5,0.0,0.0,0.694398,0.05085934468594505
3.5,0.5,0.0,0.05555555555555555,0.6343240000000001,0.05812710680130381
3.5,0.5,0.0,0.1111111111111111,0.5633980000000001,0.05771927429594469
3.5,0.5,0.0,0.16666666666666666,0.501674,0.051509282039963876
3.5,0.5,0.0,0.2222222222222222,0.454218,0.05036490567296731
3.5,0.5,0.0,0.2777777777777778,0.416772,0.04732868077654496
3.5,0.5,0.0,0.3333333333333333,0.386774,0.04226274011945758
3.5,0.5,0.0,0.38888888888888884,0.35837,0.041064750424846246
3.5,0.5,0.0,0.4444444444444444,0.340212,0.036553623497289064
3.5,0.5,0.0,0.5,0.319854,0.034017452257866586
3.5,0.5,0.1111111111111111,0.0,0.695172,0.05177493315695167
3.5,0.5,0.1111111111111111,0.05555555555555555,0.630222,0.05375294852331265
3.5,0.5,0.1111111111111111,0.1111111111111111,0.5672860000000001,0.058130081858136645
3.5,0.5,0.1111111111111111,0.16666666666666666,0.512064,0.05926993972926767
3.5,0.5,0.1111111111111111,0.2222222222222222,0.460738,0.052545365036067146
3.5,0.5,0.1111111111111111,0.2777777777777778,0.42178599999999994,0.049420126485103286
3.5,0.5,0.1111111111111111,0.3333333333333333,0.38311,0.04647814902374391
3.5,0.5,0.1111111111111111,0.38888888888888884,0.349864,0.04183071983894718
3.5,0.5,0.1111111111111111,0.4444444444444444,0.330218,0.03862899006895592
3.5,0.5,0.1111111111111111,0.5,0.313096,0.0366176526961786
3.5,0.5,0.2222222222222222,0.0,0.702048,0.05226364580993842
3.5,0.5,0.2222222222222222,0.05555555555555555,0.635432,0.061077543406863
3.5,0.5,0.2222222222222222,0.1111111111111111,0.569916,0.06070729524028213
3.5,0.5,0.2222222222222222,0.16666666666666666,0.512202,0.06039427234651088
3.5,0.5,0.2222222222222222,0.2222222222222222,0.456326,0.05566450213192597
3.5,0.5,0.2222222222222222,0.2777777777777778,0.42001599999999994,0.053168388154974155
3.5,0.5,0.2222222222222222,0.3333333333333333,0.37774599999999997,0.04584754605164726
3.5,0.5,0.2222222222222222,0.38888888888888884,0.344616,0.04653841630722697
3.5,0.5,0.2222222222222222,0.4444444444444444,0.319788,0.039842664718411185
3.5,0.5,0.2222222222222222,0.5,0.30019799999999996,0.040115649398374524
3.5,0.5,0.3333333333333333,0.0,0.696688,0.05168998321463704
3.5,0.5,0.3333333333333333,0.05555555555555555,0.6368659999999999,0.0588345736630787
3.5,0.5,0.3333333333333333,0.1111111111111111,0.5837519999999999,0.0596563849435168
3.5,0.5,0.3333333333333333,0.16666666666666666,0.5218160000000001,0.06156608571136904
3.5,0.5,0.3333333333333333,0.2222222222222222,0.46447799999999995,0.06232870326343235
3.5,0.5,0.3333333333333333,0.2777777777777778,0.411364,0.055570925487335894
3.5,0.5,0.3333333333333333,0.3333333333333333,0.370954,0.054050150059392864
3.5,0.5,0.3333333333333333,0.38888888888888884,0.33716199999999996,0.0507158352775126
3.5,0.5,0.3333333333333333,0.4444444444444444,0.310036,0.04722392298193371
3.5,0.5,0.3333333333333333,0.5,0.288956,0.041219268797984286
3.5,0.5,0.4444444444444444,0.0,0.699446,0.05231880731819483
3.5,0.5,0.4444444444444444,0.05555555555555555,0.640422,0.0572522099756349
3.5,0.5,0.4444444444444444,0.1111111111111111,0.585954,0.06056156611730878
3.5,0.5,0.4444444444444444,0.16666666666666666,0.5240840000000001,0.06250496528573343
3.5,0.5,0.4444444444444444,0.2222222222222222,0.461902,0.06508317782708635
3.5,0.5,0.4444444444444444,0.2777777777777778,0.40979599999999994,0.0631575818432639
3.5,0.5,0.4444444444444444,0.3333333333333333,0.36564599999999997,0.05781620977048261
3.5,0.5,0.4444444444444444,0.38888888888888884,0.32897000000000004,0.05042748220884965
3.5,0.5,0.4444444444444444,0.4444444444444444,0.30286199999999996,0.042557505078152244
3.5,0.5,0.4444444444444444,0.5,0.288428,0.03668498865729103
3.5,0.5,0.5555555555555556,0.0,0.698866,0.05047894900436389
3.5,0.5,0.5555555555555556,0.05555555555555555,0.647872,0.05551218624449308
3.5,0.5,0.5555555555555556,0.1111111111111111,0.5913879999999999,0.06162272451257495
3.5,0.5,0.5555555555555556,0.16666666666666666,0.531648,0.06783009612170514
3.5,0.5,0.5555555555555556,0.2222222222222222,0.466976,0.07258904713196788
3.5,0.5,0.5555555555555556,0.2777777777777778,0.401208,0.0679540450634174
3.5,0.5,0.5555555555555556,0.3333333333333333,0.35375599999999996,0.06464253846778542
3.5,0.5,0.5555555555555556,0.38888888888888884,0.323812,0.05022411352287182
3.5,0.5,0.5555555555555556,0.4444444444444444,0.30207400000000006,0.03950551728292623
3.5,0.5,0.5555555555555556,0.5,0.287346,0.03603408378728086
3.5,0.5,0.6666666666666666,0.0,0.702096,0.050367017550315876
3.5,0.5,0.6666666666666666,0.05555555555555555,0.653636,0.06008924144866326
3.5,0.5,0.6666666666666666,0.1111111111111111,0.5908340000000001,0.0674255058689467
3.5,0.5,0.6666666666666666,0.16666666666666666,0.531118,0.07456204848412024
3.5,0.5,0.6666666666666666,0.2222222222222222,0.47691999999999996,0.0770163400407117
3.5,0.5,0.6666666666666666,0.2777777777777778,0.40072800000000003,0.07593374667279058
3.5,0.5,0.6666666666666666,0.3333333333333333,0.35408000000000006,0.059638537123410745
3.5,0.5,0.6666666666666666,0.38888888888888884,0.321142,0.04982793877902167
3.5,0.5,0.6666666666666666,0.4444444444444444,0.29961400000000005,0.039785207420081625
3.5,0.5,0.6666666666666666,0.5,0.288992,0.03535154026061093
3.5,0.5,0.7777777777777777,0.0,0.698462,0.0504417415895722
3.5,0.5,0.7777777777777777,0.05555555555555555,0.6533260000000001,0.059437339431011496
3.5,0.5,0.7777777777777777,0.1111111111111111,0.60614,0.06919894064776964
3.5,0.5,0.7777777777777777,0.16666666666666666,0.547552,0.07688332320323794
3.5,0.5,0.7777777777777777,0.2222222222222222,0.475976,0.09003058611868384
3.5,0.5,0.7777777777777777,0.2777777777777778,0.40303000000000005,0.07960315587242568
3.5,0.5,0.7777777777777777,0.3333333333333333,0.35408000000000006,0.06243840732609087
3.5,0.5,0.7777777777777777,0.38888888888888884,0.320154,0.04692178162839051
3.5,0.5,0.7777777777777777,0.4444444444444444,0.30104600000000004,0.04126248986840567
3.5,0.5,0.7777777777777777,0.5,0.284812,0.03586230424458896
3.5,0.5,0.8888888888888888,0.0,0.7007639999999999,0.05643962408036277
3.5,0.5,0.8888888888888888,0.05555555555555555,0.655134,0.06428490602221154
3.5,0.5,0.8888888888888888,0.1111111111111111,0.6155900000000001,0.06872481429731477
3.5,0.5,0.8888888888888888,0.16666666666666666,0.5561179999999999,0.08262666887160365
3.5,0.5,0.8888888888888888,0.2222222222222222,0.48163199999999995,0.09354887149889855
3.5,0.5,0.8888888888888888,0.2777777777777778,0.401978,0.07898134984441893
3.5,0.5,0.8888888888888888,0.3333333333333333,0.35024199999999994,0.06158848690655484
3.5,0.5,0.8888888888888888,0.38888888888888884,0.31918399999999997,0.04996866898126784
3.5,0.5,0.8888888888888888,0.4444444444444444,0.30507799999999996,0.040594972837030924
3.5,0.5,0.8888888888888888,0.5,0.289048,0.03482003109031151
3.5,0.5,1.0,0.0,0.700756,0.050217886616947004
3.5,0.5,1.0,0.05555555555555555,0.664168,0.057924141671471946
3.5,0.5,1.0,0.1111111111111111,0.61772,0.06829499258382014
3.5,0.5,1.0,0.16666666666666666,0.5634239999999999,0.09318970364654812
3.5,0.5,1.0,0.2222222222222222,0.48562199999999994,0.09773623616509611
3.5,0.5,1.0,0.2777777777777778,0.399158,0.0862674746957436
3.5,0.5,1.0,0.3333333333333333,0.351642,0.06018020563524689
3.5,0.5,1.0,0.38888888888888884,0.318958,0.050382348079421546
3.5,0.5,1.0,0.4444444444444444,0.30101999999999995,0.04112295947024219
3.5,0.5,1.0,0.5,0.286372,0.035101422131750486
3.5,1.0,0.0,0.0,0.697348,0.0529767871425958
3.5,1.0,0.0,0.05555555555555555,0.6309659999999999,0.05792089868959235
3.5,1.0,0.0,0.1111111111111111,0.5659559999999999,0.05686483344357152
3.5,1.0,0.0,0.16666666666666666,0.503156,0.054968051059452246
3.5,1.0,0.0,0.2222222222222222,0.45877599999999996,0.05256718026375168
3.5,1.0,0.0,0.2777777777777778,0.41664200000000007,0.04624347255026394
3.5,1.0,0.0,0.3333333333333333,0.38681,0.04404058407982556
3.5,1.0,0.0,0.38888888888888884,0.357462,0.03848936760766115
3.5,1.0,0.0,0.4444444444444444,0.339472,0.03629147776982132
3.5,1.0,0.0,0.5,0.323582,0.03569930190231491
3.5,1.0,0.1111111111111111,0.0,0.695058,0.05016560386981549
3.5,1.0,0.1111111111111111,0.05555555555555555,0.6354599999999999,0.05632873380882097
3.5,1.0,0.1111111111111111,0.1111111111111111,0.5694640000000001,0.06028177576165085
3.5,1.0,0.1111111111111111,0.16666666666666666,0.510312,0.059066982934173055
3.5,1.0,0.1111111111111111,0.2222222222222222,0.461684,0.05082529454051655
3.5,1.0,0.1111111111111111,0.2777777777777778,0.41995000000000005,0.049631785463113386
3.5,1.0,0.1111111111111111,0.3333333333333333,0.387112,0.04410198892174487
3.5,1.0,0.1111111111111111,0.38888888888888884,0.357002,0.04087394469230269
3.5,1.0,0.1111111111111111,0.4444444444444444,0.33850800000000003,0.04060092124091795
3.5,1.0,0.1111111111111111,0.5,0.318798,0.03447111415987081
3.5,1.0,0.2222222222222222,0.0,0.698898,0.051465610013173416
3.5,1.0,0.2222222222222222,0.05555555555555555,0.63751,0.05718025063012796
3.5,1.0,0.2222222222222222,0.1111111111111111,0.576606,0.05755745377420669
3.5,1.0,0.2222222222222222,0.16666666666666666,0.519278,0.058474569400150916
3.5,1.0,0.2222222222222222,0.2222222222222222,0.47162400000000004,0.05721123031143007
3.5,1.0,0.2222222222222222,0.2777777777777778,0.42768599999999996,0.05361025576366981
3.5,1.0,0.2222222222222222,0.3333333333333333,0.39153200000000005,0.04795159733913719
3.5,1.0,0.2222222222222222,0.38888888888888884,0.35834799999999994,0.04439830306024385
3.5,1.0,0.2222222222222222,0.4444444444444444,0.33276,0.04288922208132811
3.5,1.0,0.2222222222222222,0.5,0.312816,0.04147861008023746
3.5,1.0,0.3333333333333333,0.0,0.6988420000000001,0.05549219588020657
3.5,1.0,0.3333333333333333,0.05555555555555555,0.644976,0.05799508845211927
3.5,1.0,0.3333333333333333,0.1111111111111111,0.5895419999999999,0.06117821330806526
3.5,1.0,0.3333333333333333,0.16666666666666666,0.533466,0.06440587766777432
3.5,1.0,0.3333333333333333,0.2222222222222222,0.47768399999999994,0.059825431955124526
3.5,1.0,0.3333333333333333,0.2777777777777778,0.433624,0.05616753696234894
3.5,1.0,0.3333333333333333,0.3333333333333333,0.391816,0.053150730421025985
3.5,1.0,0.3333333333333333,0.38888888888888884,0.35778599999999994,0.04747635424529614
3.5,1.0,0.3333333333333333,0.4444444444444444,0.33121000000000006,0.045615385856678965
3.5,1.0,0.3333333333333333,0.5,0.312028,0.03929773326388379
3.5,1.0,0.4444444444444444,0.0,0.696322,0.05512211181024219
3.5,1.0,0.4444444444444444,0.05555555555555555,0.6501679999999999,0.05702732685315025
3.5,1.0,0.4444444444444444,0.1111111111111111,0.594596,0.05697410711686079
3.5,1.0,0.4444444444444444,0.16666666666666666,0.5423220000000001,0.06266706182098015
3.5,1.0,0.4444444444444444,0.2222222222222222,0.486146,0.060308597545256776
3.5,1.0,0.4444444444444444,0.2777777777777778,0.432138,0.06392636479757366
3.5,1.0,0.4444444444444444,0.3333333333333333,0.392092,0.05757580640308855
3.5,1.0,0.4444444444444444,0.38888888888888884,0.35562199999999994,0.05332412249704781
3.5,1.0,0.4444444444444444,0.4444444444444444,0.32844399999999996,0.04413963614437613
3.5,1.0,0.4444444444444444,0.5,0.311332,0.041420152511406044
3.5,1.0,0.5555555555555556,0.0,0.698836,0.05145884890143308
3.5,1.0,0.5555555555555556,0.05555555555555555,0.6531760000000001,0.05682939542497999
3.5,1.0,0.5555555555555556,0.1111111111111111,0.6022919999999999,0.06075687229492746
3.5,1.0,0.5555555555555556,0.16666666666666666,0.54712,0.0656997909056802
3.5,1.0,0.5555555555555556,0.2222222222222222,0.499062,0.0662077418899961
3.5,1.0,0.5555555555555556,0.2777777777777778,0.447934,0.06777380187388694
3.5,1.0,0.5555555555555556,0.3333333333333333,0.39854,0.060209324240111696
3.5,1.0,0.5555555555555556,0.38888888888888884,0.358958,0.054583724698888114
3.5,1.0,0.5555555555555556,0.4444444444444444,0.32940600000000003,0.045732440085264475
3.5,1.0,0.5555555555555556,0.5,0.308748,0.040718158515160426
3.5,1.0,0.6666666666666666,0.0,0.697246,0.051660963932051995
3.5,1.0,0.6666666666666666,0.05555555555555555,0.662744,0.05731174168938631
3.5,1.0,0.6666666666666666,0.1111111111111111,0.6059880000000001,0.06486641009271774
3.5,1.0,0.6666666666666666,0.16666666666666666,0.559834,0.06639961039434676
3.5,1.0,0.6666666666666666,0.2222222222222222,0.511416,0.0721738808861234
3.5,1.0,0.6666666666666666,0.2777777777777778,0.45616999999999996,0.07312145097839877
3.5,1.0,0.6666666666666666,0.3333333333333333,0.39816599999999996,0.06592132953282077
3.5,1.0,0.6666666666666666,0.38888888888888884,0.36127800000000004,0.053951517573623396
3.5,1.0,0.6666666666666666,0.4444444444444444,0.328888,0.045495616913243775
3.5,1.0,0.6666666666666666,0.5,0.30705,0.039755811513515815
3.5,1.0,0.7777777777777777,0.0,0.696442,0.05097485171154525
3.5,1.0,0.7777777777777777,0.05555555555555555,0.6583019999999999,0.056817349625241
3.5,1.0,0.7777777777777777,0.1111111111111111,0.627824,0.05864854924597296
3.5,1.0,0.7777777777777777,0.16666666666666666,0.5760639999999999,0.07121290936987369
3.5,1.0,0.7777777777777777,0.2222222222222222,0.519006,0.07716851640304934
3.5,1.0,0.7777777777777777,0.2777777777777778,0.456092,0.07396453908518709
3.5,1.0,0.7777777777777777,0.3333333333333333,0.39461799999999997,0.06847842481636579
3.5,1.0,0.7777777777777777,0.38888888888888884,0.356288,0.04999055077044726
3.5,1.0,0.7777777777777777,0.4444444444444444,0.330106,0.045542496659757334
3.5,1.0,0.7777777777777777,0.5,0.31063,0.04232365394630683
3.5,1.0,0.8888888888888888,0.0,0.700338,0.051764262128106635
3.5,1.0,0.8888888888888888,0.05555555555555555,0.666256,0.05695146532623731
3.5,1.0,0.8888888888888888,0.1111111111111111,0.634404,0.06434592123171691
3.5,1.0,0.8888888888888888,0.16666666666666666,0.58989,0.07216909766177369
3.5,1.0,0.8888888888888888,0.2222222222222222,0.52887,0.0844132708796502
3.5,1.0,0.8888888888888888,0.2777777777777778,0.462418,0.07803906372409826
3.5,1.0,0.8888888888888888,0.3333333333333333,0.399098,0.0655697734201724
3.5,1.0,0.8888888888888888,0.38888888888888884,0.354568,0.05501150704912229
3.5,1.0,0.8888888888888888,0.4444444444444444,0.331936,0.04774057214211947
3.5,1.0,0.8888888888888888,0.5,0.311142,0.04259632295702198
3.5,1.0,1.0,0.0,0.692578,0.054174437286515685
3.5,1.0,1.0,0.05555555555555555,0.6741759999999999,0.058412679327457875
3.5,1.0,1.0,0.1111111111111111,0.646332,0.0639520249796517
3.5,1.0,1.0,0.16666666666666666,0.600466,0.07608199381960974
3.5,1.0,1.0,0.2222222222222222,0.5347919999999999,0.0892355237189023
3.5,1.0,1.0,0.2777777777777778,0.45840800000000004,0.07877797582414707
3.5,1.0,1.0,0.3333333333333333,0.398698,0.06874928162131509
3.5,1.0,1.0,0.38888888888888884,0.358262,0.05408433772520792
3.5,1.0,1.0,0.4444444444444444,0.332726,0.04478417319027642
3.5,1.0,1.0,0.5,0.312182,0.04299574565336177
3.5,1.5,0.0,0.0,0.6942339999999999,0.05374051851872405
3.5,1.5,0.0,0.05555555555555555,0.626328,0.05801213002864937
3.5,1.5,0.0,0.1111111111111111,0.564616,0.059183662913948
3.5,1.5,0.0,0.16666666666666666,0.506016,0.053404642641922274
3.5,1.5,0.0,0.2222222222222222,0.45518200000000003,0.05119999761241228
3.5,1.5,0.0,0.2777777777777778,0.41695,0.048794480247310874
3.5,1.5,0.0,0.3333333333333333,0.38176599999999994,0.044222375342827566
3.5,1.5,0.0,0.38888888888888884,0.35851,0.03889070420740019
3.5,1.5,0.0,0.4444444444444444,0.33959000000000006,0.03881514047714527
3.5,1.5,0.0,0.5,0.322092,0.03715524944233647
3.5,1.5,0.1111111111111111,0.0,0.697728,0.05467764905894571
3.5,1.5,0.1111111111111111,0.05555555555555555,0.633652,0.0543485641839572
3.5,1.5,0.1111111111111111,0.1111111111111111,0.572812,0.05733651199030534
3.5,1.5,0.1111111111111111,0.16666666666666666,0.513012,0.05458981545951413
3.5,1.5,0.1111111111111111,0.2222222222222222,0.46026200000000006,0.05133685129223649
3.5,1.5,0.1111111111111111,0.2777777777777778,0.42011600000000004,0.0480231088327685
3.5,1.5,0.1111111111111111,0.3333333333333333,0.393298,0.04765088046214504
3.5,1.5,0.1111111111111111,0.38888888888888884,0.361134,0.04323112193556414
3.5,1.5,0.1111111111111111,0.4444444444444444,0.34017000000000003,0.03881858917749926
3.5,1.5,0.1111111111111111,0.5,0.323702,0.03811023453026633
3.5,1.5,0.2222222222222222,0.0,0.7013140000000001,0.05017004555451274
3.5,1.5,0.2222222222222222,0.05555555555555555,0.6399980000000001,0.05856235219138979
3.5,1.5,0.2222222222222222,0.1111111111111111,0.578356,0.0616560475574035
3.5,1.5,0.2222222222222222,0.16666666666666666,0.521242,0.05575123169645082
3.5,1.5,0.2222222222222222,0.2222222222222222,0.47443799999999997,0.056160539245422796
3.5,1.5,0.2222222222222222,0.2777777777777778,0.42923,0.050880081223703466
3.5,1.5,0.2222222222222222,0.3333333333333333,0.39742,0.04908635799366423
3.5,1.5,0.2222222222222222,0.38888888888888884,0.36732600000000004,0.04327758800171854
3.5,1.5,0.2222222222222222,0.4444444444444444,0.34666199999999997,0.0439716131330549
3.5,1.5,0.2222222222222222,0.5,0.323624,0.0392249386950606
3.5,1.5,0.3333333333333333,0.0,0.698326,0.05393430766299102
3.5,1.5,0.3333333333333333,0.05555555555555555,0.646554,0.05570724979173462
3.5,1.5,0.3333333333333333,0.1111111111111111,0.5944440000000001,0.059496272798839324
3.5,1.5,0.3333333333333333,0.16666666666666666,0.538472,0.058370261184798225
3.5,1.5,0.3333333333333333,0.2222222222222222,0.49047399999999997,0.05934486456214893
3.5,1.5,0.3333333333333333,0.2777777777777778,0.44386799999999993,0.05526114515940343
3.5,1.5,0.3333333333333333,0.3333333333333333,0.40307000000000004,0.056196023757667635
3.5,1.5,0.3333333333333333,0.38888888888888884,0.372638,0.048454831517556536
3.5,1.5,0.3333333333333333,0.4444444444444444,0.342444,0.044590396622388145
3.5,1.5,0.3333333333333333,0.5,0.323658,0.041173724475378086
3.5,1.5,0.4444444444444444,0.0,0.700018,0.05106745976542976
3.5,1.5,0.4444444444444444,0.05555555555555555,0.6481959999999999,0.0534575439204235
3.5,1.5,0.4444444444444444,0.1111111111111111,0.597434,0.06352559047573332
3.5,1.5,0.4444444444444444,0.16666666666666666,0.5505019999999999,0.06270094746993266
3.5,1.5,0.4444444444444444,0.2222222222222222,0.51051,0.05892842283682868
3.5,1.5,0.4444444444444444,0.2777777777777778,0.45726,0.06064751141871005
3.5,1.5,0.4444444444444444,0.3333333333333333,0.408596,0.05622450688399764
3.5,1.5,0.4444444444444444,0.38888888888888884,0.377756,0.05234911004635409
3.5,1.5,0.4444444444444444,0.4444444444444444,0.34786199999999995,0.04991695464189941
3.5,1.5,0.4444444444444444,0.5,0.325218,0.04136002634862698
3.5,1.5,0.5555555555555556,0.0,0.7018139999999999,0.05106853625070508
3.5,1.5,0.5555555555555556,0.05555555555555555,0.658752,0.05500477749336132
3.5,1.5,0.5555555555555556,0.1111111111111111,0.61591,0.06044293670226811
3.5,1.5,0.5555555555555556,0.16666666666666666,0.5611100000000001,0.0599882912757178
3.5,1.5,0.5555555555555556,0.2222222222222222,0.5158780000000001,0.06572426091593493
3.5,1.5,0.5555555555555556,0.2777777777777778,0.462268,0.06188890570448469
3.5,1.5,0.5555555555555556,0.3333333333333333,0.417904,0.06246412023420538
3.5,1.5,0.5555555555555556,0.38888888888888884,0.38205399999999995,0.05465313361581435
3.5,1.5,0.5555555555555556,0.4444444444444444,0.346808,0.04563463790097064
3.5,1.5,0.5555555555555556,0.5,0.32373599999999997,0.04088556668466578
3.5,1.5,0.6666666666666666,0.0,0.701838,0.04953636501518693
3.5,1.5,0.6666666666666666,0.05555555555555555,0.6644880000000001,0.05828389039657115
3.5,1.5,0.6666666666666666,0.1111111111111111,0.627894,0.061550822671537754
3.5,1.5,0.6666666666666666,0.16666666666666666,0.5804159999999999,0.06318953060084487
3.5,1.5,0.6666666666666666,0.2222222222222222,0.533132,0.07115527191602099
3.5,1.5,0.6666666666666666,0.2777777777777778,0.48394600000000004,0.06905696788613916
3.5,1.5,0.6666666666666666,0.3333333333333333,0.422984,0.06145881642394739
3.5,1.5,0.6666666666666666,0.38888888888888884,0.377966,0.053381495033616735
3.5,1.5,0.6666666666666666,0.4444444444444444,0.34271200000000007,0.0455181817050227
3.5,1.5,0.6666666666666666,0.5,0.326538,0.041296481141974054
3.5,1.5,0.7777777777777777,0.0,0.69891,0.052251951474234254
3.5,1.5,0.7777777777777777,0.05555555555555555,0.6671659999999999,0.057480905987172926
3.5,1.5,0.7777777777777777,0.1111111111111111,0.6372859999999999,0.0587099473670321
3.5,1.5,0.7777777777777777,0.16666666666666666,0.5932759999999999,0.06826794891967532
3.5,1.5,0.7777777777777777,0.2222222222222222,0.5493960000000001,0.0712472562773761
3.5,1.5,0.7777777777777777,0.2777777777777778,0.4855500000000001,0.06977521523666297
3.5,1.5,0.7777777777777777,0.3333333333333333,0.41781199999999996,0.060778093168661
3.5,1.5,0.7777777777777777,0.38888888888888884,0.378244,0.05139033369023388
3.5,1.5,0.7777777777777777,0.4444444444444444,0.347158,0.047192279649504475
3.5,1.5,0.7777777777777777,0.5,0.32407600000000003,0.043001121111357864
3.5,1.5,0.8888888888888888,0.0,0.700048,0.0528035427244091
3.5,1.5,0.8888888888888888,0.05555555555555555,0.6793620000000001,0.056399616927592315
3.5,1.5,0.8888888888888888,0.1111111111111111,0.644198,0.06057290607111235
3.5,1.5,0.8888888888888888,0.16666666666666666,0.616472,0.0659669044367092
3.5,1.5,0.8888888888888888,0.2222222222222222,0.550802,0.08028318363860704
3.5,1.5,0.8888888888888888,0.2777777777777778,0.48373200000000005,0.07783997880653104
3.5,1.5,0.8888888888888888,0.3333333333333333,0.416388,0.0608375531373796
3.5,1.5,0.8888888888888888,0.38888888888888884,0.37716,0.05331077261636627
3.5,1.5,0.8888888888888888,0.4444444444444444,0.349196,0.04925698005530116
3.5,1.5,0.8888888888888888,0.5,0.32440800000000003,0.04100771636659626
3.5,1.5,1.0,0.0,0.6959339999999999,0.05312111962959179
3.5,1.5,1.0,0.05555555555555555,0.674292,0.057932712125952954
3.5,1.5,1.0,0.1111111111111111,0.65915,0.05797106855647184
3.5,1.5,1.0,0.16666666666666666,0.6359179999999999,0.06960863452187523
3.5,1.5,1.0,0.2222222222222222,0.556604,0.07891899390639998
3.5,1.5,1.0,0.2777777777777778,0.48186399999999996,0.07216584595669401
3.5,1.5,1.0,0.3333333333333333,0.417842,0.06485999285651127
3.5,1.5,1.0,0.38888888888888884,0.38034799999999996,0.05361582050492964
3.5,1.5,1.0,0.4444444444444444,0.34567600000000004,0.04577599707068795
3.5,1.5,1.0,0.5,0.32422199999999995,0.041808571241535114
3.5,2.0,0.0,0.0,0.699758,0.05056795102970542
3.5,2.0,0.0,0.05555555555555555,0.6251599999999999,0.05603411500227497
3.5,2.0,0.0,0.1111111111111111,0.5647519999999999,0.05524656425266142
3.5,2.0,0.0,0.16666666666666666,0.5038360000000001,0.05509282660279986
3.5,2.0,0.0,0.2222222222222222,0.458894,0.05267169428409831
3.5,2.0,0.0,0.2777777777777778,0.416438,0.04674522851348097
3.5,2.0,0.0,0.3333333333333333,0.382766,0.04319753810805882
3.5,2.0,0.0,0.38888888888888884,0.360706,0.04165950783658363
3.5,2.0,0.0,0.4444444444444444,0.340594,0.0384493155170213
3.5,2.0,0.0,0.5,0.321636,0.03517143106451957
3.5,2.0,0.1111111111111111,0.0,0.7017439999999999,0.05184695436913059
3.5,2.0,0.1111111111111111,0.05555555555555555,0.6369199999999999,0.05619007250837993
3.5,2.0,0.1111111111111111,0.1111111111111111,0.574364,0.05719116332375701
3.5,2.0,0.1111111111111111,0.16666666666666666,0.51687,0.05507350799218377
3.5,2.0,0.1111111111111111,0.2222222222222222,0.47282,0.05285791822459599
3.5,2.0,0.1111111111111111,0.2777777777777778,0.42647799999999997,0.048163856054723446
3.5,2.0,0.1111111111111111,0.3333333333333333,0.39798400000000006,0.04739502421817381
3.5,2.0,0.1111111111111111,0.38888888888888884,0.36668000000000006,0.04351285254580935
3.5,2.0,0.1111111111111111,0.4444444444444444,0.34275,0.04036118867305823
3.5,2.0,0.1111111111111111,0.5,0.325192,0.039346300954442914
3.5,2.0,0.2222222222222222,0.0,0.6958880000000001,0.0510482841104502
3.5,2.0,0.2222222222222222,0.05555555555555555,0.6418019999999999,0.055671657626891725
3.5,2.0,0.2222222222222222,0.1111111111111111,0.5843019999999999,0.05665660365283953
3.5,2.0,0.2222222222222222,0.16666666666666666,0.5257999999999999,0.055559965979464734
3.5,2.0,0.2222222222222222,0.2222222222222222,0.481642,0.057277948311068645
3.5,2.0,0.2222222222222222,0.2777777777777778,0.43830600000000003,0.053778477230453946
3.5,2.0,0.2222222222222222,0.3333333333333333,0.403216,0.05046577983017537
3.5,2.0,0.2222222222222222,0.38888888888888884,0.37416599999999994,0.04357922373658078
3.5,2.0,0.2222222222222222,0.4444444444444444,0.351332,0.042628630946263166
3.5,2.0,0.2222222222222222,0.5,0.32765,0.039709812873859704
3.5,2.0,0.3333333333333333,0.0,0.697394,0.05374308702340805
3.5,2.0,0.3333333333333333,0.05555555555555555,0.6449680000000001,0.06054587171031832
3.5,2.0,0.3333333333333333,0.1111111111111111,0.589402,0.05823172901888676
3.5,2.0,0.3333333333333333,0.16666666666666666,0.5440039999999999,0.05620243242797986
3.5,2.0,0.3333333333333333,0.2222222222222222,0.49225199999999997,0.05725561025621527
3.5,2.0,0.3333333333333333,0.2777777777777778,0.45256,0.05130327916328363
3.5,2.0,0.3333333333333333,0.3333333333333333,0.41503599999999996,0.04768885780050339
3.5,2.0,0.3333333333333333,0.38888888888888884,0.380004,0.05124705362272079
3.5,2.0,0.3333333333333333,0.4444444444444444,0.35187399999999996,0.043809458582852234
3.5,2.0,0.3333333333333333,0.5,0.32865,0.04150103820803389
3.5,2.0,0.4444444444444444,0.0,0.699946,0.052360656610869985
3.5,2.0,0.4444444444444444,0.05555555555555555,0.6552680000000001,0.05460266548581958
3.5,2.0,0.4444444444444444,0.1111111111111111,0.599348,0.06139114464874038
3.5,2.0,0.4444444444444444,0.16666666666666666,0.5570660000000001,0.0647498473315491
3.5,2.0,0.4444444444444444,0.2222222222222222,0.5106459999999999,0.0615339380754242
3.5,2.0,0.4444444444444444,0.2777777777777778,0.47056600000000004,0.06015612323217521
3.5,2.0,0.4444444444444444,0.3333333333333333,0.42627,0.059882191457122
3.5,2.0,0.4444444444444444,0.38888888888888884,0.385354,0.050197532494506876
3.5,2.0,0.4444444444444444,0.4444444444444444,0.352988,0.04538377717269599
3.5,2.0,0.4444444444444444,0.5,0.331042,0.0431222830865574
3.5,2.0,0.5555555555555556,0.0,0.698126,0.05086890420315401
3.5,2.0,0.5555555555555556,0.05555555555555555,0.6609539999999999,0.055580917235337556
3.5,2.0,0.5555555555555556,0.1111111111111111,0.615304,0.058311749280984676
3.5,2.0,0.5555555555555556,0.16666666666666666,0.5736800000000001,0.0641145767974478
3.5,2.0,0.5555555555555556,0.2222222222222222,0.531732,0.06509613806041616
3.5,2.0,0.5555555555555556,0.2777777777777778,0.47794,0.061746754760447886
3.5,2.0,0.5555555555555556,0.3333333333333333,0.42613,0.05803185756966575
3.5,2.0,0.5555555555555556,0.38888888888888884,0.382548,0.05285784330823948
3.5,2.0,0.5555555555555556,0.4444444444444444,0.353438,0.045323842040526856
3.5,2.0,0.5555555555555556,0.5,0.32614,0.042740401071673796
3.5,2.0,0.6666666666666666,0.0,0.702234,0.052165868147661436
3.5,2.0,0.6666666666666666,0.05555555555555555,0.666168,0.05765170608428563
3.5,2.0,0.6666666666666666,0.1111111111111111,0.633616,0.061253837506057014
3.5,2.0,0.6666666666666666,0.16666666666666666,0.587658,0.06560781818971904
3.5,2.0,0.6666666666666666,0.2222222222222222,0.546932,0.06822980278423756
3.5,2.0,0.6666666666666666,0.2777777777777778,0.480014,0.06474653683452211
3.5,2.0,0.6666666666666666,0.3333333333333333,0.428152,0.061963568842727704
3.5,2.0,0.6666666666666666,0.38888888888888884,0.38526800000000005,0.05392654560271112
3.5,2.0,0.6666666666666666,0.4444444444444444,0.353368,0.04525771865877016
3.5,2.0,0.6666666666666666,0.5,0.32933799999999996,0.041977851732457015
3.5,2.0,0.7777777777777777,0.0,0.698198,0.05057844555053681
3.5,2.0,0.7777777777777777,0.05555555555555555,0.6720360000000001,0.05307942685363342
3.5,2.0,0.7777777777777777,0.1111111111111111,0.64023,0.061643076153574214
3.5,2.0,0.7777777777777777,0.16666666666666666,0.60907,0.06331513810635538
3.5,2.0,0.7777777777777777,0.2222222222222222,0.5560219999999999,0.07153892052792382
3.5,2.0,0.7777777777777777,0.2777777777777778,0.48235,0.0645916376887801
3.5,2.0,0.7777777777777777,0.3333333333333333,0.42788400000000004,0.05548050754485642
3.5,2.0,0.7777777777777777,0.38888888888888884,0.388388,0.05034499670659214
3.5,2.0,0.7777777777777777,0.4444444444444444,0.35390200000000005,0.047605892892331636
3.5,2.0,0.7777777777777777,0.5,0.33257600000000004,0.041795621444642835
3.5,2.0,0.8888888888888888,0.0,0.699612,0.04999484398265184
3.5,2.0,0.8888888888888888,0.05555555555555555,0.68102,0.0552887084544858
3.5,2.0,0.8888888888888888,0.1111111111111111,0.656284,0.05894475644724686
3.5,2.0,0.8888888888888888,0.16666666666666666,0.62587,0.0626796823952574
3.5,2.0,0.8888888888888888,0.2222222222222222,0.5629120000000001,0.07362868069741903
3.5,2.0,0.8888888888888888,0.2777777777777778,0.48965,0.06408489093766943
3.5,2.0,0.8888888888888888,0.3333333333333333,0.424128,0.05608195777588325
3.5,2.0,0.8888888888888888,0.38888888888888884,0.38975,0.04977073187630463
3.5,2.0,0.8888888888888888,0.4444444444444444,0.353726,0.04685926274505415
3.5,2.0,0.8888888888888888,0.5,0.330156,0.0424386349860473
3.5,2.0,1.0,0.0,0.6971499999999999,0.04966064699255779
3.5,2.0,1.0,0.05555555555555555,0.686368,0.050811181134239665
3.5,2.0,1.0,0.1111111111111111,0.6680600000000001,0.059650891508136156
3.5,2.0,1.0,0.16666666666666666,0.6353779999999999,0.06388268239687843
3.5,2.0,1.0,0.2222222222222222,0.55636,0.07153298775161951
3.5,2.0,1.0,0.2777777777777778,0.48357,0.06700089058122552
3.5,2.0,1.0,0.3333333333333333,0.42399800000000004,0.060154227267218995
3.5,2.0,1.0,0.38888888888888884,0.387348,0.05274762097988947
3.5,2.0,1.0,0.4444444444444444,0.35579200000000005,0.04449773964672065
3.5,2.0,1.0,0.5,0.33182999999999996,0.037679285517565594
3.5,2.5,0.0,0.0,0.696754,0.053266237600719205
3.5,2.5,0.0,0.05555555555555555,0.629944,0.053597520954844644
3.5,2.5,0.0,0.1111111111111111,0.564492,0.05766187405416925
3.5,2.5,0.0,0.16666666666666666,0.505822,0.053723875750464084
3.5,2.5,0.0,0.2222222222222222,0.456796,0.05057622260099275
3.5,2.5,0.0,0.2777777777777778,0.41758799999999996,0.048099202931496596
3.5,2.5,0.0,0.3333333333333333,0.38225200000000004,0.04435153450813684
3.5,2.5,0.0,0.38888888888888884,0.36135,0.04171373360348225
3.5,2.5,0.0,0.4444444444444444,0.339738,0.03646704054474649
3.5,2.5,0.0,0.5,0.32112999999999997,0.034668384643469836
3.5,2.5,0.1111111111111111,0.0,0.696282,0.054075269259532883
3.5,2.5,0.1111111111111111,0.05555555555555555,0.635102,0.059214595605013895
3.5,2.5,0.1111111111111111,0.1111111111111111,0.5792200000000001,0.055006354160187634
3.5,2.5,0.1111111111111111,0.16666666666666666,0.516306,0.05587314184793907
3.5,2.5,0.1111111111111111,0.2222222222222222,0.46866800000000003,0.053854008992545194
3.5,2.5,0.1111111111111111,0.2777777777777778,0.429494,0.04895020131130039
3.5,2.5,0.1111111111111111,0.3333333333333333,0.393142,0.04672185462285072
3.5,2.5,0.1111111111111111,0.38888888888888884,0.36951999999999996,0.04310184611216268
3.5,2.5,0.1111111111111111,0.4444444444444444,0.34914,0.040139441320215186
3.5,2.5,0.1111111111111111,0.5,0.323476,0.03952353277841662
3.5,2.5,0.2222222222222222,0.0,0.697304,0.051295946548090214
3.5,2.5,0.2222222222222222,0.05555555555555555,0.6387759999999999,0.05555071185119367
3.5,2.5,0.2222222222222222,0.1111111111111111,0.580426,0.061284256086601686
3.5,2.5,0.2222222222222222,0.16666666666666666,0.53125,0.05210540707924454
3.5,2.5,0.2222222222222222,0.2222222222222222,0.47993,0.05503506898001738
3.5,2.5,0.2222222222222222,0.2777777777777778,0.438722,0.05098642905613014
3.5,2.5,0.2222222222222222,0.3333333333333333,0.41099199999999997,0.04933404130276097
3.5,2.5,0.2222222222222222,0.38888888888888884,0.37619400000000003,0.04604415807663304
3.5,2.5,0.2222222222222222,0.4444444444444444,0.35479200000000005,0.04214956592677594
3.5,2.5,0.2222222222222222,0.5,0.332322,0.03922682505132444
3.5,2.5,0.3333333333333333,0.0,0.696928,0.051221422121689834
3.5,2.5,0.3333333333333333,0.05555555555555555,0.649284,0.05428171287556621
3.5,2.5,0.3333333333333333,0.1111111111111111,0.594874,0.05795480690405735
3.5,2.5,0.3333333333333333,0.16666666666666666,0.5449700000000001,0.05758385973346704
3.5,2.5,0.3333333333333333,0.2222222222222222,0.49664600000000003,0.05962559103449143
3.5,2.5,0.3333333333333333,0.2777777777777778,0.456654,0.05280100544831231
3.5,2.5,0.3333333333333333,0.3333333333333333,0.42161400000000004,0.0503167223604459
3.5,2.5,0.3333333333333333,0.38888888888888884,0.387692,0.048703811539930156
3.5,2.5,0.3333333333333333,0.4444444444444444,0.35879600000000006,0.042682149850161756
3.5,2.5,0.3333333333333333,0.5,0.334668,0.04251541952980814
3.5,2.5,0.4444444444444444,0.0,0.699838,0.05171495556663002
3.5,2.5,0.4444444444444444,0.05555555555555555,0.6527379999999999,0.0542719101973843
3.5,2.5,0.4444444444444444,0.1111111111111111,0.610356,0.06045460099581443
3.5,2.5,0.4444444444444444,0.16666666666666666,0.559904,0.058665510039002236
3.5,2.5,0.4444444444444444,0.2222222222222222,0.513454,0.05759724619753168
3.5,2.5,0.4444444444444444,0.2777777777777778,0.46989,0.05972258764445743
3.5,2.5,0.4444444444444444,0.3333333333333333,0.428474,0.05674427856886191
3.5,2.5,0.4444444444444444,0.38888888888888884,0.3863440000000001,0.05069581635195534
3.5,2.5,0.4444444444444444,0.4444444444444444,0.360754,0.045137615052029165
3.5,2.5,0.4444444444444444,0.5,0.334254,0.04017912652630509
3.5,2.5,0.5555555555555556,0.0,0.694804,0.05410697472070355
3.5,2.5,0.5555555555555556,0.05555555555555555,0.660634,0.05891531271362555
3.5,2.5,0.5555555555555556,0.1111111111111111,0.61848,0.059672969815933466
3.5,2.5,0.5555555555555556,0.16666666666666666,0.5788980000000001,0.05867709603583324
3.5,2.5,0.5555555555555556,0.2222222222222222,0.5390560000000001,0.06136494256782699
3.5,2.5,0.5555555555555556,0.2777777777777778,0.476834,0.06418290531496171
3.5,2.5,0.5555555555555556,0.3333333333333333,0.428554,0.05762795368648955
3.5,2.5,0.5555555555555556,0.38888888888888884,0.38807,0.04759116449379813
3.5,2.5,0.5555555555555556,0.4444444444444444,0.359024,0.04426975317405987
3.5,2.5,0.5555555555555556,0.5,0.336262,0.042161315314136444
3.5,2.5,0.6666666666666666,0.0,0.6948119999999999,0.05297744685950336
3.5,2.5,0.6666666666666666,0.05555555555555555,0.66928,0.056906152746789
3.5,2.5,0.6666666666666666,0.1111111111111111,0.6335319999999999,0.05581386342748012
3.5,2.5,0.6666666666666666,0.16666666666666666,0.597414,0.05983084542381343
3.5,2.5,0.6666666666666666,0.2222222222222222,0.5421320000000001,0.06438718813546669
3.5,2.5,0.6666666666666666,0.2777777777777778,0.479342,0.06486280446300184
3.5,2.5,0.6666666666666666,0.3333333333333333,0.42409600000000003,0.05547548867461534
3.5,2.5,0.6666666666666666,0.38888888888888884,0.39199,0.051121313337537694
3.5,2.5,0.6666666666666666,0.4444444444444444,0.354348,0.0427885570828752
3.5,2.5,0.6666666666666666,0.5,0.333706,0.04046888960735276
3.5,2.5,0.7777777777777777,0.0,0.697528,0.05295705917280967
3.5,2.5,0.7777777777777777,0.05555555555555555,0.6754020000000001,0.053230022229312154
3.5,2.5,0.7777777777777777,0.1111111111111111,0.644482,0.05871920952409244
3.5,2.5,0.7777777777777777,0.16666666666666666,0.61476,0.0646112965299301
3.5,2.5,0.7777777777777777,0.2222222222222222,0.544362,0.07135582852527927
3.5,2.5,0.7777777777777777,0.2777777777777778,0.477682,0.06268962317407414
3.5,2.5,0.7777777777777777,0.3333333333333333,0.429376,0.05283583893297714
3.5,2.5,0.7777777777777777,0.38888888888888884,0.38630200000000003,0.049058253336629117
3.5,2.5,0.7777777777777777,0.4444444444444444,0.360786,0.04555544755134348
3.5,2.5,0.7777777777777777,0.5,0.33451800000000004,0.038974243537477894
3.5,2.5,0.8888888888888888,0.0,0.7035919999999999,0.051946109889628216
3.5,2.5,0.8888888888888888,0.05555555555555555,0.6805359999999999,0.04949039606433969
3.5,2.5,0.8888888888888888,0.1111111111111111,0.6594300000000001,0.05569226478348162
3.5,2.5,0.8888888888888888,0.16666666666666666,0.626668,0.06662485661551608
3.5,2.5,0.8888888888888888,0.2222222222222222,0.5447860000000001,0.06856885283536772
3.5,2.5,0.8888888888888888,0.2777777777777778,0.475562,0.06235130734037666
3.5,2.5,0.8888888888888888,0.3333333333333333,0.42486199999999996,0.05455411312189975
3.5,2.5,0.8888888888888888,0.38888888888888884,0.389546,0.049631708584270885
3.5,2.5,0.8888888888888888,0.4444444444444444,0.355962,0.04337782645148683
3.5,2.5,0.8888888888888888,0.5,0.335242,0.04317661260163311
3.5,2.5,1.0,0.0,0.6986359999999999,0.054021626931745635
3.5,2.5,1.0,0.05555555555555555,0.685038,0.058247318016473724
3.5,2.5,1.0,0.1111111111111111,0.6742140000000001,0.05669218828396774
3.5,2.5,1.0,0.16666666666666666,0.624638,0.06908162924394586
3.5,2.5,1.0,0.2222222222222222,0.550336,0.06593613768264721
3.5,2.5,1.0,0.2777777777777778,0.482002,0.06272612797120927
3.5,2.5,1.0,0.3333333333333333,0.43013599999999996,0.05390622660262046
3.5,2.5,1.0,0.38888888888888884,0.38988599999999995,0.048931232715619784
3.5,2.5,1.0,0.4444444444444444,0.357888,0.04638187158819756
3.5,2.5,1.0,0.5,0.33433,0.04090583913514917
3.5,3.0,0.0,0.0,0.6987920000000001,0.05195447305613909
3.5,3.0,0.0,0.05555555555555555,0.6253,0.05639136433837976
3.5,3.0,0.0,0.1111111111111111,0.560174,0.06133056824457445
3.5,3.0,0.0,0.16666666666666666,0.5065299999999999,0.055430878258684105
3.5,3.0,0.0,0.2222222222222222,0.46077599999999996,0.04988658302923408
3.5,3.0,0.0,0.2777777777777778,0.41437999999999997,0.0474784161488144
3.5,3.0,0.0,0.3333333333333333,0.387394,0.04683962708359943
3.5,3.0,0.0,0.38888888888888884,0.360834,0.04057762352654631
3.5,3.0,0.0,0.4444444444444444,0.33909000000000006,0.036272707627598946
3.5,3.0,0.0,0.5,0.324836,0.033988874520677566
3.5,3.0,0.1111111111111111,0.0,0.6964060000000001,0.05374873968788545
3.5,3.0,0.1111111111111111,0.05555555555555555,0.632538,0.058558712431227566
3.5,3.0,0.1111111111111111,0.1111111111111111,0.5720540000000001,0.05574774170682451
3.5,3.0,0.1111111111111111,0.16666666666666666,0.520148,0.05371958379740793
3.5,3.0,0.1111111111111111,0.2222222222222222,0.468808,0.05424219360547902
3.5,3.0,0.1111111111111111,0.2777777777777778,0.428388,0.049140890409316365
3.5,3.0,0.1111111111111111,0.3333333333333333,0.39706600000000003,0.0462510969809786
3.5,3.0,0.1111111111111111,0.38888888888888884,0.369368,0.04051097201632436
3.5,3.0,0.1111111111111111,0.4444444444444444,0.347166,0.03982213013006954
3.5,3.0,0.1111111111111111,0.5,0.329758,0.037399637722892544
3.5,3.0,0.2222222222222222,0.0,0.6981539999999999,0.052287112832290455
3.5,3.0,0.2222222222222222,0.05555555555555555,0.643154,0.05699040354474062
3.5,3.0,0.2222222222222222,0.1111111111111111,0.5875159999999999,0.05478522232473225
3.5,3.0,0.2222222222222222,0.16666666666666666,0.530788,0.058281459427729256
3.5,3.0,0.2222222222222222,0.2222222222222222,0.48592799999999997,0.05776091639617443
3.5,3.0,0.2222222222222222,0.2777777777777778,0.444106,0.05009820780077566
3.5,3.0,0.2222222222222222,0.3333333333333333,0.408488,0.04807665322347575
3.5,3.0,0.2222222222222222,0.38888888888888884,0.38216999999999995,0.04463300696369495
3.5,3.0,0.2222222222222222,0.4444444444444444,0.35757799999999995,0.04156844701904499
3.5,3.0,0.2222222222222222,0.5,0.33477999999999997,0.04003469937827206
3.5,3.0,0.3333333333333333,0.0,0.7001379999999999,0.053648478771994065
3.5,3.0,0.3333333333333333,0.05555555555555555,0.6475360000000001,0.057531003264964416
3.5,3.0,0.3333333333333333,0.1111111111111111,0.597556,0.0598641988889623
3.5,3.0,0.3333333333333333,0.16666666666666666,0.548358,0.06052772130265755
3.5,3.0,0.3333333333333333,0.2222222222222222,0.502604,0.058311367804489554
3.5,3.0,0.3333333333333333,0.2777777777777778,0.464156,0.0533237518280366
3.5,3.0,0.3333333333333333,0.3333333333333333,0.42179,0.04878879577512006
3.5,3.0,0.3333333333333333,0.38888888888888884,0.38312599999999997,0.04507279931928961
3.5,3.0,0.3333333333333333,0.4444444444444444,0.353956,0.04339927485703226
3.5,3.0,0.3333333333333333,0.5,0.334308,0.038898938170360935
3.5,3.0,0.4444444444444444,0.0,0.695758,0.050833054549866856
3.5,3.0,0.4444444444444444,0.05555555555555555,0.65082,0.056512076847867826
3.5,3.0,0.4444444444444444,0.1111111111111111,0.6140519999999999,0.05967645981215225
3.5,3.0,0.4444444444444444,0.16666666666666666,0.5696420000000001,0.059458190258176835
3.5,3.0,0.4444444444444444,0.2222222222222222,0.5215,0.06123532910879245
3.5,3.0,0.4444444444444444,0.2777777777777778,0.467998,0.05459912200986841
3.5,3.0,0.4444444444444444,0.3333333333333333,0.420466,0.05084769237280369
3.5,3.0,0.4444444444444444,0.38888888888888884,0.38430000000000003,0.05091749387356696
3.5,3.0,0.4444444444444444,0.4444444444444444,0.356352,0.03980317426239678
3.5,3.0,0.4444444444444444,0.5,0.33335000000000004,0.0395889640195887
3.5,3.0,0.5555555555555556,0.0,0.6947040000000001,0.05435171203561489
3.5,3.0,0.5555555555555556,0.05555555555555555,0.6586479999999999,0.053875237153600666
3.5,3.0,0.5555555555555556,0.1111111111111111,0.623722,0.05757459843341975
3.5,3.0,0.5555555555555556,0.16666666666666666,0.583344,0.059170228120158395
3.5,3.0,0.5555555555555556,0.2222222222222222,0.5335260000000001,0.061218238045035865
3.5,3.0,0.5555555555555556,0.2777777777777778,0.46797,0.05794919601372633
3.5,3.0,0.5555555555555556,0.3333333333333333,0.41889200000000004,0.05128298182095984
3.5,3.0,0.5555555555555556,0.38888888888888884,0.38601199999999997,0.04833462866990202
3.5,3.0,0.5555555555555556,0.4444444444444444,0.353326,0.04457152640343231
3.5,3.0,0.5555555555555556,0.5,0.33037,0.03867392461193691
3.5,3.0,0.6666666666666666,0.0,0.69583,0.05385805864456983
3.5,3.0,0.6666666666666666,0.05555555555555555,0.671292,0.05661594710798246
3.5,3.0,0.6666666666666666,0.1111111111111111,0.638334,0.05630014081431256
3.5,3.0,0.6666666666666666,0.16666666666666666,0.60012,0.06184457213211527
3.5,3.0,0.6666666666666666,0.2222222222222222,0.535738,0.06414129377502661
3.5,3.0,0.6666666666666666,0.2777777777777778,0.47247,0.058045910756150794
3.5,3.0,0.6666666666666666,0.3333333333333333,0.425448,0.05230111000941025
3.5,3.0,0.6666666666666666,0.38888888888888884,0.385792,0.047127473234483234
3.5,3.0,0.6666666666666666,0.4444444444444444,0.357354,0.04284287230584371
3.5,3.0,0.6666666666666666,0.5,0.331082,0.039509305821451554
3.5,3.0,0.7777777777777777,0.0,0.699142,0.05369719371835416
3.5,3.0,0.7777777777777777,0.05555555555555555,0.675916,0.05614193421636905
3.5,3.0,0.7777777777777777,0.1111111111111111,0.6535339999999998,0.05717417788857544
3.5,3.0,0.7777777777777777,0.16666666666666666,0.6061599999999999,0.060069085143524194
3.5,3.0,0.7777777777777777,0.2222222222222222,0.5345359999999999,0.06031956235920825
3.5,3.0,0.7777777777777777,0.2777777777777778,0.474616,0.06166946399620447
3.5,3.0,0.7777777777777777,0.3333333333333333,0.4225,0.055623789982560956
3.5,3.0,0.7777777777777777,0.38888888888888884,0.38805999999999996,0.04577215945487305
3.5,3.0,0.7777777777777777,0.4444444444444444,0.357148,0.04062569371690729
3.5,3.0,0.7777777777777777,0.5,0.33451800000000004,0.038623947164798916
3.5,3.0,0.8888888888888888,0.0,0.6977000000000001,0.05402817864944507
3.5,3.0,0.8888888888888888,0.05555555555555555,0.6811699999999999,0.05492440696959707
3.5,3.0,0.8888888888888888,0.1111111111111111,0.659672,0.05806851402129456
3.5,3.0,0.8888888888888888,0.16666666666666666,0.610894,0.06299424826624458
3.5,3.0,0.8888888888888888,0.2222222222222222,0.53235,0.06569706011241926
3.5,3.0,0.8888888888888888,0.2777777777777778,0.471428,0.05788272311554236
3.5,3.0,0.8888888888888888,0.3333333333333333,0.425324,0.04920464630943783
3.5,3.0,0.8888888888888888,0.38888888888888884,0.38834799999999997,0.04757349441381706
3.5,3.0,0.8888888888888888,0.4444444444444444,0.357618,0.04308797073946382
3.5,3.0,0.8888888888888888,0.5,0.33307,0.03972572676155172
3.5,3.0,1.0,0.0,0.69912,0.05031668846691476
3.5,3.0,1.0,0.05555555555555555,0.686686,0.05254328689752851
3.5,3.0,1.0,0.1111111111111111,0.673492,0.05854866204837913
3.5,3.0,1.0,0.16666666666666666,0.608088,0.0656559034002473
3.5,3.0,1.0,0.2222222222222222,0.53515,0.05998068743963729
3.5,3.0,1.0,0.2777777777777778,0.47398199999999996,0.06005296323068139
3.5,3.0,1.0,0.3333333333333333,0.42682600000000004,0.051914139497438644
3.5,3.0,1.0,0.38888888888888884,0.385274,0.04554667851608606
3.5,3.0,1.0,0.4444444444444444,0.352648,0.03985977545595055
3.5,3.0,1.0,0.5,0.33521799999999996,0.038516561724199996
4.0,0.0,0.0,0.0,0.699652,0.05248783517809976
4.0,0.0,0.0,0.05555555555555555,0.635204,0.05645994895207879
4.0,0.0,0.0,0.1111111111111111,0.57341,0.05748166824622209
4.0,0.0,0.0,0.16666666666666666,0.519708,0.05370324770092824
4.0,0.0,0.0,0.2222222222222222,0.473302,0.04863490005136242
4.0,0.0,0.0,0.2777777777777778,0.43429999999999996,0.04846441580374612
4.0,0.0,0.0,0.3333333333333333,0.406416,0.04428133486283436
4.0,0.0,0.0,0.38888888888888884,0.384394,0.04115139899539938
4.0,0.0,0.0,0.4444444444444444,0.36261,0.03828955575820018
4.0,0.0,0.0,0.5,0.34925,0.038699959609119684
4.0,0.0,0.1111111111111111,0.0,0.699226,0.053084903106963954
4.0,0.0,0.1111111111111111,0.05555555555555555,0.637276,0.05391725107911063
4.0,0.0,0.1111111111111111,0.1111111111111111,0.57613,0.058577262580140815
4.0,0.0,0.1111111111111111,0.16666666666666666,0.51563,0.05796855878504511
4.0,0.0,0.1111111111111111,0.2222222222222222,0.4728919999999999,0.05473532907087518
4.0,0.0,0.1111111111111111,0.2777777777777778,0.431842,0.05258051404193219
4.0,0.0,0.1111111111111111,0.3333333333333333,0.3985,0.0485864516771203
4.0,0.0,0.1111111111111111,0.38888888888888884,0.37604,0.044349161166727664
4.0,0.0,0.1111111111111111,0.4444444444444444,0.34850800000000004,0.0408393148237154
4.0,0.0,0.1111111111111111,0.5,0.33428800000000003,0.038823750762213755
4.0,0.0,0.2222222222222222,0.0,0.6998260000000001,0.05372168801822085
4.0,0.0,0.2222222222222222,0.05555555555555555,0.636312,0.06025575630872683
4.0,0.0,0.2222222222222222,0.1111111111111111,0.57856,0.05935706294825989
4.0,0.0,0.2222222222222222,0.16666666666666666,0.5204099999999999,0.05685397654780708
4.0,0.0,0.2222222222222222,0.2222222222222222,0.461772,0.05727982168219353
4.0,0.0,0.2222222222222222,0.2777777777777778,0.415562,0.05217457742098269
4.0,0.0,0.2222222222222222,0.3333333333333333,0.38286800000000004,0.05196837499864702
4.0,0.0,0.2222222222222222,0.38888888888888884,0.35636,0.048346967417998765
4.0,0.0,0.2222222222222222,0.4444444444444444,0.33075799999999994,0.04415044688244774
4.0,0.0,0.2222222222222222,0.5,0.31139,0.042420949705869335
4.0,0.0,0.3333333333333333,0.0,0.698822,0.05153221764013091
4.0,0.0,0.3333333333333333,0.05555555555555555,0.6349259999999999,0.058478577376882626
4.0,0.0,0.3333333333333333,0.1111111111111111,0.5776699999999999,0.0621928371920432
4.0,0.0,0.3333333333333333,0.16666666666666666,0.5145019999999999,0.06469894824344222
4.0,0.0,0.3333333333333333,0.2222222222222222,0.462446,0.06290807528347807
4.0,0.0,0.3333333333333333,0.2777777777777778,0.407966,0.060088485554159084
4.0,0.0,0.3333333333333333,0.3333333333333333,0.369254,0.055517256917387965
4.0,0.0,0.3333333333333333,0.38888888888888884,0.33632799999999996,0.050527680621794184
4.0,0.0,0.3333333333333333,0.4444444444444444,0.309884,0.04905012102681798
4.0,0.0,0.3333333333333333,0.5,0.289998,0.042476988890107786
4.0,0.0,0.4444444444444444,0.0,0.6983119999999999,0.05338072366799308
4.0,0.0,0.4444444444444444,0.05555555555555555,0.6415939999999999,0.06054257982563914
4.0,0.0,0.4444444444444444,0.1111111111111111,0.58174,0.06417773729205367
4.0,0.0,0.4444444444444444,0.16666666666666666,0.516366,0.06733974551966548
4.0,0.0,0.4444444444444444,0.2222222222222222,0.447232,0.07160354958118523
4.0,0.0,0.4444444444444444,0.2777777777777778,0.388682,0.06490823548724874
4.0,0.0,0.4444444444444444,0.3333333333333333,0.3456,0.059922461588336064
4.0,0.0,0.4444444444444444,0.38888888888888884,0.310654,0.054970626916993545
4.0,0.0,0.4444444444444444,0.4444444444444444,0.285404,0.040749304234442854
4.0,0.0,0.4444444444444444,0.5,0.27888999999999997,0.03331512712553836
4.0,0.0,0.5555555555555556,0.0,0.6970799999999999,0.05243006220524339
4.0,0.0,0.5555555555555556,0.05555555555555555,0.642122,0.061794921641518105
4.0,0.0,0.5555555555555556,0.1111111111111111,0.5789880000000001,0.06471036020170857
4.0,0.0,0.5555555555555556,0.16666666666666666,0.5136379999999999,0.07113662766529759
4.0,0.0,0.5555555555555556,0.2222222222222222,0.439904,0.08491801294097553
4.0,0.0,0.5555555555555556,0.2777777777777778,0.37481600000000004,0.0750559320098
4.0,0.0,0.5555555555555556,0.3333333333333333,0.31314800000000004,0.061919125091559626
4.0,0.0,0.5555555555555556,0.38888888888888884,0.282302,0.04142746995090415
4.0,0.0,0.5555555555555556,0.4444444444444444,0.27822399999999997,0.03322236106222883
4.0,0.0,0.5555555555555556,0.5,0.276284,0.028784795864238672
4.0,0.0,0.6666666666666666,0.0,0.698678,0.05120189042570921
4.0,0.0,0.6666666666666666,0.05555555555555555,0.641552,0.05763045927000185
4.0,0.0,0.6666666666666666,0.1111111111111111,0.57733,0.06710564383768133
4.0,0.0,0.6666666666666666,0.16666666666666666,0.5125899999999999,0.08300929457580003
4.0,0.0,0.6666666666666666,0.2222222222222222,0.42684000000000005,0.0879056152608511
4.0,0.0,0.6666666666666666,0.2777777777777778,0.34550800000000004,0.08213277983269586
4.0,0.0,0.6666666666666666,0.3333333333333333,0.29170799999999997,0.05437879036612865
4.0,0.0,0.6666666666666666,0.38888888888888884,0.27793599999999996,0.03130552628453807
4.0,0.0,0.6666666666666666,0.4444444444444444,0.275052,0.030118159024183598
4.0,0.0,0.6666666666666666,0.5,0.275154,0.029194570211937002
4.0,0.0,0.7777777777777777,0.0,0.69418,0.05282416478061474
4.0,0.0,0.7777777777777777,0.05555555555555555,0.648346,0.05958431728006508
4.0,0.0,0.7777777777777777,0.1111111111111111,0.5809000000000001,0.07495343912104463
4.0,0.0,0.7777777777777777,0.16666666666666666,0.507632,0.08830844432259778
4.0,0.0,0.7777777777777777,0.2222222222222222,0.407844,0.10107056040391149
4.0,0.0,0.7777777777777777,0.2777777777777778,0.312698,0.07852063280151977
4.0,0.0,0.7777777777777777,0.3333333333333333,0.27872199999999997,0.03811927168437895
4.0,0.0,0.7777777777777777,0.38888888888888884,0.27498,0.03039228490857388
4.0,0.0,0.7777777777777777,0.4444444444444444,0.276402,0.027812505585327395
4.0,0.0,0.7777777777777777,0.5,0.27294799999999997,0.02900724282438
4.0,0.0,0.8888888888888888,0.0,0.698,0.05517859507734334
4.0,0.0,0.8888888888888888,0.05555555555555555,0.651894,0.057456917413984496
4.0,0.0,0.8888888888888888,0.1111111111111111,0.590192,0.07171486023382262
4.0,0.0,0.8888888888888888,0.16666666666666666,0.50263,0.09473689491701232
4.0,0.0,0.8888888888888888,0.2222222222222222,0.376996,0.11024309076819394
4.0,0.0,0.8888888888888888,0.2777777777777778,0.285952,0.054675850182565724
4.0,0.0,0.8888888888888888,0.3333333333333333,0.27695400000000003,0.030602629394411576
4.0,0.0,0.8888888888888888,0.38888888888888884,0.27751200000000004,0.029066675062662337
4.0,0.0,0.8888888888888888,0.4444444444444444,0.275236,0.029336830149257993
4.0,0.0,0.8888888888888888,0.5,0.27808999999999995,0.02981361439353526
4.0,0.0,1.0,0.0,0.6970640000000001,0.053494965432770464
4.0,0.0,1.0,0.05555555555555555,0.651606,0.060185108278684965
4.0,0.0,1.0,0.1111111111111111,0.585114,0.07962580952860808
4.0,0.0,1.0,0.16666666666666666,0.492102,0.11395131152732554
4.0,0.0,1.0,0.2222222222222222,0.34130600000000005,0.11065282852653087
4.0,0.0,1.0,0.2777777777777778,0.27670399999999995,0.03668962579916243
4.0,0.0,1.0,0.3333333333333333,0.27570399999999995,0.029620451148699694
4.0,0.0,1.0,0.38888888888888884,0.27778800000000003,0.02833027116935272
4.0,0.0,1.0,0.4444444444444444,0.27634000000000003,0.028789617645400164
4.0,0.0,1.0,0.5,0.277428,0.029977827745062267
4.0,0.5,0.0,0.0,0.694268,0.051787528152483664
4.0,0.5,0.0,0.05555555555555555,0.626704,0.05859945542710022
4.0,0.5,0.0,0.1111111111111111,0.5733520000000001,0.058370732227388776
4.0,0.5,0.0,0.16666666666666666,0.517768,0.05476799469110558
4.0,0.5,0.0,0.2222222222222222,0.474876,0.05299590319553977
4.0,0.5,0.0,0.2777777777777778,0.440394,0.048421607450974534
4.0,0.5,0.0,0.3333333333333333,0.40455,0.042674180382787495
4.0,0.5,0.0,0.38888888888888884,0.384712,0.03982477975035554
4.0,0.5,0.0,0.4444444444444444,0.36260000000000003,0.03847019511028826
4.0,0.5,0.0,0.5,0.34413,0.04077158009553927
4.0,0.5,0.1111111111111111,0.0,0.6977559999999999,0.05538251447722141
4.0,0.5,0.1111111111111111,0.05555555555555555,0.635168,0.05571006190982013
4.0,0.5,0.1111111111111111,0.1111111111111111,0.577166,0.058755654177241455
4.0,0.5,0.1111111111111111,0.16666666666666666,0.5179680000000001,0.0578808029548779
4.0,0.5,0.1111111111111111,0.2222222222222222,0.474664,0.053283067428115456
4.0,0.5,0.1111111111111111,0.2777777777777778,0.433866,0.050396583965093326
4.0,0.5,0.1111111111111111,0.3333333333333333,0.40600400000000003,0.04738352435986082
4.0,0.5,0.1111111111111111,0.38888888888888884,0.379096,0.04445676091644964
4.0,0.5,0.1111111111111111,0.4444444444444444,0.35713200000000006,0.04143269134178526
4.0,0.5,0.1111111111111111,0.5,0.340646,0.03973475034235825
4.0,0.5,0.2222222222222222,0.0,0.7005440000000001,0.05410588653664065
4.0,0.5,0.2222222222222222,0.05555555555555555,0.639374,0.057641645036249356
4.0,0.5,0.2222222222222222,0.1111111111111111,0.579476,0.05766937608363516
4.0,0.5,0.2222222222222222,0.16666666666666666,0.524694,0.0593619410404358
4.0,0.5,0.2222222222222222,0.2222222222222222,0.472844,0.05920376538423332
4.0,0.5,0.2222222222222222,0.2777777777777778,0.435344,0.057958122398019486
4.0,0.5,0.2222222222222222,0.3333333333333333,0.4037819999999999,0.05044891139878685
4.0,0.5,0.2222222222222222,0.38888888888888884,0.37069799999999997,0.04763592298168089
4.0,0.5,0.2222222222222222,0.4444444444444444,0.349582,0.04456527126368257
4.0,0.5,0.2222222222222222,0.5,0.33377799999999996,0.04168034570918137
4.0,0.5,0.3333333333333333,0.0,0.699194,0.05308850291997853
4.0,0.5,0.3333333333333333,0.05555555555555555,0.642826,0.0589604307037996
4.0,0.5,0.3333333333333333,0.1111111111111111,0.5849380000000001,0.0588010653523654
4.0,0.5,0.3333333333333333,0.16666666666666666,0.530378,0.06348044304585938
4.0,0.5,0.3333333333333333,0.2222222222222222,0.47599600000000003,0.05616522990338596
4.0,0.5,0.3333333333333333,0.2777777777777778,0.43267999999999995,0.05851209216785638
4.0,0.5,0.3333333333333333,0.3333333333333333,0.39605399999999996,0.05543339071003345
4.0,0.5,0.3333333333333333,0.38888888888888884,0.36265,0.049703040999209885
4.0,0.5,0.3333333333333333,0.4444444444444444,0.339934,0.04738840539553809
4.0,0.5,0.3333333333333333,0.5,0.32161199999999995,0.042672653617199234
4.0,0.5,0.4444444444444444,0.0,0.695778,0.054880054270321436
4.0,0.5,0.4444444444444444,0.05555555555555555,0.649494,0.05580532620517267
4.0,0.5,0.4444444444444444,0.1111111111111111,0.591414,0.06218698453930842
4.0,0.5,0.4444444444444444,0.16666666666666666,0.532922,0.06122915919618481
4.0,0.5,0.4444444444444444,0.2222222222222222,0.47630399999999995,0.06362408059266968
4.0,0.5,0.4444444444444444,0.2777777777777778,0.427378,0.06542617430791088
4.0,0.5,0.4444444444444444,0.3333333333333333,0.390546,0.05746742463159086
4.0,0.5,0.4444444444444444,0.38888888888888884,0.356298,0.053852552314459186
4.0,0.5,0.4444444444444444,0.4444444444444444,0.32920799999999995,0.045718103920133264
4.0,0.5,0.4444444444444444,0.5,0.31037,0.03886548793344307
4.0,0.5,0.5555555555555556,0.0,0.697944,0.0510143685209489
4.0,0.5,0.5555555555555556,0.05555555555555555,0.646982,0.061637066217201865
4.0,0.5,0.5555555555555556,0.1111111111111111,0.597266,0.0615570775100895
4.0,0.5,0.5555555555555556,0.16666666666666666,0.5391659999999999,0.06749876005689613
4.0,0.5,0.5555555555555556,0.2222222222222222,0.486058,0.0695539945100539
4.0,0.5,0.5555555555555556,0.2777777777777778,0.435384,0.07184790035603784
4.0,0.5,0.5555555555555556,0.3333333333333333,0.38123,0.06732168684040883
4.0,0.5,0.5555555555555556,0.38888888888888884,0.348432,0.05236018098809641
4.0,0.5,0.5555555555555556,0.4444444444444444,0.32834,0.04297200934532093
4.0,0.5,0.5555555555555556,0.5,0.312278,0.04050726345713286
4.0,0.5,0.6666666666666666,0.0,0.696284,0.054150826105756424
4.0,0.5,0.6666666666666666,0.05555555555555555,0.6561039999999999,0.05962149469158348
4.0,0.5,0.6666666666666666,0.1111111111111111,0.604784,0.06135018365146217
4.0,0.5,0.6666666666666666,0.16666666666666666,0.5453640000000001,0.07122970479856969
4.0,0.5,0.6666666666666666,0.2222222222222222,0.49110000000000004,0.07867310159023638
4.0,0.5,0.6666666666666666,0.2777777777777778,0.43075600000000003,0.07503482467379834
4.0,0.5,0.6666666666666666,0.3333333333333333,0.37919600000000003,0.06446195988755764
4.0,0.5,0.6666666666666666,0.38888888888888884,0.350576,0.05405756806711398
4.0,0.5,0.6666666666666666,0.4444444444444444,0.32309400000000005,0.041306920574823165
4.0,0.5,0.6666666666666666,0.5,0.316038,0.0389551995392436
4.0,0.5,0.7777777777777777,0.0,0.699328,0.05005039960881435
4.0,0.5,0.7777777777777777,0.05555555555555555,0.6596179999999999,0.06016953399888757
4.0,0.5,0.7777777777777777,0.1111111111111111,0.60699,0.06967302606548853
4.0,0.5,0.7777777777777777,0.16666666666666666,0.560554,0.07618292959399137
4.0,0.5,0.7777777777777777,0.2222222222222222,0.48737199999999997,0.08714777728761844
4.0,0.5,0.7777777777777777,0.2777777777777778,0.425476,0.0768762990440449
4.0,0.5,0.7777777777777777,0.3333333333333333,0.3794159999999999,0.06523691173949463
4.0,0.5,0.7777777777777777,0.38888888888888884,0.352296,0.05371826214030709
4.0,0.5,0.7777777777777777,0.4444444444444444,0.32814,0.043956441365003034
4.0,0.5,0.7777777777777777,0.5,0.316968,0.03961410772770383
4.0,0.5,0.8888888888888888,0.0,0.700394,0.05159005555010894
4.0,0.5,0.8888888888888888,0.05555555555555555,0.657364,0.058942377894208225
4.0,0.5,0.8888888888888888,0.1111111111111111,0.616324,0.06635553585253119
4.0,0.5,0.8888888888888888,0.16666666666666666,0.5666680000000001,0.07699507945655386
4.0,0.5,0.8888888888888888,0.2222222222222222,0.49872800000000006,0.08878984902893552
4.0,0.5,0.8888888888888888,0.2777777777777778,0.42156600000000005,0.07756658296964727
4.0,0.5,0.8888888888888888,0.3333333333333333,0.38109,0.06671269044291547
4.0,0.5,0.8888888888888888,0.38888888888888884,0.345206,0.05115702930482369
4.0,0.5,0.8888888888888888,0.4444444444444444,0.331214,0.04672728412998479
4.0,0.5,0.8888888888888888,0.5,0.312946,0.04134147213921239
4.0,0.5,1.0,0.0,0.69788,0.05362997247711201
4.0,0.5,1.0,0.05555555555555555,0.6672539999999999,0.05998157268798683
4.0,0.5,1.0,0.1111111111111111,0.624064,0.0650680228622201
4.0,0.5,1.0,0.16666666666666666,0.56978,0.08584753460872824
4.0,0.5,1.0,0.2222222222222222,0.506956,0.09794928375632338
4.0,0.5,1.0,0.2777777777777778,0.436884,0.08496904153890451
4.0,0.5,1.0,0.3333333333333333,0.37681,0.06426415535371685
4.0,0.5,1.0,0.38888888888888884,0.34501600000000004,0.04924760295479961
4.0,0.5,1.0,0.4444444444444444,0.32630600000000004,0.04272436197548683
4.0,0.5,1.0,0.5,0.3115359999999999,0.038840879648428764
4.0,1.0,0.0,0.0,0.6960160000000001,0.04964854176507903
4.0,1.0,0.0,0.05555555555555555,0.626808,0.059799088605061466
4.0,1.0,0.0,0.1111111111111111,0.57666,0.05758437566424839
4.0,1.0,0.0,0.16666666666666666,0.517952,0.05409508528974707
4.0,1.0,0.0,0.2222222222222222,0.47514,0.051798480336108906
4.0,1.0,0.0,0.2777777777777778,0.439536,0.04910510489402611
4.0,1.0,0.0,0.3333333333333333,0.403156,0.043458081800138104
4.0,1.0,0.0,0.38888888888888884,0.385984,0.04301162335330967
4.0,1.0,0.0,0.4444444444444444,0.36323199999999994,0.04165920251647428
4.0,1.0,0.0,0.5,0.34664999999999996,0.03742733105927326
4.0,1.0,0.1111111111111111,0.0,0.7012160000000001,0.05368192285754458
4.0,1.0,0.1111111111111111,0.05555555555555555,0.639986,0.056366267538594965
4.0,1.0,0.1111111111111111,0.1111111111111111,0.577692,0.061285078589453
4.0,1.0,0.1111111111111111,0.16666666666666666,0.5242080000000001,0.05785131186558467
4.0,1.0,0.1111111111111111,0.2222222222222222,0.481308,0.0513983727509236
4.0,1.0,0.1111111111111111,0.2777777777777778,0.442886,0.050345430067259486
4.0,1.0,0.1111111111111111,0.3333333333333333,0.412076,0.049507982231244474
4.0,1.0,0.1111111111111111,0.38888888888888884,0.38149400000000006,0.0448470342046596
4.0,1.0,0.1111111111111111,0.4444444444444444,0.36268,0.04090922548104422
4.0,1.0,0.1111111111111111,0.5,0.343274,0.04138105493356627
4.0,1.0,0.2222222222222222,0.0,0.69371,0.05359551154448878
4.0,1.0,0.2222222222222222,0.05555555555555555,0.641732,0.05744827922201971
4.0,1.0,0.2222222222222222,0.1111111111111111,0.582124,0.05744116641571963
4.0,1.0,0.2222222222222222,0.16666666666666666,0.527242,0.05986664736674226
4.0,1.0,0.2222222222222222,0.2222222222222222,0.481918,0.05576682844046824
4.0,1.0,0.2222222222222222,0.2777777777777778,0.44289999999999996,0.05227269717299347
4.0,1.0,0.2222222222222222,0.3333333333333333,0.40818400000000005,0.050108440962690334
4.0,1.0,0.2222222222222222,0.38888888888888884,0.382416,0.04690876045703223
4.0,1.0,0.2222222222222222,0.4444444444444444,0.35706600000000005,0.043613827806693414
4.0,1.0,0.2222222222222222,0.5,0.342158,0.04273234304697753
4.0,1.0,0.3333333333333333,0.0,0.69859,0.050818332379286346
4.0,1.0,0.3333333333333333,0.05555555555555555,0.646058,0.05559666009057066
4.0,1.0,0.3333333333333333,0.1111111111111111,0.594912,0.05633261028892526
4.0,1.0,0.3333333333333333,0.16666666666666666,0.539114,0.059078672828410186
4.0,1.0,0.3333333333333333,0.2222222222222222,0.49508199999999997,0.05604663885956865
4.0,1.0,0.3333333333333333,0.2777777777777778,0.453912,0.054553206695128774
4.0,1.0,0.3333333333333333,0.3333333333333333,0.41291400000000006,0.05633369839758704
4.0,1.0,0.3333333333333333,0.38888888888888884,0.384804,0.049231545518582866
4.0,1.0,0.3333333333333333,0.4444444444444444,0.360948,0.048642053768211506
4.0,1.0,0.3333333333333333,0.5,0.33691000000000004,0.04250684136849329
4.0,1.0,0.4444444444444444,0.0,0.6985699999999999,0.05450326882513791
4.0,1.0,0.4444444444444444,0.05555555555555555,0.649934,0.05772786725070162
4.0,1.0,0.4444444444444444,0.1111111111111111,0.6033379999999999,0.06275626226047733
4.0,1.0,0.4444444444444444,0.16666666666666666,0.555228,0.05893806415902737
4.0,1.0,0.4444444444444444,0.2222222222222222,0.50295,0.06082475484211347
4.0,1.0,0.4444444444444444,0.2777777777777778,0.45844000000000007,0.05926901409728467
4.0,1.0,0.4444444444444444,0.3333333333333333,0.41899000000000003,0.06044190887701508
4.0,1.0,0.4444444444444444,0.38888888888888884,0.38367399999999996,0.05505839243162035
4.0,1.0,0.4444444444444444,0.4444444444444444,0.35442999999999997,0.04665939668059581
4.0,1.0,0.4444444444444444,0.5,0.33750600000000003,0.044795392826013636
4.0,1.0,0.5555555555555556,0.0,0.696338,0.054660546160948904
4.0,1.0,0.5555555555555556,0.05555555555555555,0.6530819999999998,0.0569887595357791
4.0,1.0,0.5555555555555556,0.1111111111111111,0.6097080000000001,0.058150543483400305
4.0,1.0,0.5555555555555556,0.16666666666666666,0.561296,0.06331956347161967
4.0,1.0,0.5555555555555556,0.2222222222222222,0.5177039999999999,0.06264942365711865
4.0,1.0,0.5555555555555556,0.2777777777777778,0.45991200000000004,0.07020379906248388
4.0,1.0,0.5555555555555556,0.3333333333333333,0.421598,0.062082145432991655
4.0,1.0,0.5555555555555556,0.38888888888888884,0.384598,0.05712269602182309
4.0,1.0,0.5555555555555556,0.4444444444444444,0.35700800000000005,0.04912651794632978
4.0,1.0,0.5555555555555556,0.5,0.33969399999999994,0.04340788930260736
4.0,1.0,0.6666666666666666,0.0,0.7008059999999999,0.054298812935204624
4.0,1.0,0.6666666666666666,0.05555555555555555,0.6572560000000001,0.056003850998420694
4.0,1.0,0.6666666666666666,0.1111111111111111,0.6141279999999999,0.06277691852104558
4.0,1.0,0.6666666666666666,0.16666666666666666,0.569202,0.07080233850853059
4.0,1.0,0.6666666666666666,0.2222222222222222,0.52071,0.07242054522538119
4.0,1.0,0.6666666666666666,0.2777777777777778,0.47118600000000005,0.07436684920393657
4.0,1.0,0.6666666666666666,0.3333333333333333,0.42132400000000003,0.06605441237941323
4.0,1.0,0.6666666666666666,0.38888888888888884,0.38832599999999995,0.060629230005518994
4.0,1.0,0.6666666666666666,0.4444444444444444,0.356348,0.047572020034683846
4.0,1.0,0.6666666666666666,0.5,0.341012,0.0423822175059475
4.0,1.0,0.7777777777777777,0.0,0.699248,0.05226365347877911
4.0,1.0,0.7777777777777777,0.05555555555555555,0.668442,0.05496764065373441
4.0,1.0,0.7777777777777777,0.1111111111111111,0.629058,0.062417517805966265
4.0,1.0,0.7777777777777777,0.16666666666666666,0.578896,0.0682321069940662
4.0,1.0,0.7777777777777777,0.2222222222222222,0.539944,0.07728621599201717
4.0,1.0,0.7777777777777777,0.2777777777777778,0.48383,0.07816547051968105
4.0,1.0,0.7777777777777777,0.3333333333333333,0.42415800000000004,0.06672328701480557
4.0,1.0,0.7777777777777777,0.38888888888888884,0.38965999999999995,0.05747321760161829
4.0,1.0,0.7777777777777777,0.4444444444444444,0.35565399999999997,0.0470273689553405
4.0,1.0,0.7777777777777777,0.5,0.337144,0.0444011507550959
4.0,1.0,0.8888888888888888,0.0,0.695778,0.05366914822262306
4.0,1.0,0.8888888888888888,0.05555555555555555,0.6723779999999999,0.05730957940679347
4.0,1.0,0.8888888888888888,0.1111111111111111,0.6384279999999999,0.06233364888699469
4.0,1.0,0.8888888888888888,0.16666666666666666,0.5940240000000001,0.06942197234657756
4.0,1.0,0.8888888888888888,0.2222222222222222,0.550254,0.07262397653623678
4.0,1.0,0.8888888888888888,0.2777777777777778,0.476268,0.07719210723148887
4.0,1.0,0.8888888888888888,0.3333333333333333,0.42763,0.07010047970241728
4.0,1.0,0.8888888888888888,0.38888888888888884,0.38549,0.05585062654053167
4.0,1.0,0.8888888888888888,0.4444444444444444,0.35455000000000003,0.04870367127014534
4.0,1.0,0.8888888888888888,0.5,0.336098,0.0448367378622068
4.0,1.0,1.0,0.0,0.6976220000000001,0.05360419699866554
4.0,1.0,1.0,0.05555555555555555,0.6741940000000001,0.054732253774227246
4.0,1.0,1.0,0.1111111111111111,0.648002,0.0644846845777366
4.0,1.0,1.0,0.16666666666666666,0.611472,0.07048871209680406
4.0,1.0,1.0,0.2222222222222222,0.5671240000000001,0.08255688889370537
4.0,1.0,1.0,0.2777777777777778,0.48152,0.08390333210472962
4.0,1.0,1.0,0.3333333333333333,0.42206399999999994,0.06933899116219375
4.0,1.0,1.0,0.38888888888888884,0.38536800000000004,0.05744622453588098
4.0,1.0,1.0,0.4444444444444444,0.35818600000000006,0.04986924188889527
4.0,1.0,1.0,0.5,0.3381,0.040813103518817034
4.0,1.5,0.0,0.0,0.6986180000000001,0.05374891596986744
4.0,1.5,0.0,0.05555555555555555,0.6393340000000001,0.05464784733579973
4.0,1.5,0.0,0.1111111111111111,0.569974,0.055007098503479915
4.0,1.5,0.0,0.16666666666666666,0.5168440000000001,0.05304283881448087
4.0,1.5,0.0,0.2222222222222222,0.47210599999999997,0.051722889309831814
4.0,1.5,0.0,0.2777777777777778,0.43677999999999995,0.04926985525932209
4.0,1.5,0.0,0.3333333333333333,0.40397000000000005,0.043124105520623936
4.0,1.5,0.0,0.38888888888888884,0.381532,0.044222259014943706
4.0,1.5,0.0,0.4444444444444444,0.36216,0.03979000992434607
4.0,1.5,0.0,0.5,0.345262,0.039030194313329686
4.0,1.5,0.1111111111111111,0.0,0.693188,0.053612024344438035
4.0,1.5,0.1111111111111111,0.05555555555555555,0.6384500000000001,0.05841705748503959
4.0,1.5,0.1111111111111111,0.1111111111111111,0.5788099999999999,0.05655895801252818
4.0,1.5,0.1111111111111111,0.16666666666666666,0.525822,0.05479722426889112
4.0,1.5,0.1111111111111111,0.2222222222222222,0.483428,0.0526774205639812
4.0,1.5,0.1111111111111111,0.2777777777777778,0.440452,0.050770019556540875
4.0,1.5,0.1111111111111111,0.3333333333333333,0.41018400000000005,0.048120820553493086
4.0,1.5,0.1111111111111111,0.38888888888888884,0.387522,0.044899102159725854
4.0,1.5,0.1111111111111111,0.4444444444444444,0.366392,0.04136167201436189
4.0,1.5,0.1111111111111111,0.5,0.348728,0.04049921466865197
4.0,1.5,0.2222222222222222,0.0,0.7011880000000001,0.05594798486111935
4.0,1.5,0.2222222222222222,0.05555555555555555,0.63721,0.05180464595656813
4.0,1.5,0.2222222222222222,0.1111111111111111,0.5903240000000001,0.05987360621712113
4.0,1.5,0.2222222222222222,0.16666666666666666,0.53668,0.05568320067736184
4.0,1.5,0.2222222222222222,0.2222222222222222,0.48957799999999996,0.059069470292540144
4.0,1.5,0.2222222222222222,0.2777777777777778,0.44871799999999995,0.05244596872277737
4.0,1.5,0.2222222222222222,0.3333333333333333,0.417784,0.04754246434327593
4.0,1.5,0.2222222222222222,0.38888888888888884,0.392706,0.047064143796127056
4.0,1.5,0.2222222222222222,0.4444444444444444,0.36754999999999993,0.0450088779930848
4.0,1.5,0.2222222222222222,0.5,0.34626999999999997,0.03905703526905256
4.0,1.5,0.3333333333333333,0.0,0.700576,0.0529971094610116
4.0,1.5,0.3333333333333333,0.05555555555555555,0.6475539999999999,0.055630032221543245
4.0,1.5,0.3333333333333333,0.1111111111111111,0.596086,0.060032878466670145
4.0,1.5,0.3333333333333333,0.16666666666666666,0.545254,0.05956708789188741
4.0,1.5,0.3333333333333333,0.2222222222222222,0.50139,0.05857802206748429
4.0,1.5,0.3333333333333333,0.2777777777777778,0.462076,0.0557457208652788
4.0,1.5,0.3333333333333333,0.3333333333333333,0.421214,0.055214758381126446
4.0,1.5,0.3333333333333333,0.38888888888888884,0.397074,0.050429304511434764
4.0,1.5,0.3333333333333333,0.4444444444444444,0.37200599999999995,0.048738042200267236
4.0,1.5,0.3333333333333333,0.5,0.35280600000000006,0.04465185259179914
4.0,1.5,0.4444444444444444,0.0,0.699538,0.05334089480048335
4.0,1.5,0.4444444444444444,0.05555555555555555,0.653512,0.05660694788714718
4.0,1.5,0.4444444444444444,0.1111111111111111,0.6097319999999999,0.05786997532475866
4.0,1.5,0.4444444444444444,0.16666666666666666,0.5594660000000001,0.062237189682368514
4.0,1.5,0.4444444444444444,0.2222222222222222,0.519364,0.05996387944150504
4.0,1.5,0.4444444444444444,0.2777777777777778,0.47539600000000004,0.05875289771560174
4.0,1.5,0.4444444444444444,0.3333333333333333,0.43704999999999994,0.05441276502803356
4.0,1.5,0.4444444444444444,0.38888888888888884,0.40067200000000003,0.054532595977526105
4.0,1.5,0.4444444444444444,0.4444444444444444,0.37760399999999994,0.04967670211947381
4.0,1.5,0.4444444444444444,0.5,0.353874,0.04533675072093129
4.0,1.5,0.5555555555555556,0.0,0.692874,0.05483560897832765
4.0,1.5,0.5555555555555556,0.05555555555555555,0.6582259999999999,0.05519423639713594
4.0,1.5,0.5555555555555556,0.1111111111111111,0.6176860000000001,0.058390944578912536
4.0,1.5,0.5555555555555556,0.16666666666666666,0.576332,0.058978493549791566
4.0,1.5,0.5555555555555556,0.2222222222222222,0.531482,0.0668859112687605
4.0,1.5,0.5555555555555556,0.2777777777777778,0.48727800000000004,0.06258346503823821
4.0,1.5,0.5555555555555556,0.3333333333333333,0.440162,0.062369027145644886
4.0,1.5,0.5555555555555556,0.38888888888888884,0.40358399999999994,0.05862498376496906
4.0,1.5,0.5555555555555556,0.4444444444444444,0.37608199999999997,0.05247772001713102
4.0,1.5,0.5555555555555556,0.5,0.349178,0.044455493449016975
4.0,1.5,0.6666666666666666,0.0,0.696648,0.05124310497633053
4.0,1.5,0.6666666666666666,0.05555555555555555,0.667582,0.055609100154921404
4.0,1.5,0.6666666666666666,0.1111111111111111,0.632856,0.0622684026769909
4.0,1.5,0.6666666666666666,0.16666666666666666,0.5854199999999999,0.06557352647791256
4.0,1.5,0.6666666666666666,0.2222222222222222,0.5462039999999999,0.06702808300871842
4.0,1.5,0.6666666666666666,0.2777777777777778,0.498618,0.06898090174541952
4.0,1.5,0.6666666666666666,0.3333333333333333,0.449142,0.0677185753460141
4.0,1.5,0.6666666666666666,0.38888888888888884,0.401792,0.05748713139958461
4.0,1.5,0.6666666666666666,0.4444444444444444,0.374054,0.046910171737319935
4.0,1.5,0.6666666666666666,0.5,0.35515399999999997,0.043646446689475586
4.0,1.5,0.7777777777777777,0.0,0.7022079999999999,0.05077014823598418
4.0,1.5,0.7777777777777777,0.05555555555555555,0.669558,0.05553217338229364
4.0,1.5,0.7777777777777777,0.1111111111111111,0.637846,0.06185248372932952
4.0,1.5,0.7777777777777777,0.16666666666666666,0.6026239999999999,0.0648918525629999
4.0,1.5,0.7777777777777777,0.2222222222222222,0.565354,0.06648326656736214
4.0,1.5,0.7777777777777777,0.2777777777777778,0.507094,0.07322825902504905
4.0,1.5,0.7777777777777777,0.3333333333333333,0.44637800000000005,0.06863582788704074
4.0,1.5,0.7777777777777777,0.38888888888888884,0.405572,0.05822653583161118
4.0,1.5,0.7777777777777777,0.4444444444444444,0.36886,0.04955198480784391
4.0,1.5,0.7777777777777777,0.5,0.351904,0.04258259431595678
4.0,1.5,0.8888888888888888,0.0,0.699148,0.05203388459737159
4.0,1.5,0.8888888888888888,0.05555555555555555,0.674264,0.05702436198432595
4.0,1.5,0.8888888888888888,0.1111111111111111,0.65271,0.05710295434379538
4.0,1.5,0.8888888888888888,0.16666666666666666,0.623428,0.06533052096792034
4.0,1.5,0.8888888888888888,0.2222222222222222,0.575288,0.07551257746037689
4.0,1.5,0.8888888888888888,0.2777777777777778,0.501986,0.07388669902347221
4.0,1.5,0.8888888888888888,0.3333333333333333,0.447884,0.07025865855682423
4.0,1.5,0.8888888888888888,0.38888888888888884,0.407188,0.05944456213932332
4.0,1.5,0.8888888888888888,0.4444444444444444,0.37315600000000004,0.05029121271308045
4.0,1.5,0.8888888888888888,0.5,0.35321800000000003,0.04349485119138035
4.0,1.5,1.0,0.0,0.696562,0.05047758045168679
4.0,1.5,1.0,0.05555555555555555,0.682608,0.05470432764348586
4.0,1.5,1.0,0.1111111111111111,0.662346,0.062198227651968446
4.0,1.5,1.0,0.16666666666666666,0.64239,0.06968576692714551
4.0,1.5,1.0,0.2222222222222222,0.581806,0.07881062487498987
4.0,1.5,1.0,0.2777777777777778,0.507686,0.07927059390540879
4.0,1.5,1.0,0.3333333333333333,0.447646,0.06718819234345245
4.0,1.5,1.0,0.38888888888888884,0.40511199999999997,0.05452806686608562
4.0,1.5,1.0,0.4444444444444444,0.372908,0.0521251340064501
4.0,1.5,1.0,0.5,0.350144,0.04128695301155023
4.0,2.0,0.0,0.0,0.697558,0.053435093847667356
4.0,2.0,0.0,0.05555555555555555,0.637568,0.05543351987969468
4.0,2.0,0.0,0.1111111111111111,0.567536,0.05620033504632011
4.0,2.0,0.0,0.16666666666666666,0.517486,0.056365485360101
4.0,2.0,0.0,0.2222222222222222,0.47150200000000003,0.05402176133184469
4.0,2.0,0.0,0.2777777777777778,0.440698,0.0479193836632038
4.0,2.0,0.0,0.3333333333333333,0.403988,0.04449228002658358
4.0,2.0,0.0,0.38888888888888884,0.383284,0.04233930298380346
4.0,2.0,0.0,0.4444444444444444,0.3628680000000001,0.040569574273258364
4.0,2.0,0.0,0.5,0.349658,0.03644405815423824
4.0,2.0,0.1111111111111111,0.0,0.694984,0.05233999133919276
4.0,2.0,0.1111111111111111,0.05555555555555555,0.6358680000000001,0.058953928685159133
4.0,2.0,0.1111111111111111,0.1111111111111111,0.5814380000000001,0.059824879342768034
4.0,2.0,0.1111111111111111,0.16666666666666666,0.528946,0.05380696481800336
4.0,2.0,0.1111111111111111,0.2222222222222222,0.48200400000000004,0.05371482615719981
4.0,2.0,0.1111111111111111,0.2777777777777778,0.446404,0.05024146887172765
4.0,2.0,0.1111111111111111,0.3333333333333333,0.41500400000000004,0.047015666855418733
4.0,2.0,0.1111111111111111,0.38888888888888884,0.38967,0.04368402096161421
4.0,2.0,0.1111111111111111,0.4444444444444444,0.367548,0.041703790094144114
4.0,2.0,0.1111111111111111,0.5,0.35144,0.04142586879246374
4.0,2.0,0.2222222222222222,0.0,0.697698,0.052335387469313016
4.0,2.0,0.2222222222222222,0.05555555555555555,0.643598,0.054349536707138185
4.0,2.0,0.2222222222222222,0.1111111111111111,0.590846,0.059521423737739464
4.0,2.0,0.2222222222222222,0.16666666666666666,0.533104,0.05670481510517625
4.0,2.0,0.2222222222222222,0.2222222222222222,0.488576,0.05734950877132798
4.0,2.0,0.2222222222222222,0.2777777777777778,0.457012,0.05347038451367337
4.0,2.0,0.2222222222222222,0.3333333333333333,0.42197,0.050006022683365035
4.0,2.0,0.2222222222222222,0.38888888888888884,0.397072,0.046674745631438835
4.0,2.0,0.2222222222222222,0.4444444444444444,0.372346,0.04583426495196989
4.0,2.0,0.2222222222222222,0.5,0.35224800000000006,0.043270117889883414
4.0,2.0,0.3333333333333333,0.0,0.700978,0.05328534669442143
4.0,2.0,0.3333333333333333,0.05555555555555555,0.6523220000000001,0.056490004045974616
4.0,2.0,0.3333333333333333,0.1111111111111111,0.600136,0.05741615394178658
4.0,2.0,0.3333333333333333,0.16666666666666666,0.550542,0.05678935020400555
4.0,2.0,0.3333333333333333,0.2222222222222222,0.50833,0.054650548624234865
4.0,2.0,0.3333333333333333,0.2777777777777778,0.466238,0.05666419520328576
4.0,2.0,0.3333333333333333,0.3333333333333333,0.43534,0.054329437467648255
4.0,2.0,0.3333333333333333,0.38888888888888884,0.40552999999999995,0.05142752843918056
4.0,2.0,0.3333333333333333,0.4444444444444444,0.381576,0.048293527035276826
4.0,2.0,0.3333333333333333,0.5,0.35522200000000004,0.0466459043946367
4.0,2.0,0.4444444444444444,0.0,0.6981379999999999,0.05079968673471017
4.0,2.0,0.4444444444444444,0.05555555555555555,0.655156,0.05644774894290686
4.0,2.0,0.4444444444444444,0.1111111111111111,0.6114539999999999,0.05766832019669567
4.0,2.0,0.4444444444444444,0.16666666666666666,0.5671759999999999,0.06031122542133966
4.0,2.0,0.4444444444444444,0.2222222222222222,0.523708,0.05610570770317176
4.0,2.0,0.4444444444444444,0.2777777777777778,0.48748199999999997,0.05646327903832295
4.0,2.0,0.4444444444444444,0.3333333333333333,0.44659999999999994,0.057693926702528354
4.0,2.0,0.4444444444444444,0.38888888888888884,0.41431799999999996,0.05501838712506654
4.0,2.0,0.4444444444444444,0.4444444444444444,0.383014,0.04915125120472499
4.0,2.0,0.4444444444444444,0.5,0.358558,0.04477638311621362
4.0,2.0,0.5555555555555556,0.0,0.698982,0.05001179896856484
4.0,2.0,0.5555555555555556,0.05555555555555555,0.6592279999999999,0.05397795155903026
4.0,2.0,0.5555555555555556,0.1111111111111111,0.6206820000000001,0.056018255648778145
4.0,2.0,0.5555555555555556,0.16666666666666666,0.5808139999999999,0.06084735166306597
4.0,2.0,0.5555555555555556,0.2222222222222222,0.5356040000000001,0.05947457974017589
4.0,2.0,0.5555555555555556,0.2777777777777778,0.499726,0.06271341857800035
4.0,2.0,0.5555555555555556,0.3333333333333333,0.452212,0.062119826155609986
4.0,2.0,0.5555555555555556,0.38888888888888884,0.414228,0.05132852277731167
4.0,2.0,0.5555555555555556,0.4444444444444444,0.382934,0.04938639160083171
4.0,2.0,0.5555555555555556,0.5,0.35588600000000004,0.04287069859000656
4.0,2.0,0.6666666666666666,0.0,0.695152,0.05202601569039506
4.0,2.0,0.6666666666666666,0.05555555555555555,0.6699740000000001,0.05238665906598923
4.0,2.0,0.6666666666666666,0.1111111111111111,0.638016,0.05859866338664563
4.0,2.0,0.6666666666666666,0.16666666666666666,0.598698,0.06169261506458462
4.0,2.0,0.6666666666666666,0.2222222222222222,0.5596279999999999,0.06677096929565544
4.0,2.0,0.6666666666666666,0.2777777777777778,0.516966,0.06824247148094548
4.0,2.0,0.6666666666666666,0.3333333333333333,0.4588,0.0629161098109816
4.0,2.0,0.6666666666666666,0.38888888888888884,0.415392,0.0574004526107577
4.0,2.0,0.6666666666666666,0.4444444444444444,0.37915999999999994,0.04817917460616634
4.0,2.0,0.6666666666666666,0.5,0.355758,0.04447808489663358
4.0,2.0,0.7777777777777777,0.0,0.6982760000000001,0.05319966383789403
4.0,2.0,0.7777777777777777,0.05555555555555555,0.6729639999999999,0.05457853366181018
4.0,2.0,0.7777777777777777,0.1111111111111111,0.648302,0.057189650359277706
4.0,2.0,0.7777777777777777,0.16666666666666666,0.613268,0.0652858074109419
4.0,2.0,0.7777777777777777,0.2222222222222222,0.5780740000000001,0.06657992412576921
4.0,2.0,0.7777777777777777,0.2777777777777778,0.51595,0.07536079882803791
4.0,2.0,0.7777777777777777,0.3333333333333333,0.459834,0.06643334420639149
4.0,2.0,0.7777777777777777,0.38888888888888884,0.41875399999999996,0.057574152621642644
4.0,2.0,0.7777777777777777,0.4444444444444444,0.381318,0.048418897708545794
4.0,2.0,0.7777777777777777,0.5,0.35484000000000004,0.04247251144513253
4.0,2.0,0.8888888888888888,0.0,0.6994000000000001,0.052045455699012144
4.0,2.0,0.8888888888888888,0.05555555555555555,0.678478,0.05457580556534381
4.0,2.0,0.8888888888888888,0.1111111111111111,0.652172,0.05877863789290366
4.0,2.0,0.8888888888888888,0.16666666666666666,0.6297619999999999,0.06586590917905838
4.0,2.0,0.8888888888888888,0.2222222222222222,0.5827260000000001,0.0741494383148302
4.0,2.0,0.8888888888888888,0.2777777777777778,0.51088,0.07039742320844405
4.0,2.0,0.8888888888888888,0.3333333333333333,0.46072199999999996,0.06223277716048202
4.0,2.0,0.8888888888888888,0.38888888888888884,0.41417600000000004,0.056423436907591246
4.0,2.0,0.8888888888888888,0.4444444444444444,0.384384,0.04783267160577477
4.0,2.0,0.8888888888888888,0.5,0.360536,0.04620608952745122
4.0,2.0,1.0,0.0,0.696952,0.055193608006085804
4.0,2.0,1.0,0.05555555555555555,0.682102,0.05459032701502359
4.0,2.0,1.0,0.1111111111111111,0.676608,0.05707150470505046
4.0,2.0,1.0,0.16666666666666666,0.646132,0.06887936781519734
4.0,2.0,1.0,0.2222222222222222,0.58424,0.07992119364967454
4.0,2.0,1.0,0.2777777777777778,0.5109239999999999,0.0727226745850123
4.0,2.0,1.0,0.3333333333333333,0.45439599999999997,0.0658529909482756
4.0,2.0,1.0,0.38888888888888884,0.413184,0.053983762718752284
4.0,2.0,1.0,0.4444444444444444,0.37918,0.05088093295800849
4.0,2.0,1.0,0.5,0.359096,0.04627965424237293
4.0,2.5,0.0,0.0,0.696932,0.051551085389248776
4.0,2.5,0.0,0.05555555555555555,0.631456,0.056166193984401216
4.0,2.5,0.0,0.1111111111111111,0.5700299999999999,0.056933610213509976
4.0,2.5,0.0,0.16666666666666666,0.5165319999999999,0.054152284493192565
4.0,2.5,0.0,0.2222222222222222,0.470342,0.049553164057770036
4.0,2.5,0.0,0.2777777777777778,0.438274,0.04799481146807134
4.0,2.5,0.0,0.3333333333333333,0.407614,0.0437465945310733
4.0,2.5,0.0,0.38888888888888884,0.383954,0.0417827174194056
4.0,2.5,0.0,0.4444444444444444,0.36141,0.03906715224801443
4.0,2.5,0.0,0.5,0.348454,0.038241505062155144
4.0,2.5,0.1111111111111111,0.0,0.701896,0.05167306256445014
4.0,2.5,0.1111111111111111,0.05555555555555555,0.643752,0.05763330366535277
4.0,2.5,0.1111111111111111,0.1111111111111111,0.5852,0.05588902545520601
4.0,2.5,0.1111111111111111,0.16666666666666666,0.5286799999999999,0.05604279784576035
4.0,2.5,0.1111111111111111,0.2222222222222222,0.48541,0.05618290610030556
4.0,2.5,0.1111111111111111,0.2777777777777778,0.446986,0.049140608490388184
4.0,2.5,0.1111111111111111,0.3333333333333333,0.42016400000000004,0.04553825390963378
4.0,2.5,0.1111111111111111,0.38888888888888884,0.3892379999999999,0.043945053093411617
4.0,2.5,0.1111111111111111,0.4444444444444444,0.37005200000000005,0.03937672343780517
4.0,2.5,0.1111111111111111,0.5,0.352868,0.039786284985480765
4.0,2.5,0.2222222222222222,0.0,0.6952840000000001,0.05416070631201584
4.0,2.5,0.2222222222222222,0.05555555555555555,0.6429520000000001,0.06138392026691248
4.0,2.5,0.2222222222222222,0.1111111111111111,0.589688,0.05824320731550413
4.0,2.5,0.2222222222222222,0.16666666666666666,0.5443720000000001,0.05275729599364548
4.0,2.5,0.2222222222222222,0.2222222222222222,0.49505600000000005,0.05463730716890556
4.0,2.5,0.2222222222222222,0.2777777777777778,0.45768000000000003,0.05277765209937105
4.0,2.5,0.2222222222222222,0.3333333333333333,0.431998,0.044962130536316106
4.0,2.5,0.2222222222222222,0.38888888888888884,0.405046,0.04743754341289292
4.0,2.5,0.2222222222222222,0.4444444444444444,0.37519,0.04554173909722816
4.0,2.5,0.2222222222222222,0.5,0.36153,0.0415331567089768
4.0,2.5,0.3333333333333333,0.0,0.6978179999999999,0.051645633105207214
4.0,2.5,0.3333333333333333,0.05555555555555555,0.651762,0.05282998552660679
4.0,2.5,0.3333333333333333,0.1111111111111111,0.600654,0.05945249770166037
4.0,2.5,0.3333333333333333,0.16666666666666666,0.556396,0.05776015629575998
4.0,2.5,0.3333333333333333,0.2222222222222222,0.515244,0.05886154795497066
4.0,2.5,0.3333333333333333,0.2777777777777778,0.47787599999999997,0.055541464984868116
4.0,2.5,0.3333333333333333,0.3333333333333333,0.440632,0.05548807465444909
4.0,2.5,0.3333333333333333,0.38888888888888884,0.41247400000000006,0.049234066565958606
4.0,2.5,0.3333333333333333,0.4444444444444444,0.383902,0.04724057302233915
4.0,2.5,0.3333333333333333,0.5,0.36061,0.04509333340345189
4.0,2.5,0.4444444444444444,0.0,0.697838,0.054253429617402996
4.0,2.5,0.4444444444444444,0.05555555555555555,0.653176,0.05408048095978514
4.0,2.5,0.4444444444444444,0.1111111111111111,0.612658,0.056674553779383074
4.0,2.5,0.4444444444444444,0.16666666666666666,0.5758,0.05995519369079715
4.0,2.5,0.4444444444444444,0.2222222222222222,0.524984,0.05714857533943128
4.0,2.5,0.4444444444444444,0.2777777777777778,0.49099400000000004,0.056143835141971715
4.0,2.5,0.4444444444444444,0.3333333333333333,0.450592,0.052414273324126064
4.0,2.5,0.4444444444444444,0.38888888888888884,0.41272,0.053578530381447304
4.0,2.5,0.4444444444444444,0.4444444444444444,0.381038,0.04935264860012779
4.0,2.5,0.4444444444444444,0.5,0.35961800000000005,0.0437915914641833
4.0,2.5,0.5555555555555556,0.0,0.698872,0.050842911199482636
4.0,2.5,0.5555555555555556,0.05555555555555555,0.660688,0.060213969311119164
4.0,2.5,0.5555555555555556,0.1111111111111111,0.622838,0.059871302823670106
4.0,2.5,0.5555555555555556,0.16666666666666666,0.5899,0.06056267559603606
4.0,2.5,0.5555555555555556,0.2222222222222222,0.5500459999999999,0.05704464977661158
4.0,2.5,0.5555555555555556,0.2777777777777778,0.508028,0.061447463719792296
4.0,2.5,0.5555555555555556,0.3333333333333333,0.45630200000000004,0.060211973556087976
4.0,2.5,0.5555555555555556,0.38888888888888884,0.41779200000000005,0.05107686784502076
4.0,2.5,0.5555555555555556,0.4444444444444444,0.38297000000000003,0.04688583648956957
4.0,2.5,0.5555555555555556,0.5,0.361976,0.04365307097112895
4.0,2.5,0.6666666666666666,0.0,0.6988639999999999,0.05223748667411226
4.0,2.5,0.6666666666666666,0.05555555555555555,0.672164,0.05382578875474228
4.0,2.5,0.6666666666666666,0.1111111111111111,0.633236,0.059765643712225446
4.0,2.5,0.6666666666666666,0.16666666666666666,0.602758,0.05730737917070392
4.0,2.5,0.6666666666666666,0.2222222222222222,0.5650139999999999,0.06661125973773274
4.0,2.5,0.6666666666666666,0.2777777777777778,0.5149539999999999,0.0671348348930138
4.0,2.5,0.6666666666666666,0.3333333333333333,0.45664,0.05727805820647037
4.0,2.5,0.6666666666666666,0.38888888888888884,0.41492,0.05094644915362331
4.0,2.5,0.6666666666666666,0.4444444444444444,0.38432799999999995,0.045504744582945615
4.0,2.5,0.6666666666666666,0.5,0.36490999999999996,0.042844663967184074
4.0,2.5,0.7777777777777777,0.0,0.697914,0.04979688809683047
4.0,2.5,0.7777777777777777,0.05555555555555555,0.677438,0.053017429697255286
4.0,2.5,0.7777777777777777,0.1111111111111111,0.6492259999999999,0.05698154716603323
4.0,2.5,0.7777777777777777,0.16666666666666666,0.6223540000000001,0.06027968118634881
4.0,2.5,0.7777777777777777,0.2222222222222222,0.5768479999999999,0.06988981376521382
4.0,2.5,0.7777777777777777,0.2777777777777778,0.5121100000000001,0.06803816785135487
4.0,2.5,0.7777777777777777,0.3333333333333333,0.456492,0.0588252561194172
4.0,2.5,0.7777777777777777,0.38888888888888884,0.417322,0.052566269997812914
4.0,2.5,0.7777777777777777,0.4444444444444444,0.38305399999999995,0.051084227316864864
4.0,2.5,0.7777777777777777,0.5,0.36158399999999996,0.041375776170452856
4.0,2.5,0.8888888888888888,0.0,0.701376,0.05226906095834259
4.0,2.5,0.8888888888888888,0.05555555555555555,0.686206,0.052366172248809476
4.0,2.5,0.8888888888888888,0.1111111111111111,0.6637280000000001,0.055286120557084706
4.0,2.5,0.8888888888888888,0.16666666666666666,0.64118,0.06664925991858718
4.0,2.5,0.8888888888888888,0.2222222222222222,0.5722740000000001,0.0717005778898572
4.0,2.5,0.8888888888888888,0.2777777777777778,0.51104,0.06352408218963948
4.0,2.5,0.8888888888888888,0.3333333333333333,0.454836,0.059584105559037655
4.0,2.5,0.8888888888888888,0.38888888888888884,0.416878,0.05557658346154896
4.0,2.5,0.8888888888888888,0.4444444444444444,0.382082,0.05145135333029675
4.0,2.5,0.8888888888888888,0.5,0.360506,0.0416510213459204
4.0,2.5,1.0,0.0,0.701452,0.049770049343186774
4.0,2.5,1.0,0.05555555555555555,0.68896,0.05620947794475272
4.0,2.5,1.0,0.1111111111111111,0.678878,0.056508916387261625
4.0,2.5,1.0,0.16666666666666666,0.652772,0.06679544354637608
4.0,2.5,1.0,0.2222222222222222,0.587216,0.06618920883900538
4.0,2.5,1.0,0.2777777777777778,0.5143519999999999,0.06766497760576573
4.0,2.5,1.0,0.3333333333333333,0.455662,0.05723624491057154
4.0,2.5,1.0,0.38888888888888884,0.413908,0.05223965446859307
4.0,2.5,1.0,0.4444444444444444,0.383534,0.04879424762410427
4.0,2.5,1.0,0.5,0.364054,0.043868530633700505
4.0,3.0,0.0,0.0,0.7048099999999999,0.048022517889516135
4.0,3.0,0.0,0.05555555555555555,0.6292380000000001,0.05648396438339761
4.0,3.0,0.0,0.1111111111111111,0.573812,0.05393178962229723
4.0,3.0,0.0,0.16666666666666666,0.5163499999999999,0.05584091614427241
4.0,3.0,0.0,0.2222222222222222,0.476828,0.05020856716171918
4.0,3.0,0.0,0.2777777777777778,0.43213999999999997,0.047441012841198886
4.0,3.0,0.0,0.3333333333333333,0.40769,0.04384119067726149
4.0,3.0,0.0,0.38888888888888884,0.38284,0.042593694905365784
4.0,3.0,0.0,0.4444444444444444,0.362124,0.04193119452326986
4.0,3.0,0.0,0.5,0.34703999999999996,0.03863422844078071
4.0,3.0,0.1111111111111111,0.0,0.693792,0.0535720137507881
4.0,3.0,0.1111111111111111,0.05555555555555555,0.637184,0.05346332198428368
4.0,3.0,0.1111111111111111,0.1111111111111111,0.5834400000000001,0.05562282082376608
4.0,3.0,0.1111111111111111,0.16666666666666666,0.528446,0.0574687079094141
4.0,3.0,0.1111111111111111,0.2222222222222222,0.48646000000000006,0.050722835212791965
4.0,3.0,0.1111111111111111,0.2777777777777778,0.44692800000000005,0.04902658491121029
4.0,3.0,0.1111111111111111,0.3333333333333333,0.41742,0.04687406485373147
4.0,3.0,0.1111111111111111,0.38888888888888884,0.39224000000000003,0.04603947944248142
4.0,3.0,0.1111111111111111,0.4444444444444444,0.36811800000000006,0.04284253776428479
4.0,3.0,0.1111111111111111,0.5,0.356218,0.040248607140539745
4.0,3.0,0.2222222222222222,0.0,0.695632,0.049730139246728415
4.0,3.0,0.2222222222222222,0.05555555555555555,0.641798,0.05824770197674019
4.0,3.0,0.2222222222222222,0.1111111111111111,0.595972,0.05764673023697032
4.0,3.0,0.2222222222222222,0.16666666666666666,0.545938,0.05642721166629506
4.0,3.0,0.2222222222222222,0.2222222222222222,0.502542,0.05710399257438898
4.0,3.0,0.2222222222222222,0.2777777777777778,0.46653999999999995,0.04955566494212051
4.0,3.0,0.2222222222222222,0.3333333333333333,0.43383000000000005,0.049498821872176586
4.0,3.0,0.2222222222222222,0.38888888888888884,0.402428,0.047091272991754723
4.0,3.0,0.2222222222222222,0.4444444444444444,0.383662,0.043049253564550104
4.0,3.0,0.2222222222222222,0.5,0.364054,0.04146465626818674
4.0,3.0,0.3333333333333333,0.0,0.696408,0.05330369690939285
4.0,3.0,0.3333333333333333,0.05555555555555555,0.649394,0.056842985618526895
4.0,3.0,0.3333333333333333,0.1111111111111111,0.6069739999999999,0.05700270116301296
4.0,3.0,0.3333333333333333,0.16666666666666666,0.5585460000000001,0.05634822205053601
4.0,3.0,0.3333333333333333,0.2222222222222222,0.5169360000000001,0.05770875587820292
4.0,3.0,0.3333333333333333,0.2777777777777778,0.4809300000000001,0.05480942662072818
4.0,3.0,0.3333333333333333,0.3333333333333333,0.442172,0.05405484500520813
4.0,3.0,0.3333333333333333,0.38888888888888884,0.412774,0.04875725036264711
4.0,3.0,0.3333333333333333,0.4444444444444444,0.384968,0.049195236747446136
4.0,3.0,0.3333333333333333,0.5,0.361654,0.044065426443133736
4.0,3.0,0.4444444444444444,0.0,0.6978119999999999,0.05019489726479023
4.0,3.0,0.4444444444444444,0.05555555555555555,0.654952,0.0589880740638608
4.0,3.0,0.4444444444444444,0.1111111111111111,0.6133299999999999,0.05862175466702171
4.0,3.0,0.4444444444444444,0.16666666666666666,0.5766359999999999,0.0581418649246292
4.0,3.0,0.4444444444444444,0.2222222222222222,0.531888,0.055972039398156447
4.0,3.0,0.4444444444444444,0.2777777777777778,0.49206,0.06002544884478613
4.0,3.0,0.4444444444444444,0.3333333333333333,0.451674,0.0554391443065537
4.0,3.0,0.4444444444444444,0.38888888888888884,0.41325799999999996,0.04798780151443048
4.0,3.0,0.4444444444444444,0.4444444444444444,0.384276,0.045842413524546356
4.0,3.0,0.4444444444444444,0.5,0.35605600000000004,0.042348123821278845
4.0,3.0,0.5555555555555556,0.0,0.697788,0.05337254268465435
4.0,3.0,0.5555555555555556,0.05555555555555555,0.6625059999999998,0.05654007006580459
4.0,3.0,0.5555555555555556,0.1111111111111111,0.6281400000000001,0.05667956904471124
4.0,3.0,0.5555555555555556,0.16666666666666666,0.5957840000000001,0.06031873708963225
4.0,3.0,0.5555555555555556,0.2222222222222222,0.5545540000000001,0.06235603928466384
4.0,3.0,0.5555555555555556,0.2777777777777778,0.5020600000000001,0.06205544421170978
4.0,3.0,0.5555555555555556,0.3333333333333333,0.45170999999999994,0.05388834574947751
4.0,3.0,0.5555555555555556,0.38888888888888884,0.416054,0.050608631191746384
4.0,3.0,0.5555555555555556,0.4444444444444444,0.38493399999999994,0.04597116858076769
4.0,3.0,0.5555555555555556,0.5,0.36286399999999996,0.04019558276412341
4.0,3.0,0.6666666666666666,0.0,0.699334,0.05670001965129213
4.0,3.0,0.6666666666666666,0.05555555555555555,0.670952,0.052292012824239426
4.0,3.0,0.6666666666666666,0.1111111111111111,0.6439560000000001,0.05644329681646017
4.0,3.0,0.6666666666666666,0.16666666666666666,0.612508,0.06113566123097301
4.0,3.0,0.6666666666666666,0.2222222222222222,0.562078,0.06300621781194243
4.0,3.0,0.6666666666666666,0.2777777777777778,0.502032,0.06395131364588275
4.0,3.0,0.6666666666666666,0.3333333333333333,0.452354,0.057367995064455855
4.0,3.0,0.6666666666666666,0.38888888888888884,0.41166800000000003,0.05339663075843555
4.0,3.0,0.6666666666666666,0.4444444444444444,0.382644,0.04649939409608049
4.0,3.0,0.6666666666666666,0.5,0.361306,0.04447336421104768
4.0,3.0,0.7777777777777777,0.0,0.6976579999999999,0.05377199914252368
4.0,3.0,0.7777777777777777,0.05555555555555555,0.6783779999999999,0.05440635273970194
4.0,3.0,0.7777777777777777,0.1111111111111111,0.6537860000000001,0.05698377405025065
4.0,3.0,0.7777777777777777,0.16666666666666666,0.6292320000000001,0.05939530098887553
4.0,3.0,0.7777777777777777,0.2222222222222222,0.5643619999999999,0.06645147517629847
4.0,3.0,0.7777777777777777,0.2777777777777778,0.5008919999999999,0.0618240467902502
4.0,3.0,0.7777777777777777,0.3333333333333333,0.454978,0.05780387610000188
4.0,3.0,0.7777777777777777,0.38888888888888884,0.415082,0.05002283322331288
4.0,3.0,0.7777777777777777,0.4444444444444444,0.38149,0.04821621622456524
4.0,3.0,0.7777777777777777,0.5,0.36068600000000006,0.044755485820422554
4.0,3.0,0.8888888888888888,0.0,0.6975079999999999,0.051185132329057095
4.0,3.0,0.8888888888888888,0.05555555555555555,0.6801280000000001,0.054310799495899224
4.0,3.0,0.8888888888888888,0.1111111111111111,0.66752,0.05185139085373635
4.0,3.0,0.8888888888888888,0.16666666666666666,0.638458,0.06416324555507086
4.0,3.0,0.8888888888888888,0.2222222222222222,0.56338,0.06394141544584728
4.0,3.0,0.8888888888888888,0.2777777777777778,0.503352,0.06121884996618578
4.0,3.0,0.8888888888888888,0.3333333333333333,0.448452,0.05142774856675422
4.0,3.0,0.8888888888888888,0.38888888888888884,0.414008,0.052636956926373865
4.0,3.0,0.8888888888888888,0.4444444444444444,0.380616,0.045372832530752666
4.0,3.0,0.8888888888888888,0.5,0.36194000000000004,0.0428161516917551
4.0,3.0,1.0,0.0,0.6975979999999999,0.05163515056187107
4.0,3.0,1.0,0.05555555555555555,0.686634,0.05342468003529593
4.0,3.0,1.0,0.1111111111111111,0.683862,0.05843337980770497
4.0,3.0,1.0,0.16666666666666666,0.64376,0.061260820891926554
4.0,3.0,1.0,0.2222222222222222,0.5672440000000001,0.06832561190713897
4.0,3.0,1.0,0.2777777777777778,0.501104,0.061732706388721956
4.0,3.0,1.0,0.3333333333333333,0.451318,0.05352070447607385
4.0,3.0,1.0,0.38888888888888884,0.412894,0.05067851010806797
4.0,3.0,1.0,0.4444444444444444,0.38500599999999996,0.045306902286402
4.0,3.0,1.0,0.5,0.362234,0.039955526930132323
4.5,0.0,0.0,0.0,0.697632,0.054695372230993855
4.5,0.0,0.0,0.05555555555555555,0.6399000000000001,0.05694382493648274
4.5,0.0,0.0,0.1111111111111111,0.5805040000000001,0.05859064525521839
4.5,0.0,0.0,0.16666666666666666,0.5254179999999999,0.05621896851456529
4.5,0.0,0.0,0.2222222222222222,0.488504,0.049816798480248045
4.5,0.0,0.0,0.2777777777777778,0.45381199999999994,0.04993463318361681
4.5,0.0,0.0,0.3333333333333333,0.43056,0.04921213334266533
4.5,0.0,0.0,0.38888888888888884,0.40610599999999997,0.044085074021748064
4.5,0.0,0.0,0.4444444444444444,0.383308,0.041814807092516504
4.5,0.0,0.0,0.5,0.370692,0.03925479606402326
4.5,0.0,0.1111111111111111,0.0,0.697788,0.05081278317380121
4.5,0.0,0.1111111111111111,0.05555555555555555,0.6386020000000001,0.05551911689392549
4.5,0.0,0.1111111111111111,0.1111111111111111,0.5834,0.056865026708206604
4.5,0.0,0.1111111111111111,0.16666666666666666,0.529256,0.05821377974590388
4.5,0.0,0.1111111111111111,0.2222222222222222,0.484244,0.052104300977565396
4.5,0.0,0.1111111111111111,0.2777777777777778,0.44580200000000003,0.05075461415197076
4.5,0.0,0.1111111111111111,0.3333333333333333,0.416388,0.05124315738083197
4.5,0.0,0.1111111111111111,0.38888888888888884,0.391048,0.04855665962964069
4.5,0.0,0.1111111111111111,0.4444444444444444,0.37307799999999997,0.04469917166901185
4.5,0.0,0.1111111111111111,0.5,0.358138,0.04132425854978379
4.5,0.0,0.2222222222222222,0.0,0.697284,0.05498069750554637
4.5,0.0,0.2222222222222222,0.05555555555555555,0.6392559999999999,0.055858417356555654
4.5,0.0,0.2222222222222222,0.1111111111111111,0.5789639999999999,0.0602937257991367
4.5,0.0,0.2222222222222222,0.16666666666666666,0.53339,0.05867031883861933
4.5,0.0,0.2222222222222222,0.2222222222222222,0.47837999999999997,0.05593482823804897
4.5,0.0,0.2222222222222222,0.2777777777777778,0.44036400000000003,0.05531983434668156
4.5,0.0,0.2222222222222222,0.3333333333333333,0.4058,0.05346067796218406
4.5,0.0,0.2222222222222222,0.38888888888888884,0.38139199999999995,0.04871805860734742
4.5,0.0,0.2222222222222222,0.4444444444444444,0.36034799999999995,0.045675632703288206
4.5,0.0,0.2222222222222222,0.5,0.337402,0.044424627077578986
4.5,0.0,0.3333333333333333,0.0,0.6972119999999999,0.0558201651527058
4.5,0.0,0.3333333333333333,0.05555555555555555,0.637442,0.05754491698614121
4.5,0.0,0.3333333333333333,0.1111111111111111,0.583354,0.06188677265182373
4.5,0.0,0.3333333333333333,0.16666666666666666,0.5277999999999999,0.061010988201820875
4.5,0.0,0.3333333333333333,0.2222222222222222,0.47871199999999997,0.062082570396965596
4.5,0.0,0.3333333333333333,0.2777777777777778,0.42571,0.05701138918667031
4.5,0.0,0.3333333333333333,0.3333333333333333,0.394688,0.05657926371175512
4.5,0.0,0.3333333333333333,0.38888888888888884,0.361722,0.052885408657755456
4.5,0.0,0.3333333333333333,0.4444444444444444,0.336764,0.04884177866013246
4.5,0.0,0.3333333333333333,0.5,0.31779,0.04659983894800453
4.5,0.0,0.4444444444444444,0.0,0.694382,0.05275978834806928
4.5,0.0,0.4444444444444444,0.05555555555555555,0.6483220000000001,0.05521296277611838
4.5,0.0,0.4444444444444444,0.1111111111111111,0.585948,0.06173530425601842
4.5,0.0,0.4444444444444444,0.16666666666666666,0.522968,0.06614512325683067
4.5,0.0,0.4444444444444444,0.2222222222222222,0.47584799999999994,0.06632485861077639
4.5,0.0,0.4444444444444444,0.2777777777777778,0.41819599999999996,0.06603880549845921
4.5,0.0,0.4444444444444444,0.3333333333333333,0.373496,0.06264751716399963
4.5,0.0,0.4444444444444444,0.38888888888888884,0.338922,0.05812708001320661
4.5,0.0,0.4444444444444444,0.4444444444444444,0.310186,0.04467876215356856
4.5,0.0,0.4444444444444444,0.5,0.304294,0.03569846389761468
4.5,0.0,0.5555555555555556,0.0,0.698236,0.05159170196284327
4.5,0.0,0.5555555555555556,0.05555555555555555,0.644594,0.05803731406299997
4.5,0.0,0.5555555555555556,0.1111111111111111,0.588682,0.06642102363530332
4.5,0.0,0.5555555555555556,0.16666666666666666,0.5222340000000001,0.0725090502540026
4.5,0.0,0.5555555555555556,0.2222222222222222,0.461366,0.07362271832326359
4.5,0.0,0.5555555555555556,0.2777777777777778,0.397658,0.07316616438779913
4.5,0.0,0.5555555555555556,0.3333333333333333,0.34780399999999995,0.0689202261978174
4.5,0.0,0.5555555555555556,0.38888888888888884,0.31580400000000003,0.049899915703078584
4.5,0.0,0.5555555555555556,0.4444444444444444,0.30389599999999994,0.036392829789949566
4.5,0.0,0.5555555555555556,0.5,0.30151999999999995,0.03209950711013219
4.5,0.0,0.6666666666666666,0.0,0.7018920000000001,0.052548635130783526
4.5,0.0,0.6666666666666666,0.05555555555555555,0.643286,0.05708756593487532
4.5,0.0,0.6666666666666666,0.1111111111111111,0.587502,0.063053703579331
4.5,0.0,0.6666666666666666,0.16666666666666666,0.528224,0.07625569937634007
4.5,0.0,0.6666666666666666,0.2222222222222222,0.44350599999999996,0.08932203993212018
4.5,0.0,0.6666666666666666,0.2777777777777778,0.367886,0.07941520353878224
4.5,0.0,0.6666666666666666,0.3333333333333333,0.323242,0.05750573236216558
4.5,0.0,0.6666666666666666,0.38888888888888884,0.302644,0.0375741519903722
4.5,0.0,0.6666666666666666,0.4444444444444444,0.300722,0.03280984131895107
4.5,0.0,0.6666666666666666,0.5,0.30329400000000006,0.031196891770050177
4.5,0.0,0.7777777777777777,0.0,0.699082,0.05322259449829799
4.5,0.0,0.7777777777777777,0.05555555555555555,0.6482460000000001,0.05710284540990769
4.5,0.0,0.7777777777777777,0.1111111111111111,0.588586,0.06929995361572967
4.5,0.0,0.7777777777777777,0.16666666666666666,0.52475,0.0847810778554074
4.5,0.0,0.7777777777777777,0.2222222222222222,0.43505,0.09436937351341604
4.5,0.0,0.7777777777777777,0.2777777777777778,0.34531599999999996,0.08229308870675468
4.5,0.0,0.7777777777777777,0.3333333333333333,0.30668799999999996,0.04299380875407952
4.5,0.0,0.7777777777777777,0.38888888888888884,0.30105400000000004,0.03266817263034484
4.5,0.0,0.7777777777777777,0.4444444444444444,0.30166600000000005,0.03119558900785645
4.5,0.0,0.7777777777777777,0.5,0.30082600000000004,0.03078693545628696
4.5,0.0,0.8888888888888888,0.0,0.6943779999999999,0.05085977338819154
4.5,0.0,0.8888888888888888,0.05555555555555555,0.6502859999999999,0.062081110916810525
4.5,0.0,0.8888888888888888,0.1111111111111111,0.591418,0.07686424070397102
4.5,0.0,0.8888888888888888,0.16666666666666666,0.51533,0.09352007864742438
4.5,0.0,0.8888888888888888,0.2222222222222222,0.406134,0.10963329312724236
4.5,0.0,0.8888888888888888,0.2777777777777778,0.32300999999999996,0.06921377748676903
4.5,0.0,0.8888888888888888,0.3333333333333333,0.304116,0.03886117504465998
4.5,0.0,0.8888888888888888,0.38888888888888884,0.30320600000000003,0.03254981636031424
4.5,0.0,0.8888888888888888,0.4444444444444444,0.303938,0.03088004712789866
4.5,0.0,0.8888888888888888,0.5,0.302292,0.03265387092785703
4.5,0.0,1.0,0.0,0.7000540000000001,0.05062522009650564
4.5,0.0,1.0,0.05555555555555555,0.6524300000000001,0.06431754498724569
4.5,0.0,1.0,0.1111111111111111,0.590502,0.07770790843967
4.5,0.0,1.0,0.16666666666666666,0.515826,0.10406630249331077
4.5,0.0,1.0,0.2222222222222222,0.37975,0.1126421235417372
4.5,0.0,1.0,0.2777777777777778,0.30740199999999995,0.05217989919269219
4.5,0.0,1.0,0.3333333333333333,0.300748,0.03321093839170636
4.5,0.0,1.0,0.38888888888888884,0.30123199999999994,0.031892136848846786
4.5,0.0,1.0,0.4444444444444444,0.30084000000000005,0.0329392225890281
4.5,0.0,1.0,0.5,0.3034,0.0325898173113132
4.5,0.5,0.0,0.0,0.6996039999999999,0.04983977518389064
4.5,0.5,0.0,0.05555555555555555,0.6363479999999999,0.05596225911174226
4.5,0.5,0.0,0.1111111111111111,0.580624,0.05356144397382432
4.5,0.5,0.0,0.16666666666666666,0.531424,0.05519083511382231
4.5,0.5,0.0,0.2222222222222222,0.48693000000000003,0.05094994498316534
4.5,0.5,0.0,0.2777777777777778,0.452294,0.05103909818057303
4.5,0.5,0.0,0.3333333333333333,0.423824,0.046128610660227845
4.5,0.5,0.0,0.38888888888888884,0.4076039999999999,0.04122069231526685
4.5,0.5,0.0,0.4444444444444444,0.386482,0.042831796618904586
4.5,0.5,0.0,0.5,0.37063,0.03854842489809731
4.5,0.5,0.1111111111111111,0.0,0.696142,0.05541468587677497
4.5,0.5,0.1111111111111111,0.05555555555555555,0.6381540000000001,0.057833482580723336
4.5,0.5,0.1111111111111111,0.1111111111111111,0.5867539999999999,0.05797799910967542
4.5,0.5,0.1111111111111111,0.16666666666666666,0.5362060000000002,0.055630000520544946
4.5,0.5,0.1111111111111111,0.2222222222222222,0.48945799999999995,0.05462347190875671
4.5,0.5,0.1111111111111111,0.2777777777777778,0.451952,0.052328828657034115
4.5,0.5,0.1111111111111111,0.3333333333333333,0.42853399999999997,0.04942889109163889
4.5,0.5,0.1111111111111111,0.38888888888888884,0.401012,0.04525133393000575
4.5,0.5,0.1111111111111111,0.4444444444444444,0.37939000000000006,0.04367012777769536
4.5,0.5,0.1111111111111111,0.5,0.36430799999999997,0.04111064711985481
4.5,0.5,0.2222222222222222,0.0,0.6997559999999999,0.0521852379713291
4.5,0.5,0.2222222222222222,0.05555555555555555,0.6415460000000001,0.05567278331108663
4.5,0.5,0.2222222222222222,0.1111111111111111,0.587762,0.05460972257390801
4.5,0.5,0.2222222222222222,0.16666666666666666,0.533106,0.05824079966390384
4.5,0.5,0.2222222222222222,0.2222222222222222,0.493292,0.05458404135956117
4.5,0.5,0.2222222222222222,0.2777777777777778,0.45136000000000004,0.052081237606466706
4.5,0.5,0.2222222222222222,0.3333333333333333,0.42019399999999996,0.053359749716237984
4.5,0.5,0.2222222222222222,0.38888888888888884,0.397102,0.047661586730819175
4.5,0.5,0.2222222222222222,0.4444444444444444,0.372672,0.044236208022392705
4.5,0.5,0.2222222222222222,0.5,0.35457000000000005,0.044148423148885695
4.5,0.5,0.3333333333333333,0.0,0.6988840000000001,0.0505280190133239
4.5,0.5,0.3333333333333333,0.05555555555555555,0.643116,0.05740300300077526
4.5,0.5,0.3333333333333333,0.1111111111111111,0.5898040000000001,0.0601318323229638
4.5,0.5,0.3333333333333333,0.16666666666666666,0.543336,0.05922765345569361
4.5,0.5,0.3333333333333333,0.2222222222222222,0.494142,0.05882849155670809
4.5,0.5,0.3333333333333333,0.2777777777777778,0.45154200000000005,0.05806913366470296
4.5,0.5,0.3333333333333333,0.3333333333333333,0.41807000000000005,0.054668367093973484
4.5,0.5,0.3333333333333333,0.38888888888888884,0.38527,0.050711541298226026
4.5,0.5,0.3333333333333333,0.4444444444444444,0.3619740000000001,0.049179697124102306
4.5,0.5,0.3333333333333333,0.5,0.346038,0.043761200181011546
4.5,0.5,0.4444444444444444,0.0,0.6975640000000001,0.0527604514240443
4.5,0.5,0.4444444444444444,0.05555555555555555,0.6512539999999999,0.058411242329374585
4.5,0.5,0.4444444444444444,0.1111111111111111,0.601576,0.058919838073753006
4.5,0.5,0.4444444444444444,0.16666666666666666,0.54628,0.06338255514408665
4.5,0.5,0.4444444444444444,0.2222222222222222,0.500336,0.06423634266860838
4.5,0.5,0.4444444444444444,0.2777777777777778,0.45219600000000004,0.06043636896262691
4.5,0.5,0.4444444444444444,0.3333333333333333,0.410994,0.05882246278639236
4.5,0.5,0.4444444444444444,0.38888888888888884,0.37430399999999997,0.05782132994313418
4.5,0.5,0.4444444444444444,0.4444444444444444,0.352858,0.046486727866515525
4.5,0.5,0.4444444444444444,0.5,0.336822,0.04209368209297315
4.5,0.5,0.5555555555555556,0.0,0.6970820000000001,0.05654468922683649
4.5,0.5,0.5555555555555556,0.05555555555555555,0.652962,0.05654562202983961
4.5,0.5,0.5555555555555556,0.1111111111111111,0.6016379999999999,0.06561122328719748
4.5,0.5,0.5555555555555556,0.16666666666666666,0.553524,0.06658134554926252
4.5,0.5,0.5555555555555556,0.2222222222222222,0.49916999999999995,0.06906600702699778
4.5,0.5,0.5555555555555556,0.2777777777777778,0.45083999999999996,0.07131739438231718
4.5,0.5,0.5555555555555556,0.3333333333333333,0.399946,0.06197037791944598
4.5,0.5,0.5555555555555556,0.38888888888888884,0.366526,0.05472666021855668
4.5,0.5,0.5555555555555556,0.4444444444444444,0.35014199999999995,0.048797338005190254
4.5,0.5,0.5555555555555556,0.5,0.34125599999999995,0.043511388691833124
4.5,0.5,0.6666666666666666,0.0,0.69592,0.05764612520805718
4.5,0.5,0.6666666666666666,0.05555555555555555,0.656396,0.05844425245728258
4.5,0.5,0.6666666666666666,0.1111111111111111,0.60924,0.061733690129409796
4.5,0.5,0.6666666666666666,0.16666666666666666,0.5553819999999999,0.06843416212017343
4.5,0.5,0.6666666666666666,0.2222222222222222,0.5066700000000001,0.07398378403813367
4.5,0.5,0.6666666666666666,0.2777777777777778,0.448804,0.076588230807327
4.5,0.5,0.6666666666666666,0.3333333333333333,0.404204,0.06516640011084558
4.5,0.5,0.6666666666666666,0.38888888888888884,0.3695959999999999,0.05373747497261912
4.5,0.5,0.6666666666666666,0.4444444444444444,0.352466,0.04809356324552489
4.5,0.5,0.6666666666666666,0.5,0.33813199999999993,0.041187612395350855
4.5,0.5,0.7777777777777777,0.0,0.6956519999999999,0.05613456220679285
4.5,0.5,0.7777777777777777,0.05555555555555555,0.6591980000000001,0.05896354972686758
4.5,0.5,0.7777777777777777,0.1111111111111111,0.6158279999999999,0.06540561294268878
4.5,0.5,0.7777777777777777,0.16666666666666666,0.563086,0.0737176450137465
4.5,0.5,0.7777777777777777,0.2222222222222222,0.501086,0.0827088393596261
4.5,0.5,0.7777777777777777,0.2777777777777778,0.44598000000000004,0.07760588216038641
4.5,0.5,0.7777777777777777,0.3333333333333333,0.40039800000000003,0.06509976616786131
4.5,0.5,0.7777777777777777,0.38888888888888884,0.37369600000000003,0.05305855260000989
4.5,0.5,0.7777777777777777,0.4444444444444444,0.350658,0.04956371818498529
4.5,0.5,0.7777777777777777,0.5,0.337014,0.04102193806740012
4.5,0.5,0.8888888888888888,0.0,0.6957259999999998,0.053601204298079054
4.5,0.5,0.8888888888888888,0.05555555555555555,0.661818,0.06056332809067577
4.5,0.5,0.8888888888888888,0.1111111111111111,0.6170760000000001,0.06434225731315543
4.5,0.5,0.8888888888888888,0.16666666666666666,0.576538,0.07639482242788169
4.5,0.5,0.8888888888888888,0.2222222222222222,0.50676,0.08724056529198403
4.5,0.5,0.8888888888888888,0.2777777777777778,0.45347799999999994,0.08316806701337649
4.5,0.5,0.8888888888888888,0.3333333333333333,0.40436,0.06664537201653574
4.5,0.5,0.8888888888888888,0.38888888888888884,0.372308,0.05407525684456442
4.5,0.5,0.8888888888888888,0.4444444444444444,0.35436,0.048043342155296626
4.5,0.5,0.8888888888888888,0.5,0.34075199999999994,0.04093705143706275
4.5,0.5,1.0,0.0,0.7004819999999999,0.050499882695948996
4.5,0.5,1.0,0.05555555555555555,0.66685,0.05591529791642144
4.5,0.5,1.0,0.1111111111111111,0.626342,0.0668568973663219
4.5,0.5,1.0,0.16666666666666666,0.582508,0.08217868707407315
4.5,0.5,1.0,0.2222222222222222,0.5218659999999999,0.09557225620603829
4.5,0.5,1.0,0.2777777777777778,0.452212,0.08315957000952047
4.5,0.5,1.0,0.3333333333333333,0.398684,0.06704283427223606
4.5,0.5,1.0,0.38888888888888884,0.37496,0.053233241080285765
4.5,0.5,1.0,0.4444444444444444,0.35294200000000003,0.046334440719551014
4.5,0.5,1.0,0.5,0.33962400000000004,0.04271556933633748
4.5,1.0,0.0,0.0,0.701998,0.051381690827614936
4.5,1.0,0.0,0.05555555555555555,0.6382960000000001,0.0555535126660689
4.5,1.0,0.0,0.1111111111111111,0.5759639999999999,0.05687643238743306
4.5,1.0,0.0,0.16666666666666666,0.5287860000000001,0.05798579920825132
4.5,1.0,0.0,0.2222222222222222,0.49071400000000004,0.04938929853337906
4.5,1.0,0.0,0.2777777777777778,0.45132399999999995,0.05017675195619728
4.5,1.0,0.0,0.3333333333333333,0.424894,0.04844275141162667
4.5,1.0,0.0,0.38888888888888884,0.406894,0.04537184117868579
4.5,1.0,0.0,0.4444444444444444,0.38571999999999995,0.04249118262889849
4.5,1.0,0.0,0.5,0.37349200000000005,0.04123569693121247
4.5,1.0,0.1111111111111111,0.0,0.697798,0.05417415318902082
4.5,1.0,0.1111111111111111,0.05555555555555555,0.6413179999999999,0.05762094430365481
4.5,1.0,0.1111111111111111,0.1111111111111111,0.583084,0.05632379322601358
4.5,1.0,0.1111111111111111,0.16666666666666666,0.535242,0.05513230066988233
4.5,1.0,0.1111111111111111,0.2222222222222222,0.49176600000000004,0.05433787309884158
4.5,1.0,0.1111111111111111,0.2777777777777778,0.45615999999999995,0.05270801333135862
4.5,1.0,0.1111111111111111,0.3333333333333333,0.431772,0.04667269755858118
4.5,1.0,0.1111111111111111,0.38888888888888884,0.40573000000000004,0.04747049605799358
4.5,1.0,0.1111111111111111,0.4444444444444444,0.38396,0.040997854188923016
4.5,1.0,0.1111111111111111,0.5,0.37135199999999996,0.0440665839797833
4.5,1.0,0.2222222222222222,0.0,0.6952480000000001,0.05341115988255638
4.5,1.0,0.2222222222222222,0.05555555555555555,0.640592,0.055645074216583976
4.5,1.0,0.2222222222222222,0.1111111111111111,0.595066,0.05917486775606597
4.5,1.0,0.2222222222222222,0.16666666666666666,0.5445599999999999,0.059554410883757576
4.5,1.0,0.2222222222222222,0.2222222222222222,0.50214,0.0580411056052498
4.5,1.0,0.2222222222222222,0.2777777777777778,0.460474,0.05330031116551461
4.5,1.0,0.2222222222222222,0.3333333333333333,0.433682,0.05301703960971375
4.5,1.0,0.2222222222222222,0.38888888888888884,0.40322,0.04559061975032185
4.5,1.0,0.2222222222222222,0.4444444444444444,0.38338399999999995,0.04599830684345816
4.5,1.0,0.2222222222222222,0.5,0.362982,0.0438412795386171
4.5,1.0,0.3333333333333333,0.0,0.6982139999999999,0.05045234466468658
4.5,1.0,0.3333333333333333,0.05555555555555555,0.650832,0.056800143385181294
4.5,1.0,0.3333333333333333,0.1111111111111111,0.59638,0.05752594256625677
4.5,1.0,0.3333333333333333,0.16666666666666666,0.5496299999999998,0.06296461057108776
4.5,1.0,0.3333333333333333,0.2222222222222222,0.505032,0.05648075005037119
4.5,1.0,0.3333333333333333,0.2777777777777778,0.469846,0.05614858512217779
4.5,1.0,0.3333333333333333,0.3333333333333333,0.43438,0.05470664707756214
4.5,1.0,0.3333333333333333,0.38888888888888884,0.404608,0.05285229480478841
4.5,1.0,0.3333333333333333,0.4444444444444444,0.382412,0.04916083636049459
4.5,1.0,0.3333333333333333,0.5,0.361396,0.047784829851406356
4.5,1.0,0.4444444444444444,0.0,0.6983820000000001,0.05524124606245832
4.5,1.0,0.4444444444444444,0.05555555555555555,0.6541060000000001,0.06037347660483624
4.5,1.0,0.4444444444444444,0.1111111111111111,0.6059000000000001,0.05960159982251152
4.5,1.0,0.4444444444444444,0.16666666666666666,0.5587179999999999,0.06433746260296855
4.5,1.0,0.4444444444444444,0.2222222222222222,0.515506,0.057713843568757035
4.5,1.0,0.4444444444444444,0.2777777777777778,0.474856,0.060608266663681715
4.5,1.0,0.4444444444444444,0.3333333333333333,0.44156,0.05825421450001732
4.5,1.0,0.4444444444444444,0.38888888888888884,0.404296,0.05378652586595884
4.5,1.0,0.4444444444444444,0.4444444444444444,0.378558,0.052082240308103316
4.5,1.0,0.4444444444444444,0.5,0.358974,0.045738225748154886
4.5,1.0,0.5555555555555556,0.0,0.6984859999999999,0.05294090368103977
4.5,1.0,0.5555555555555556,0.05555555555555555,0.6584260000000001,0.05843936038051209
4.5,1.0,0.5555555555555556,0.1111111111111111,0.6108879999999999,0.06008250386377953
4.5,1.0,0.5555555555555556,0.16666666666666666,0.5656619999999999,0.06312969565066738
4.5,1.0,0.5555555555555556,0.2222222222222222,0.524836,0.06499906816042401
4.5,1.0,0.5555555555555556,0.2777777777777778,0.47875,0.0651702525976944
4.5,1.0,0.5555555555555556,0.3333333333333333,0.441844,0.06261268530195334
4.5,1.0,0.5555555555555556,0.38888888888888884,0.40827600000000003,0.06021707412380698
4.5,1.0,0.5555555555555556,0.4444444444444444,0.381288,0.049446729052871195
4.5,1.0,0.5555555555555556,0.5,0.36053399999999997,0.04599491176005919
4.5,1.0,0.6666666666666666,0.0,0.69818,0.05092951237211016
4.5,1.0,0.6666666666666666,0.05555555555555555,0.663732,0.05632609905603031
4.5,1.0,0.6666666666666666,0.1111111111111111,0.62225,0.05986945969698422
4.5,1.0,0.6666666666666666,0.16666666666666666,0.581932,0.0628495306506422
4.5,1.0,0.6666666666666666,0.2222222222222222,0.52913,0.06718786734997678
4.5,1.0,0.6666666666666666,0.2777777777777778,0.49024199999999996,0.06718126286517931
4.5,1.0,0.6666666666666666,0.3333333333333333,0.443878,0.06367810391206441
4.5,1.0,0.6666666666666666,0.38888888888888884,0.40435400000000005,0.0602360810055719
4.5,1.0,0.6666666666666666,0.4444444444444444,0.383884,0.053076895705338974
4.5,1.0,0.6666666666666666,0.5,0.35942599999999997,0.04508296209148068
4.5,1.0,0.7777777777777777,0.0,0.69972,0.05070498586117902
4.5,1.0,0.7777777777777777,0.05555555555555555,0.6684759999999998,0.056440805744657936
4.5,1.0,0.7777777777777777,0.1111111111111111,0.627376,0.06642945407526299
4.5,1.0,0.7777777777777777,0.16666666666666666,0.5884299999999999,0.06754324006558401
4.5,1.0,0.7777777777777777,0.2222222222222222,0.554822,0.07150760092451683
4.5,1.0,0.7777777777777777,0.2777777777777778,0.505172,0.07636182733111285
4.5,1.0,0.7777777777777777,0.3333333333333333,0.44469200000000003,0.07225906088345958
4.5,1.0,0.7777777777777777,0.38888888888888884,0.4095,0.058319708304770415
4.5,1.0,0.7777777777777777,0.4444444444444444,0.379516,0.05167520098454952
4.5,1.0,0.7777777777777777,0.5,0.36519799999999997,0.045841833989130214
4.5,1.0,0.8888888888888888,0.0,0.695202,0.05254196906308377
4.5,1.0,0.8888888888888888,0.05555555555555555,0.67476,0.05594646023499298
4.5,1.0,0.8888888888888888,0.1111111111111111,0.632148,0.06515384980404901
4.5,1.0,0.8888888888888888,0.16666666666666666,0.605168,0.06814060507597684
4.5,1.0,0.8888888888888888,0.2222222222222222,0.563962,0.07452414543290657
4.5,1.0,0.8888888888888888,0.2777777777777778,0.506636,0.08059423282549105
4.5,1.0,0.8888888888888888,0.3333333333333333,0.447852,0.06854670961320898
4.5,1.0,0.8888888888888888,0.38888888888888884,0.408408,0.05728921053118618
4.5,1.0,0.8888888888888888,0.4444444444444444,0.38483399999999995,0.05336754288204145
4.5,1.0,0.8888888888888888,0.5,0.362452,0.04662861945527241
4.5,1.0,1.0,0.0,0.696366,0.05072318727618474
4.5,1.0,1.0,0.05555555555555555,0.675388,0.057309250181036435
4.5,1.0,1.0,0.1111111111111111,0.651132,0.06549272608725858
4.5,1.0,1.0,0.16666666666666666,0.6177239999999999,0.07039103365655655
4.5,1.0,1.0,0.2222222222222222,0.574694,0.08105739303685916
4.5,1.0,1.0,0.2777777777777778,0.505274,0.08361980307877954
4.5,1.0,1.0,0.3333333333333333,0.4497959999999999,0.07126179109269903
4.5,1.0,1.0,0.38888888888888884,0.408342,0.060049787593129414
4.5,1.0,1.0,0.4444444444444444,0.37993400000000005,0.05104190627702678
4.5,1.0,1.0,0.5,0.362068,0.04410684985814355
4.5,1.5,0.0,0.0,0.7002200000000001,0.052311036015146514
4.5,1.5,0.0,0.05555555555555555,0.637736,0.053857065190575364
4.5,1.5,0.0,0.1111111111111111,0.58066,0.056485623403682156
4.5,1.5,0.0,0.16666666666666666,0.5331760000000001,0.05420473531584969
4.5,1.5,0.0,0.2222222222222222,0.48957799999999996,0.04954971508020059
4.5,1.5,0.0,0.2777777777777778,0.449382,0.04723441813458726
4.5,1.5,0.0,0.3333333333333333,0.429076,0.04420953732375812
4.5,1.5,0.0,0.38888888888888884,0.400574,0.044015898521389867
4.5,1.5,0.0,0.4444444444444444,0.382562,0.04166911068850813
4.5,1.5,0.0,0.5,0.375554,0.03988720424051112
4.5,1.5,0.1111111111111111,0.0,0.69627,0.05048034896137828
4.5,1.5,0.1111111111111111,0.05555555555555555,0.6445599999999999,0.056449796803161624
4.5,1.5,0.1111111111111111,0.1111111111111111,0.587828,0.05540593878010018
4.5,1.5,0.1111111111111111,0.16666666666666666,0.533532,0.056669920909347866
4.5,1.5,0.1111111111111111,0.2222222222222222,0.496774,0.056496501071009106
4.5,1.5,0.1111111111111111,0.2777777777777778,0.464806,0.051979304151943406
4.5,1.5,0.1111111111111111,0.3333333333333333,0.431084,0.0472326029513844
4.5,1.5,0.1111111111111111,0.38888888888888884,0.410978,0.04585182980637944
4.5,1.5,0.1111111111111111,0.4444444444444444,0.39079,0.04482160028048315
4.5,1.5,0.1111111111111111,0.5,0.371046,0.04165162180754066
4.5,1.5,0.2222222222222222,0.0,0.694252,0.052449197636049015
4.5,1.5,0.2222222222222222,0.05555555555555555,0.6512640000000001,0.056826656083948546
4.5,1.5,0.2222222222222222,0.1111111111111111,0.596036,0.05720461029390687
4.5,1.5,0.2222222222222222,0.16666666666666666,0.547276,0.05359788513160908
4.5,1.5,0.2222222222222222,0.2222222222222222,0.504664,0.056931480667394944
4.5,1.5,0.2222222222222222,0.2777777777777778,0.47406800000000004,0.051687043608180064
4.5,1.5,0.2222222222222222,0.3333333333333333,0.43696799999999997,0.049447032206068504
4.5,1.5,0.2222222222222222,0.38888888888888884,0.414034,0.04885794758362418
4.5,1.5,0.2222222222222222,0.4444444444444444,0.388186,0.044090399529391006
4.5,1.5,0.2222222222222222,0.5,0.37359000000000003,0.041471214393196794
4.5,1.5,0.3333333333333333,0.0,0.699712,0.05222604882960901
4.5,1.5,0.3333333333333333,0.05555555555555555,0.64662,0.055235110526455355
4.5,1.5,0.3333333333333333,0.1111111111111111,0.60035,0.0605493182445497
4.5,1.5,0.3333333333333333,0.16666666666666666,0.562572,0.06128481437473635
4.5,1.5,0.3333333333333333,0.2222222222222222,0.519764,0.05701942417691478
4.5,1.5,0.3333333333333333,0.2777777777777778,0.472462,0.054085182535883895
4.5,1.5,0.3333333333333333,0.3333333333333333,0.44426599999999994,0.05351334974753875
4.5,1.5,0.3333333333333333,0.38888888888888884,0.419496,0.05162763610334332
4.5,1.5,0.3333333333333333,0.4444444444444444,0.393418,0.048830565471316194
4.5,1.5,0.3333333333333333,0.5,0.37682400000000005,0.045153013334953106
4.5,1.5,0.4444444444444444,0.0,0.6953060000000001,0.054473655304601035
4.5,1.5,0.4444444444444444,0.05555555555555555,0.6558099999999999,0.058333588223510306
4.5,1.5,0.4444444444444444,0.1111111111111111,0.6142219999999999,0.0563055000392443
4.5,1.5,0.4444444444444444,0.16666666666666666,0.564786,0.05859206656646493
4.5,1.5,0.4444444444444444,0.2222222222222222,0.521492,0.059670319506938456
4.5,1.5,0.4444444444444444,0.2777777777777778,0.4930360000000001,0.05919157024421596
4.5,1.5,0.4444444444444444,0.3333333333333333,0.45111199999999996,0.05918991762705364
4.5,1.5,0.4444444444444444,0.38888888888888884,0.42656600000000006,0.05380870186869023
4.5,1.5,0.4444444444444444,0.4444444444444444,0.399338,0.05129051754838083
4.5,1.5,0.4444444444444444,0.5,0.37752800000000003,0.049081638424780825
4.5,1.5,0.5555555555555556,0.0,0.700988,0.05133273766235173
4.5,1.5,0.5555555555555556,0.05555555555555555,0.65882,0.05886440040695684
4.5,1.5,0.5555555555555556,0.1111111111111111,0.620144,0.05605890174566266
4.5,1.5,0.5555555555555556,0.16666666666666666,0.58253,0.06470476422201113
4.5,1.5,0.5555555555555556,0.2222222222222222,0.544062,0.06501291806272089
4.5,1.5,0.5555555555555556,0.2777777777777778,0.499556,0.06503606879639158
4.5,1.5,0.5555555555555556,0.3333333333333333,0.46288599999999996,0.06250124651261975
4.5,1.5,0.5555555555555556,0.38888888888888884,0.427022,0.06018866060755517
4.5,1.5,0.5555555555555556,0.4444444444444444,0.39975,0.04906634807101556
4.5,1.5,0.5555555555555556,0.5,0.375834,0.048710984017240465
4.5,1.5,0.6666666666666666,0.0,0.699354,0.050166143642260075
4.5,1.5,0.6666666666666666,0.05555555555555555,0.662934,0.0604839670039016
4.5,1.5,0.6666666666666666,0.1111111111111111,0.635854,0.06292366374360155
4.5,1.5,0.6666666666666666,0.16666666666666666,0.595564,0.06170020855289666
4.5,1.5,0.6666666666666666,0.2222222222222222,0.5568820000000001,0.06714101509372368
4.5,1.5,0.6666666666666666,0.2777777777777778,0.519538,0.06935023768476836
4.5,1.5,0.6666666666666666,0.3333333333333333,0.46889400000000003,0.0684487635422359
4.5,1.5,0.6666666666666666,0.38888888888888884,0.42787800000000004,0.05899576354478739
4.5,1.5,0.6666666666666666,0.4444444444444444,0.39651400000000003,0.05290254400616901
4.5,1.5,0.6666666666666666,0.5,0.37740199999999996,0.0490653361388755
4.5,1.5,0.7777777777777777,0.0,0.69748,0.05665199464267775
4.5,1.5,0.7777777777777777,0.05555555555555555,0.67103,0.055655045307108256
4.5,1.5,0.7777777777777777,0.1111111111111111,0.6397,0.060255817371056446
4.5,1.5,0.7777777777777777,0.16666666666666666,0.616542,0.061818859410033726
4.5,1.5,0.7777777777777777,0.2222222222222222,0.571596,0.06945268991387263
4.5,1.5,0.7777777777777777,0.2777777777777778,0.519568,0.07435726852679253
4.5,1.5,0.7777777777777777,0.3333333333333333,0.471298,0.06719601032507223
4.5,1.5,0.7777777777777777,0.38888888888888884,0.424934,0.057416015550396445
4.5,1.5,0.7777777777777777,0.4444444444444444,0.396842,0.054775997076378466
4.5,1.5,0.7777777777777777,0.5,0.37765,0.04674790083484958
4.5,1.5,0.8888888888888888,0.0,0.699084,0.055221261479966914
4.5,1.5,0.8888888888888888,0.05555555555555555,0.675892,0.0586976589510405
4.5,1.5,0.8888888888888888,0.1111111111111111,0.6494580000000001,0.05852731952054972
4.5,1.5,0.8888888888888888,0.16666666666666666,0.6191599999999999,0.0670934382702052
4.5,1.5,0.8888888888888888,0.2222222222222222,0.59234,0.07705145198180895
4.5,1.5,0.8888888888888888,0.2777777777777778,0.5315160000000001,0.07843155462900787
4.5,1.5,0.8888888888888888,0.3333333333333333,0.475726,0.07203024111628768
4.5,1.5,0.8888888888888888,0.38888888888888884,0.42492599999999997,0.061447898356451945
4.5,1.5,0.8888888888888888,0.4444444444444444,0.39661399999999997,0.05227184419351188
4.5,1.5,0.8888888888888888,0.5,0.37253,0.04573896813891658
4.5,1.5,1.0,0.0,0.699252,0.05229732801046405
4.5,1.5,1.0,0.05555555555555555,0.680888,0.053740930688466165
4.5,1.5,1.0,0.1111111111111111,0.660182,0.06401140363709565
4.5,1.5,1.0,0.16666666666666666,0.648098,0.061640892232270456
4.5,1.5,1.0,0.2222222222222222,0.5981600000000001,0.07829594440211855
4.5,1.5,1.0,0.2777777777777778,0.5281319999999999,0.08078209002084727
4.5,1.5,1.0,0.3333333333333333,0.46724,0.06914637258514265
4.5,1.5,1.0,0.38888888888888884,0.428818,0.05923660038904413
4.5,1.5,1.0,0.4444444444444444,0.39549199999999995,0.052620983188681365
4.5,1.5,1.0,0.5,0.374892,0.04721209909124146
4.5,2.0,0.0,0.0,0.704258,0.04881435360871301
4.5,2.0,0.0,0.05555555555555555,0.637856,0.05678044824237662
4.5,2.0,0.0,0.1111111111111111,0.5788019999999999,0.05666625914820656
4.5,2.0,0.0,0.16666666666666666,0.527332,0.05643484348448427
4.5,2.0,0.0,0.2222222222222222,0.49128200000000005,0.05106609411278556
4.5,2.0,0.0,0.2777777777777778,0.45175400000000004,0.04957002985392927
4.5,2.0,0.0,0.3333333333333333,0.428018,0.0457216208069928
4.5,2.0,0.0,0.38888888888888884,0.404368,0.04583310947173119
4.5,2.0,0.0,0.4444444444444444,0.384608,0.042677078180259814
4.5,2.0,0.0,0.5,0.37073799999999996,0.03982689693459532
4.5,2.0,0.1111111111111111,0.0,0.6962079999999999,0.05225753952181204
4.5,2.0,0.1111111111111111,0.05555555555555555,0.64224,0.05530239696632001
4.5,2.0,0.1111111111111111,0.1111111111111111,0.590858,0.05726699619944645
4.5,2.0,0.1111111111111111,0.16666666666666666,0.538208,0.05713869439174811
4.5,2.0,0.1111111111111111,0.2222222222222222,0.5010220000000001,0.05426880985839743
4.5,2.0,0.1111111111111111,0.2777777777777778,0.45919600000000005,0.052241362001843095
4.5,2.0,0.1111111111111111,0.3333333333333333,0.43328,0.046198118276229924
4.5,2.0,0.1111111111111111,0.38888888888888884,0.40725800000000006,0.04692316061396555
4.5,2.0,0.1111111111111111,0.4444444444444444,0.38816999999999996,0.043362353342210905
4.5,2.0,0.1111111111111111,0.5,0.37051199999999995,0.04212099491257121
4.5,2.0,0.2222222222222222,0.0,0.697298,0.051553202241205597
4.5,2.0,0.2222222222222222,0.05555555555555555,0.6453139999999999,0.05454585138952013
4.5,2.0,0.2222222222222222,0.1111111111111111,0.594908,0.06024781435262641
4.5,2.0,0.2222222222222222,0.16666666666666666,0.5475239999999999,0.055177300522823436
4.5,2.0,0.2222222222222222,0.2222222222222222,0.510938,0.057569494085831584
4.5,2.0,0.2222222222222222,0.2777777777777778,0.469174,0.05269186454452297
4.5,2.0,0.2222222222222222,0.3333333333333333,0.441166,0.048512321472687116
4.5,2.0,0.2222222222222222,0.38888888888888884,0.420576,0.044900649891971976
4.5,2.0,0.2222222222222222,0.4444444444444444,0.395472,0.04639411648138346
4.5,2.0,0.2222222222222222,0.5,0.37734799999999996,0.044427632449300064
4.5,2.0,0.3333333333333333,0.0,0.696778,0.05479794106250142
4.5,2.0,0.3333333333333333,0.05555555555555555,0.652522,0.0568973473218614
4.5,2.0,0.3333333333333333,0.1111111111111111,0.6025360000000001,0.05973529371007778
4.5,2.0,0.3333333333333333,0.16666666666666666,0.5617219999999999,0.056800116394642094
4.5,2.0,0.3333333333333333,0.2222222222222222,0.522942,0.05866977860742008
4.5,2.0,0.3333333333333333,0.2777777777777778,0.48551599999999995,0.05504647102170935
4.5,2.0,0.3333333333333333,0.3333333333333333,0.45364,0.0549378807516541
4.5,2.0,0.3333333333333333,0.38888888888888884,0.426638,0.04993778650523153
4.5,2.0,0.3333333333333333,0.4444444444444444,0.402092,0.047119507977738145
4.5,2.0,0.3333333333333333,0.5,0.385458,0.04624414858722251
4.5,2.0,0.4444444444444444,0.0,0.695428,0.050820529990714125
4.5,2.0,0.4444444444444444,0.05555555555555555,0.6619480000000001,0.05678568943889032
4.5,2.0,0.4444444444444444,0.1111111111111111,0.617148,0.05767720012994441
4.5,2.0,0.4444444444444444,0.16666666666666666,0.576414,0.062077482484902094
4.5,2.0,0.4444444444444444,0.2222222222222222,0.5362060000000001,0.05966170129322834
4.5,2.0,0.4444444444444444,0.2777777777777778,0.500894,0.05801750447624667
4.5,2.0,0.4444444444444444,0.3333333333333333,0.46556600000000004,0.05847515996271691
4.5,2.0,0.4444444444444444,0.38888888888888884,0.436898,0.05522001535849465
4.5,2.0,0.4444444444444444,0.4444444444444444,0.412928,0.05284278129574692
4.5,2.0,0.4444444444444444,0.5,0.38065999999999994,0.04492755691935055
4.5,2.0,0.5555555555555556,0.0,0.699914,0.05318499686738326
4.5,2.0,0.5555555555555556,0.05555555555555555,0.663818,0.05664190574984168
4.5,2.0,0.5555555555555556,0.1111111111111111,0.62776,0.057040666855767926
4.5,2.0,0.5555555555555556,0.16666666666666666,0.590606,0.05862098261890884
4.5,2.0,0.5555555555555556,0.2222222222222222,0.553556,0.06093137228272898
4.5,2.0,0.5555555555555556,0.2777777777777778,0.519774,0.060516770262183786
4.5,2.0,0.5555555555555556,0.3333333333333333,0.476098,0.06368481693320341
4.5,2.0,0.5555555555555556,0.38888888888888884,0.43693200000000004,0.06135670024806306
4.5,2.0,0.5555555555555556,0.4444444444444444,0.407784,0.05341850257011766
4.5,2.0,0.5555555555555556,0.5,0.385734,0.04527997124105958
4.5,2.0,0.6666666666666666,0.0,0.699784,0.053509062630241744
4.5,2.0,0.6666666666666666,0.05555555555555555,0.667608,0.05274609594343972
4.5,2.0,0.6666666666666666,0.1111111111111111,0.63893,0.05554276818989483
4.5,2.0,0.6666666666666666,0.16666666666666666,0.602198,0.06263674256407398
4.5,2.0,0.6666666666666666,0.2222222222222222,0.5730919999999999,0.061262171388929504
4.5,2.0,0.6666666666666666,0.2777777777777778,0.527904,0.06898298404807052
4.5,2.0,0.6666666666666666,0.3333333333333333,0.48002999999999996,0.06322280717188528
4.5,2.0,0.6666666666666666,0.38888888888888884,0.43874,0.05718402246125835
4.5,2.0,0.6666666666666666,0.4444444444444444,0.406524,0.05196662857036177
4.5,2.0,0.6666666666666666,0.5,0.382934,0.04875177037019739
4.5,2.0,0.7777777777777777,0.0,0.7015620000000001,0.055602422742445846
4.5,2.0,0.7777777777777777,0.05555555555555555,0.674808,0.05256318972272949
4.5,2.0,0.7777777777777777,0.1111111111111111,0.645328,0.05814845571297321
4.5,2.0,0.7777777777777777,0.16666666666666666,0.622518,0.06082605769396188
4.5,2.0,0.7777777777777777,0.2222222222222222,0.588932,0.06906077147203486
4.5,2.0,0.7777777777777777,0.2777777777777778,0.53574,0.07467761305628058
4.5,2.0,0.7777777777777777,0.3333333333333333,0.48005600000000004,0.06570085287221372
4.5,2.0,0.7777777777777777,0.38888888888888884,0.439448,0.05787561203942361
4.5,2.0,0.7777777777777777,0.4444444444444444,0.41003999999999996,0.05242594165789905
4.5,2.0,0.7777777777777777,0.5,0.38245,0.04723937570750135
4.5,2.0,0.8888888888888888,0.0,0.697458,0.05496863959274737
4.5,2.0,0.8888888888888888,0.05555555555555555,0.6801579999999999,0.05739590242543853
4.5,2.0,0.8888888888888888,0.1111111111111111,0.6645700000000001,0.05954908300362941
4.5,2.0,0.8888888888888888,0.16666666666666666,0.64064,0.058365910933679745
4.5,2.0,0.8888888888888888,0.2222222222222222,0.6010679999999999,0.07034503695676687
4.5,2.0,0.8888888888888888,0.2777777777777778,0.539458,0.07295934737055612
4.5,2.0,0.8888888888888888,0.3333333333333333,0.482838,0.07031289755888498
4.5,2.0,0.8888888888888888,0.38888888888888884,0.44129199999999996,0.06062151988647838
4.5,2.0,0.8888888888888888,0.4444444444444444,0.40574199999999994,0.05467421673834846
4.5,2.0,0.8888888888888888,0.5,0.38711199999999996,0.04830559301606043
4.5,2.0,1.0,0.0,0.6974020000000001,0.05224388234506476
4.5,2.0,1.0,0.05555555555555555,0.6853140000000001,0.054754612034769785
4.5,2.0,1.0,0.1111111111111111,0.6809480000000001,0.05571863627959424
4.5,2.0,1.0,0.16666666666666666,0.65957,0.06192044398068808
4.5,2.0,1.0,0.2222222222222222,0.6091400000000001,0.0734893854890563
4.5,2.0,1.0,0.2777777777777778,0.535482,0.07290255991722767
4.5,2.0,1.0,0.3333333333333333,0.481244,0.06576743247496208
4.5,2.0,1.0,0.38888888888888884,0.43786,0.05780504516469982
4.5,2.0,1.0,0.4444444444444444,0.40675,0.05260793371135914
4.5,2.0,1.0,0.5,0.380974,0.04750780258666177
4.5,2.5,0.0,0.0,0.695938,0.04975227365123059
4.5,2.5,0.0,0.05555555555555555,0.639344,0.05489302462339463
4.5,2.5,0.0,0.1111111111111111,0.576646,0.06085599056111361
4.5,2.5,0.0,0.16666666666666666,0.530176,0.05652315240248928
4.5,2.5,0.0,0.2222222222222222,0.48787400000000003,0.053036287762618525
4.5,2.5,0.0,0.2777777777777778,0.450524,0.05317499962548511
4.5,2.5,0.0,0.3333333333333333,0.424734,0.04693105893313266
4.5,2.5,0.0,0.38888888888888884,0.405162,0.04428550743004615
4.5,2.5,0.0,0.4444444444444444,0.385442,0.041575325029428276
4.5,2.5,0.0,0.5,0.369132,0.04233072591762899
4.5,2.5,0.1111111111111111,0.0,0.695594,0.05022240280479394
4.5,2.5,0.1111111111111111,0.05555555555555555,0.639388,0.057950893592215405
4.5,2.5,0.1111111111111111,0.1111111111111111,0.591462,0.055652231741373966
4.5,2.5,0.1111111111111111,0.16666666666666666,0.5385800000000001,0.05648174905181233
4.5,2.5,0.1111111111111111,0.2222222222222222,0.501548,0.053467946834317055
4.5,2.5,0.1111111111111111,0.2777777777777778,0.46172199999999997,0.04899867811394332
4.5,2.5,0.1111111111111111,0.3333333333333333,0.435274,0.04812928193479639
4.5,2.5,0.1111111111111111,0.38888888888888884,0.408026,0.04304498886202974
4.5,2.5,0.1111111111111111,0.4444444444444444,0.39410199999999995,0.0449188490725665
4.5,2.5,0.1111111111111111,0.5,0.37720600000000004,0.04239294620306014
4.5,2.5,0.2222222222222222,0.0,0.6968979999999999,0.05261448625928659
4.5,2.5,0.2222222222222222,0.05555555555555555,0.645668,0.05772769482232075
4.5,2.5,0.2222222222222222,0.1111111111111111,0.599092,0.0572607117859048
4.5,2.5,0.2222222222222222,0.16666666666666666,0.557736,0.0579351989601927
4.5,2.5,0.2222222222222222,0.2222222222222222,0.515306,0.056117972322913365
4.5,2.5,0.2222222222222222,0.2777777777777778,0.475184,0.052229512614765536
4.5,2.5,0.2222222222222222,0.3333333333333333,0.446408,0.05177291188265944
4.5,2.5,0.2222222222222222,0.38888888888888884,0.42173400000000005,0.04699063186387189
4.5,2.5,0.2222222222222222,0.4444444444444444,0.40171799999999996,0.04615034327465763
4.5,2.5,0.2222222222222222,0.5,0.384782,0.0425165118932296
4.5,2.5,0.3333333333333333,0.0,0.7010439999999999,0.05394896705306029
4.5,2.5,0.3333333333333333,0.05555555555555555,0.6526040000000001,0.05560513506945365
4.5,2.5,0.3333333333333333,0.1111111111111111,0.609812,0.059213927706823655
4.5,2.5,0.3333333333333333,0.16666666666666666,0.5670440000000001,0.05899877774624744
4.5,2.5,0.3333333333333333,0.2222222222222222,0.523818,0.05496988495990336
4.5,2.5,0.3333333333333333,0.2777777777777778,0.489586,0.05519525011511898
4.5,2.5,0.3333333333333333,0.3333333333333333,0.463038,0.0553672431970247
4.5,2.5,0.3333333333333333,0.38888888888888884,0.433722,0.053104924272273736
4.5,2.5,0.3333333333333333,0.4444444444444444,0.408884,0.050570795472381275
4.5,2.5,0.3333333333333333,0.5,0.38819,0.04478613060970974
4.5,2.5,0.4444444444444444,0.0,0.6998179999999999,0.05182385841097903
4.5,2.5,0.4444444444444444,0.05555555555555555,0.6595799999999999,0.0573881381192454
4.5,2.5,0.4444444444444444,0.1111111111111111,0.617188,0.05975186379062084
4.5,2.5,0.4444444444444444,0.16666666666666666,0.580014,0.05555702448781684
4.5,2.5,0.4444444444444444,0.2222222222222222,0.543126,0.058416085130758355
4.5,2.5,0.4444444444444444,0.2777777777777778,0.512112,0.05567544311392469
4.5,2.5,0.4444444444444444,0.3333333333333333,0.47426,0.05367758345838479
4.5,2.5,0.4444444444444444,0.38888888888888884,0.44655999999999996,0.055500044232591736
4.5,2.5,0.4444444444444444,0.4444444444444444,0.411584,0.05442380771033375
4.5,2.5,0.4444444444444444,0.5,0.38769,0.044513062413755605
4.5,2.5,0.5555555555555556,0.0,0.700568,0.0501110327893412
4.5,2.5,0.5555555555555556,0.05555555555555555,0.666,0.05415778921138241
4.5,2.5,0.5555555555555556,0.1111111111111111,0.6339239999999999,0.056201988853618025
4.5,2.5,0.5555555555555556,0.16666666666666666,0.592028,0.05882526702089979
4.5,2.5,0.5555555555555556,0.2222222222222222,0.559268,0.05740930091599554
4.5,2.5,0.5555555555555556,0.2777777777777778,0.526236,0.06068473926085797
4.5,2.5,0.5555555555555556,0.3333333333333333,0.485572,0.05901415216973489
4.5,2.5,0.5555555555555556,0.38888888888888884,0.444328,0.057923732040217626
4.5,2.5,0.5555555555555556,0.4444444444444444,0.41102399999999994,0.05194836560834958
4.5,2.5,0.5555555555555556,0.5,0.38712599999999997,0.046130143119314265
4.5,2.5,0.6666666666666666,0.0,0.6980940000000001,0.0516180395599836
4.5,2.5,0.6666666666666666,0.05555555555555555,0.6682460000000001,0.05552985335138615
4.5,2.5,0.6666666666666666,0.1111111111111111,0.64022,0.05783273164652867
4.5,2.5,0.6666666666666666,0.16666666666666666,0.617674,0.05807075122896718
4.5,2.5,0.6666666666666666,0.2222222222222222,0.5822299999999999,0.06606525816700747
4.5,2.5,0.6666666666666666,0.2777777777777778,0.537058,0.06504056569843734
4.5,2.5,0.6666666666666666,0.3333333333333333,0.48632400000000003,0.06594911368009718
4.5,2.5,0.6666666666666666,0.38888888888888884,0.446908,0.05612771308678722
4.5,2.5,0.6666666666666666,0.4444444444444444,0.407226,0.05068898964610249
4.5,2.5,0.6666666666666666,0.5,0.385272,0.04603333740132915
4.5,2.5,0.7777777777777777,0.0,0.701604,0.052250237881921985
4.5,2.5,0.7777777777777777,0.05555555555555555,0.6745659999999999,0.05332549916994164
4.5,2.5,0.7777777777777777,0.1111111111111111,0.6564800000000001,0.0567312830540074
4.5,2.5,0.7777777777777777,0.16666666666666666,0.630684,0.058002730776706625
4.5,2.5,0.7777777777777777,0.2222222222222222,0.594798,0.06693293083722632
4.5,2.5,0.7777777777777777,0.2777777777777778,0.536808,0.06780813389294892
4.5,2.5,0.7777777777777777,0.3333333333333333,0.48148199999999997,0.06183475357352852
4.5,2.5,0.7777777777777777,0.38888888888888884,0.436702,0.056879096857445244
4.5,2.5,0.7777777777777777,0.4444444444444444,0.40999599999999997,0.04983162012948665
4.5,2.5,0.7777777777777777,0.5,0.38678199999999996,0.048382146916818
4.5,2.5,0.8888888888888888,0.0,0.70097,0.050879017766637315
4.5,2.5,0.8888888888888888,0.05555555555555555,0.684512,0.050602876976676266
4.5,2.5,0.8888888888888888,0.1111111111111111,0.668258,0.058187309285821484
4.5,2.5,0.8888888888888888,0.16666666666666666,0.6435960000000001,0.06231850428205016
4.5,2.5,0.8888888888888888,0.2222222222222222,0.6071759999999999,0.06627867492262499
4.5,2.5,0.8888888888888888,0.2777777777777778,0.54224,0.07148758878785466
4.5,2.5,0.8888888888888888,0.3333333333333333,0.48014,0.06727180234527363
4.5,2.5,0.8888888888888888,0.38888888888888884,0.4411999999999999,0.060114253275689845
4.5,2.5,0.8888888888888888,0.4444444444444444,0.41095000000000004,0.05144664239800355
4.5,2.5,0.8888888888888888,0.5,0.38756399999999996,0.04664677638910314
4.5,2.5,1.0,0.0,0.6980540000000001,0.052031236610005076
4.5,2.5,1.0,0.05555555555555555,0.689144,0.05467641433533419
4.5,2.5,1.0,0.1111111111111111,0.6826220000000001,0.05846187387857825
4.5,2.5,1.0,0.16666666666666666,0.6606859999999999,0.06739557649774149
4.5,2.5,1.0,0.2222222222222222,0.605472,0.0734812097912437
4.5,2.5,1.0,0.2777777777777778,0.536884,0.06892700783305217
4.5,2.5,1.0,0.3333333333333333,0.48332,0.06081755626708954
4.5,2.5,1.0,0.38888888888888884,0.444356,0.05289518944225708
4.5,2.5,1.0,0.4444444444444444,0.409346,0.05082192459992124
4.5,2.5,1.0,0.5,0.38693,0.046773589099774554
4.5,3.0,0.0,0.0,0.6951840000000001,0.055398846634355424
4.5,3.0,0.0,0.05555555555555555,0.6396179999999999,0.05633214621683422
4.5,3.0,0.0,0.1111111111111111,0.580082,0.05334790787415283
4.5,3.0,0.0,0.16666666666666666,0.529842,0.057035209004020176
4.5,3.0,0.0,0.2222222222222222,0.488746,0.05217169016343076
4.5,3.0,0.0,0.2777777777777778,0.454268,0.04812917005330593
4.5,3.0,0.0,0.3333333333333333,0.42707799999999996,0.045863567782057676
4.5,3.0,0.0,0.38888888888888884,0.40797000000000005,0.043094260994491165
4.5,3.0,0.0,0.4444444444444444,0.386312,0.04084182617771961
4.5,3.0,0.0,0.5,0.36911199999999994,0.03850944573506146
4.5,3.0,0.1111111111111111,0.0,0.6960440000000001,0.054744497293955814
4.5,3.0,0.1111111111111111,0.05555555555555555,0.643086,0.05243744822120832
4.5,3.0,0.1111111111111111,0.1111111111111111,0.5856899999999999,0.05682234999467934
4.5,3.0,0.1111111111111111,0.16666666666666666,0.544212,0.056776634529152166
4.5,3.0,0.1111111111111111,0.2222222222222222,0.500824,0.05570259043493691
4.5,3.0,0.1111111111111111,0.2777777777777778,0.462356,0.05134001224888275
4.5,3.0,0.1111111111111111,0.3333333333333333,0.435612,0.05016435368627332
4.5,3.0,0.1111111111111111,0.38888888888888884,0.408882,0.04574215523487128
4.5,3.0,0.1111111111111111,0.4444444444444444,0.39087,0.04322751828029625
4.5,3.0,0.1111111111111111,0.5,0.376606,0.04104339025674579
4.5,3.0,0.2222222222222222,0.0,0.6997080000000001,0.054111392715797714
4.5,3.0,0.2222222222222222,0.05555555555555555,0.6423479999999999,0.057866501189546955
4.5,3.0,0.2222222222222222,0.1111111111111111,0.5915340000000001,0.05931895414318498
4.5,3.0,0.2222222222222222,0.16666666666666666,0.553616,0.055674121093368306
4.5,3.0,0.2222222222222222,0.2222222222222222,0.5185160000000001,0.058022780268271526
4.5,3.0,0.2222222222222222,0.2777777777777778,0.478728,0.04968883150117242
4.5,3.0,0.2222222222222222,0.3333333333333333,0.44658,0.05228421250966214
4.5,3.0,0.2222222222222222,0.38888888888888884,0.42476800000000003,0.04824912571502752
4.5,3.0,0.2222222222222222,0.4444444444444444,0.402026,0.04532909416208436
4.5,3.0,0.2222222222222222,0.5,0.381908,0.04192922197359046
4.5,3.0,0.3333333333333333,0.0,0.694254,0.05255348915576291
4.5,3.0,0.3333333333333333,0.05555555555555555,0.6544679999999999,0.05397729218981153
4.5,3.0,0.3333333333333333,0.1111111111111111,0.61299,0.05934645653960829
4.5,3.0,0.3333333333333333,0.16666666666666666,0.5703360000000001,0.06058392466534098
4.5,3.0,0.3333333333333333,0.2222222222222222,0.530556,0.055027255625948186
4.5,3.0,0.3333333333333333,0.2777777777777778,0.492512,0.05546175139441118
4.5,3.0,0.3333333333333333,0.3333333333333333,0.46472199999999997,0.05043506823844331
4.5,3.0,0.3333333333333333,0.38888888888888884,0.440152,0.04940597937087363
4.5,3.0,0.3333333333333333,0.4444444444444444,0.408582,0.04871461282824705
4.5,3.0,0.3333333333333333,0.5,0.38874200000000003,0.04661821480820354
4.5,3.0,0.4444444444444444,0.0,0.6986000000000001,0.052456872256109476
4.5,3.0,0.4444444444444444,0.05555555555555555,0.65976,0.0539430635783363
4.5,3.0,0.4444444444444444,0.1111111111111111,0.6204459999999999,0.05568098263909601
4.5,3.0,0.4444444444444444,0.16666666666666666,0.5837300000000001,0.058631325797132185
4.5,3.0,0.4444444444444444,0.2222222222222222,0.542552,0.060195200975168124
4.5,3.0,0.4444444444444444,0.2777777777777778,0.512308,0.055699209508571663
4.5,3.0,0.4444444444444444,0.3333333333333333,0.47782600000000003,0.057721393282603374
4.5,3.0,0.4444444444444444,0.38888888888888884,0.440198,0.05390549508910574
4.5,3.0,0.4444444444444444,0.4444444444444444,0.41098199999999996,0.047773573287008986
4.5,3.0,0.4444444444444444,0.5,0.389674,0.04712635686133657
4.5,3.0,0.5555555555555556,0.0,0.698836,0.050954271455483674
4.5,3.0,0.5555555555555556,0.05555555555555555,0.6624399999999999,0.05507744956787491
4.5,3.0,0.5555555555555556,0.1111111111111111,0.629192,0.05736256674982611
4.5,3.0,0.5555555555555556,0.16666666666666666,0.603314,0.059036650109167144
4.5,3.0,0.5555555555555556,0.2222222222222222,0.568832,0.06092611722011372
4.5,3.0,0.5555555555555556,0.2777777777777778,0.530534,0.061806609338450454
4.5,3.0,0.5555555555555556,0.3333333333333333,0.476918,0.05840401813804714
4.5,3.0,0.5555555555555556,0.38888888888888884,0.44065999999999994,0.053672207068679846
4.5,3.0,0.5555555555555556,0.4444444444444444,0.40949,0.04678657785877773
4.5,3.0,0.5555555555555556,0.5,0.387558,0.04757134327936101
4.5,3.0,0.6666666666666666,0.0,0.69946,0.04916949948249135
4.5,3.0,0.6666666666666666,0.05555555555555555,0.6732180000000001,0.056428422001853266
4.5,3.0,0.6666666666666666,0.1111111111111111,0.6439159999999999,0.05681807398233527
4.5,3.0,0.6666666666666666,0.16666666666666666,0.616318,0.05956846212014137
4.5,3.0,0.6666666666666666,0.2222222222222222,0.5780460000000001,0.0639427653333585
4.5,3.0,0.6666666666666666,0.2777777777777778,0.535008,0.06448783837745838
4.5,3.0,0.6666666666666666,0.3333333333333333,0.47007600000000005,0.0595091665696271
4.5,3.0,0.6666666666666666,0.38888888888888884,0.44140999999999997,0.053939752444626364
4.5,3.0,0.6666666666666666,0.4444444444444444,0.411146,0.04997286522220868
4.5,3.0,0.6666666666666666,0.5,0.38991600000000004,0.04816010522695047
4.5,3.0,0.7777777777777777,0.0,0.698258,0.05145010848702511
4.5,3.0,0.7777777777777777,0.05555555555555555,0.6815019999999999,0.05510600093163497
4.5,3.0,0.7777777777777777,0.1111111111111111,0.654058,0.056806377856102215
4.5,3.0,0.7777777777777777,0.16666666666666666,0.635922,0.05980985163587526
4.5,3.0,0.7777777777777777,0.2222222222222222,0.592896,0.06663345419859963
4.5,3.0,0.7777777777777777,0.2777777777777778,0.535062,0.06121520037960367
4.5,3.0,0.7777777777777777,0.3333333333333333,0.479312,0.05807619430273801
4.5,3.0,0.7777777777777777,0.38888888888888884,0.43991800000000003,0.05416906729585998
4.5,3.0,0.7777777777777777,0.4444444444444444,0.41287,0.052980817604753296
4.5,3.0,0.7777777777777777,0.5,0.385914,0.04862224644850749
4.5,3.0,0.8888888888888888,0.0,0.703104,0.05208384238201468
4.5,3.0,0.8888888888888888,0.05555555555555555,0.685558,0.05407971771131457
4.5,3.0,0.8888888888888888,0.1111111111111111,0.6722619999999999,0.05671792664056761
4.5,3.0,0.8888888888888888,0.16666666666666666,0.6532639999999998,0.059134389792338475
4.5,3.0,0.8888888888888888,0.2222222222222222,0.5919840000000001,0.06730336715544714
4.5,3.0,0.8888888888888888,0.2777777777777778,0.5361279999999999,0.06597919463170566
4.5,3.0,0.8888888888888888,0.3333333333333333,0.479948,0.058501779566307636
4.5,3.0,0.8888888888888888,0.38888888888888884,0.43887400000000004,0.056123344372614986
4.5,3.0,0.8888888888888888,0.4444444444444444,0.408226,0.049710735646105196
4.5,3.0,0.8888888888888888,0.5,0.38817599999999997,0.046597765262455564
4.5,3.0,1.0,0.0,0.6969420000000001,0.05356896399789354
4.5,3.0,1.0,0.05555555555555555,0.691106,0.050082004536127676
4.5,3.0,1.0,0.1111111111111111,0.682858,0.056839205012499124
4.5,3.0,1.0,0.16666666666666666,0.660952,0.06219390532616068
4.5,3.0,1.0,0.2222222222222222,0.5959780000000001,0.07034482429155124
4.5,3.0,1.0,0.2777777777777778,0.530578,0.06906692693897411
4.5,3.0,1.0,0.3333333333333333,0.48225599999999996,0.06193825278708331
4.5,3.0,1.0,0.38888888888888884,0.441874,0.05324614942751932
4.5,3.0,1.0,0.4444444444444444,0.407542,0.050476092438060526
4.5,3.0,1.0,0.5,0.389522,0.04777025759844764
5.0,0.0,0.0,0.0,0.695374,0.05626638371062906
5.0,0.0,0.0,0.05555555555555555,0.635058,0.057979184261381524
5.0,0.0,0.0,0.1111111111111111,0.58332,0.05706580949418358
5.0,0.0,0.0,0.16666666666666666,0.5415979999999999,0.054321801444948865
5.0,0.0,0.0,0.2222222222222222,0.503094,0.055004546760505695
5.0,0.0,0.0,0.2777777777777778,0.467096,0.050722621705757795
5.0,0.0,0.0,0.3333333333333333,0.44273599999999996,0.04808295170316583
5.0,0.0,0.0,0.38888888888888884,0.423404,0.045198701632442016
5.0,0.0,0.0,0.4444444444444444,0.40173000000000003,0.047074208035019015
5.0,0.0,0.0,0.5,0.392774,0.042855759896571956
5.0,0.0,0.1111111111111111,0.0,0.696022,0.052656803871750285
5.0,0.0,0.1111111111111111,0.05555555555555555,0.6367879999999999,0.05853378052822021
5.0,0.0,0.1111111111111111,0.1111111111111111,0.587938,0.056003311489550255
5.0,0.0,0.1111111111111111,0.16666666666666666,0.541694,0.05799596043565195
5.0,0.0,0.1111111111111111,0.2222222222222222,0.49574,0.055138706494692234
5.0,0.0,0.1111111111111111,0.2777777777777778,0.470276,0.053848111035803746
5.0,0.0,0.1111111111111111,0.3333333333333333,0.43551999999999996,0.04872150624047539
5.0,0.0,0.1111111111111111,0.38888888888888884,0.41288400000000003,0.04826881291891486
5.0,0.0,0.1111111111111111,0.4444444444444444,0.39558,0.0465271226951827
5.0,0.0,0.1111111111111111,0.5,0.378912,0.04374301267993133
5.0,0.0,0.2222222222222222,0.0,0.697298,0.05563390565938936
5.0,0.0,0.2222222222222222,0.05555555555555555,0.64392,0.05787573586230421
5.0,0.0,0.2222222222222222,0.1111111111111111,0.58962,0.05713423002439922
5.0,0.0,0.2222222222222222,0.16666666666666666,0.541748,0.05918105516616919
5.0,0.0,0.2222222222222222,0.2222222222222222,0.49403,0.058289075585956335
5.0,0.0,0.2222222222222222,0.2777777777777778,0.45774000000000004,0.05493330260844456
5.0,0.0,0.2222222222222222,0.3333333333333333,0.42765800000000004,0.052847808068407824
5.0,0.0,0.2222222222222222,0.38888888888888884,0.402672,0.05690931167665817
5.0,0.0,0.2222222222222222,0.4444444444444444,0.379898,0.047642073110440115
5.0,0.0,0.2222222222222222,0.5,0.36476,0.04446946668146435
5.0,0.0,0.3333333333333333,0.0,0.6971379999999999,0.05103921000481719
5.0,0.0,0.3333333333333333,0.05555555555555555,0.6445660000000001,0.05610716238897388
5.0,0.0,0.3333333333333333,0.1111111111111111,0.592424,0.05840148706482366
5.0,0.0,0.3333333333333333,0.16666666666666666,0.5335599999999999,0.06170826703482185
5.0,0.0,0.3333333333333333,0.2222222222222222,0.48643600000000004,0.06311863296725707
5.0,0.0,0.3333333333333333,0.2777777777777778,0.45064199999999993,0.056464061281782295
5.0,0.0,0.3333333333333333,0.3333333333333333,0.415058,0.05936871165730056
5.0,0.0,0.3333333333333333,0.38888888888888884,0.38180400000000003,0.05614743674742965
5.0,0.0,0.3333333333333333,0.4444444444444444,0.35899400000000004,0.05010135982698499
5.0,0.0,0.3333333333333333,0.5,0.34354399999999996,0.04820605471746101
5.0,0.0,0.4444444444444444,0.0,0.699638,0.05336769789260835
5.0,0.0,0.4444444444444444,0.05555555555555555,0.6440619999999999,0.060720376185991604
5.0,0.0,0.4444444444444444,0.1111111111111111,0.5904560000000001,0.06266368596785667
5.0,0.0,0.4444444444444444,0.16666666666666666,0.534458,0.064634940915687
5.0,0.0,0.4444444444444444,0.2222222222222222,0.480068,0.0660412467215533
5.0,0.0,0.4444444444444444,0.2777777777777778,0.433182,0.06567727067842828
5.0,0.0,0.4444444444444444,0.3333333333333333,0.397946,0.06419808308464893
5.0,0.0,0.4444444444444444,0.38888888888888884,0.361622,0.05985857678252013
5.0,0.0,0.4444444444444444,0.4444444444444444,0.337888,0.047613670087048705
5.0,0.0,0.4444444444444444,0.5,0.332534,0.03972421012102669
5.0,0.0,0.5555555555555556,0.0,0.702392,0.051753988122396385
5.0,0.0,0.5555555555555556,0.05555555555555555,0.6521520000000001,0.05400193806364044
5.0,0.0,0.5555555555555556,0.1111111111111111,0.591346,0.0627022921341617
5.0,0.0,0.5555555555555556,0.16666666666666666,0.532698,0.0703499611233732
5.0,0.0,0.5555555555555556,0.2222222222222222,0.472824,0.07638997237700455
5.0,0.0,0.5555555555555556,0.2777777777777778,0.42199600000000004,0.06791881856916877
5.0,0.0,0.5555555555555556,0.3333333333333333,0.37480600000000003,0.07062478378139177
5.0,0.0,0.5555555555555556,0.38888888888888884,0.33555599999999997,0.049567901081599884
5.0,0.0,0.5555555555555556,0.4444444444444444,0.32986400000000005,0.03874635549478501
5.0,0.0,0.5555555555555556,0.5,0.324798,0.035118881926044725
5.0,0.0,0.6666666666666666,0.0,0.6966279999999999,0.05547013148509698
5.0,0.0,0.6666666666666666,0.05555555555555555,0.649942,0.05836402449034352
5.0,0.0,0.6666666666666666,0.1111111111111111,0.592026,0.06531181048767792
5.0,0.0,0.6666666666666666,0.16666666666666666,0.532768,0.07287443682860384
5.0,0.0,0.6666666666666666,0.2222222222222222,0.47165200000000007,0.07582597214743908
5.0,0.0,0.6666666666666666,0.2777777777777778,0.39802599999999994,0.08016401851034824
5.0,0.0,0.6666666666666666,0.3333333333333333,0.34675,0.06098851283147335
5.0,0.0,0.6666666666666666,0.38888888888888884,0.33294799999999997,0.0430723548404659
5.0,0.0,0.6666666666666666,0.4444444444444444,0.330816,0.037076778703631685
5.0,0.0,0.6666666666666666,0.5,0.327384,0.03528306013748426
5.0,0.0,0.7777777777777777,0.0,0.696708,0.05282411864879568
5.0,0.0,0.7777777777777777,0.05555555555555555,0.6459900000000001,0.06095665120930862
5.0,0.0,0.7777777777777777,0.1111111111111111,0.600596,0.07087419196133628
5.0,0.0,0.7777777777777777,0.16666666666666666,0.529818,0.08236957186205034
5.0,0.0,0.7777777777777777,0.2222222222222222,0.44430000000000003,0.09334497613229262
5.0,0.0,0.7777777777777777,0.2777777777777778,0.375568,0.07776443912215897
5.0,0.0,0.7777777777777777,0.3333333333333333,0.33391000000000004,0.049691209812856546
5.0,0.0,0.7777777777777777,0.38888888888888884,0.32667,0.035568234403709084
5.0,0.0,0.7777777777777777,0.4444444444444444,0.327788,0.033613014227392664
5.0,0.0,0.7777777777777777,0.5,0.326942,0.03351748020000782
5.0,0.0,0.8888888888888888,0.0,0.696116,0.05636915386107927
5.0,0.0,0.8888888888888888,0.05555555555555555,0.653088,0.06251509041070097
5.0,0.0,0.8888888888888888,0.1111111111111111,0.600166,0.07166873278157661
5.0,0.0,0.8888888888888888,0.16666666666666666,0.531384,0.08532136904686928
5.0,0.0,0.8888888888888888,0.2222222222222222,0.419724,0.09952341253839006
5.0,0.0,0.8888888888888888,0.2777777777777778,0.343382,0.06615685554098033
5.0,0.0,0.8888888888888888,0.3333333333333333,0.328582,0.03891313068205844
5.0,0.0,0.8888888888888888,0.38888888888888884,0.32791600000000004,0.03466554982528589
5.0,0.0,0.8888888888888888,0.4444444444444444,0.326562,0.035684744050025516
5.0,0.0,0.8888888888888888,0.5,0.32691000000000003,0.036099532580145824
5.0,0.0,1.0,0.0,0.697674,0.05130645601537603
5.0,0.0,1.0,0.05555555555555555,0.660548,0.05594091945023675
5.0,0.0,1.0,0.1111111111111111,0.605204,0.07338777770059306
5.0,0.0,1.0,0.16666666666666666,0.514886,0.09539800082350912
5.0,0.0,1.0,0.2222222222222222,0.3998,0.10686944444654246
5.0,0.0,1.0,0.2777777777777778,0.33230600000000005,0.05477244201977505
5.0,0.0,1.0,0.3333333333333333,0.32729199999999997,0.037400700003094096
5.0,0.0,1.0,0.38888888888888884,0.32775400000000005,0.03477136147979133
5.0,0.0,1.0,0.4444444444444444,0.32684799999999997,0.03550151561866683
5.0,0.0,1.0,0.5,0.327804,0.03368505529014016
5.0,0.5,0.0,0.0,0.69589,0.05426504667445853
5.0,0.5,0.0,0.05555555555555555,0.6379960000000001,0.05741163798702059
5.0,0.5,0.0,0.1111111111111111,0.58984,0.057437832560242354
5.0,0.5,0.0,0.16666666666666666,0.543126,0.055458682412313214
5.0,0.5,0.0,0.2222222222222222,0.502848,0.05343762771785649
5.0,0.5,0.0,0.2777777777777778,0.470452,0.05050133131839061
5.0,0.5,0.0,0.3333333333333333,0.445986,0.04753488123333996
5.0,0.5,0.0,0.38888888888888884,0.42495,0.04343229476388409
5.0,0.5,0.0,0.4444444444444444,0.40666399999999997,0.043544774644009764
5.0,0.5,0.0,0.5,0.391084,0.04293193737176306
5.0,0.5,0.1111111111111111,0.0,0.69762,0.05164810406304004
5.0,0.5,0.1111111111111111,0.05555555555555555,0.646346,0.05497861019667846
5.0,0.5,0.1111111111111111,0.1111111111111111,0.588094,0.05828192455177607
5.0,0.5,0.1111111111111111,0.16666666666666666,0.538182,0.055850402064995405
5.0,0.5,0.1111111111111111,0.2222222222222222,0.509202,0.0559385326485218
5.0,0.5,0.1111111111111111,0.2777777777777778,0.47139800000000004,0.05435085672971963
5.0,0.5,0.1111111111111111,0.3333333333333333,0.44275400000000004,0.05074769098471931
5.0,0.5,0.1111111111111111,0.38888888888888884,0.42159800000000003,0.04673612014118955
5.0,0.5,0.1111111111111111,0.4444444444444444,0.40195400000000003,0.046003570960113135
5.0,0.5,0.1111111111111111,0.5,0.386778,0.04538179956175081
5.0,0.5,0.2222222222222222,0.0,0.6973360000000001,0.052193749424216646
5.0,0.5,0.2222222222222222,0.05555555555555555,0.64509,0.05700277653821902
5.0,0.5,0.2222222222222222,0.1111111111111111,0.5936279999999999,0.05667498322405481
5.0,0.5,0.2222222222222222,0.16666666666666666,0.550828,0.055564243775765944
5.0,0.5,0.2222222222222222,0.2222222222222222,0.508104,0.05277081296893961
5.0,0.5,0.2222222222222222,0.2777777777777778,0.472986,0.051911109896257496
5.0,0.5,0.2222222222222222,0.3333333333333333,0.439668,0.0540019091178891
5.0,0.5,0.2222222222222222,0.38888888888888884,0.411416,0.04953299889931883
5.0,0.5,0.2222222222222222,0.4444444444444444,0.392366,0.046344748520526696
5.0,0.5,0.2222222222222222,0.5,0.37718,0.0459024363986779
5.0,0.5,0.3333333333333333,0.0,0.69616,0.05268690748602428
5.0,0.5,0.3333333333333333,0.05555555555555555,0.6502060000000001,0.05321962251313778
5.0,0.5,0.3333333333333333,0.1111111111111111,0.6003400000000001,0.05781665790984228
5.0,0.5,0.3333333333333333,0.16666666666666666,0.558172,0.06242021292789642
5.0,0.5,0.3333333333333333,0.2222222222222222,0.50841,0.056296825533330576
5.0,0.5,0.3333333333333333,0.2777777777777778,0.47210199999999997,0.06263745282970874
5.0,0.5,0.3333333333333333,0.3333333333333333,0.43800800000000006,0.054713280125067335
5.0,0.5,0.3333333333333333,0.38888888888888884,0.40973400000000004,0.05416607028704115
5.0,0.5,0.3333333333333333,0.4444444444444444,0.38663400000000003,0.050289144356214295
5.0,0.5,0.3333333333333333,0.5,0.370098,0.0456554184129433
5.0,0.5,0.4444444444444444,0.0,0.6996800000000001,0.054726076846179535
5.0,0.5,0.4444444444444444,0.05555555555555555,0.652784,0.05622889578715632
5.0,0.5,0.4444444444444444,0.1111111111111111,0.6008620000000001,0.060733318928378285
5.0,0.5,0.4444444444444444,0.16666666666666666,0.555918,0.061956666574841904
5.0,0.5,0.4444444444444444,0.2222222222222222,0.506376,0.06144608911668399
5.0,0.5,0.4444444444444444,0.2777777777777778,0.470238,0.060218650996644814
5.0,0.5,0.4444444444444444,0.3333333333333333,0.432548,0.05717665639115446
5.0,0.5,0.4444444444444444,0.38888888888888884,0.40117200000000003,0.055355966091867
5.0,0.5,0.4444444444444444,0.4444444444444444,0.373764,0.04904339724802161
5.0,0.5,0.4444444444444444,0.5,0.364566,0.04487369989073519
5.0,0.5,0.5555555555555556,0.0,0.698128,0.051051386897991484
5.0,0.5,0.5555555555555556,0.05555555555555555,0.655688,0.05882301377777068
5.0,0.5,0.5555555555555556,0.1111111111111111,0.608448,0.06152242936221926
5.0,0.5,0.5555555555555556,0.16666666666666666,0.56188,0.0640284067718969
5.0,0.5,0.5555555555555556,0.2222222222222222,0.515048,0.0679723928398637
5.0,0.5,0.5555555555555556,0.2777777777777778,0.466388,0.06756047877705701
5.0,0.5,0.5555555555555556,0.3333333333333333,0.42366,0.0648516759980767
5.0,0.5,0.5555555555555556,0.38888888888888884,0.39583999999999997,0.05533829645108545
5.0,0.5,0.5555555555555556,0.4444444444444444,0.37419600000000003,0.049135549130713434
5.0,0.5,0.5555555555555556,0.5,0.36222400000000005,0.044048272663627784
5.0,0.5,0.6666666666666666,0.0,0.695556,0.050518185221523466
5.0,0.5,0.6666666666666666,0.05555555555555555,0.658722,0.056507015507839424
5.0,0.5,0.6666666666666666,0.1111111111111111,0.609304,0.06108399211073527
5.0,0.5,0.6666666666666666,0.16666666666666666,0.564748,0.06964099534372646
5.0,0.5,0.6666666666666666,0.2222222222222222,0.517888,0.06930808522354884
5.0,0.5,0.6666666666666666,0.2777777777777778,0.46944400000000003,0.07289421099094211
5.0,0.5,0.6666666666666666,0.3333333333333333,0.42112,0.06264780199008084
5.0,0.5,0.6666666666666666,0.38888888888888884,0.395884,0.05578812753936717
5.0,0.5,0.6666666666666666,0.4444444444444444,0.376742,0.04759072588625605
5.0,0.5,0.6666666666666666,0.5,0.359558,0.04366426194891065
5.0,0.5,0.7777777777777777,0.0,0.6975979999999999,0.049646126452559086
5.0,0.5,0.7777777777777777,0.05555555555555555,0.6689579999999999,0.05373627648824994
5.0,0.5,0.7777777777777777,0.1111111111111111,0.6202880000000001,0.06368995113635668
5.0,0.5,0.7777777777777777,0.16666666666666666,0.569626,0.07537432388687015
5.0,0.5,0.7777777777777777,0.2222222222222222,0.51975,0.0773903743373823
5.0,0.5,0.7777777777777777,0.2777777777777778,0.464774,0.07603299913797845
5.0,0.5,0.7777777777777777,0.3333333333333333,0.421544,0.06841579866532312
5.0,0.5,0.7777777777777777,0.38888888888888884,0.393036,0.057084814584197646
5.0,0.5,0.7777777777777777,0.4444444444444444,0.37546799999999997,0.04943254118752659
5.0,0.5,0.7777777777777777,0.5,0.359396,0.043933671813747556
5.0,0.5,0.8888888888888888,0.0,0.6957740000000001,0.0544381663165082
5.0,0.5,0.8888888888888888,0.05555555555555555,0.66522,0.058783114148691
5.0,0.5,0.8888888888888888,0.1111111111111111,0.63026,0.06440279372573335
5.0,0.5,0.8888888888888888,0.16666666666666666,0.5749500000000001,0.07323437750193684
5.0,0.5,0.8888888888888888,0.2222222222222222,0.5245080000000001,0.0790374073430995
5.0,0.5,0.8888888888888888,0.2777777777777778,0.47008999999999995,0.0796802597107662
5.0,0.5,0.8888888888888888,0.3333333333333333,0.42542399999999997,0.06865075437424052
5.0,0.5,0.8888888888888888,0.38888888888888884,0.39487399999999995,0.05458733991832463
5.0,0.5,0.8888888888888888,0.4444444444444444,0.37901999999999997,0.04670969054040886
5.0,0.5,0.8888888888888888,0.5,0.363178,0.04509244918994638
5.0,0.5,1.0,0.0,0.692522,0.05153983143597675
5.0,0.5,1.0,0.05555555555555555,0.6724680000000001,0.058613651107846755
5.0,0.5,1.0,0.1111111111111111,0.6351120000000001,0.06830603842832304
5.0,0.5,1.0,0.16666666666666666,0.5877660000000001,0.0793453881788381
5.0,0.5,1.0,0.2222222222222222,0.53017,0.09131575018837074
5.0,0.5,1.0,0.2777777777777778,0.466878,0.08125559710026282
5.0,0.5,1.0,0.3333333333333333,0.42389599999999994,0.06569240571281183
5.0,0.5,1.0,0.38888888888888884,0.39520799999999995,0.05474887775316003
5.0,0.5,1.0,0.4444444444444444,0.373662,0.04946349189109196
5.0,0.5,1.0,0.5,0.364712,0.04602527248604651
5.0,1.0,0.0,0.0,0.696618,0.05322971803197465
5.0,1.0,0.0,0.05555555555555555,0.641636,0.05642818252936324
5.0,1.0,0.0,0.1111111111111111,0.58825,0.0543961154380485
5.0,1.0,0.0,0.16666666666666666,0.539356,0.05247300349886963
5.0,1.0,0.0,0.2222222222222222,0.5002880000000001,0.052737610555790904
5.0,1.0,0.0,0.2777777777777778,0.46716599999999997,0.05157062635848059
5.0,1.0,0.0,0.3333333333333333,0.444904,0.05027506288306154
5.0,1.0,0.0,0.38888888888888884,0.423442,0.045437603233171864
5.0,1.0,0.0,0.4444444444444444,0.40374600000000005,0.04396762203684832
5.0,1.0,0.0,0.5,0.39303200000000005,0.04302843092346584
5.0,1.0,0.1111111111111111,0.0,0.6944179999999999,0.05665600658504206
5.0,1.0,0.1111111111111111,0.05555555555555555,0.638816,0.05638788283542239
5.0,1.0,0.1111111111111111,0.1111111111111111,0.5892280000000001,0.05877578755239958
5.0,1.0,0.1111111111111111,0.16666666666666666,0.5479580000000001,0.05612525567558065
5.0,1.0,0.1111111111111111,0.2222222222222222,0.5127760000000001,0.0549787518074083
5.0,1.0,0.1111111111111111,0.2777777777777778,0.47457,0.05218163418188227
5.0,1.0,0.1111111111111111,0.3333333333333333,0.45118600000000003,0.04927835342452571
5.0,1.0,0.1111111111111111,0.38888888888888884,0.42768399999999995,0.04740213147250103
5.0,1.0,0.1111111111111111,0.4444444444444444,0.406844,0.048192163608480304
5.0,1.0,0.1111111111111111,0.5,0.39305399999999996,0.04332191894783338
5.0,1.0,0.2222222222222222,0.0,0.6938300000000001,0.05483388194554929
5.0,1.0,0.2222222222222222,0.05555555555555555,0.647174,0.05200157740015401
5.0,1.0,0.2222222222222222,0.1111111111111111,0.599048,0.06099260522213793
5.0,1.0,0.2222222222222222,0.16666666666666666,0.55023,0.0558913659663025
5.0,1.0,0.2222222222222222,0.2222222222222222,0.516046,0.0564957646806706
5.0,1.0,0.2222222222222222,0.2777777777777778,0.477812,0.056723644096612826
5.0,1.0,0.2222222222222222,0.3333333333333333,0.450272,0.053666621176080335
5.0,1.0,0.2222222222222222,0.38888888888888884,0.425908,0.0493151447631051
5.0,1.0,0.2222222222222222,0.4444444444444444,0.40341,0.049234520165752645
5.0,1.0,0.2222222222222222,0.5,0.38791200000000003,0.04640883337933914
5.0,1.0,0.3333333333333333,0.0,0.69143,0.05428305813789053
5.0,1.0,0.3333333333333333,0.05555555555555555,0.6534639999999999,0.05456011653793699
5.0,1.0,0.3333333333333333,0.1111111111111111,0.605064,0.06140613430807482
5.0,1.0,0.3333333333333333,0.16666666666666666,0.561346,0.060952709123541
5.0,1.0,0.3333333333333333,0.2222222222222222,0.5218140000000001,0.061743825634698206
5.0,1.0,0.3333333333333333,0.2777777777777778,0.48423400000000005,0.058924149164068705
5.0,1.0,0.3333333333333333,0.3333333333333333,0.45121000000000006,0.053362956348205086
5.0,1.0,0.3333333333333333,0.38888888888888884,0.42489,0.054942180393325726
5.0,1.0,0.3333333333333333,0.4444444444444444,0.40245000000000003,0.05066333038887381
5.0,1.0,0.3333333333333333,0.5,0.38896000000000003,0.04488554136520239
5.0,1.0,0.4444444444444444,0.0,0.7002860000000001,0.05213959415412738
5.0,1.0,0.4444444444444444,0.05555555555555555,0.6580739999999999,0.054066578528954974
5.0,1.0,0.4444444444444444,0.1111111111111111,0.6057520000000001,0.060672999941025554
5.0,1.0,0.4444444444444444,0.16666666666666666,0.567338,0.05867388691753789
5.0,1.0,0.4444444444444444,0.2222222222222222,0.533518,0.0601929236048907
5.0,1.0,0.4444444444444444,0.2777777777777778,0.491002,0.05867855094224263
5.0,1.0,0.4444444444444444,0.3333333333333333,0.455186,0.06052349619100309
5.0,1.0,0.4444444444444444,0.38888888888888884,0.426294,0.0590621048427578
5.0,1.0,0.4444444444444444,0.4444444444444444,0.403106,0.05117053459973273
5.0,1.0,0.4444444444444444,0.5,0.38529,0.0484908302799868
5.0,1.0,0.5555555555555556,0.0,0.6952160000000001,0.05629244196199067
5.0,1.0,0.5555555555555556,0.05555555555555555,0.6608379999999999,0.05432397209232564
5.0,1.0,0.5555555555555556,0.1111111111111111,0.6170140000000002,0.05918993750125781
5.0,1.0,0.5555555555555556,0.16666666666666666,0.5746880000000001,0.062131725863019724
5.0,1.0,0.5555555555555556,0.2222222222222222,0.535244,0.06338615047582782
5.0,1.0,0.5555555555555556,0.2777777777777778,0.5015700000000001,0.06679527166374329
5.0,1.0,0.5555555555555556,0.3333333333333333,0.456,0.06503250304967365
5.0,1.0,0.5555555555555556,0.38888888888888884,0.429196,0.059263123606837324
5.0,1.0,0.5555555555555556,0.4444444444444444,0.404124,0.05493950602840628
5.0,1.0,0.5555555555555556,0.5,0.38223399999999996,0.04779208523198839
5.0,1.0,0.6666666666666666,0.0,0.70129,0.04955167643253403
5.0,1.0,0.6666666666666666,0.05555555555555555,0.6668299999999999,0.05795414105074684
5.0,1.0,0.6666666666666666,0.1111111111111111,0.6237619999999999,0.06214822733047695
5.0,1.0,0.6666666666666666,0.16666666666666666,0.58769,0.06392949131441168
5.0,1.0,0.6666666666666666,0.2222222222222222,0.5462160000000001,0.06549268606383243
5.0,1.0,0.6666666666666666,0.2777777777777778,0.5067140000000001,0.07140805574197984
5.0,1.0,0.6666666666666666,0.3333333333333333,0.464786,0.0712569667796017
5.0,1.0,0.6666666666666666,0.38888888888888884,0.430782,0.059694265106232325
5.0,1.0,0.6666666666666666,0.4444444444444444,0.40314999999999995,0.04956293442622093
5.0,1.0,0.6666666666666666,0.5,0.383224,0.04811340377947181
5.0,1.0,0.7777777777777777,0.0,0.69639,0.054687689535886846
5.0,1.0,0.7777777777777777,0.05555555555555555,0.667978,0.05918282461541454
5.0,1.0,0.7777777777777777,0.1111111111111111,0.637418,0.06116523234072269
5.0,1.0,0.7777777777777777,0.16666666666666666,0.600442,0.06591260561651555
5.0,1.0,0.7777777777777777,0.2222222222222222,0.5652039999999999,0.06987439621558804
5.0,1.0,0.7777777777777777,0.2777777777777778,0.5149580000000001,0.07290216517617806
5.0,1.0,0.7777777777777777,0.3333333333333333,0.46894399999999997,0.06791395640772153
5.0,1.0,0.7777777777777777,0.38888888888888884,0.434394,0.06485935735476375
5.0,1.0,0.7777777777777777,0.4444444444444444,0.40417200000000003,0.05239933010632085
5.0,1.0,0.7777777777777777,0.5,0.38286200000000004,0.047765741784006166
5.0,1.0,0.8888888888888888,0.0,0.700018,0.05331941105442164
5.0,1.0,0.8888888888888888,0.05555555555555555,0.6768719999999999,0.05457475996144829
5.0,1.0,0.8888888888888888,0.1111111111111111,0.6461939999999999,0.057546429490405296
5.0,1.0,0.8888888888888888,0.16666666666666666,0.60799,0.06524851444496303
5.0,1.0,0.8888888888888888,0.2222222222222222,0.576682,0.06952824771602491
5.0,1.0,0.8888888888888888,0.2777777777777778,0.5203499999999999,0.07912798478384182
5.0,1.0,0.8888888888888888,0.3333333333333333,0.46883400000000003,0.07039611971794103
5.0,1.0,0.8888888888888888,0.38888888888888884,0.42854600000000004,0.06264916375690004
5.0,1.0,0.8888888888888888,0.4444444444444444,0.403702,0.054240882576571066
5.0,1.0,0.8888888888888888,0.5,0.381826,0.04609669765905298
5.0,1.0,1.0,0.0,0.698464,0.05288628008512686
5.0,1.0,1.0,0.05555555555555555,0.6732740000000002,0.05728778844929189
5.0,1.0,1.0,0.1111111111111111,0.6518919999999999,0.06292506227987266
5.0,1.0,1.0,0.16666666666666666,0.62376,0.06748545749973024
5.0,1.0,1.0,0.2222222222222222,0.578992,0.08609143631519704
5.0,1.0,1.0,0.2777777777777778,0.522494,0.0809679045494835
5.0,1.0,1.0,0.3333333333333333,0.469792,0.07008972731971144
5.0,1.0,1.0,0.38888888888888884,0.433398,0.0637787979357738
5.0,1.0,1.0,0.4444444444444444,0.40541200000000005,0.053031716754824446
5.0,1.0,1.0,0.5,0.387618,0.045191998289728655
5.0,1.5,0.0,0.0,0.69878,0.05215730407850347
5.0,1.5,0.0,0.05555555555555555,0.644434,0.05449981746949633
5.0,1.5,0.0,0.1111111111111111,0.58474,0.057614018695978854
5.0,1.5,0.0,0.16666666666666666,0.541774,0.056049138582780586
5.0,1.5,0.0,0.2222222222222222,0.501294,0.05210733069179084
5.0,1.5,0.0,0.2777777777777778,0.46974400000000005,0.050604902690872804
5.0,1.5,0.0,0.3333333333333333,0.44797,0.047635568588918716
5.0,1.5,0.0,0.38888888888888884,0.4239879999999999,0.0479811237099021
5.0,1.5,0.0,0.4444444444444444,0.41070000000000007,0.04337922907371753
5.0,1.5,0.0,0.5,0.38927599999999996,0.04391031833307776
5.0,1.5,0.1111111111111111,0.0,0.6986939999999999,0.05390327903738291
5.0,1.5,0.1111111111111111,0.05555555555555555,0.6464059999999999,0.05514220243133163
5.0,1.5,0.1111111111111111,0.1111111111111111,0.5987460000000001,0.05635997140483223
5.0,1.5,0.1111111111111111,0.16666666666666666,0.5481600000000001,0.05571594864908732
5.0,1.5,0.1111111111111111,0.2222222222222222,0.512696,0.05436608249498674
5.0,1.5,0.1111111111111111,0.2777777777777778,0.476536,0.050149682804288415
5.0,1.5,0.1111111111111111,0.3333333333333333,0.45231399999999994,0.05021592059658695
5.0,1.5,0.1111111111111111,0.38888888888888884,0.429,0.04862597011823908
5.0,1.5,0.1111111111111111,0.4444444444444444,0.406432,0.04551492714688636
5.0,1.5,0.1111111111111111,0.5,0.39376199999999995,0.04520522514888653
5.0,1.5,0.2222222222222222,0.0,0.6964440000000001,0.055243701878081884
5.0,1.5,0.2222222222222222,0.05555555555555555,0.651834,0.05433605854786519
5.0,1.5,0.2222222222222222,0.1111111111111111,0.5987279999999999,0.057555845634769946
5.0,1.5,0.2222222222222222,0.16666666666666666,0.5572860000000001,0.055084815310169746
5.0,1.5,0.2222222222222222,0.2222222222222222,0.519162,0.05291138805561563
5.0,1.5,0.2222222222222222,0.2777777777777778,0.48973199999999995,0.054791133521996514
5.0,1.5,0.2222222222222222,0.3333333333333333,0.459718,0.049644896086252714
5.0,1.5,0.2222222222222222,0.38888888888888884,0.432846,0.04767519409781704
5.0,1.5,0.2222222222222222,0.4444444444444444,0.41247,0.04739224778695985
5.0,1.5,0.2222222222222222,0.5,0.396582,0.047735612003059244
5.0,1.5,0.3333333333333333,0.0,0.7021120000000001,0.05308007578074639
5.0,1.5,0.3333333333333333,0.05555555555555555,0.6526219999999999,0.05373067174503166
5.0,1.5,0.3333333333333333,0.1111111111111111,0.607538,0.057821996875283464
5.0,1.5,0.3333333333333333,0.16666666666666666,0.5690360000000001,0.05453636524621472
5.0,1.5,0.3333333333333333,0.2222222222222222,0.5307199999999999,0.05627122267200175
5.0,1.5,0.3333333333333333,0.2777777777777778,0.49841199999999997,0.056746582321849315
5.0,1.5,0.3333333333333333,0.3333333333333333,0.462972,0.055574997766563224
5.0,1.5,0.3333333333333333,0.38888888888888884,0.436318,0.053013713165247486
5.0,1.5,0.3333333333333333,0.4444444444444444,0.42011799999999994,0.0514793971668796
5.0,1.5,0.3333333333333333,0.5,0.39685000000000004,0.04816075598278818
5.0,1.5,0.4444444444444444,0.0,0.697456,0.05465486595670591
5.0,1.5,0.4444444444444444,0.05555555555555555,0.658358,0.054278634621301086
5.0,1.5,0.4444444444444444,0.1111111111111111,0.620518,0.05651851343340024
5.0,1.5,0.4444444444444444,0.16666666666666666,0.5782379999999999,0.06099966618391528
5.0,1.5,0.4444444444444444,0.2222222222222222,0.53804,0.057537949487816514
5.0,1.5,0.4444444444444444,0.2777777777777778,0.503158,0.06012432873481103
5.0,1.5,0.4444444444444444,0.3333333333333333,0.466236,0.05704321309604361
5.0,1.5,0.4444444444444444,0.38888888888888884,0.44635,0.05550225671990288
5.0,1.5,0.4444444444444444,0.4444444444444444,0.41651599999999994,0.05345293421649279
5.0,1.5,0.4444444444444444,0.5,0.39953200000000005,0.04948408152779335
5.0,1.5,0.5555555555555556,0.0,0.6967279999999998,0.05199766851563754
5.0,1.5,0.5555555555555556,0.05555555555555555,0.66545,0.05516006495220126
5.0,1.5,0.5555555555555556,0.1111111111111111,0.6246179999999999,0.06317659884231316
5.0,1.5,0.5555555555555556,0.16666666666666666,0.5924080000000002,0.05830090502774471
5.0,1.5,0.5555555555555556,0.2222222222222222,0.5515019999999999,0.06262115308445905
5.0,1.5,0.5555555555555556,0.2777777777777778,0.51103,0.06292720211109867
5.0,1.5,0.5555555555555556,0.3333333333333333,0.48175599999999996,0.06328898367733377
5.0,1.5,0.5555555555555556,0.38888888888888884,0.448354,0.06028779246115817
5.0,1.5,0.5555555555555556,0.4444444444444444,0.420172,0.05636026414726513
5.0,1.5,0.5555555555555556,0.5,0.39668200000000003,0.04935025604333868
5.0,1.5,0.6666666666666666,0.0,0.694174,0.054272485934024776
5.0,1.5,0.6666666666666666,0.05555555555555555,0.668846,0.05501559520200487
5.0,1.5,0.6666666666666666,0.1111111111111111,0.63642,0.057143348909993875
5.0,1.5,0.6666666666666666,0.16666666666666666,0.601784,0.06590338273344869
5.0,1.5,0.6666666666666666,0.2222222222222222,0.5666100000000001,0.06408506605585083
5.0,1.5,0.6666666666666666,0.2777777777777778,0.526022,0.06713544407914053
5.0,1.5,0.6666666666666666,0.3333333333333333,0.489854,0.06927396660288622
5.0,1.5,0.6666666666666666,0.38888888888888884,0.447128,0.0662273337487698
5.0,1.5,0.6666666666666666,0.4444444444444444,0.420452,0.05393557070779126
5.0,1.5,0.6666666666666666,0.5,0.40008799999999994,0.049285762942838936
5.0,1.5,0.7777777777777777,0.0,0.6991759999999999,0.05285019688346716
5.0,1.5,0.7777777777777777,0.05555555555555555,0.673298,0.05631372539030488
5.0,1.5,0.7777777777777777,0.1111111111111111,0.6417860000000001,0.06211544785094483
5.0,1.5,0.7777777777777777,0.16666666666666666,0.612954,0.06575414130073019
5.0,1.5,0.7777777777777777,0.2222222222222222,0.583164,0.0671426046763562
5.0,1.5,0.7777777777777777,0.2777777777777778,0.53752,0.07638811352413116
5.0,1.5,0.7777777777777777,0.3333333333333333,0.496402,0.06672601530315198
5.0,1.5,0.7777777777777777,0.38888888888888884,0.45298400000000005,0.060214810393968386
5.0,1.5,0.7777777777777777,0.4444444444444444,0.42635,0.05492519507574112
5.0,1.5,0.7777777777777777,0.5,0.39803999999999995,0.05146680545874453
5.0,1.5,0.8888888888888888,0.0,0.6992459999999998,0.05275756063739886
5.0,1.5,0.8888888888888888,0.05555555555555555,0.678026,0.05411415718659981
5.0,1.5,0.8888888888888888,0.1111111111111111,0.656066,0.06054400711544612
5.0,1.5,0.8888888888888888,0.16666666666666666,0.630706,0.06543362042071893
5.0,1.5,0.8888888888888888,0.2222222222222222,0.60073,0.07013766237455261
5.0,1.5,0.8888888888888888,0.2777777777777778,0.544804,0.08182711615275068
5.0,1.5,0.8888888888888888,0.3333333333333333,0.49419799999999997,0.06903624266719044
5.0,1.5,0.8888888888888888,0.38888888888888884,0.452198,0.06348833225613452
5.0,1.5,0.8888888888888888,0.4444444444444444,0.424902,0.05409022000139766
5.0,1.5,0.8888888888888888,0.5,0.401258,0.04769588274118555
5.0,1.5,1.0,0.0,0.699018,0.05132104222197264
5.0,1.5,1.0,0.05555555555555555,0.6854560000000001,0.05587830378301881
5.0,1.5,1.0,0.1111111111111111,0.66849,0.06106750675082063
5.0,1.5,1.0,0.16666666666666666,0.64588,0.060064274190804436
5.0,1.5,1.0,0.2222222222222222,0.606108,0.0794938669695439
5.0,1.5,1.0,0.2777777777777778,0.551672,0.08026589339991534
5.0,1.5,1.0,0.3333333333333333,0.493216,0.07475540170561815
5.0,1.5,1.0,0.38888888888888884,0.449198,0.06367114594265838
5.0,1.5,1.0,0.4444444444444444,0.42452599999999996,0.05872579298334801
5.0,1.5,1.0,0.5,0.400452,0.05241142634218654
5.0,2.0,0.0,0.0,0.699422,0.05029523971785553
5.0,2.0,0.0,0.05555555555555555,0.6384740000000001,0.05654506178282988
5.0,2.0,0.0,0.1111111111111111,0.5878479999999999,0.05660134557270951
5.0,2.0,0.0,0.16666666666666666,0.53624,0.05648943718099917
5.0,2.0,0.0,0.2222222222222222,0.50282,0.051220021292091675
5.0,2.0,0.0,0.2777777777777778,0.47006000000000003,0.05221794545609116
5.0,2.0,0.0,0.3333333333333333,0.44396199999999997,0.05172399151841623
5.0,2.0,0.0,0.38888888888888884,0.4275,0.04649216108210252
5.0,2.0,0.0,0.4444444444444444,0.40607999999999994,0.04541826987542517
5.0,2.0,0.0,0.5,0.390868,0.045706901203595836
5.0,2.0,0.1111111111111111,0.0,0.693634,0.05310306879862653
5.0,2.0,0.1111111111111111,0.05555555555555555,0.644842,0.057254459934268254
5.0,2.0,0.1111111111111111,0.1111111111111111,0.59484,0.0603770915693423
5.0,2.0,0.1111111111111111,0.16666666666666666,0.551454,0.055649272835628934
5.0,2.0,0.1111111111111111,0.2222222222222222,0.5115700000000001,0.05275212482305043
5.0,2.0,0.1111111111111111,0.2777777777777778,0.47503200000000007,0.05203909213485994
5.0,2.0,0.1111111111111111,0.3333333333333333,0.453082,0.047607691190825904
5.0,2.0,0.1111111111111111,0.38888888888888884,0.43295799999999995,0.04707858347533503
5.0,2.0,0.1111111111111111,0.4444444444444444,0.41252,0.04685659698871361
5.0,2.0,0.1111111111111111,0.5,0.394972,0.04228398143709205
5.0,2.0,0.2222222222222222,0.0,0.699182,0.053797967606939154
5.0,2.0,0.2222222222222222,0.05555555555555555,0.65406,0.055940424221883125
5.0,2.0,0.2222222222222222,0.1111111111111111,0.602204,0.05475368769894194
5.0,2.0,0.2222222222222222,0.16666666666666666,0.558914,0.05646790107400315
5.0,2.0,0.2222222222222222,0.2222222222222222,0.520476,0.05528085899062607
5.0,2.0,0.2222222222222222,0.2777777777777778,0.49245,0.05571189397481045
5.0,2.0,0.2222222222222222,0.3333333333333333,0.46057000000000003,0.05264488643863023
5.0,2.0,0.2222222222222222,0.38888888888888884,0.43808600000000003,0.04899579348841203
5.0,2.0,0.2222222222222222,0.4444444444444444,0.41511000000000003,0.048336598489209126
5.0,2.0,0.2222222222222222,0.5,0.398318,0.04444686629952325
5.0,2.0,0.3333333333333333,0.0,0.696932,0.05039264045894846
5.0,2.0,0.3333333333333333,0.05555555555555555,0.655588,0.054431643955767633
5.0,2.0,0.3333333333333333,0.1111111111111111,0.609818,0.056279584747212175
5.0,2.0,0.3333333333333333,0.16666666666666666,0.570644,0.05788622369603648
5.0,2.0,0.3333333333333333,0.2222222222222222,0.531222,0.05731966332426608
5.0,2.0,0.3333333333333333,0.2777777777777778,0.500852,0.05573468225092184
5.0,2.0,0.3333333333333333,0.3333333333333333,0.47044600000000003,0.05394180680179414
5.0,2.0,0.3333333333333333,0.38888888888888884,0.446714,0.04984855022886663
5.0,2.0,0.3333333333333333,0.4444444444444444,0.423486,0.05212627072983834
5.0,2.0,0.3333333333333333,0.5,0.40679400000000004,0.05087128206245007
5.0,2.0,0.4444444444444444,0.0,0.700864,0.05196697641074136
5.0,2.0,0.4444444444444444,0.05555555555555555,0.6618339999999999,0.056506002341354875
5.0,2.0,0.4444444444444444,0.1111111111111111,0.617772,0.05633050921602852
5.0,2.0,0.4444444444444444,0.16666666666666666,0.584292,0.057924651630657784
5.0,2.0,0.4444444444444444,0.2222222222222222,0.5472739999999999,0.05638031930389911
5.0,2.0,0.4444444444444444,0.2777777777777778,0.513216,0.05733047104132007
5.0,2.0,0.4444444444444444,0.3333333333333333,0.48245800000000005,0.05559058249131275
5.0,2.0,0.4444444444444444,0.38888888888888884,0.455228,0.05370527468562205
5.0,2.0,0.4444444444444444,0.4444444444444444,0.429116,0.05277169931409253
5.0,2.0,0.4444444444444444,0.5,0.405302,0.049364486232533644
5.0,2.0,0.5555555555555556,0.0,0.6976859999999999,0.04899702870219057
5.0,2.0,0.5555555555555556,0.05555555555555555,0.665074,0.056725056086141964
5.0,2.0,0.5555555555555556,0.1111111111111111,0.627474,0.05882531904138422
5.0,2.0,0.5555555555555556,0.16666666666666666,0.595012,0.060308756812726565
5.0,2.0,0.5555555555555556,0.2222222222222222,0.5617179999999999,0.06024837100218423
5.0,2.0,0.5555555555555556,0.2777777777777778,0.5302939999999999,0.06237538730848705
5.0,2.0,0.5555555555555556,0.3333333333333333,0.48993000000000003,0.0633509889077604
5.0,2.0,0.5555555555555556,0.38888888888888884,0.462948,0.058373695039333345
5.0,2.0,0.5555555555555556,0.4444444444444444,0.43243400000000004,0.0541749341576154
5.0,2.0,0.5555555555555556,0.5,0.405762,0.0520307962991828
5.0,2.0,0.6666666666666666,0.0,0.697382,0.05604178297375768
5.0,2.0,0.6666666666666666,0.05555555555555555,0.669096,0.05628423059104968
5.0,2.0,0.6666666666666666,0.1111111111111111,0.6411400000000002,0.05725802443959668
5.0,2.0,0.6666666666666666,0.16666666666666666,0.607852,0.06197460608668036
5.0,2.0,0.6666666666666666,0.2222222222222222,0.581422,0.05861408651746228
5.0,2.0,0.6666666666666666,0.2777777777777778,0.5476960000000001,0.06256933295835673
5.0,2.0,0.6666666666666666,0.3333333333333333,0.505926,0.06716328116369351
5.0,2.0,0.6666666666666666,0.38888888888888884,0.464072,0.0607210417055869
5.0,2.0,0.6666666666666666,0.4444444444444444,0.42561,0.05435415944799991
5.0,2.0,0.6666666666666666,0.5,0.40620000000000006,0.04910428149277662
5.0,2.0,0.7777777777777777,0.0,0.6945699999999999,0.052142831239772536
5.0,2.0,0.7777777777777777,0.05555555555555555,0.6753320000000002,0.0552398829228544
5.0,2.0,0.7777777777777777,0.1111111111111111,0.654482,0.06246805737642855
5.0,2.0,0.7777777777777777,0.16666666666666666,0.626366,0.06215982409453011
5.0,2.0,0.7777777777777777,0.2222222222222222,0.602814,0.06313226409324378
5.0,2.0,0.7777777777777777,0.2777777777777778,0.5512,0.07150231578294965
5.0,2.0,0.7777777777777777,0.3333333333333333,0.505708,0.06674357005950893
5.0,2.0,0.7777777777777777,0.38888888888888884,0.468474,0.06329266344919438
5.0,2.0,0.7777777777777777,0.4444444444444444,0.42880799999999997,0.05498157038648795
5.0,2.0,0.7777777777777777,0.5,0.40918600000000005,0.050557487309458846
5.0,2.0,0.8888888888888888,0.0,0.70051,0.05224274599423384
5.0,2.0,0.8888888888888888,0.05555555555555555,0.680172,0.054214027128363644
5.0,2.0,0.8888888888888888,0.1111111111111111,0.6674,0.05903967620789825
5.0,2.0,0.8888888888888888,0.16666666666666666,0.642628,0.060175375092599716
5.0,2.0,0.8888888888888888,0.2222222222222222,0.612688,0.07023406797708089
5.0,2.0,0.8888888888888888,0.2777777777777778,0.558626,0.07483953524756914
5.0,2.0,0.8888888888888888,0.3333333333333333,0.5051939999999999,0.07115069364674406
5.0,2.0,0.8888888888888888,0.38888888888888884,0.46438199999999996,0.06202585339177492
5.0,2.0,0.8888888888888888,0.4444444444444444,0.430542,0.05361280539016409
5.0,2.0,0.8888888888888888,0.5,0.407104,0.05392205820182908
5.0,2.0,1.0,0.0,0.69701,0.0526817295583442
5.0,2.0,1.0,0.05555555555555555,0.684082,0.05678313062739404
5.0,2.0,1.0,0.1111111111111111,0.6708760000000001,0.05729840170262475
5.0,2.0,1.0,0.16666666666666666,0.6632659999999999,0.05909103777639196
5.0,2.0,1.0,0.2222222222222222,0.628522,0.07244867934114847
5.0,2.0,1.0,0.2777777777777778,0.5611280000000001,0.07631875733686237
5.0,2.0,1.0,0.3333333333333333,0.50343,0.07096690569136302
5.0,2.0,1.0,0.38888888888888884,0.46379000000000004,0.06279742776473998
5.0,2.0,1.0,0.4444444444444444,0.429048,0.055181624835074196
5.0,2.0,1.0,0.5,0.40914600000000007,0.050568320062940354
5.0,2.5,0.0,0.0,0.7004680000000001,0.053976772411101416
5.0,2.5,0.0,0.05555555555555555,0.639266,0.0591780646072624
5.0,2.5,0.0,0.1111111111111111,0.584592,0.054530952545972844
5.0,2.5,0.0,0.16666666666666666,0.539916,0.05577259280521601
5.0,2.5,0.0,0.2222222222222222,0.504034,0.05219299820976228
5.0,2.5,0.0,0.2777777777777778,0.47341999999999995,0.04892007714523549
5.0,2.5,0.0,0.3333333333333333,0.44626599999999994,0.04928384155152835
5.0,2.5,0.0,0.38888888888888884,0.422462,0.045055883314418385
5.0,2.5,0.0,0.4444444444444444,0.409642,0.04151226773792888
5.0,2.5,0.0,0.5,0.391844,0.04242276565821922
5.0,2.5,0.1111111111111111,0.0,0.697644,0.05207110584698827
5.0,2.5,0.1111111111111111,0.05555555555555555,0.64673,0.05846692965880332
5.0,2.5,0.1111111111111111,0.1111111111111111,0.595138,0.0605697312251042
5.0,2.5,0.1111111111111111,0.16666666666666666,0.5511759999999999,0.054630889542312676
5.0,2.5,0.1111111111111111,0.2222222222222222,0.5133759999999999,0.054622686676870806
5.0,2.5,0.1111111111111111,0.2777777777777778,0.481478,0.05220647995314563
5.0,2.5,0.1111111111111111,0.3333333333333333,0.455704,0.05174521735424518
5.0,2.5,0.1111111111111111,0.38888888888888884,0.430632,0.04746787307166707
5.0,2.5,0.1111111111111111,0.4444444444444444,0.41498599999999997,0.04525684664596809
5.0,2.5,0.1111111111111111,0.5,0.39874,0.044472643637005975
5.0,2.5,0.2222222222222222,0.0,0.7004480000000001,0.05116043467516969
5.0,2.5,0.2222222222222222,0.05555555555555555,0.648102,0.056320045196909814
5.0,2.5,0.2222222222222222,0.1111111111111111,0.601052,0.055363594094876144
5.0,2.5,0.2222222222222222,0.16666666666666666,0.5601759999999999,0.054737422251961945
5.0,2.5,0.2222222222222222,0.2222222222222222,0.5238700000000001,0.05581443902079831
5.0,2.5,0.2222222222222222,0.2777777777777778,0.49547800000000003,0.054894593073429324
5.0,2.5,0.2222222222222222,0.3333333333333333,0.46401800000000004,0.05075164169037822
5.0,2.5,0.2222222222222222,0.38888888888888884,0.441952,0.04671700603962773
5.0,2.5,0.2222222222222222,0.4444444444444444,0.424414,0.04751431177705613
5.0,2.5,0.2222222222222222,0.5,0.406074,0.04462020225074955
5.0,2.5,0.3333333333333333,0.0,0.7000919999999999,0.051377922474888676
5.0,2.5,0.3333333333333333,0.05555555555555555,0.6563479999999999,0.0545049766623372
5.0,2.5,0.3333333333333333,0.1111111111111111,0.611128,0.05846328358084335
5.0,2.5,0.3333333333333333,0.16666666666666666,0.576414,0.05795408489409374
5.0,2.5,0.3333333333333333,0.2222222222222222,0.537442,0.05773620679565207
5.0,2.5,0.3333333333333333,0.2777777777777778,0.506116,0.05636869168967478
5.0,2.5,0.3333333333333333,0.3333333333333333,0.48011600000000004,0.04993449159550745
5.0,2.5,0.3333333333333333,0.38888888888888884,0.45476,0.05430344490229431
5.0,2.5,0.3333333333333333,0.4444444444444444,0.42790599999999995,0.051290648516571724
5.0,2.5,0.3333333333333333,0.5,0.411736,0.049191970930305445
5.0,2.5,0.4444444444444444,0.0,0.698346,0.05411494376118812
5.0,2.5,0.4444444444444444,0.05555555555555555,0.657928,0.05654681157943035
5.0,2.5,0.4444444444444444,0.1111111111111111,0.620108,0.06073158145456072
5.0,2.5,0.4444444444444444,0.16666666666666666,0.589982,0.05923674247727197
5.0,2.5,0.4444444444444444,0.2222222222222222,0.5523779999999999,0.06064244493963376
5.0,2.5,0.4444444444444444,0.2777777777777778,0.519828,0.058492847789152556
5.0,2.5,0.4444444444444444,0.3333333333333333,0.49054600000000004,0.056359281589126786
5.0,2.5,0.4444444444444444,0.38888888888888884,0.46510799999999997,0.05667359286525351
5.0,2.5,0.4444444444444444,0.4444444444444444,0.434338,0.05182067657838987
5.0,2.5,0.4444444444444444,0.5,0.410358,0.05057768322175464
5.0,2.5,0.5555555555555556,0.0,0.696692,0.052150594483764225
5.0,2.5,0.5555555555555556,0.05555555555555555,0.667712,0.05483717066528092
5.0,2.5,0.5555555555555556,0.1111111111111111,0.631306,0.05854132332868935
5.0,2.5,0.5555555555555556,0.16666666666666666,0.6034560000000001,0.0599241342677178
5.0,2.5,0.5555555555555556,0.2222222222222222,0.573772,0.06116071682514137
5.0,2.5,0.5555555555555556,0.2777777777777778,0.5352439999999999,0.06376972337432926
5.0,2.5,0.5555555555555556,0.3333333333333333,0.504818,0.05897393259272186
5.0,2.5,0.5555555555555556,0.38888888888888884,0.46848399999999996,0.05819139300997083
5.0,2.5,0.5555555555555556,0.4444444444444444,0.43439,0.054892807731809115
5.0,2.5,0.5555555555555556,0.5,0.41187999999999997,0.050843521981221065
5.0,2.5,0.6666666666666666,0.0,0.6974100000000001,0.04945014189126389
5.0,2.5,0.6666666666666666,0.05555555555555555,0.675106,0.0570499092750952
5.0,2.5,0.6666666666666666,0.1111111111111111,0.644792,0.05569078616186571
5.0,2.5,0.6666666666666666,0.16666666666666666,0.618048,0.05984286116208122
5.0,2.5,0.6666666666666666,0.2222222222222222,0.58398,0.06111970907714918
5.0,2.5,0.6666666666666666,0.2777777777777778,0.55291,0.06646072491262658
5.0,2.5,0.6666666666666666,0.3333333333333333,0.506214,0.06576922826651949
5.0,2.5,0.6666666666666666,0.38888888888888884,0.464622,0.05966381363368109
5.0,2.5,0.6666666666666666,0.4444444444444444,0.431592,0.05190064440620713
5.0,2.5,0.6666666666666666,0.5,0.41045800000000005,0.050603969799997296
5.0,2.5,0.7777777777777777,0.0,0.7024940000000001,0.051634971720813584
5.0,2.5,0.7777777777777777,0.05555555555555555,0.6809939999999999,0.05368644552273629
5.0,2.5,0.7777777777777777,0.1111111111111111,0.6595260000000001,0.053842877290034744
5.0,2.5,0.7777777777777777,0.16666666666666666,0.6355440000000001,0.05735901129162449
5.0,2.5,0.7777777777777777,0.2222222222222222,0.607692,0.06514649082286064
5.0,2.5,0.7777777777777777,0.2777777777777778,0.564826,0.06695453340204957
5.0,2.5,0.7777777777777777,0.3333333333333333,0.510106,0.06929524099712547
5.0,2.5,0.7777777777777777,0.38888888888888884,0.46984000000000004,0.06271795183969205
5.0,2.5,0.7777777777777777,0.4444444444444444,0.434532,0.05230024481027244
5.0,2.5,0.7777777777777777,0.5,0.41099,0.049127720951941824
5.0,2.5,0.8888888888888888,0.0,0.693206,0.05779799980590268
5.0,2.5,0.8888888888888888,0.05555555555555555,0.6793899999999999,0.05677327107554429
5.0,2.5,0.8888888888888888,0.1111111111111111,0.671102,0.05827984795239868
5.0,2.5,0.8888888888888888,0.16666666666666666,0.656338,0.06146840232973312
5.0,2.5,0.8888888888888888,0.2222222222222222,0.625626,0.06588888232188535
5.0,2.5,0.8888888888888888,0.2777777777777778,0.5604560000000001,0.07316481561849916
5.0,2.5,0.8888888888888888,0.3333333333333333,0.50548,0.06484544288479994
5.0,2.5,0.8888888888888888,0.38888888888888884,0.46517000000000003,0.058100537388993054
5.0,2.5,0.8888888888888888,0.4444444444444444,0.437274,0.056627522253345206
5.0,2.5,0.8888888888888888,0.5,0.41202200000000005,0.05027413343843902
5.0,2.5,1.0,0.0,0.6974880000000001,0.05358836891122112
5.0,2.5,1.0,0.05555555555555555,0.68641,0.05505448112355221
5.0,2.5,1.0,0.1111111111111111,0.6822060000000001,0.059961507057922706
5.0,2.5,1.0,0.16666666666666666,0.6731079999999999,0.05620232859480965
5.0,2.5,1.0,0.2222222222222222,0.626388,0.07442122340425458
5.0,2.5,1.0,0.2777777777777778,0.559354,0.07404895123063332
5.0,2.5,1.0,0.3333333333333333,0.5145219999999999,0.06504557917907629
5.0,2.5,1.0,0.38888888888888884,0.464434,0.059619212885530286
5.0,2.5,1.0,0.4444444444444444,0.436382,0.050971681359370545
5.0,2.5,1.0,0.5,0.41614,0.04989452201047032
5.0,3.0,0.0,0.0,0.700684,0.051445908554656
5.0,3.0,0.0,0.05555555555555555,0.641396,0.0527805148658006
5.0,3.0,0.0,0.1111111111111111,0.587178,0.055843955902332376
5.0,3.0,0.0,0.16666666666666666,0.540776,0.05669315701303119
5.0,3.0,0.0,0.2222222222222222,0.504518,0.05091449939356169
5.0,3.0,0.0,0.2777777777777778,0.46973000000000004,0.051313538744828684
5.0,3.0,0.0,0.3333333333333333,0.444014,0.0454804876128985
5.0,3.0,0.0,0.38888888888888884,0.42582600000000004,0.04732643348714571
5.0,3.0,0.0,0.4444444444444444,0.408476,0.04604621517414572
5.0,3.0,0.0,0.5,0.39332,0.04111489351728733
5.0,3.0,0.1111111111111111,0.0,0.6972460000000001,0.05387398534165805
5.0,3.0,0.1111111111111111,0.05555555555555555,0.6451359999999999,0.05664240662663367
5.0,3.0,0.1111111111111111,0.1111111111111111,0.595778,0.05767576357021044
5.0,3.0,0.1111111111111111,0.16666666666666666,0.553864,0.05615096941935612
5.0,3.0,0.1111111111111111,0.2222222222222222,0.5113880000000001,0.053911356175200216
5.0,3.0,0.1111111111111111,0.2777777777777778,0.48236,0.05384154738163548
5.0,3.0,0.1111111111111111,0.3333333333333333,0.453064,0.04912998488529851
5.0,3.0,0.1111111111111111,0.38888888888888884,0.43412599999999996,0.04457793746931363
5.0,3.0,0.1111111111111111,0.4444444444444444,0.415164,0.044807236926214536
5.0,3.0,0.1111111111111111,0.5,0.39925600000000006,0.0434793211392895
5.0,3.0,0.2222222222222222,0.0,0.69621,0.054057731886877264
5.0,3.0,0.2222222222222222,0.05555555555555555,0.654356,0.05747465472598981
5.0,3.0,0.2222222222222222,0.1111111111111111,0.6033780000000001,0.05375725812951407
5.0,3.0,0.2222222222222222,0.16666666666666666,0.5620219999999999,0.056803228160544866
5.0,3.0,0.2222222222222222,0.2222222222222222,0.5255080000000001,0.0543883638680968
5.0,3.0,0.2222222222222222,0.2777777777777778,0.49525800000000003,0.05190857768108993
5.0,3.0,0.2222222222222222,0.3333333333333333,0.47017600000000004,0.05165087268670877
5.0,3.0,0.2222222222222222,0.38888888888888884,0.44549,0.051640171520137876
5.0,3.0,0.2222222222222222,0.4444444444444444,0.42748600000000003,0.04929151154327123
5.0,3.0,0.2222222222222222,0.5,0.40545,0.04609717343609687
5.0,3.0,0.3333333333333333,0.0,0.69778,0.04983008805280903
5.0,3.0,0.3333333333333333,0.05555555555555555,0.6565139999999999,0.054483674118867766
5.0,3.0,0.3333333333333333,0.1111111111111111,0.618576,0.0568978994861134
5.0,3.0,0.3333333333333333,0.16666666666666666,0.579876,0.05551753793204515
5.0,3.0,0.3333333333333333,0.2222222222222222,0.540784,0.059037820696102
5.0,3.0,0.3333333333333333,0.2777777777777778,0.508124,0.05335824987440385
5.0,3.0,0.3333333333333333,0.3333333333333333,0.48164,0.053265343269213755
5.0,3.0,0.3333333333333333,0.38888888888888884,0.457916,0.05051519091348713
5.0,3.0,0.3333333333333333,0.4444444444444444,0.433722,0.052155508915362345
5.0,3.0,0.3333333333333333,0.5,0.411904,0.04934134088003365
5.0,3.0,0.4444444444444444,0.0,0.697932,0.05174412318871717
5.0,3.0,0.4444444444444444,0.05555555555555555,0.66103,0.054039964243797776
5.0,3.0,0.4444444444444444,0.1111111111111111,0.6290899999999999,0.058048058142441045
5.0,3.0,0.4444444444444444,0.16666666666666666,0.5872,0.0607674696753245
5.0,3.0,0.4444444444444444,0.2222222222222222,0.5581240000000001,0.05957747540094578
5.0,3.0,0.4444444444444444,0.2777777777777778,0.526772,0.05506254428890055
5.0,3.0,0.4444444444444444,0.3333333333333333,0.496634,0.05521123622244318
5.0,3.0,0.4444444444444444,0.38888888888888884,0.462978,0.052720474322843984
5.0,3.0,0.4444444444444444,0.4444444444444444,0.438824,0.05214974799970625
5.0,3.0,0.4444444444444444,0.5,0.41142399999999996,0.05139146221676861
5.0,3.0,0.5555555555555556,0.0,0.697148,0.05245780913723864
5.0,3.0,0.5555555555555556,0.05555555555555555,0.668098,0.05357144945204288
5.0,3.0,0.5555555555555556,0.1111111111111111,0.6374279999999999,0.057336932807113564
5.0,3.0,0.5555555555555556,0.16666666666666666,0.603294,0.05937486263247479
5.0,3.0,0.5555555555555556,0.2222222222222222,0.578982,0.06151010210788668
5.0,3.0,0.5555555555555556,0.2777777777777778,0.543418,0.05945095548615205
5.0,3.0,0.5555555555555556,0.3333333333333333,0.50841,0.05976290747797032
5.0,3.0,0.5555555555555556,0.38888888888888884,0.46823800000000004,0.057999147910263595
5.0,3.0,0.5555555555555556,0.4444444444444444,0.43952800000000003,0.05222543641193277
5.0,3.0,0.5555555555555556,0.5,0.41434000000000004,0.049360199133684966
5.0,3.0,0.6666666666666666,0.0,0.6992180000000001,0.05210343570268709
5.0,3.0,0.6666666666666666,0.05555555555555555,0.67469,0.056389941932069795
5.0,3.0,0.6666666666666666,0.1111111111111111,0.6494139999999999,0.05660766254596489
5.0,3.0,0.6666666666666666,0.16666666666666666,0.626088,0.05711290593244312
5.0,3.0,0.6666666666666666,0.2222222222222222,0.593502,0.06032106811485547
5.0,3.0,0.6666666666666666,0.2777777777777778,0.55613,0.06094556442963913
5.0,3.0,0.6666666666666666,0.3333333333333333,0.504214,0.06006746544352957
5.0,3.0,0.6666666666666666,0.38888888888888884,0.46502599999999994,0.060169810837932214
5.0,3.0,0.6666666666666666,0.4444444444444444,0.432732,0.05013277137293591
5.0,3.0,0.6666666666666666,0.5,0.411726,0.047776774318999994
5.0,3.0,0.7777777777777777,0.0,0.6974940000000002,0.05429565360137034
5.0,3.0,0.7777777777777777,0.05555555555555555,0.677698,0.05613052706091644
5.0,3.0,0.7777777777777777,0.1111111111111111,0.662234,0.054042505760352334
5.0,3.0,0.7777777777777777,0.16666666666666666,0.6442100000000001,0.05618640158834603
5.0,3.0,0.7777777777777777,0.2222222222222222,0.612056,0.06010722603183818
5.0,3.0,0.7777777777777777,0.2777777777777778,0.560408,0.06650723238806318
5.0,3.0,0.7777777777777777,0.3333333333333333,0.5023500000000001,0.06130056295040097
5.0,3.0,0.7777777777777777,0.38888888888888884,0.46451000000000003,0.05793685578728824
5.0,3.0,0.7777777777777777,0.4444444444444444,0.43666000000000005,0.05345423379135129
5.0,3.0,0.7777777777777777,0.5,0.412806,0.0450664657663916
5.0,3.0,0.8888888888888888,0.0,0.694364,0.05415800664137052
5.0,3.0,0.8888888888888888,0.05555555555555555,0.687498,0.05313025167723726
5.0,3.0,0.8888888888888888,0.1111111111111111,0.671812,0.05326212880395843
5.0,3.0,0.8888888888888888,0.16666666666666666,0.655888,0.059174341241138
5.0,3.0,0.8888888888888888,0.2222222222222222,0.6234939999999999,0.06918325382069303
5.0,3.0,0.8888888888888888,0.2777777777777778,0.55074,0.07069656574981302
5.0,3.0,0.8888888888888888,0.3333333333333333,0.50698,0.06348527672398886
5.0,3.0,0.8888888888888888,0.38888888888888884,0.46661800000000003,0.056363016733587123
5.0,3.0,0.8888888888888888,0.4444444444444444,0.436502,0.05338556014564358
5.0,3.0,0.8888888888888888,0.5,0.41190799999999994,0.048165666182433266
5.0,3.0,1.0,0.0,0.699602,0.0519652226467804
5.0,3.0,1.0,0.05555555555555555,0.692788,0.05418249293897582
5.0,3.0,1.0,0.1111111111111111,0.688274,0.05349926416814595
5.0,3.0,1.0,0.16666666666666666,0.674662,0.06181470595047336
5.0,3.0,1.0,0.2222222222222222,0.617668,0.07445447409945795
5.0,3.0,1.0,0.2777777777777778,0.549504,0.06818007795580847
5.0,3.0,1.0,0.3333333333333333,0.504746,0.06378506528260523
5.0,3.0,1.0,0.38888888888888884,0.465654,0.05640884860020457
5.0,3.0,1.0,0.4444444444444444,0.436186,0.057014917395460836
5.0,3.0,1.0,0.5,0.41014999999999996,0.04962294200010204
