tau,delay,p,q,mean_final_epidemic_fraction,std_final_epidemic_fraction
2.0,0.0,0.0,0.0,0.897828,0.02389645364889922
2.0,0.0,0.0,0.05555555555555555,0.843196,0.030617715018366277
2.0,0.0,0.0,0.1111111111111111,0.773744,0.037483656612263064
2.0,0.0,0.0,0.16666666666666666,0.6929639999999999,0.04656358059767474
2.0,0.0,0.0,0.2222222222222222,0.604792,0.049211627737854986
2.0,0.0,0.0,0.2777777777777778,0.5206199999999999,0.048939654469143105
2.0,0.0,0.0,0.3333333333333333,0.447682,0.04471661914832239
2.0,0.0,0.0,0.38888888888888884,0.388978,0.0421979958969076
2.0,0.0,0.0,0.4444444444444444,0.34220999999999996,0.035701977008628656
2.0,0.0,0.0,0.5,0.30479999999999996,0.031378611098468616
2.0,0.0,0.1111111111111111,0.0,0.8946000000000001,0.023754168498225422
2.0,0.0,0.1111111111111111,0.05555555555555555,0.848414,0.030367135687445392
2.0,0.0,0.1111111111111111,0.1111111111111111,0.780824,0.03790369909137655
2.0,0.0,0.1111111111111111,0.16666666666666666,0.704414,0.047708561261426335
2.0,0.0,0.1111111111111111,0.2222222222222222,0.613638,0.05392330109332703
2.0,0.0,0.1111111111111111,0.2777777777777778,0.522304,0.056551673428246754
2.0,0.0,0.1111111111111111,0.3333333333333333,0.44034,0.05292506518701796
2.0,0.0,0.1111111111111111,0.38888888888888884,0.37458600000000003,0.046642487576185186
2.0,0.0,0.1111111111111111,0.4444444444444444,0.319762,0.0412912010307902
2.0,0.0,0.1111111111111111,0.5,0.283224,0.03324557655871594
2.0,0.0,0.2222222222222222,0.0,0.895518,0.023731498985276447
2.0,0.0,0.2222222222222222,0.05555555555555555,0.849356,0.03042730526700686
2.0,0.0,0.2222222222222222,0.1111111111111111,0.790916,0.0383111005434417
2.0,0.0,0.2222222222222222,0.16666666666666666,0.714194,0.046197237292579886
2.0,0.0,0.2222222222222222,0.2222222222222222,0.620788,0.05531530187247002
2.0,0.0,0.2222222222222222,0.2777777777777778,0.5213099999999999,0.06439611493901225
2.0,0.0,0.2222222222222222,0.3333333333333333,0.426346,0.06396891689451459
2.0,0.0,0.2222222222222222,0.38888888888888884,0.351076,0.05433067151927602
2.0,0.0,0.2222222222222222,0.4444444444444444,0.28444400000000003,0.045720888697909766
2.0,0.0,0.2222222222222222,0.5,0.245142,0.04116059067176876
2.0,0.0,0.3333333333333333,0.0,0.894398,0.02349654807717693
2.0,0.0,0.3333333333333333,0.05555555555555555,0.85303,0.02917916976022094
2.0,0.0,0.3333333333333333,0.1111111111111111,0.7932619999999999,0.04025222776045269
2.0,0.0,0.3333333333333333,0.16666666666666666,0.7256,0.051908969188034636
2.0,0.0,0.3333333333333333,0.2222222222222222,0.6283439999999999,0.06182195056080231
2.0,0.0,0.3333333333333333,0.2777777777777778,0.519458,0.06813746152687707
2.0,0.0,0.3333333333333333,0.3333333333333333,0.40904599999999997,0.07475785817368924
2.0,0.0,0.3333333333333333,0.38888888888888884,0.3046419999999999,0.07212218142921231
2.0,0.0,0.3333333333333333,0.4444444444444444,0.227884,0.05383823599738964
2.0,0.0,0.3333333333333333,0.5,0.192304,0.036505244139704074
2.0,0.0,0.4444444444444444,0.0,0.8940540000000001,0.024100388824310835
2.0,0.0,0.4444444444444444,0.05555555555555555,0.8596679999999999,0.029062605631501537
2.0,0.0,0.4444444444444444,0.1111111111111111,0.8058520000000001,0.035617232774895376
2.0,0.0,0.4444444444444444,0.16666666666666666,0.73518,0.04975522852455873
2.0,0.0,0.4444444444444444,0.2222222222222222,0.6434740000000001,0.06782440285949072
2.0,0.0,0.4444444444444444,0.2777777777777778,0.5190779999999999,0.08837594996980871
2.0,0.0,0.4444444444444444,0.3333333333333333,0.367384,0.1078759054002879
2.0,0.0,0.4444444444444444,0.38888888888888884,0.24262799999999998,0.0790680031000433
2.0,0.0,0.4444444444444444,0.4444444444444444,0.182738,0.029252979842390735
2.0,0.0,0.4444444444444444,0.5,0.1765,0.01572732327495018
2.0,0.0,0.5555555555555556,0.0,0.895034,0.023785549156943916
2.0,0.0,0.5555555555555556,0.05555555555555555,0.859512,0.03074045880619271
2.0,0.0,0.5555555555555556,0.1111111111111111,0.809816,0.03916976749191576
2.0,0.0,0.5555555555555556,0.16666666666666666,0.745964,0.048110455577470304
2.0,0.0,0.5555555555555556,0.2222222222222222,0.652046,0.0715540904471536
2.0,0.0,0.5555555555555556,0.2777777777777778,0.50378,0.12298832406253621
2.0,0.0,0.5555555555555556,0.3333333333333333,0.27453599999999995,0.13334710948203726
2.0,0.0,0.5555555555555556,0.38888888888888884,0.181788,0.031024249614265555
2.0,0.0,0.5555555555555556,0.4444444444444444,0.176582,0.01599108205878582
2.0,0.0,0.5555555555555556,0.5,0.177064,0.01604951956154179
2.0,0.0,0.6666666666666666,0.0,0.8938200000000001,0.024516478446768464
2.0,0.0,0.6666666666666666,0.05555555555555555,0.8639880000000001,0.02876836968248944
2.0,0.0,0.6666666666666666,0.1111111111111111,0.819152,0.03710987984842754
2.0,0.0,0.6666666666666666,0.16666666666666666,0.7626740000000001,0.048398311096918126
2.0,0.0,0.6666666666666666,0.2222222222222222,0.66559,0.09713083288737305
2.0,0.0,0.6666666666666666,0.2777777777777778,0.38613800000000004,0.20094061116267378
2.0,0.0,0.6666666666666666,0.3333333333333333,0.19190000000000002,0.06949377504164728
2.0,0.0,0.6666666666666666,0.38888888888888884,0.177978,0.0190535979591882
2.0,0.0,0.6666666666666666,0.4444444444444444,0.178292,0.016717226663973583
2.0,0.0,0.6666666666666666,0.5,0.17652199999999998,0.014968688629220569
2.0,0.0,0.7777777777777777,0.0,0.8972819999999999,0.022632342385261142
2.0,0.0,0.7777777777777777,0.05555555555555555,0.866082,0.0290015422850203
2.0,0.0,0.7777777777777777,0.1111111111111111,0.826134,0.038386339577149896
2.0,0.0,0.7777777777777777,0.16666666666666666,0.76791,0.05214706638983762
2.0,0.0,0.7777777777777777,0.2222222222222222,0.6462739999999999,0.17367311716916498
2.0,0.0,0.7777777777777777,0.2777777777777778,0.254418,0.17598423844299443
2.0,0.0,0.7777777777777777,0.3333333333333333,0.177892,0.02227664323158529
2.0,0.0,0.7777777777777777,0.38888888888888884,0.177578,0.015813540150902593
2.0,0.0,0.7777777777777777,0.4444444444444444,0.17634799999999998,0.01569852807008142
2.0,0.0,0.7777777777777777,0.5,0.178116,0.01576679192020082
2.0,0.0,0.8888888888888888,0.0,0.894038,0.024849538327909055
2.0,0.0,0.8888888888888888,0.05555555555555555,0.870304,0.029326296174160656
2.0,0.0,0.8888888888888888,0.1111111111111111,0.83542,0.036232709234017724
2.0,0.0,0.8888888888888888,0.16666666666666666,0.7856799999999999,0.06522581094034516
2.0,0.0,0.8888888888888888,0.2222222222222222,0.49342400000000003,0.2801020072991016
2.0,0.0,0.8888888888888888,0.2777777777777778,0.18359799999999996,0.061978698874923605
2.0,0.0,0.8888888888888888,0.3333333333333333,0.17679399999999998,0.01596035808057326
2.0,0.0,0.8888888888888888,0.38888888888888884,0.175748,0.016015038523769953
2.0,0.0,0.8888888888888888,0.4444444444444444,0.17621799999999999,0.016789945817694652
2.0,0.0,0.8888888888888888,0.5,0.175868,0.01647815630677598
2.0,0.0,1.0,0.0,0.896884,0.02319410435765754
2.0,0.0,1.0,0.05555555555555555,0.870912,0.029605831630492446
2.0,0.0,1.0,0.1111111111111111,0.8436,0.03565977058923619
2.0,0.0,1.0,0.16666666666666666,0.7767940000000001,0.13606247667567364
2.0,0.0,1.0,0.2222222222222222,0.31501,0.25521710255952235
2.0,0.0,1.0,0.2777777777777778,0.17667,0.015880600963878787
2.0,0.0,1.0,0.3333333333333333,0.17799,0.015761432215727792
2.0,0.0,1.0,0.38888888888888884,0.177274,0.016583031020765512
2.0,0.0,1.0,0.4444444444444444,0.177222,0.016185569539643802
2.0,0.0,1.0,0.5,0.177072,0.0170674371486068
2.0,0.5,0.0,0.0,0.894572,0.02210289328987424
2.0,0.5,0.0,0.05555555555555555,0.84305,0.028636683104690683
2.0,0.5,0.0,0.1111111111111111,0.777644,0.037119064021438566
2.0,0.5,0.0,0.16666666666666666,0.68824,0.04871542656665486
2.0,0.5,0.0,0.2222222222222222,0.6070460000000001,0.05049553923829245
2.0,0.5,0.0,0.2777777777777778,0.5195460000000001,0.04998316233527114
2.0,0.5,0.0,0.3333333333333333,0.447474,0.0485266834020625
2.0,0.5,0.0,0.38888888888888884,0.39043399999999995,0.04012327751813896
2.0,0.5,0.0,0.4444444444444444,0.34213199999999994,0.03519027261294158
2.0,0.5,0.0,0.5,0.30724799999999997,0.030692908060501872
2.0,0.5,0.1111111111111111,0.0,0.893408,0.024308915705261967
2.0,0.5,0.1111111111111111,0.05555555555555555,0.8454980000000001,0.030692704021645287
2.0,0.5,0.1111111111111111,0.1111111111111111,0.7836219999999999,0.0381070519828239
2.0,0.5,0.1111111111111111,0.16666666666666666,0.708238,0.04479959109998048
2.0,0.5,0.1111111111111111,0.2222222222222222,0.620792,0.05127868702967125
2.0,0.5,0.1111111111111111,0.2777777777777778,0.529306,0.05572923702796799
2.0,0.5,0.1111111111111111,0.3333333333333333,0.453454,0.05063255073950727
2.0,0.5,0.1111111111111111,0.38888888888888884,0.38474400000000003,0.04629523692480521
2.0,0.5,0.1111111111111111,0.4444444444444444,0.331044,0.04266561582289765
2.0,0.5,0.1111111111111111,0.5,0.29010199999999997,0.03674419502092093
2.0,0.5,0.2222222222222222,0.0,0.895024,0.024243409616216117
2.0,0.5,0.2222222222222222,0.05555555555555555,0.850488,0.03195691387930598
2.0,0.5,0.2222222222222222,0.1111111111111111,0.7907379999999999,0.04016510709129642
2.0,0.5,0.2222222222222222,0.16666666666666666,0.717302,0.05068143656235534
2.0,0.5,0.2222222222222222,0.2222222222222222,0.6350619999999999,0.055265529160832744
2.0,0.5,0.2222222222222222,0.2777777777777778,0.54195,0.05915337474301
2.0,0.5,0.2222222222222222,0.3333333333333333,0.44988599999999995,0.057425851851947686
2.0,0.5,0.2222222222222222,0.38888888888888884,0.37450599999999995,0.052866394574915945
2.0,0.5,0.2222222222222222,0.4444444444444444,0.316372,0.047287480665132824
2.0,0.5,0.2222222222222222,0.5,0.27057000000000003,0.03996252126946478
2.0,0.5,0.3333333333333333,0.0,0.8924679999999999,0.024451845769247093
2.0,0.5,0.3333333333333333,0.05555555555555555,0.8536459999999999,0.03024636124788361
2.0,0.5,0.3333333333333333,0.1111111111111111,0.8016080000000001,0.03532701986674406
2.0,0.5,0.3333333333333333,0.16666666666666666,0.731684,0.05001719287571358
2.0,0.5,0.3333333333333333,0.2222222222222222,0.647712,0.061690262058656645
2.0,0.5,0.3333333333333333,0.2777777777777778,0.5523819999999999,0.06272186333552728
2.0,0.5,0.3333333333333333,0.3333333333333333,0.459702,0.06925606110659197
2.0,0.5,0.3333333333333333,0.38888888888888884,0.358324,0.06548927174298745
2.0,0.5,0.3333333333333333,0.4444444444444444,0.29533800000000004,0.05376401113930745
2.0,0.5,0.3333333333333333,0.5,0.253158,0.039420819855453954
2.0,0.5,0.4444444444444444,0.0,0.8936559999999999,0.02325069576824349
2.0,0.5,0.4444444444444444,0.05555555555555555,0.8589960000000001,0.02785289125211609
2.0,0.5,0.4444444444444444,0.1111111111111111,0.8081240000000001,0.037104907658484856
2.0,0.5,0.4444444444444444,0.16666666666666666,0.747274,0.04725811658505164
2.0,0.5,0.4444444444444444,0.2222222222222222,0.669874,0.05958327329808113
2.0,0.5,0.4444444444444444,0.2777777777777778,0.5715260000000001,0.07383788587697757
2.0,0.5,0.4444444444444444,0.3333333333333333,0.45467799999999997,0.07783728928480496
2.0,0.5,0.4444444444444444,0.38888888888888884,0.352556,0.06953647608999199
2.0,0.5,0.4444444444444444,0.4444444444444444,0.28605,0.052085980827835
2.0,0.5,0.4444444444444444,0.5,0.255556,0.039188037314173745
2.0,0.5,0.5555555555555556,0.0,0.8939680000000001,0.024478753946832747
2.0,0.5,0.5555555555555556,0.05555555555555555,0.86081,0.029329342315184692
2.0,0.5,0.5555555555555556,0.1111111111111111,0.8183279999999999,0.035637402612001046
2.0,0.5,0.5555555555555556,0.16666666666666666,0.7667780000000001,0.047546124804950574
2.0,0.5,0.5555555555555556,0.2222222222222222,0.6907000000000001,0.05818781352900771
2.0,0.5,0.5555555555555556,0.2777777777777778,0.585182,0.07960564674687327
2.0,0.5,0.5555555555555556,0.3333333333333333,0.460006,0.09031278293532453
2.0,0.5,0.5555555555555556,0.38888888888888884,0.35502,0.06749618559696749
2.0,0.5,0.5555555555555556,0.4444444444444444,0.285916,0.04821662191877939
2.0,0.5,0.5555555555555556,0.5,0.25108400000000003,0.03635569304570698
2.0,0.5,0.6666666666666666,0.0,0.8948979999999999,0.023988215125970932
2.0,0.5,0.6666666666666666,0.05555555555555555,0.867346,0.028945499960026128
2.0,0.5,0.6666666666666666,0.1111111111111111,0.8287859999999999,0.0359199762442401
2.0,0.5,0.6666666666666666,0.16666666666666666,0.778792,0.04484599270976447
2.0,0.5,0.6666666666666666,0.2222222222222222,0.7149459999999999,0.05632704995927115
2.0,0.5,0.6666666666666666,0.2777777777777778,0.59845,0.09173530526719213
2.0,0.5,0.6666666666666666,0.3333333333333333,0.45279,0.09710359476472777
2.0,0.5,0.6666666666666666,0.38888888888888884,0.35221800000000003,0.07111253378218108
2.0,0.5,0.6666666666666666,0.4444444444444444,0.289954,0.049929809289756176
2.0,0.5,0.6666666666666666,0.5,0.25274,0.040125609391735303
2.0,0.5,0.7777777777777777,0.0,0.893014,0.024108676042475723
2.0,0.5,0.7777777777777777,0.05555555555555555,0.8706499999999999,0.0286779418490483
2.0,0.5,0.7777777777777777,0.1111111111111111,0.8350019999999999,0.034200194481979335
2.0,0.5,0.7777777777777777,0.16666666666666666,0.793002,0.04390933905346588
2.0,0.5,0.7777777777777777,0.2222222222222222,0.7302940000000001,0.0638198206124556
2.0,0.5,0.7777777777777777,0.2777777777777778,0.603,0.09315322348739298
2.0,0.5,0.7777777777777777,0.3333333333333333,0.454138,0.09366222387046297
2.0,0.5,0.7777777777777777,0.38888888888888884,0.34945,0.07032275648863831
2.0,0.5,0.7777777777777777,0.4444444444444444,0.28700400000000004,0.052278926503062643
2.0,0.5,0.7777777777777777,0.5,0.25005400000000005,0.038483724847736774
2.0,0.5,0.8888888888888888,0.0,0.895408,0.024339810779411494
2.0,0.5,0.8888888888888888,0.05555555555555555,0.8722380000000001,0.028570297159104245
2.0,0.5,0.8888888888888888,0.1111111111111111,0.8460740000000001,0.03187495175052343
2.0,0.5,0.8888888888888888,0.16666666666666666,0.8079080000000001,0.042301185759187246
2.0,0.5,0.8888888888888888,0.2222222222222222,0.739644,0.06343229916339395
2.0,0.5,0.8888888888888888,0.2777777777777778,0.597972,0.09326158191518438
2.0,0.5,0.8888888888888888,0.3333333333333333,0.46231399999999995,0.0936764108187743
2.0,0.5,0.8888888888888888,0.38888888888888884,0.349754,0.0674174436434283
2.0,0.5,0.8888888888888888,0.4444444444444444,0.289022,0.05080811396706021
2.0,0.5,0.8888888888888888,0.5,0.251686,0.03855500461368826
2.0,0.5,1.0,0.0,0.894068,0.023465819085015164
2.0,0.5,1.0,0.05555555555555555,0.8770300000000001,0.02872719274844679
2.0,0.5,1.0,0.1111111111111111,0.8550300000000001,0.03134124514588706
2.0,0.5,1.0,0.16666666666666666,0.826718,0.04084761352958241
2.0,0.5,1.0,0.2222222222222222,0.7408620000000001,0.06767409047074134
2.0,0.5,1.0,0.2777777777777778,0.6032860000000001,0.08934017874997877
2.0,0.5,1.0,0.3333333333333333,0.46070799999999995,0.09345743051591605
2.0,0.5,1.0,0.38888888888888884,0.351536,0.07319387536386883
2.0,0.5,1.0,0.4444444444444444,0.29009199999999996,0.05255434763090319
2.0,0.5,1.0,0.5,0.250466,0.03844425529947306
2.0,1.0,0.0,0.0,0.89528,0.023440745232909066
2.0,1.0,0.0,0.05555555555555555,0.841434,0.03046976299405408
2.0,1.0,0.0,0.1111111111111111,0.777648,0.040046917574445465
2.0,1.0,0.0,0.16666666666666666,0.691274,0.04713753088182781
2.0,1.0,0.0,0.2222222222222222,0.6066739999999999,0.04857417652673591
2.0,1.0,0.0,0.2777777777777778,0.519256,0.05123577532688164
2.0,1.0,0.0,0.3333333333333333,0.450066,0.044032753840994816
2.0,1.0,0.0,0.38888888888888884,0.388324,0.04140444033384243
2.0,1.0,0.0,0.4444444444444444,0.343808,0.03732894367742201
2.0,1.0,0.0,0.5,0.30595999999999995,0.03092518608300582
2.0,1.0,0.1111111111111111,0.0,0.8944739999999999,0.02313005237013724
2.0,1.0,0.1111111111111111,0.05555555555555555,0.8466359999999999,0.03143857936588564
2.0,1.0,0.1111111111111111,0.1111111111111111,0.785498,0.03654659084791918
2.0,1.0,0.1111111111111111,0.16666666666666666,0.7118239999999999,0.045412350601728914
2.0,1.0,0.1111111111111111,0.2222222222222222,0.624684,0.05070876553223917
2.0,1.0,0.1111111111111111,0.2777777777777778,0.533864,0.053470474912560385
2.0,1.0,0.1111111111111111,0.3333333333333333,0.456848,0.051455302859712816
2.0,1.0,0.1111111111111111,0.38888888888888884,0.39011199999999996,0.0479385404797294
2.0,1.0,0.1111111111111111,0.4444444444444444,0.340342,0.04042258039774334
2.0,1.0,0.1111111111111111,0.5,0.299082,0.03512912448060081
2.0,1.0,0.2222222222222222,0.0,0.896762,0.02366544871592027
2.0,1.0,0.2222222222222222,0.05555555555555555,0.8523339999999999,0.031117310584883012
2.0,1.0,0.2222222222222222,0.1111111111111111,0.794864,0.03886471969374984
2.0,1.0,0.2222222222222222,0.16666666666666666,0.7214680000000001,0.050072662392148436
2.0,1.0,0.2222222222222222,0.2222222222222222,0.64342,0.056431379579117195
2.0,1.0,0.2222222222222222,0.2777777777777778,0.552412,0.05987487166176664
2.0,1.0,0.2222222222222222,0.3333333333333333,0.468674,0.056013880723150535
2.0,1.0,0.2222222222222222,0.38888888888888884,0.39445,0.05365483372786397
2.0,1.0,0.2222222222222222,0.4444444444444444,0.33481399999999994,0.04600962045429953
2.0,1.0,0.2222222222222222,0.5,0.28608999999999996,0.03993032383443748
2.0,1.0,0.3333333333333333,0.0,0.8944739999999999,0.023793814642264946
2.0,1.0,0.3333333333333333,0.05555555555555555,0.854658,0.02996439162624635
2.0,1.0,0.3333333333333333,0.1111111111111111,0.8072460000000001,0.038596591530282956
2.0,1.0,0.3333333333333333,0.16666666666666666,0.739942,0.04434929939371566
2.0,1.0,0.3333333333333333,0.2222222222222222,0.659188,0.056141217734008174
2.0,1.0,0.3333333333333333,0.2777777777777778,0.572436,0.06181148131573041
2.0,1.0,0.3333333333333333,0.3333333333333333,0.480748,0.06699173292698975
2.0,1.0,0.3333333333333333,0.38888888888888884,0.397176,0.059894571903361775
2.0,1.0,0.3333333333333333,0.4444444444444444,0.33472,0.049620620834730074
2.0,1.0,0.3333333333333333,0.5,0.28648799999999996,0.04017553987201685
2.0,1.0,0.4444444444444444,0.0,0.8933099999999999,0.02503820527607549
2.0,1.0,0.4444444444444444,0.05555555555555555,0.8607039999999999,0.02882718156174113
2.0,1.0,0.4444444444444444,0.1111111111111111,0.8172439999999999,0.03526317408988854
2.0,1.0,0.4444444444444444,0.16666666666666666,0.75603,0.044411641354216484
2.0,1.0,0.4444444444444444,0.2222222222222222,0.6887460000000001,0.05757940830297791
2.0,1.0,0.4444444444444444,0.2777777777777778,0.596628,0.06461355460642725
2.0,1.0,0.4444444444444444,0.3333333333333333,0.49294600000000005,0.06932522670800458
2.0,1.0,0.4444444444444444,0.38888888888888884,0.40258000000000005,0.06178704457858064
2.0,1.0,0.4444444444444444,0.4444444444444444,0.33208400000000005,0.04794482617252279
2.0,1.0,0.4444444444444444,0.5,0.286216,0.042744631839591325
2.0,1.0,0.5555555555555556,0.0,0.8940060000000001,0.024184038111919985
2.0,1.0,0.5555555555555556,0.05555555555555555,0.86548,0.028752164682818174
2.0,1.0,0.5555555555555556,0.1111111111111111,0.8236199999999999,0.034930271222757346
2.0,1.0,0.5555555555555556,0.16666666666666666,0.7785160000000001,0.04412368460459952
2.0,1.0,0.5555555555555556,0.2222222222222222,0.707098,0.05514412157509246
2.0,1.0,0.5555555555555556,0.2777777777777778,0.616374,0.06731478801400731
2.0,1.0,0.5555555555555556,0.3333333333333333,0.49241399999999996,0.06900816515250519
2.0,1.0,0.5555555555555556,0.38888888888888884,0.39828399999999997,0.06556203248991307
2.0,1.0,0.5555555555555556,0.4444444444444444,0.32964000000000004,0.05065675288869642
2.0,1.0,0.5555555555555556,0.5,0.28566600000000003,0.041118559262596534
2.0,1.0,0.6666666666666666,0.0,0.8945720000000001,0.023419602292590005
2.0,1.0,0.6666666666666666,0.05555555555555555,0.868264,0.02881156915258294
2.0,1.0,0.6666666666666666,0.1111111111111111,0.83423,0.03182437244255926
2.0,1.0,0.6666666666666666,0.16666666666666666,0.790092,0.042665774017883344
2.0,1.0,0.6666666666666666,0.2222222222222222,0.7276900000000001,0.057679908492363055
2.0,1.0,0.6666666666666666,0.2777777777777778,0.6117059999999999,0.06919337403263437
2.0,1.0,0.6666666666666666,0.3333333333333333,0.496172,0.07034827770708181
2.0,1.0,0.6666666666666666,0.38888888888888884,0.396296,0.06346687697489055
2.0,1.0,0.6666666666666666,0.4444444444444444,0.33000599999999997,0.05231151836744768
2.0,1.0,0.6666666666666666,0.5,0.287298,0.03997430532444991
2.0,1.0,0.7777777777777777,0.0,0.8951120000000001,0.02341349695537511
2.0,1.0,0.7777777777777777,0.05555555555555555,0.8719280000000001,0.02794574646508808
2.0,1.0,0.7777777777777777,0.1111111111111111,0.8450979999999999,0.033699431737030786
2.0,1.0,0.7777777777777777,0.16666666666666666,0.807988,0.04248984148309471
2.0,1.0,0.7777777777777777,0.2222222222222222,0.740114,0.05508667795553071
2.0,1.0,0.7777777777777777,0.2777777777777778,0.612,0.06801105061688155
2.0,1.0,0.7777777777777777,0.3333333333333333,0.495566,0.07491016425972405
2.0,1.0,0.7777777777777777,0.38888888888888884,0.39827,0.06500896423464785
2.0,1.0,0.7777777777777777,0.4444444444444444,0.3286,0.04811846603485084
2.0,1.0,0.7777777777777777,0.5,0.286882,0.040468301704985984
2.0,1.0,0.8888888888888888,0.0,0.895474,0.023464665030850554
2.0,1.0,0.8888888888888888,0.05555555555555555,0.8762539999999999,0.02924921395583254
2.0,1.0,0.8888888888888888,0.1111111111111111,0.85487,0.03239580337254048
2.0,1.0,0.8888888888888888,0.16666666666666666,0.822966,0.040332695131780935
2.0,1.0,0.8888888888888888,0.2222222222222222,0.7353799999999999,0.05987899956728032
2.0,1.0,0.8888888888888888,0.2777777777777778,0.6156220000000001,0.06787105477412521
2.0,1.0,0.8888888888888888,0.3333333333333333,0.495624,0.0707301925933231
2.0,1.0,0.8888888888888888,0.38888888888888884,0.395222,0.06055161196386803
2.0,1.0,0.8888888888888888,0.4444444444444444,0.33163400000000004,0.04983700933039618
2.0,1.0,0.8888888888888888,0.5,0.286958,0.03904763336417055
2.0,1.0,1.0,0.0,0.8934500000000001,0.02288516903856837
2.0,1.0,1.0,0.05555555555555555,0.87862,0.027810761890928282
2.0,1.0,1.0,0.1111111111111111,0.8634380000000001,0.03065167542586908
2.0,1.0,1.0,0.16666666666666666,0.8299,0.0396046848507124
2.0,1.0,1.0,0.2222222222222222,0.738394,0.05914296699600199
2.0,1.0,1.0,0.2777777777777778,0.619004,0.06891919685683214
2.0,1.0,1.0,0.3333333333333333,0.49014800000000003,0.07715927165548422
2.0,1.0,1.0,0.38888888888888884,0.39342,0.06269338498631322
2.0,1.0,1.0,0.4444444444444444,0.328826,0.04996391206679113
2.0,1.0,1.0,0.5,0.287366,0.038885733174121556
2.0,1.5,0.0,0.0,0.894422,0.024557484726906074
2.0,1.5,0.0,0.05555555555555555,0.8412280000000001,0.031443622864385
2.0,1.5,0.0,0.1111111111111111,0.7747740000000001,0.03780308281265273
2.0,1.5,0.0,0.16666666666666666,0.6964680000000001,0.04626291701764993
2.0,1.5,0.0,0.2222222222222222,0.6066079999999999,0.05174159565999957
2.0,1.5,0.0,0.2777777777777778,0.5258999999999999,0.048112989092747895
2.0,1.5,0.0,0.3333333333333333,0.446388,0.04557279028574899
2.0,1.5,0.0,0.38888888888888884,0.39088799999999996,0.040994005329388
2.0,1.5,0.0,0.4444444444444444,0.344684,0.03533169684013501
2.0,1.5,0.0,0.5,0.30699,0.03282109609226046
2.0,1.5,0.1111111111111111,0.0,0.896004,0.02464936442046054
2.0,1.5,0.1111111111111111,0.05555555555555555,0.84622,0.030686918612788345
2.0,1.5,0.1111111111111111,0.1111111111111111,0.7850820000000001,0.03890875297559962
2.0,1.5,0.1111111111111111,0.16666666666666666,0.714434,0.04737131756089237
2.0,1.5,0.1111111111111111,0.2222222222222222,0.629866,0.050378766203315634
2.0,1.5,0.1111111111111111,0.2777777777777778,0.540346,0.05497620439881422
2.0,1.5,0.1111111111111111,0.3333333333333333,0.461648,0.05208302390181963
2.0,1.5,0.1111111111111111,0.38888888888888884,0.396766,0.04552274029281997
2.0,1.5,0.1111111111111111,0.4444444444444444,0.3463339999999999,0.04356652991756534
2.0,1.5,0.1111111111111111,0.5,0.30507000000000006,0.03531747085360148
2.0,1.5,0.2222222222222222,0.0,0.8949239999999999,0.023259153045646404
2.0,1.5,0.2222222222222222,0.05555555555555555,0.8523740000000001,0.029264294316516292
2.0,1.5,0.2222222222222222,0.1111111111111111,0.7948019999999999,0.04036172610119313
2.0,1.5,0.2222222222222222,0.16666666666666666,0.7289380000000001,0.047090223340610075
2.0,1.5,0.2222222222222222,0.2222222222222222,0.64762,0.049887042747271924
2.0,1.5,0.2222222222222222,0.2777777777777778,0.5609400000000001,0.05684931035796611
2.0,1.5,0.2222222222222222,0.3333333333333333,0.478838,0.05460247812356569
2.0,1.5,0.2222222222222222,0.38888888888888884,0.408768,0.05026066498654569
2.0,1.5,0.2222222222222222,0.4444444444444444,0.34604399999999996,0.04465003151879356
2.0,1.5,0.2222222222222222,0.5,0.30555200000000005,0.03896475073190124
2.0,1.5,0.3333333333333333,0.0,0.895576,0.023445331969975714
2.0,1.5,0.3333333333333333,0.05555555555555555,0.855726,0.029016665172197705
2.0,1.5,0.3333333333333333,0.1111111111111111,0.80342,0.03903951546235006
2.0,1.5,0.3333333333333333,0.16666666666666666,0.744616,0.04428990557080634
2.0,1.5,0.3333333333333333,0.2222222222222222,0.671346,0.05254407715516732
2.0,1.5,0.3333333333333333,0.2777777777777778,0.58876,0.061113272405658794
2.0,1.5,0.3333333333333333,0.3333333333333333,0.493302,0.06249061489455676
2.0,1.5,0.3333333333333333,0.38888888888888884,0.414748,0.05374541501626479
2.0,1.5,0.3333333333333333,0.4444444444444444,0.34647400000000006,0.04448328730770017
2.0,1.5,0.3333333333333333,0.5,0.30389000000000005,0.03848048069852532
2.0,1.5,0.4444444444444444,0.0,0.8947360000000001,0.024578415347658297
2.0,1.5,0.4444444444444444,0.05555555555555555,0.8603520000000001,0.030004610467369807
2.0,1.5,0.4444444444444444,0.1111111111111111,0.8135619999999999,0.03934139864436175
2.0,1.5,0.4444444444444444,0.16666666666666666,0.765544,0.04441140404917682
2.0,1.5,0.4444444444444444,0.2222222222222222,0.693954,0.05631410516808168
2.0,1.5,0.4444444444444444,0.2777777777777778,0.6106600000000001,0.05982952066568955
2.0,1.5,0.4444444444444444,0.3333333333333333,0.498328,0.06446254148347719
2.0,1.5,0.4444444444444444,0.38888888888888884,0.40891999999999995,0.052394656216068446
2.0,1.5,0.4444444444444444,0.4444444444444444,0.34513800000000006,0.04661369572624034
2.0,1.5,0.4444444444444444,0.5,0.303358,0.038066256919109656
2.0,1.5,0.5555555555555556,0.0,0.8942319999999999,0.024295487594095957
2.0,1.5,0.5555555555555556,0.05555555555555555,0.865668,0.03079263139610829
2.0,1.5,0.5555555555555556,0.1111111111111111,0.827624,0.033883961836530835
2.0,1.5,0.5555555555555556,0.16666666666666666,0.7810440000000001,0.04356997532130352
2.0,1.5,0.5555555555555556,0.2222222222222222,0.71653,0.053343680004221544
2.0,1.5,0.5555555555555556,0.2777777777777778,0.605982,0.05988239707090821
2.0,1.5,0.5555555555555556,0.3333333333333333,0.498608,0.06437987163503424
2.0,1.5,0.5555555555555556,0.38888888888888884,0.414288,0.05777040674767301
2.0,1.5,0.5555555555555556,0.4444444444444444,0.352456,0.04539428759980033
2.0,1.5,0.5555555555555556,0.5,0.30259,0.03794498047286587
2.0,1.5,0.6666666666666666,0.0,0.8969480000000001,0.02202943230715562
2.0,1.5,0.6666666666666666,0.05555555555555555,0.868692,0.030144028611349287
2.0,1.5,0.6666666666666666,0.1111111111111111,0.8388420000000001,0.03279512274946237
2.0,1.5,0.6666666666666666,0.16666666666666666,0.799742,0.039880123928708364
2.0,1.5,0.6666666666666666,0.2222222222222222,0.72346,0.05072532421812667
2.0,1.5,0.6666666666666666,0.2777777777777778,0.610518,0.062279202581185134
2.0,1.5,0.6666666666666666,0.3333333333333333,0.502434,0.061184251808277246
2.0,1.5,0.6666666666666666,0.38888888888888884,0.406844,0.05535901828800456
2.0,1.5,0.6666666666666666,0.4444444444444444,0.35433,0.04757865652910166
2.0,1.5,0.6666666666666666,0.5,0.304332,0.04188568487197492
2.0,1.5,0.7777777777777777,0.0,0.8951960000000001,0.024141068044572223
2.0,1.5,0.7777777777777777,0.05555555555555555,0.872136,0.026212128019499334
2.0,1.5,0.7777777777777777,0.1111111111111111,0.8483019999999999,0.03238834366884516
2.0,1.5,0.7777777777777777,0.16666666666666666,0.8102420000000001,0.04157798568699035
2.0,1.5,0.7777777777777777,0.2222222222222222,0.715034,0.05740689808634318
2.0,1.5,0.7777777777777777,0.2777777777777778,0.604618,0.06179139445632956
2.0,1.5,0.7777777777777777,0.3333333333333333,0.50022,0.06346061849840734
2.0,1.5,0.7777777777777777,0.38888888888888884,0.410922,0.05346435064207886
2.0,1.5,0.7777777777777777,0.4444444444444444,0.34755600000000003,0.04805198070526749
2.0,1.5,0.7777777777777777,0.5,0.3049780000000001,0.04115703243234714
2.0,1.5,0.8888888888888888,0.0,0.8947360000000001,0.024158260431872764
2.0,1.5,0.8888888888888888,0.05555555555555555,0.8801500000000001,0.026819957498856743
2.0,1.5,0.8888888888888888,0.1111111111111111,0.859662,0.030252904529398997
2.0,1.5,0.8888888888888888,0.16666666666666666,0.812936,0.041613450500109325
2.0,1.5,0.8888888888888888,0.2222222222222222,0.720908,0.05163032943760549
2.0,1.5,0.8888888888888888,0.2777777777777778,0.6130120000000001,0.0610600730513982
2.0,1.5,0.8888888888888888,0.3333333333333333,0.501914,0.05929477502014304
2.0,1.5,0.8888888888888888,0.38888888888888884,0.41650400000000004,0.05306510902270137
2.0,1.5,0.8888888888888888,0.4444444444444444,0.347124,0.043616756721859405
2.0,1.5,0.8888888888888888,0.5,0.301988,0.03834481066598217
2.0,1.5,1.0,0.0,0.89292,0.023405667059517934
2.0,1.5,1.0,0.05555555555555555,0.881734,0.02624333571287534
2.0,1.5,1.0,0.1111111111111111,0.86912,0.030471998381641174
2.0,1.5,1.0,0.16666666666666666,0.812504,0.03919947936343962
2.0,1.5,1.0,0.2222222222222222,0.719576,0.05431851642352639
2.0,1.5,1.0,0.2777777777777778,0.607798,0.06320248653818311
2.0,1.5,1.0,0.3333333333333333,0.49253800000000003,0.06279661923044542
2.0,1.5,1.0,0.38888888888888884,0.41459799999999997,0.05454519917927712
2.0,1.5,1.0,0.4444444444444444,0.34250400000000003,0.0439424608292191
2.0,1.5,1.0,0.5,0.30292199999999997,0.03717024576648211
2.0,2.0,0.0,0.0,0.894686,0.024494067090732225
2.0,2.0,0.0,0.05555555555555555,0.8423919999999999,0.03044279658190842
2.0,2.0,0.0,0.1111111111111111,0.776752,0.03981760136871023
2.0,2.0,0.0,0.16666666666666666,0.692674,0.045003670792164704
2.0,2.0,0.0,0.2222222222222222,0.6078560000000001,0.0533575610635015
2.0,2.0,0.0,0.2777777777777778,0.519298,0.049471244213260046
2.0,2.0,0.0,0.3333333333333333,0.44409399999999993,0.04785600859994737
2.0,2.0,0.0,0.38888888888888884,0.38991200000000004,0.04276261847780321
2.0,2.0,0.0,0.4444444444444444,0.34558000000000005,0.03710602800933102
2.0,2.0,0.0,0.5,0.30692800000000003,0.0321340942930101
2.0,2.0,0.1111111111111111,0.0,0.89639,0.02299459507809633
2.0,2.0,0.1111111111111111,0.05555555555555555,0.84697,0.029982578441822512
2.0,2.0,0.1111111111111111,0.1111111111111111,0.7866839999999999,0.03718835963287932
2.0,2.0,0.1111111111111111,0.16666666666666666,0.7107100000000001,0.0477692547922491
2.0,2.0,0.1111111111111111,0.2222222222222222,0.623882,0.0520367150714845
2.0,2.0,0.1111111111111111,0.2777777777777778,0.5437360000000001,0.052958507447076364
2.0,2.0,0.1111111111111111,0.3333333333333333,0.463968,0.04873192564586699
2.0,2.0,0.1111111111111111,0.38888888888888884,0.398526,0.047103447788746575
2.0,2.0,0.1111111111111111,0.4444444444444444,0.34576000000000007,0.03847600819228556
2.0,2.0,0.1111111111111111,0.5,0.311062,0.033934602849320074
2.0,2.0,0.2222222222222222,0.0,0.8930560000000001,0.024646699242842542
2.0,2.0,0.2222222222222222,0.05555555555555555,0.8515699999999999,0.031740700119691385
2.0,2.0,0.2222222222222222,0.1111111111111111,0.7967580000000001,0.03609294720129336
2.0,2.0,0.2222222222222222,0.16666666666666666,0.7303140000000001,0.04513523882253349
2.0,2.0,0.2222222222222222,0.2222222222222222,0.6539200000000001,0.052745860991203916
2.0,2.0,0.2222222222222222,0.2777777777777778,0.5702200000000001,0.054207716730242494
2.0,2.0,0.2222222222222222,0.3333333333333333,0.488784,0.05561902818814068
2.0,2.0,0.2222222222222222,0.38888888888888884,0.40979,0.050920484005778706
2.0,2.0,0.2222222222222222,0.4444444444444444,0.35101599999999994,0.04490064453612575
2.0,2.0,0.2222222222222222,0.5,0.30877799999999994,0.03756363626619604
2.0,2.0,0.3333333333333333,0.0,0.895154,0.024551656801597068
2.0,2.0,0.3333333333333333,0.05555555555555555,0.857176,0.029418428099129427
2.0,2.0,0.3333333333333333,0.1111111111111111,0.80856,0.03693842571887949
2.0,2.0,0.3333333333333333,0.16666666666666666,0.7480999999999999,0.04596524346954369
2.0,2.0,0.3333333333333333,0.2222222222222222,0.6776479999999999,0.05152021701742963
2.0,2.0,0.3333333333333333,0.2777777777777778,0.5905980000000001,0.0587609231392458
2.0,2.0,0.3333333333333333,0.3333333333333333,0.493036,0.056843866461638734
2.0,2.0,0.3333333333333333,0.38888888888888884,0.41202,0.05015978077318948
2.0,2.0,0.3333333333333333,0.4444444444444444,0.349972,0.04182709921159861
2.0,2.0,0.3333333333333333,0.5,0.309276,0.036852082382843765
2.0,2.0,0.4444444444444444,0.0,0.895412,0.023327464439891223
2.0,2.0,0.4444444444444444,0.05555555555555555,0.861162,0.029232530469929408
2.0,2.0,0.4444444444444444,0.1111111111111111,0.82087,0.03418300829523674
2.0,2.0,0.4444444444444444,0.16666666666666666,0.7689360000000001,0.0425800190234819
2.0,2.0,0.4444444444444444,0.2222222222222222,0.696846,0.05058149126426616
2.0,2.0,0.4444444444444444,0.2777777777777778,0.592786,0.056851846662512875
2.0,2.0,0.4444444444444444,0.3333333333333333,0.49001,0.05408456508432624
2.0,2.0,0.4444444444444444,0.38888888888888884,0.408284,0.048932976778782486
2.0,2.0,0.4444444444444444,0.4444444444444444,0.352958,0.04352936764639926
2.0,2.0,0.4444444444444444,0.5,0.308628,0.03818300013092208
2.0,2.0,0.5555555555555556,0.0,0.893612,0.024212847415368575
2.0,2.0,0.5555555555555556,0.05555555555555555,0.8674380000000002,0.027117464294057432
2.0,2.0,0.5555555555555556,0.1111111111111111,0.830654,0.03400209654033522
2.0,2.0,0.5555555555555556,0.16666666666666666,0.784878,0.043844861269246124
2.0,2.0,0.5555555555555556,0.2222222222222222,0.698304,0.05204156254826453
2.0,2.0,0.5555555555555556,0.2777777777777778,0.5929559999999999,0.05714926193994601
2.0,2.0,0.5555555555555556,0.3333333333333333,0.49267600000000006,0.055992046243060006
2.0,2.0,0.5555555555555556,0.38888888888888884,0.41283600000000004,0.0519876382716712
2.0,2.0,0.5555555555555556,0.4444444444444444,0.349994,0.041520571765806875
2.0,2.0,0.5555555555555556,0.5,0.30693400000000004,0.037381658882956005
2.0,2.0,0.6666666666666666,0.0,0.8941279999999999,0.02418117189360965
2.0,2.0,0.6666666666666666,0.05555555555555555,0.872424,0.028797409703152525
2.0,2.0,0.6666666666666666,0.1111111111111111,0.8431660000000001,0.033191833930642616
2.0,2.0,0.6666666666666666,0.16666666666666666,0.787122,0.040032590881247374
2.0,2.0,0.6666666666666666,0.2222222222222222,0.695364,0.04879394637047519
2.0,2.0,0.6666666666666666,0.2777777777777778,0.595154,0.0603718793116733
2.0,2.0,0.6666666666666666,0.3333333333333333,0.490628,0.057204180376131696
2.0,2.0,0.6666666666666666,0.38888888888888884,0.41482399999999997,0.05021270412266821
2.0,2.0,0.6666666666666666,0.4444444444444444,0.35059,0.04443925736542388
2.0,2.0,0.6666666666666666,0.5,0.31000800000000006,0.03712109761005931
2.0,2.0,0.7777777777777777,0.0,0.894564,0.02281989042036784
2.0,2.0,0.7777777777777777,0.05555555555555555,0.8756459999999999,0.025673935926771044
2.0,2.0,0.7777777777777777,0.1111111111111111,0.8544879999999999,0.030744565578736855
2.0,2.0,0.7777777777777777,0.16666666666666666,0.788928,0.04131082163269009
2.0,2.0,0.7777777777777777,0.2222222222222222,0.693442,0.05031064457861607
2.0,2.0,0.7777777777777777,0.2777777777777778,0.5861940000000001,0.06103312583259844
2.0,2.0,0.7777777777777777,0.3333333333333333,0.49172,0.057428613873075206
2.0,2.0,0.7777777777777777,0.38888888888888884,0.411458,0.04979907762463607
2.0,2.0,0.7777777777777777,0.4444444444444444,0.353488,0.04446842404982382
2.0,2.0,0.7777777777777777,0.5,0.30879399999999996,0.037240317486468694
2.0,2.0,0.8888888888888888,0.0,0.8934780000000001,0.02278393582028633
2.0,2.0,0.8888888888888888,0.05555555555555555,0.8788900000000001,0.0278207456365848
2.0,2.0,0.8888888888888888,0.1111111111111111,0.861054,0.029612783014024063
2.0,2.0,0.8888888888888888,0.16666666666666666,0.7880320000000001,0.04088841769257898
2.0,2.0,0.8888888888888888,0.2222222222222222,0.697598,0.04926746352232726
2.0,2.0,0.8888888888888888,0.2777777777777778,0.5911719999999999,0.05800969458056698
2.0,2.0,0.8888888888888888,0.3333333333333333,0.49339,0.05689351143396383
2.0,2.0,0.8888888888888888,0.38888888888888884,0.41005400000000003,0.050284233037646786
2.0,2.0,0.8888888888888888,0.4444444444444444,0.35398,0.04533986111593224
2.0,2.0,0.8888888888888888,0.5,0.30831200000000003,0.03461205924660625
2.0,2.0,1.0,0.0,0.895236,0.02556229970743372
2.0,2.0,1.0,0.05555555555555555,0.883576,0.027469936636943238
2.0,2.0,1.0,0.1111111111111111,0.860216,0.02879005172201525
2.0,2.0,1.0,0.16666666666666666,0.787192,0.04031885857403984
2.0,2.0,1.0,0.2222222222222222,0.694786,0.05276814529919195
2.0,2.0,1.0,0.2777777777777778,0.58876,0.06084978053849632
2.0,2.0,1.0,0.3333333333333333,0.49417600000000006,0.05616602414749574
2.0,2.0,1.0,0.38888888888888884,0.415192,0.050479694284634294
2.0,2.0,1.0,0.4444444444444444,0.354068,0.043924595800444936
2.0,2.0,1.0,0.5,0.307108,0.03745265997868453
2.0,2.5,0.0,0.0,0.895272,0.023836156164141975
2.0,2.5,0.0,0.05555555555555555,0.841992,0.03199599073080393
2.0,2.5,0.0,0.1111111111111111,0.774226,0.03712291942038753
2.0,2.5,0.0,0.16666666666666666,0.6942240000000001,0.04642409090583105
2.0,2.5,0.0,0.2222222222222222,0.60729,0.04960919314087034
2.0,2.5,0.0,0.2777777777777778,0.5193199999999999,0.049663129713156534
2.0,2.5,0.0,0.3333333333333333,0.44234199999999996,0.04839198906028167
2.0,2.5,0.0,0.38888888888888884,0.390082,0.0437614602911469
2.0,2.5,0.0,0.4444444444444444,0.34192000000000006,0.03579844490078626
2.0,2.5,0.0,0.5,0.309924,0.031530978882022
2.0,2.5,0.1111111111111111,0.0,0.8946480000000001,0.023009192551755663
2.0,2.5,0.1111111111111111,0.05555555555555555,0.846684,0.031259918570240006
2.0,2.5,0.1111111111111111,0.1111111111111111,0.7857719999999999,0.037369036725765664
2.0,2.5,0.1111111111111111,0.16666666666666666,0.713266,0.046488639808694394
2.0,2.5,0.1111111111111111,0.2222222222222222,0.627832,0.05134975531335552
2.0,2.5,0.1111111111111111,0.2777777777777778,0.544928,0.04770562303269789
2.0,2.5,0.1111111111111111,0.3333333333333333,0.46612800000000004,0.05066871078392473
2.0,2.5,0.1111111111111111,0.38888888888888884,0.40256600000000003,0.04629817151217466
2.0,2.5,0.1111111111111111,0.4444444444444444,0.34975599999999996,0.037598347509843325
2.0,2.5,0.1111111111111111,0.5,0.31087200000000004,0.03471145901245794
2.0,2.5,0.2222222222222222,0.0,0.89592,0.024980585648031513
2.0,2.5,0.2222222222222222,0.05555555555555555,0.851696,0.03133565749847486
2.0,2.5,0.2222222222222222,0.1111111111111111,0.7969400000000001,0.03926877223629345
2.0,2.5,0.2222222222222222,0.16666666666666666,0.7308779999999999,0.04445942416174087
2.0,2.5,0.2222222222222222,0.2222222222222222,0.652906,0.050866727946901086
2.0,2.5,0.2222222222222222,0.2777777777777778,0.5684259999999999,0.05436000869288175
2.0,2.5,0.2222222222222222,0.3333333333333333,0.491822,0.0556396428431332
2.0,2.5,0.2222222222222222,0.38888888888888884,0.41208,0.05238708249965492
2.0,2.5,0.2222222222222222,0.4444444444444444,0.35154199999999997,0.04345310784238942
2.0,2.5,0.2222222222222222,0.5,0.30817999999999995,0.0367379225038624
2.0,2.5,0.3333333333333333,0.0,0.895696,0.024402593245682502
2.0,2.5,0.3333333333333333,0.05555555555555555,0.855702,0.029627162089321587
2.0,2.5,0.3333333333333333,0.1111111111111111,0.8049980000000001,0.03862696053484302
2.0,2.5,0.3333333333333333,0.16666666666666666,0.7507900000000001,0.042816403267644465
2.0,2.5,0.3333333333333333,0.2222222222222222,0.681134,0.05066448286173751
2.0,2.5,0.3333333333333333,0.2777777777777778,0.5932439999999999,0.057366316358164485
2.0,2.5,0.3333333333333333,0.3333333333333333,0.493212,0.05734226474994955
2.0,2.5,0.3333333333333333,0.38888888888888884,0.41055600000000003,0.04816399490085534
2.0,2.5,0.3333333333333333,0.4444444444444444,0.351978,0.042068956609600396
2.0,2.5,0.3333333333333333,0.5,0.30880799999999997,0.036133785255266955
2.0,2.5,0.4444444444444444,0.0,0.8946859999999999,0.025372720664284632
2.0,2.5,0.4444444444444444,0.05555555555555555,0.86202,0.02707851717107806
2.0,2.5,0.4444444444444444,0.1111111111111111,0.819442,0.035599287275295516
2.0,2.5,0.4444444444444444,0.16666666666666666,0.769804,0.03977861561845815
2.0,2.5,0.4444444444444444,0.2222222222222222,0.6970660000000001,0.04898191605276789
2.0,2.5,0.4444444444444444,0.2777777777777778,0.5937720000000001,0.05237964557479444
2.0,2.5,0.4444444444444444,0.3333333333333333,0.492322,0.0552822083596725
2.0,2.5,0.4444444444444444,0.38888888888888884,0.412226,0.05296252431638741
2.0,2.5,0.4444444444444444,0.4444444444444444,0.352186,0.04003199376811128
2.0,2.5,0.4444444444444444,0.5,0.30950399999999995,0.03564793872119593
2.0,2.5,0.5555555555555556,0.0,0.89355,0.02373964282129295
2.0,2.5,0.5555555555555556,0.05555555555555555,0.866008,0.028943243749058878
2.0,2.5,0.5555555555555556,0.1111111111111111,0.831282,0.03239922677768071
2.0,2.5,0.5555555555555556,0.16666666666666666,0.787908,0.04073856646465595
2.0,2.5,0.5555555555555556,0.2222222222222222,0.6965480000000001,0.049843680451607135
2.0,2.5,0.5555555555555556,0.2777777777777778,0.5938239999999999,0.05709838417109454
2.0,2.5,0.5555555555555556,0.3333333333333333,0.49727599999999994,0.05459308228399028
2.0,2.5,0.5555555555555556,0.38888888888888884,0.41093999999999997,0.04942892713457729
2.0,2.5,0.5555555555555556,0.4444444444444444,0.35381599999999996,0.04324301169114196
2.0,2.5,0.5555555555555556,0.5,0.30844,0.03558464463596251
2.0,2.5,0.6666666666666666,0.0,0.89473,0.02263133789482673
2.0,2.5,0.6666666666666666,0.05555555555555555,0.870812,0.028993411178810404
2.0,2.5,0.6666666666666666,0.1111111111111111,0.84237,0.030581490400407568
2.0,2.5,0.6666666666666666,0.16666666666666666,0.7914100000000001,0.039299552282681775
2.0,2.5,0.6666666666666666,0.2222222222222222,0.693654,0.05290591986454282
2.0,2.5,0.6666666666666666,0.2777777777777778,0.587508,0.057266017230630926
2.0,2.5,0.6666666666666666,0.3333333333333333,0.490698,0.05813551644687687
2.0,2.5,0.6666666666666666,0.38888888888888884,0.41049199999999997,0.050736400154141825
2.0,2.5,0.6666666666666666,0.4444444444444444,0.35156000000000004,0.03976562598551719
2.0,2.5,0.6666666666666666,0.5,0.31060000000000004,0.037319183309469296
2.0,2.5,0.7777777777777777,0.0,0.8949659999999999,0.02311114653556542
2.0,2.5,0.7777777777777777,0.05555555555555555,0.8755,0.027506785462736043
2.0,2.5,0.7777777777777777,0.1111111111111111,0.8521420000000001,0.03129704212367972
2.0,2.5,0.7777777777777777,0.16666666666666666,0.7903499999999999,0.038119886562042724
2.0,2.5,0.7777777777777777,0.2222222222222222,0.6952379999999999,0.05233322930776925
2.0,2.5,0.7777777777777777,0.2777777777777778,0.591048,0.05143704146302485
2.0,2.5,0.7777777777777777,0.3333333333333333,0.489986,0.05658400217910722
2.0,2.5,0.7777777777777777,0.38888888888888884,0.416392,0.048201006317503785
2.0,2.5,0.7777777777777777,0.4444444444444444,0.353724,0.04176487079910258
2.0,2.5,0.7777777777777777,0.5,0.31019,0.03595591126797123
2.0,2.5,0.8888888888888888,0.0,0.893442,0.023671148737759457
2.0,2.5,0.8888888888888888,0.05555555555555555,0.8788060000000001,0.026183803144199453
2.0,2.5,0.8888888888888888,0.1111111111111111,0.8605940000000001,0.029632842839483014
2.0,2.5,0.8888888888888888,0.16666666666666666,0.7881400000000001,0.04268306559018872
2.0,2.5,0.8888888888888888,0.2222222222222222,0.698438,0.05100180903703417
2.0,2.5,0.8888888888888888,0.2777777777777778,0.595872,0.0561622650543233
2.0,2.5,0.8888888888888888,0.3333333333333333,0.49412800000000007,0.05844261025473429
2.0,2.5,0.8888888888888888,0.38888888888888884,0.410726,0.0474347027612918
2.0,2.5,0.8888888888888888,0.4444444444444444,0.349348,0.04133880367619215
2.0,2.5,0.8888888888888888,0.5,0.310132,0.03606755207420169
2.0,2.5,1.0,0.0,0.8948619999999999,0.023293865379723007
2.0,2.5,1.0,0.05555555555555555,0.882974,0.02618382151287388
2.0,2.5,1.0,0.1111111111111111,0.8644200000000001,0.028728073454529077
2.0,2.5,1.0,0.16666666666666666,0.7877580000000001,0.03999227675940445
2.0,2.5,1.0,0.2222222222222222,0.6967159999999999,0.046997114822116534
2.0,2.5,1.0,0.2777777777777778,0.5926520000000001,0.05736137682362762
2.0,2.5,1.0,0.3333333333333333,0.495496,0.05978372832422455
2.0,2.5,1.0,0.38888888888888884,0.41252000000000005,0.04759761197088212
2.0,2.5,1.0,0.4444444444444444,0.34997,0.04136732540571659
2.0,2.5,1.0,0.5,0.31128199999999995,0.037151675196952824
2.0,3.0,0.0,0.0,0.894858,0.024008470365656325
2.0,3.0,0.0,0.05555555555555555,0.8433099999999999,0.0327525779554137
2.0,3.0,0.0,0.1111111111111111,0.7753620000000001,0.03808316703246258
2.0,3.0,0.0,0.16666666666666666,0.69449,0.050064386399626855
2.0,3.0,0.0,0.2222222222222222,0.606972,0.047922691752128654
2.0,3.0,0.0,0.2777777777777778,0.518482,0.05125926941932362
2.0,3.0,0.0,0.3333333333333333,0.4478,0.047336174611534755
2.0,3.0,0.0,0.38888888888888884,0.38944,0.04111085751003524
2.0,3.0,0.0,0.4444444444444444,0.34695600000000004,0.03667331356525766
2.0,3.0,0.0,0.5,0.306988,0.03166159770982946
2.0,3.0,0.1111111111111111,0.0,0.89357,0.023953886477035623
2.0,3.0,0.1111111111111111,0.05555555555555555,0.8492799999999999,0.030168557866884115
2.0,3.0,0.1111111111111111,0.1111111111111111,0.784538,0.03622453574554075
2.0,3.0,0.1111111111111111,0.16666666666666666,0.709296,0.04783107784710724
2.0,3.0,0.1111111111111111,0.2222222222222222,0.6277780000000001,0.05169891945239369
2.0,3.0,0.1111111111111111,0.2777777777777778,0.5431560000000001,0.052890362495352394
2.0,3.0,0.1111111111111111,0.3333333333333333,0.46293399999999996,0.048009910925705626
2.0,3.0,0.1111111111111111,0.38888888888888884,0.4032280000000001,0.04712691277620073
2.0,3.0,0.1111111111111111,0.4444444444444444,0.347958,0.040127555088177363
2.0,3.0,0.1111111111111111,0.5,0.306894,0.03447340417177249
2.0,3.0,0.2222222222222222,0.0,0.894702,0.023594206262094884
2.0,3.0,0.2222222222222222,0.05555555555555555,0.8526679999999999,0.028916883447159265
2.0,3.0,0.2222222222222222,0.1111111111111111,0.7988959999999999,0.036086141428620655
2.0,3.0,0.2222222222222222,0.16666666666666666,0.727178,0.04700401121330265
2.0,3.0,0.2222222222222222,0.2222222222222222,0.6525839999999999,0.05166966666145439
2.0,3.0,0.2222222222222222,0.2777777777777778,0.5654,0.05373989162534482
2.0,3.0,0.2222222222222222,0.3333333333333333,0.48285,0.054682500415612005
2.0,3.0,0.2222222222222222,0.38888888888888884,0.41314599999999996,0.0509657895790385
2.0,3.0,0.2222222222222222,0.4444444444444444,0.35314199999999996,0.04218631539270555
2.0,3.0,0.2222222222222222,0.5,0.30980399999999997,0.0356121613507541
2.0,3.0,0.3333333333333333,0.0,0.895898,0.02307623498845697
2.0,3.0,0.3333333333333333,0.05555555555555555,0.858298,0.031116066834200967
2.0,3.0,0.3333333333333333,0.1111111111111111,0.8113060000000001,0.03440831626884572
2.0,3.0,0.3333333333333333,0.16666666666666666,0.749612,0.04046326739174721
2.0,3.0,0.3333333333333333,0.2222222222222222,0.67793,0.05316983319820224
2.0,3.0,0.3333333333333333,0.2777777777777778,0.59892,0.0560688240116743
2.0,3.0,0.3333333333333333,0.3333333333333333,0.49843200000000004,0.05404923696068303
2.0,3.0,0.3333333333333333,0.38888888888888884,0.41089600000000004,0.04714546185102329
2.0,3.0,0.3333333333333333,0.4444444444444444,0.3503919999999999,0.041114756260553574
2.0,3.0,0.3333333333333333,0.5,0.307056,0.03653944616784038
2.0,3.0,0.4444444444444444,0.0,0.8946259999999999,0.023929382664611712
2.0,3.0,0.4444444444444444,0.05555555555555555,0.862694,0.02811991862803474
2.0,3.0,0.4444444444444444,0.1111111111111111,0.820768,0.035169075958967344
2.0,3.0,0.4444444444444444,0.16666666666666666,0.768068,0.04226568528137938
2.0,3.0,0.4444444444444444,0.2222222222222222,0.6930499999999999,0.05303108609282266
2.0,3.0,0.4444444444444444,0.2777777777777778,0.589564,0.05608626607722224
2.0,3.0,0.4444444444444444,0.3333333333333333,0.49363199999999996,0.05296348589052038
2.0,3.0,0.4444444444444444,0.38888888888888884,0.410626,0.04877733675757959
2.0,3.0,0.4444444444444444,0.4444444444444444,0.35177200000000003,0.04288863352651309
2.0,3.0,0.4444444444444444,0.5,0.31246,0.03691848248096601
2.0,3.0,0.5555555555555556,0.0,0.893352,0.02507032385663484
2.0,3.0,0.5555555555555556,0.05555555555555555,0.86878,0.027575431253520518
2.0,3.0,0.5555555555555556,0.1111111111111111,0.8297599999999999,0.034776157958070195
2.0,3.0,0.5555555555555556,0.16666666666666666,0.785682,0.04176157245444351
2.0,3.0,0.5555555555555556,0.2222222222222222,0.69134,0.05099279292076203
2.0,3.0,0.5555555555555556,0.2777777777777778,0.5959880000000001,0.057439589735111055
2.0,3.0,0.5555555555555556,0.3333333333333333,0.490416,0.05471374719633566
2.0,3.0,0.5555555555555556,0.38888888888888884,0.41210399999999997,0.04867034815551619
2.0,3.0,0.5555555555555556,0.4444444444444444,0.35264200000000007,0.040700256236483705
2.0,3.0,0.5555555555555556,0.5,0.30739,0.03662842041864117
2.0,3.0,0.6666666666666666,0.0,0.895182,0.024408778193629695
2.0,3.0,0.6666666666666666,0.05555555555555555,0.8702059999999999,0.027486917347176308
2.0,3.0,0.6666666666666666,0.1111111111111111,0.8410460000000001,0.03306403400508442
2.0,3.0,0.6666666666666666,0.16666666666666666,0.792672,0.039246413568069016
2.0,3.0,0.6666666666666666,0.2222222222222222,0.696698,0.05162644065543836
2.0,3.0,0.6666666666666666,0.2777777777777778,0.590918,0.057255809587001084
2.0,3.0,0.6666666666666666,0.3333333333333333,0.49044800000000005,0.056868051193029165
2.0,3.0,0.6666666666666666,0.38888888888888884,0.411742,0.04990366908732016
2.0,3.0,0.6666666666666666,0.4444444444444444,0.35542000000000007,0.043899726331081926
2.0,3.0,0.6666666666666666,0.5,0.309624,0.036205528647006636
2.0,3.0,0.7777777777777777,0.0,0.894188,0.022906113508671548
2.0,3.0,0.7777777777777777,0.05555555555555555,0.87443,0.027587664970363752
2.0,3.0,0.7777777777777777,0.1111111111111111,0.8522439999999999,0.032117402121561396
2.0,3.0,0.7777777777777777,0.16666666666666666,0.7873859999999999,0.0385269991476971
2.0,3.0,0.7777777777777777,0.2222222222222222,0.69142,0.05150149909291608
2.0,3.0,0.7777777777777777,0.2777777777777778,0.5881620000000001,0.05948799373653137
2.0,3.0,0.7777777777777777,0.3333333333333333,0.49498400000000004,0.055311612641342975
2.0,3.0,0.7777777777777777,0.38888888888888884,0.40984799999999993,0.052315875196685666
2.0,3.0,0.7777777777777777,0.4444444444444444,0.35102999999999995,0.039477919299583775
2.0,3.0,0.7777777777777777,0.5,0.307362,0.036915748685378225
2.0,3.0,0.8888888888888888,0.0,0.8936120000000001,0.025346288182874023
2.0,3.0,0.8888888888888888,0.05555555555555555,0.880418,0.028534675948097374
2.0,3.0,0.8888888888888888,0.1111111111111111,0.859114,0.030681977960084105
2.0,3.0,0.8888888888888888,0.16666666666666666,0.7878040000000001,0.04229940973735043
2.0,3.0,0.8888888888888888,0.2222222222222222,0.695674,0.0531078205654348
2.0,3.0,0.8888888888888888,0.2777777777777778,0.5953599999999999,0.055368526687053804
2.0,3.0,0.8888888888888888,0.3333333333333333,0.489606,0.057583421788999826
2.0,3.0,0.8888888888888888,0.38888888888888884,0.410762,0.05158044630363103
2.0,3.0,0.8888888888888888,0.4444444444444444,0.35516,0.043998296560212424
2.0,3.0,0.8888888888888888,0.5,0.308182,0.036883677790789104
2.0,3.0,1.0,0.0,0.8949020000000001,0.02407537420865092
2.0,3.0,1.0,0.05555555555555555,0.8842,0.02507703561888571
2.0,3.0,1.0,0.1111111111111111,0.8621340000000001,0.02928356361845999
2.0,3.0,1.0,0.16666666666666666,0.789446,0.040688748229270086
2.0,3.0,1.0,0.2222222222222222,0.699266,0.05104836054398277
2.0,3.0,1.0,0.2777777777777778,0.589216,0.05752268302264984
2.0,3.0,1.0,0.3333333333333333,0.49468399999999996,0.056962844691524156
2.0,3.0,1.0,0.38888888888888884,0.41650400000000004,0.0516315564285881
2.0,3.0,1.0,0.4444444444444444,0.35220999999999997,0.0418732927447864
2.0,3.0,1.0,0.5,0.31027,0.03689101508481402
2.5,0.0,0.0,0.0,0.8935879999999999,0.026027776437732558
2.5,0.0,0.0,0.05555555555555555,0.842348,0.031414592935427275
2.5,0.0,0.0,0.1111111111111111,0.781142,0.03872468254325853
2.5,0.0,0.0,0.16666666666666666,0.7053520000000001,0.045709153891742495
2.5,0.0,0.0,0.2222222222222222,0.624482,0.04936045568236117
2.5,0.0,0.0,0.2777777777777778,0.543618,0.049130353747135154
2.5,0.0,0.0,0.3333333333333333,0.48053999999999997,0.04657310929085621
2.5,0.0,0.0,0.38888888888888884,0.42262,0.04271619067627384
2.5,0.0,0.0,0.4444444444444444,0.379326,0.03745976764990367
2.5,0.0,0.0,0.5,0.34520000000000006,0.03531087248186968
2.5,0.0,0.1111111111111111,0.0,0.893312,0.024669410524600366
2.5,0.0,0.1111111111111111,0.05555555555555555,0.845152,0.031695205759487866
2.5,0.0,0.1111111111111111,0.1111111111111111,0.788922,0.038989849097750176
2.5,0.0,0.1111111111111111,0.16666666666666666,0.714656,0.04628392883211485
2.5,0.0,0.1111111111111111,0.2222222222222222,0.631264,0.05122591622397761
2.5,0.0,0.1111111111111111,0.2777777777777778,0.549924,0.053874215411199675
2.5,0.0,0.1111111111111111,0.3333333333333333,0.472074,0.05245626600976641
2.5,0.0,0.1111111111111111,0.38888888888888884,0.41017200000000004,0.04974180243838817
2.5,0.0,0.1111111111111111,0.4444444444444444,0.361702,0.03923345158722202
2.5,0.0,0.1111111111111111,0.5,0.32426199999999994,0.03794169871002093
2.5,0.0,0.2222222222222222,0.0,0.896972,0.021891589695561126
2.5,0.0,0.2222222222222222,0.05555555555555555,0.8506659999999999,0.032149052352040935
2.5,0.0,0.2222222222222222,0.1111111111111111,0.7956,0.039806797941113636
2.5,0.0,0.2222222222222222,0.16666666666666666,0.7243379999999999,0.04667604377112791
2.5,0.0,0.2222222222222222,0.2222222222222222,0.640612,0.05563949102861966
2.5,0.0,0.2222222222222222,0.2777777777777778,0.555856,0.056113962768951454
2.5,0.0,0.2222222222222222,0.3333333333333333,0.46992,0.06044678011650336
2.5,0.0,0.2222222222222222,0.38888888888888884,0.398098,0.05140206942801978
2.5,0.0,0.2222222222222222,0.4444444444444444,0.338352,0.04703262944451363
2.5,0.0,0.2222222222222222,0.5,0.299222,0.04537976820925214
2.5,0.0,0.3333333333333333,0.0,0.8921420000000001,0.02531330406575664
2.5,0.0,0.3333333333333333,0.05555555555555555,0.8517239999999999,0.031481454667406206
2.5,0.0,0.3333333333333333,0.1111111111111111,0.803024,0.038273766294588056
2.5,0.0,0.3333333333333333,0.16666666666666666,0.734196,0.04565990843701895
2.5,0.0,0.3333333333333333,0.2222222222222222,0.6537099999999999,0.058964153880860286
2.5,0.0,0.3333333333333333,0.2777777777777778,0.556644,0.06748512241594432
2.5,0.0,0.3333333333333333,0.3333333333333333,0.46069,0.06866066175726747
2.5,0.0,0.3333333333333333,0.38888888888888884,0.369492,0.06470532818083824
2.5,0.0,0.3333333333333333,0.4444444444444444,0.29548199999999997,0.06089049993195924
2.5,0.0,0.3333333333333333,0.5,0.248858,0.04788896053457587
2.5,0.0,0.4444444444444444,0.0,0.894952,0.02509815792169069
2.5,0.0,0.4444444444444444,0.05555555555555555,0.855164,0.031012265722621772
2.5,0.0,0.4444444444444444,0.1111111111111111,0.806768,0.03843494068332434
2.5,0.0,0.4444444444444444,0.16666666666666666,0.7490939999999999,0.045146312618930165
2.5,0.0,0.4444444444444444,0.2222222222222222,0.6657639999999999,0.060582743761597384
2.5,0.0,0.4444444444444444,0.2777777777777778,0.556078,0.0786618795770683
2.5,0.0,0.4444444444444444,0.3333333333333333,0.44963200000000003,0.0849614587618992
2.5,0.0,0.4444444444444444,0.38888888888888884,0.326464,0.08174389783749815
2.5,0.0,0.4444444444444444,0.4444444444444444,0.241886,0.05657198762256046
2.5,0.0,0.4444444444444444,0.5,0.214918,0.028154299941757048
2.5,0.0,0.5555555555555556,0.0,0.8947220000000001,0.023904886596811406
2.5,0.0,0.5555555555555556,0.05555555555555555,0.8627480000000001,0.02795617268480014
2.5,0.0,0.5555555555555556,0.1111111111111111,0.815502,0.037102819764391726
2.5,0.0,0.5555555555555556,0.16666666666666666,0.7554200000000001,0.04749179446053987
2.5,0.0,0.5555555555555556,0.2222222222222222,0.676508,0.06598844509284593
2.5,0.0,0.5555555555555556,0.2777777777777778,0.56589,0.09105673262924728
2.5,0.0,0.5555555555555556,0.3333333333333333,0.4024400000000001,0.12480308497805685
2.5,0.0,0.5555555555555556,0.38888888888888884,0.25012,0.07827517874278173
2.5,0.0,0.5555555555555556,0.4444444444444444,0.212864,0.027539250618876663
2.5,0.0,0.5555555555555556,0.5,0.21135600000000002,0.02114842253103295
2.5,0.0,0.6666666666666666,0.0,0.8942720000000001,0.025338075145997358
2.5,0.0,0.6666666666666666,0.05555555555555555,0.865896,0.028734587818066037
2.5,0.0,0.6666666666666666,0.1111111111111111,0.826662,0.0363473522561419
2.5,0.0,0.6666666666666666,0.16666666666666666,0.768052,0.0476963644564733
2.5,0.0,0.6666666666666666,0.2222222222222222,0.696068,0.07062301747443527
2.5,0.0,0.6666666666666666,0.2777777777777778,0.548702,0.14446794513088598
2.5,0.0,0.6666666666666666,0.3333333333333333,0.304276,0.14478826993310073
2.5,0.0,0.6666666666666666,0.38888888888888884,0.21686400000000003,0.03937056752415881
2.5,0.0,0.6666666666666666,0.4444444444444444,0.21171399999999999,0.023140249486394593
2.5,0.0,0.6666666666666666,0.5,0.212718,0.019843033234258105
2.5,0.0,0.7777777777777777,0.0,0.8949860000000001,0.025567737921937686
2.5,0.0,0.7777777777777777,0.05555555555555555,0.866146,0.029458790278103743
2.5,0.0,0.7777777777777777,0.1111111111111111,0.832216,0.03541029683925974
2.5,0.0,0.7777777777777777,0.16666666666666666,0.783062,0.04578898796476807
2.5,0.0,0.7777777777777777,0.2222222222222222,0.70486,0.0933967360275572
2.5,0.0,0.7777777777777777,0.2777777777777778,0.45177200000000006,0.21807479737581098
2.5,0.0,0.7777777777777777,0.3333333333333333,0.22884200000000002,0.0835712471050024
2.5,0.0,0.7777777777777777,0.38888888888888884,0.211048,0.020034481698157997
2.5,0.0,0.7777777777777777,0.4444444444444444,0.21230600000000002,0.021042384082030997
2.5,0.0,0.7777777777777777,0.5,0.21227800000000002,0.020162384767656777
2.5,0.0,0.8888888888888888,0.0,0.894298,0.02467953311368389
2.5,0.0,0.8888888888888888,0.05555555555555555,0.8681239999999999,0.030766504181644023
2.5,0.0,0.8888888888888888,0.1111111111111111,0.8372379999999999,0.032460510246311615
2.5,0.0,0.8888888888888888,0.16666666666666666,0.7938740000000002,0.056992265797399584
2.5,0.0,0.8888888888888888,0.2222222222222222,0.668914,0.18679494454243997
2.5,0.0,0.8888888888888888,0.2777777777777778,0.31695000000000007,0.20443319045281624
2.5,0.0,0.8888888888888888,0.3333333333333333,0.213524,0.03130087720540201
2.5,0.0,0.8888888888888888,0.38888888888888884,0.21234999999999998,0.01947166637920767
2.5,0.0,0.8888888888888888,0.4444444444444444,0.21174,0.019821154262873425
2.5,0.0,0.8888888888888888,0.5,0.213064,0.0206505397892446
2.5,0.0,1.0,0.0,0.8964300000000001,0.02179392232022958
2.5,0.0,1.0,0.05555555555555555,0.8736240000000001,0.02839258533144892
2.5,0.0,1.0,0.1111111111111111,0.846736,0.035000748689387136
2.5,0.0,1.0,0.16666666666666666,0.8066579999999999,0.07262292485454477
2.5,0.0,1.0,0.2222222222222222,0.608148,0.26325851208340584
2.5,0.0,1.0,0.2777777777777778,0.230852,0.10528374723033808
2.5,0.0,1.0,0.3333333333333333,0.21113400000000002,0.019306722743287433
2.5,0.0,1.0,0.38888888888888884,0.21285800000000002,0.019377430314962363
2.5,0.0,1.0,0.4444444444444444,0.21178000000000002,0.01879153649086138
2.5,0.0,1.0,0.5,0.21082800000000002,0.0189442388173486
2.5,0.5,0.0,0.0,0.895358,0.02293708909413366
2.5,0.5,0.0,0.05555555555555555,0.846048,0.03257649693114054
2.5,0.5,0.0,0.1111111111111111,0.777782,0.037796608886070365
2.5,0.5,0.0,0.16666666666666666,0.704112,0.045742104633177356
2.5,0.5,0.0,0.2222222222222222,0.627826,0.04925163114395991
2.5,0.5,0.0,0.2777777777777778,0.5459959999999999,0.05282652048481961
2.5,0.5,0.0,0.3333333333333333,0.478168,0.04678951049738788
2.5,0.5,0.0,0.38888888888888884,0.42016000000000003,0.037390031142775414
2.5,0.5,0.0,0.4444444444444444,0.37763199999999997,0.04034565800975962
2.5,0.5,0.0,0.5,0.34431799999999996,0.03486252525756947
2.5,0.5,0.1111111111111111,0.0,0.894686,0.023936024535020074
2.5,0.5,0.1111111111111111,0.05555555555555555,0.8477020000000001,0.03200941112862908
2.5,0.5,0.1111111111111111,0.1111111111111111,0.7878160000000001,0.03898252709660669
2.5,0.5,0.1111111111111111,0.16666666666666666,0.71626,0.04630019239302643
2.5,0.5,0.1111111111111111,0.2222222222222222,0.6343759999999999,0.05151565149250658
2.5,0.5,0.1111111111111111,0.2777777777777778,0.5601619999999999,0.053681385398260284
2.5,0.5,0.1111111111111111,0.3333333333333333,0.483536,0.04891763049398747
2.5,0.5,0.1111111111111111,0.38888888888888884,0.420254,0.04732183635905084
2.5,0.5,0.1111111111111111,0.4444444444444444,0.369954,0.04293878622790182
2.5,0.5,0.1111111111111111,0.5,0.33218200000000003,0.03739204736856255
2.5,0.5,0.2222222222222222,0.0,0.8952180000000001,0.024914492567173832
2.5,0.5,0.2222222222222222,0.05555555555555555,0.852716,0.030345230432805095
2.5,0.5,0.2222222222222222,0.1111111111111111,0.795048,0.03857597578565746
2.5,0.5,0.2222222222222222,0.16666666666666666,0.7312860000000001,0.04534826495323209
2.5,0.5,0.2222222222222222,0.2222222222222222,0.654692,0.05159516700735675
2.5,0.5,0.2222222222222222,0.2777777777777778,0.5655159999999999,0.05285126542016781
2.5,0.5,0.2222222222222222,0.3333333333333333,0.49125,0.056565491331899864
2.5,0.5,0.2222222222222222,0.38888888888888884,0.42007,0.05272970646502573
2.5,0.5,0.2222222222222222,0.4444444444444444,0.365222,0.04983202964315936
2.5,0.5,0.2222222222222222,0.5,0.32050599999999996,0.04563317584252656
2.5,0.5,0.3333333333333333,0.0,0.894782,0.023693908047367682
2.5,0.5,0.3333333333333333,0.05555555555555555,0.8554120000000001,0.030414541664956572
2.5,0.5,0.3333333333333333,0.1111111111111111,0.8052,0.0389964799809137
2.5,0.5,0.3333333333333333,0.16666666666666666,0.7410220000000001,0.04359631628460339
2.5,0.5,0.3333333333333333,0.2222222222222222,0.6693020000000001,0.056484722214837656
2.5,0.5,0.3333333333333333,0.2777777777777778,0.583356,0.06213174689274307
2.5,0.5,0.3333333333333333,0.3333333333333333,0.496158,0.0662371781066121
2.5,0.5,0.3333333333333333,0.38888888888888884,0.41572800000000004,0.06333802512593607
2.5,0.5,0.3333333333333333,0.4444444444444444,0.34495800000000004,0.055578035878791975
2.5,0.5,0.3333333333333333,0.5,0.30096000000000006,0.04629523623220419
2.5,0.5,0.4444444444444444,0.0,0.893382,0.023201394039383545
2.5,0.5,0.4444444444444444,0.05555555555555555,0.8599559999999999,0.02917389752146921
2.5,0.5,0.4444444444444444,0.1111111111111111,0.813396,0.03698322189051144
2.5,0.5,0.4444444444444444,0.16666666666666666,0.7585599999999999,0.04741935882297825
2.5,0.5,0.4444444444444444,0.2222222222222222,0.688434,0.055041591524911324
2.5,0.5,0.4444444444444444,0.2777777777777778,0.59663,0.0704669872535017
2.5,0.5,0.4444444444444444,0.3333333333333333,0.49890999999999996,0.07321096633143401
2.5,0.5,0.4444444444444444,0.38888888888888884,0.407372,0.07606113467742139
2.5,0.5,0.4444444444444444,0.4444444444444444,0.34422,0.0620925000069592
2.5,0.5,0.4444444444444444,0.5,0.293202,0.04460358905192075
2.5,0.5,0.5555555555555556,0.0,0.895972,0.02253243522734615
2.5,0.5,0.5555555555555556,0.05555555555555555,0.863934,0.029446354946568165
2.5,0.5,0.5555555555555556,0.1111111111111111,0.8244980000000001,0.035549874587209616
2.5,0.5,0.5555555555555556,0.16666666666666666,0.775448,0.04365821085144808
2.5,0.5,0.5555555555555556,0.2222222222222222,0.705118,0.05583991644457461
2.5,0.5,0.5555555555555556,0.2777777777777778,0.62254,0.06989287824133239
2.5,0.5,0.5555555555555556,0.3333333333333333,0.514842,0.08643433823227492
2.5,0.5,0.5555555555555556,0.38888888888888884,0.402446,0.07986019274187572
2.5,0.5,0.5555555555555556,0.4444444444444444,0.335536,0.055934945608989026
2.5,0.5,0.5555555555555556,0.5,0.294982,0.04456561301864313
2.5,0.5,0.6666666666666666,0.0,0.892438,0.02503540891215477
2.5,0.5,0.6666666666666666,0.05555555555555555,0.868452,0.02854998948860752
2.5,0.5,0.6666666666666666,0.1111111111111111,0.8340659999999998,0.034169412366661586
2.5,0.5,0.6666666666666666,0.16666666666666666,0.784304,0.043827677495268426
2.5,0.5,0.6666666666666666,0.2222222222222222,0.72753,0.05449801066399273
2.5,0.5,0.6666666666666666,0.2777777777777778,0.6435400000000001,0.08607160415656355
2.5,0.5,0.6666666666666666,0.3333333333333333,0.521026,0.09259815419499808
2.5,0.5,0.6666666666666666,0.38888888888888884,0.405144,0.07912377903524095
2.5,0.5,0.6666666666666666,0.4444444444444444,0.33714599999999995,0.05776391628039166
2.5,0.5,0.6666666666666666,0.5,0.29532200000000003,0.04367779545296743
2.5,0.5,0.7777777777777777,0.0,0.8940119999999999,0.02425986269284623
2.5,0.5,0.7777777777777777,0.05555555555555555,0.8683500000000001,0.02918237004499269
2.5,0.5,0.7777777777777777,0.1111111111111111,0.841528,0.032690465721647285
2.5,0.5,0.7777777777777777,0.16666666666666666,0.802988,0.04206098082803624
2.5,0.5,0.7777777777777777,0.2222222222222222,0.7544959999999999,0.05108657024422991
2.5,0.5,0.7777777777777777,0.2777777777777778,0.661064,0.08137744454676568
2.5,0.5,0.7777777777777777,0.3333333333333333,0.5234960000000001,0.0898212764739782
2.5,0.5,0.7777777777777777,0.38888888888888884,0.40706200000000003,0.08151662453850936
2.5,0.5,0.7777777777777777,0.4444444444444444,0.33880400000000005,0.058286638679005964
2.5,0.5,0.7777777777777777,0.5,0.29581799999999997,0.04519830361085023
2.5,0.5,0.8888888888888888,0.0,0.8952040000000001,0.023911962443425513
2.5,0.5,0.8888888888888888,0.05555555555555555,0.872286,0.02927377857784078
2.5,0.5,0.8888888888888888,0.1111111111111111,0.849468,0.033633903355242904
2.5,0.5,0.8888888888888888,0.16666666666666666,0.8198399999999999,0.03911601366512313
2.5,0.5,0.8888888888888888,0.2222222222222222,0.7729779999999999,0.053290912534103174
2.5,0.5,0.8888888888888888,0.2777777777777778,0.66738,0.08082730793126065
2.5,0.5,0.8888888888888888,0.3333333333333333,0.527962,0.10022262071711562
2.5,0.5,0.8888888888888888,0.38888888888888884,0.40068,0.0768593280781536
2.5,0.5,0.8888888888888888,0.4444444444444444,0.335782,0.05655148642816092
2.5,0.5,0.8888888888888888,0.5,0.29439,0.04246136874467594
2.5,0.5,1.0,0.0,0.893648,0.024222583741753338
2.5,0.5,1.0,0.05555555555555555,0.8791399999999999,0.026263051913126625
2.5,0.5,1.0,0.1111111111111111,0.859604,0.031180822172333523
2.5,0.5,1.0,0.16666666666666666,0.834596,0.03846994485718207
2.5,0.5,1.0,0.2222222222222222,0.784586,0.06010854080207495
2.5,0.5,1.0,0.2777777777777778,0.6641859999999999,0.08201475626062044
2.5,0.5,1.0,0.3333333333333333,0.526328,0.08923846380819031
2.5,0.5,1.0,0.38888888888888884,0.407966,0.08085433625590384
2.5,0.5,1.0,0.4444444444444444,0.339178,0.058151504804450624
2.5,0.5,1.0,0.5,0.297294,0.04339310414079578
2.5,1.0,0.0,0.0,0.8944260000000002,0.023828725108166447
2.5,1.0,0.0,0.05555555555555555,0.844904,0.029889153668413358
2.5,1.0,0.0,0.1111111111111111,0.7829640000000001,0.0387166199107648
2.5,1.0,0.0,0.16666666666666666,0.7044,0.0463786800580596
2.5,1.0,0.0,0.2222222222222222,0.62263,0.05032612181635049
2.5,1.0,0.0,0.2777777777777778,0.545002,0.04887444545810904
2.5,1.0,0.0,0.3333333333333333,0.480076,0.047337087190144
2.5,1.0,0.0,0.38888888888888884,0.427236,0.04295731562763046
2.5,1.0,0.0,0.4444444444444444,0.37532,0.038200158431718804
2.5,1.0,0.0,0.5,0.34157399999999993,0.03362048777749653
2.5,1.0,0.1111111111111111,0.0,0.893366,0.024849528005259358
2.5,1.0,0.1111111111111111,0.05555555555555555,0.8493899999999999,0.030099732353885657
2.5,1.0,0.1111111111111111,0.1111111111111111,0.7939919999999999,0.03834047365173882
2.5,1.0,0.1111111111111111,0.16666666666666666,0.7214020000000001,0.042687948156776886
2.5,1.0,0.1111111111111111,0.2222222222222222,0.64147,0.04859308258744964
2.5,1.0,0.1111111111111111,0.2777777777777778,0.5592159999999999,0.05316225912798648
2.5,1.0,0.1111111111111111,0.3333333333333333,0.489344,0.04998157640531079
2.5,1.0,0.1111111111111111,0.38888888888888884,0.430986,0.04814454900815249
2.5,1.0,0.1111111111111111,0.4444444444444444,0.379454,0.043852868002721646
2.5,1.0,0.1111111111111111,0.5,0.339548,0.03668857859878464
2.5,1.0,0.2222222222222222,0.0,0.893862,0.024054942038444965
2.5,1.0,0.2222222222222222,0.05555555555555555,0.8536959999999999,0.030557996765702193
2.5,1.0,0.2222222222222222,0.1111111111111111,0.800428,0.03777346270822863
2.5,1.0,0.2222222222222222,0.16666666666666666,0.734316,0.04560684282237096
2.5,1.0,0.2222222222222222,0.2222222222222222,0.660974,0.04776719306665332
2.5,1.0,0.2222222222222222,0.2777777777777778,0.578508,0.05425418850134872
2.5,1.0,0.2222222222222222,0.3333333333333333,0.49857000000000007,0.05560443152853217
2.5,1.0,0.2222222222222222,0.38888888888888884,0.434156,0.050620119092252516
2.5,1.0,0.2222222222222222,0.4444444444444444,0.38029999999999997,0.04506817369897656
2.5,1.0,0.2222222222222222,0.5,0.33828800000000003,0.043159547600712826
2.5,1.0,0.3333333333333333,0.0,0.894558,0.023064139808156324
2.5,1.0,0.3333333333333333,0.05555555555555555,0.8564099999999999,0.031039600732407226
2.5,1.0,0.3333333333333333,0.1111111111111111,0.808602,0.038056908078626266
2.5,1.0,0.3333333333333333,0.16666666666666666,0.7506860000000001,0.041909237315235055
2.5,1.0,0.3333333333333333,0.2222222222222222,0.67979,0.05359839060037064
2.5,1.0,0.3333333333333333,0.2777777777777778,0.601376,0.05483360349406456
2.5,1.0,0.3333333333333333,0.3333333333333333,0.5187639999999999,0.060070669003675144
2.5,1.0,0.3333333333333333,0.38888888888888884,0.437616,0.05994520330099478
2.5,1.0,0.3333333333333333,0.4444444444444444,0.379938,0.05418721865283973
2.5,1.0,0.3333333333333333,0.5,0.33498,0.04539035325194852
2.5,1.0,0.4444444444444444,0.0,0.89283,0.02411821877655787
2.5,1.0,0.4444444444444444,0.05555555555555555,0.8610760000000001,0.029121234806121585
2.5,1.0,0.4444444444444444,0.1111111111111111,0.81847,0.03639299383123075
2.5,1.0,0.4444444444444444,0.16666666666666666,0.7677360000000001,0.04416699844344198
2.5,1.0,0.4444444444444444,0.2222222222222222,0.6999820000000001,0.0522893299254073
2.5,1.0,0.4444444444444444,0.2777777777777778,0.62702,0.06080383056702305
2.5,1.0,0.4444444444444444,0.3333333333333333,0.5454640000000001,0.0634430354056532
2.5,1.0,0.4444444444444444,0.38888888888888884,0.45449,0.06605513198020155
2.5,1.0,0.4444444444444444,0.4444444444444444,0.38271799999999995,0.05793405894957426
2.5,1.0,0.4444444444444444,0.5,0.33082599999999995,0.0443077202318545
2.5,1.0,0.5555555555555556,0.0,0.8945660000000001,0.02321377614274791
2.5,1.0,0.5555555555555556,0.05555555555555555,0.865598,0.027713253957083066
2.5,1.0,0.5555555555555556,0.1111111111111111,0.830106,0.03557552529478658
2.5,1.0,0.5555555555555556,0.16666666666666666,0.783532,0.042468200717057564
2.5,1.0,0.5555555555555556,0.2222222222222222,0.722616,0.05302414226865583
2.5,1.0,0.5555555555555556,0.2777777777777778,0.652886,0.06090928406878169
2.5,1.0,0.5555555555555556,0.3333333333333333,0.556288,0.07334286200315357
2.5,1.0,0.5555555555555556,0.38888888888888884,0.45432799999999995,0.06506436166071741
2.5,1.0,0.5555555555555556,0.4444444444444444,0.382434,0.05411101225531259
2.5,1.0,0.5555555555555556,0.5,0.329348,0.0466182519925155
2.5,1.0,0.6666666666666666,0.0,0.895058,0.02520581882433521
2.5,1.0,0.6666666666666666,0.05555555555555555,0.868214,0.02785936993160421
2.5,1.0,0.6666666666666666,0.1111111111111111,0.8396220000000001,0.03250341613000455
2.5,1.0,0.6666666666666666,0.16666666666666666,0.8000820000000001,0.03797224062543889
2.5,1.0,0.6666666666666666,0.2222222222222222,0.7501100000000002,0.05022979159749577
2.5,1.0,0.6666666666666666,0.2777777777777778,0.6684260000000001,0.06891789227589235
2.5,1.0,0.6666666666666666,0.3333333333333333,0.56274,0.07922108532910568
2.5,1.0,0.6666666666666666,0.38888888888888884,0.46036600000000005,0.06767306207540282
2.5,1.0,0.6666666666666666,0.4444444444444444,0.38073599999999996,0.0574182899784389
2.5,1.0,0.6666666666666666,0.5,0.33067399999999997,0.04301357995006043
2.5,1.0,0.7777777777777777,0.0,0.8938820000000001,0.025529190255670492
2.5,1.0,0.7777777777777777,0.05555555555555555,0.87471,0.02701201951718521
2.5,1.0,0.7777777777777777,0.1111111111111111,0.8471020000000001,0.03196716119378728
2.5,1.0,0.7777777777777777,0.16666666666666666,0.8179379999999999,0.039250163141230705
2.5,1.0,0.7777777777777777,0.2222222222222222,0.771298,0.051635119513120796
2.5,1.0,0.7777777777777777,0.2777777777777778,0.671938,0.07244420253520584
2.5,1.0,0.7777777777777777,0.3333333333333333,0.5605939999999999,0.07600860332593355
2.5,1.0,0.7777777777777777,0.38888888888888884,0.45372,0.06658556054992323
2.5,1.0,0.7777777777777777,0.4444444444444444,0.37922,0.05642161285175733
2.5,1.0,0.7777777777777777,0.5,0.33523000000000003,0.04456304331684853
2.5,1.0,0.8888888888888888,0.0,0.894268,0.02332561563366291
2.5,1.0,0.8888888888888888,0.05555555555555555,0.874904,0.02742266926429955
2.5,1.0,0.8888888888888888,0.1111111111111111,0.859174,0.03204968156123167
2.5,1.0,0.8888888888888888,0.16666666666666666,0.833722,0.03365665248525209
2.5,1.0,0.8888888888888888,0.2222222222222222,0.782648,0.05031245155588352
2.5,1.0,0.8888888888888888,0.2777777777777778,0.6753259999999999,0.07117119080640427
2.5,1.0,0.8888888888888888,0.3333333333333333,0.555438,0.07959958759120161
2.5,1.0,0.8888888888888888,0.38888888888888884,0.45414599999999994,0.0683081011107373
2.5,1.0,0.8888888888888888,0.4444444444444444,0.38133000000000006,0.056945541435469364
2.5,1.0,0.8888888888888888,0.5,0.33239599999999997,0.04609630052231618
2.5,1.0,1.0,0.0,0.892692,0.0238601708188145
2.5,1.0,1.0,0.05555555555555555,0.882242,0.026182254618611983
2.5,1.0,1.0,0.1111111111111111,0.8652740000000001,0.029629355737897618
2.5,1.0,1.0,0.16666666666666666,0.8459139999999999,0.0328378326096745
2.5,1.0,1.0,0.2222222222222222,0.773996,0.05593705294153033
2.5,1.0,1.0,0.2777777777777778,0.6722539999999999,0.06808062445992771
2.5,1.0,1.0,0.3333333333333333,0.5553620000000001,0.07730461151783798
2.5,1.0,1.0,0.38888888888888884,0.45114,0.0731071933768962
2.5,1.0,1.0,0.4444444444444444,0.379612,0.05556784165371285
2.5,1.0,1.0,0.5,0.33298,0.047764447918613485
2.5,1.5,0.0,0.0,0.894744,0.02555591268858724
2.5,1.5,0.0,0.05555555555555555,0.8410599999999999,0.032896698703230726
2.5,1.5,0.0,0.1111111111111111,0.77707,0.040834151832893795
2.5,1.5,0.0,0.16666666666666666,0.703152,0.0487955213293557
2.5,1.5,0.0,0.2222222222222222,0.619738,0.047236680280560106
2.5,1.5,0.0,0.2777777777777778,0.53972,0.05161225872310765
2.5,1.5,0.0,0.3333333333333333,0.47796000000000005,0.04736430253163893
2.5,1.5,0.0,0.38888888888888884,0.42362,0.04318018825010643
2.5,1.5,0.0,0.4444444444444444,0.379728,0.03903338604903379
2.5,1.5,0.0,0.5,0.340354,0.03596921256442807
2.5,1.5,0.1111111111111111,0.0,0.8959259999999999,0.023534405888423076
2.5,1.5,0.1111111111111111,0.05555555555555555,0.851836,0.029267495221714936
2.5,1.5,0.1111111111111111,0.1111111111111111,0.79259,0.038428106103181224
2.5,1.5,0.1111111111111111,0.16666666666666666,0.718582,0.04900688344763929
2.5,1.5,0.1111111111111111,0.2222222222222222,0.64479,0.05063435173032534
2.5,1.5,0.1111111111111111,0.2777777777777778,0.567526,0.05136541770756415
2.5,1.5,0.1111111111111111,0.3333333333333333,0.49525600000000003,0.05025524493310697
2.5,1.5,0.1111111111111111,0.38888888888888884,0.4305260000000001,0.04367613230433908
2.5,1.5,0.1111111111111111,0.4444444444444444,0.387036,0.044067204824928076
2.5,1.5,0.1111111111111111,0.5,0.34401600000000004,0.038710266253629076
2.5,1.5,0.2222222222222222,0.0,0.896312,0.022766450723753908
2.5,1.5,0.2222222222222222,0.05555555555555555,0.8534380000000001,0.030189949023542394
2.5,1.5,0.2222222222222222,0.1111111111111111,0.8000360000000001,0.03818521868277963
2.5,1.5,0.2222222222222222,0.16666666666666666,0.739314,0.045542591706210986
2.5,1.5,0.2222222222222222,0.2222222222222222,0.663124,0.05002725333408086
2.5,1.5,0.2222222222222222,0.2777777777777778,0.587472,0.05195200899365639
2.5,1.5,0.2222222222222222,0.3333333333333333,0.510278,0.05701696751994392
2.5,1.5,0.2222222222222222,0.38888888888888884,0.443196,0.051879403707619044
2.5,1.5,0.2222222222222222,0.4444444444444444,0.38985000000000003,0.046077301738176264
2.5,1.5,0.2222222222222222,0.5,0.34271799999999997,0.04234241651669099
2.5,1.5,0.3333333333333333,0.0,0.89361,0.02402474300701481
2.5,1.5,0.3333333333333333,0.05555555555555555,0.860064,0.027501865558875047
2.5,1.5,0.3333333333333333,0.1111111111111111,0.8134080000000001,0.03599835133165397
2.5,1.5,0.3333333333333333,0.16666666666666666,0.7578140000000001,0.0434012296769913
2.5,1.5,0.3333333333333333,0.2222222222222222,0.6914399999999999,0.049943759953738294
2.5,1.5,0.3333333333333333,0.2777777777777778,0.611052,0.058134331483160516
2.5,1.5,0.3333333333333333,0.3333333333333333,0.53457,0.06115944780745019
2.5,1.5,0.3333333333333333,0.38888888888888884,0.463838,0.054640634640419544
2.5,1.5,0.3333333333333333,0.4444444444444444,0.397044,0.05029717363183245
2.5,1.5,0.3333333333333333,0.5,0.34753200000000006,0.044712048830502525
2.5,1.5,0.4444444444444444,0.0,0.8958079999999999,0.025299788429731563
2.5,1.5,0.4444444444444444,0.05555555555555555,0.8638520000000001,0.02901665087593868
2.5,1.5,0.4444444444444444,0.1111111111111111,0.819008,0.03592527225189455
2.5,1.5,0.4444444444444444,0.16666666666666666,0.7716379999999999,0.03901655467975301
2.5,1.5,0.4444444444444444,0.2222222222222222,0.713056,0.04876561323379556
2.5,1.5,0.4444444444444444,0.2777777777777778,0.6408820000000001,0.05840663271830505
2.5,1.5,0.4444444444444444,0.3333333333333333,0.562224,0.0666111696327251
2.5,1.5,0.4444444444444444,0.38888888888888884,0.46344,0.06101521213783042
2.5,1.5,0.4444444444444444,0.4444444444444444,0.39345600000000003,0.04954987835393524
2.5,1.5,0.4444444444444444,0.5,0.349086,0.04323207870619359
2.5,1.5,0.5555555555555556,0.0,0.895448,0.023359851483317397
2.5,1.5,0.5555555555555556,0.05555555555555555,0.8664780000000001,0.028165583896529924
2.5,1.5,0.5555555555555556,0.1111111111111111,0.832318,0.033296880341571966
2.5,1.5,0.5555555555555556,0.16666666666666666,0.788372,0.04206548020943658
2.5,1.5,0.5555555555555556,0.2222222222222222,0.7411179999999999,0.04578988428688167
2.5,1.5,0.5555555555555556,0.2777777777777778,0.662726,0.060706783402698944
2.5,1.5,0.5555555555555556,0.3333333333333333,0.55701,0.06752490745089923
2.5,1.5,0.5555555555555556,0.38888888888888884,0.46003999999999995,0.059164442552305435
2.5,1.5,0.5555555555555556,0.4444444444444444,0.39231399999999994,0.050877386143960694
2.5,1.5,0.5555555555555556,0.5,0.34717200000000004,0.043430113579532144
2.5,1.5,0.6666666666666666,0.0,0.894116,0.024796699308439966
2.5,1.5,0.6666666666666666,0.05555555555555555,0.871448,0.027271354009271317
2.5,1.5,0.6666666666666666,0.1111111111111111,0.842888,0.031953238880431195
2.5,1.5,0.6666666666666666,0.16666666666666666,0.807476,0.038243778542324865
2.5,1.5,0.6666666666666666,0.2222222222222222,0.7596620000000001,0.05154988396761091
2.5,1.5,0.6666666666666666,0.2777777777777778,0.66058,0.06497833460420382
2.5,1.5,0.6666666666666666,0.3333333333333333,0.556014,0.06579175414767154
2.5,1.5,0.6666666666666666,0.38888888888888884,0.46537799999999996,0.05772593596787092
2.5,1.5,0.6666666666666666,0.4444444444444444,0.39358799999999994,0.04924648910713085
2.5,1.5,0.6666666666666666,0.5,0.34944400000000003,0.04350918250121286
2.5,1.5,0.7777777777777777,0.0,0.8949020000000001,0.0240280479893886
2.5,1.5,0.7777777777777777,0.05555555555555555,0.874278,0.028365859054853965
2.5,1.5,0.7777777777777777,0.1111111111111111,0.852394,0.03162763631315997
2.5,1.5,0.7777777777777777,0.16666666666666666,0.824574,0.03607224608858936
2.5,1.5,0.7777777777777777,0.2222222222222222,0.7621779999999999,0.048316905558256226
2.5,1.5,0.7777777777777777,0.2777777777777778,0.663766,0.059772810053094254
2.5,1.5,0.7777777777777777,0.3333333333333333,0.555252,0.0649002046925761
2.5,1.5,0.7777777777777777,0.38888888888888884,0.46609,0.0639634626102918
2.5,1.5,0.7777777777777777,0.4444444444444444,0.396306,0.05386772528755331
2.5,1.5,0.7777777777777777,0.5,0.34979200000000005,0.04163397063723377
2.5,1.5,0.8888888888888888,0.0,0.894198,0.023469820214945075
2.5,1.5,0.8888888888888888,0.05555555555555555,0.8790359999999999,0.02726414074827013
2.5,1.5,0.8888888888888888,0.1111111111111111,0.8632860000000001,0.029842341306763106
2.5,1.5,0.8888888888888888,0.16666666666666666,0.842166,0.03734476813979208
2.5,1.5,0.8888888888888888,0.2222222222222222,0.763272,0.05259046996426372
2.5,1.5,0.8888888888888888,0.2777777777777778,0.6626199999999999,0.06281020493269684
2.5,1.5,0.8888888888888888,0.3333333333333333,0.5626559999999999,0.06499071664861837
2.5,1.5,0.8888888888888888,0.38888888888888884,0.472366,0.06002053793450952
2.5,1.5,0.8888888888888888,0.4444444444444444,0.39719399999999994,0.05250514207092269
2.5,1.5,0.8888888888888888,0.5,0.349454,0.043172486738922565
2.5,1.5,1.0,0.0,0.893408,0.024666544403820576
2.5,1.5,1.0,0.05555555555555555,0.88525,0.024836529677328644
2.5,1.5,1.0,0.1111111111111111,0.872078,0.026834755900669156
2.5,1.5,1.0,0.16666666666666666,0.843654,0.039069824498873106
2.5,1.5,1.0,0.2222222222222222,0.768028,0.05096793773888354
2.5,1.5,1.0,0.2777777777777778,0.6688120000000001,0.05938762865171287
2.5,1.5,1.0,0.3333333333333333,0.55972,0.06710878316252732
2.5,1.5,1.0,0.38888888888888884,0.466202,0.06446142836995618
2.5,1.5,1.0,0.4444444444444444,0.39642,0.05199082314584724
2.5,1.5,1.0,0.5,0.35463,0.04411981659563949
2.5,2.0,0.0,0.0,0.893904,0.02329756074513698
2.5,2.0,0.0,0.05555555555555555,0.845052,0.030026863323399006
2.5,2.0,0.0,0.1111111111111111,0.781202,0.037808943762778054
2.5,2.0,0.0,0.16666666666666666,0.705234,0.04593324471382225
2.5,2.0,0.0,0.2222222222222222,0.621578,0.05125835301204102
2.5,2.0,0.0,0.2777777777777778,0.5448299999999999,0.050085308987293915
2.5,2.0,0.0,0.3333333333333333,0.475086,0.04458180883901771
2.5,2.0,0.0,0.38888888888888884,0.422842,0.04336965401959715
2.5,2.0,0.0,0.4444444444444444,0.378284,0.03932353015750362
2.5,2.0,0.0,0.5,0.3428919999999999,0.03537268422920656
2.5,2.0,0.1111111111111111,0.0,0.8936900000000001,0.024227419088118804
2.5,2.0,0.1111111111111111,0.05555555555555555,0.851,0.030251451214796336
2.5,2.0,0.1111111111111111,0.1111111111111111,0.791494,0.03729804622905883
2.5,2.0,0.1111111111111111,0.16666666666666666,0.719906,0.04709191502712376
2.5,2.0,0.1111111111111111,0.2222222222222222,0.646018,0.04913730380526084
2.5,2.0,0.1111111111111111,0.2777777777777778,0.565578,0.052243916100720066
2.5,2.0,0.1111111111111111,0.3333333333333333,0.500054,0.05068369321108151
2.5,2.0,0.1111111111111111,0.38888888888888884,0.43435399999999996,0.04894683103671855
2.5,2.0,0.1111111111111111,0.4444444444444444,0.38431,0.04330441599756057
2.5,2.0,0.1111111111111111,0.5,0.34558,0.03630244254412283
2.5,2.0,0.2222222222222222,0.0,0.894594,0.025210718447701952
2.5,2.0,0.2222222222222222,0.05555555555555555,0.8519580000000001,0.031125968061661177
2.5,2.0,0.2222222222222222,0.1111111111111111,0.806506,0.03572391860814603
2.5,2.0,0.2222222222222222,0.16666666666666666,0.7415419999999999,0.04620981421581048
2.5,2.0,0.2222222222222222,0.2222222222222222,0.67353,0.047147586256133606
2.5,2.0,0.2222222222222222,0.2777777777777778,0.595874,0.054250016152117504
2.5,2.0,0.2222222222222222,0.3333333333333333,0.522278,0.05528679748323196
2.5,2.0,0.2222222222222222,0.38888888888888884,0.45871799999999996,0.051477396210776655
2.5,2.0,0.2222222222222222,0.4444444444444444,0.39691999999999994,0.04936991367982637
2.5,2.0,0.2222222222222222,0.5,0.35402599999999995,0.03983253174442143
2.5,2.0,0.3333333333333333,0.0,0.893702,0.023345647013285765
2.5,2.0,0.3333333333333333,0.05555555555555555,0.860444,0.02859486311197846
2.5,2.0,0.3333333333333333,0.1111111111111111,0.813504,0.03681016109608649
2.5,2.0,0.3333333333333333,0.16666666666666666,0.7596479999999999,0.04057685372372078
2.5,2.0,0.3333333333333333,0.2222222222222222,0.6932760000000001,0.05212532900469498
2.5,2.0,0.3333333333333333,0.2777777777777778,0.62013,0.0533959113293648
2.5,2.0,0.3333333333333333,0.3333333333333333,0.54483,0.05758365092374236
2.5,2.0,0.3333333333333333,0.38888888888888884,0.46508800000000006,0.051722477564118505
2.5,2.0,0.3333333333333333,0.4444444444444444,0.402306,0.04897879345611562
2.5,2.0,0.3333333333333333,0.5,0.352068,0.042116873555335894
2.5,2.0,0.4444444444444444,0.0,0.89454,0.02363483892947963
2.5,2.0,0.4444444444444444,0.05555555555555555,0.86294,0.02890188641033926
2.5,2.0,0.4444444444444444,0.1111111111111111,0.825432,0.03658971153179483
2.5,2.0,0.4444444444444444,0.16666666666666666,0.77833,0.039624352090060905
2.5,2.0,0.4444444444444444,0.2222222222222222,0.7252540000000001,0.047724550804580636
2.5,2.0,0.4444444444444444,0.2777777777777778,0.6439900000000001,0.053686482253482645
2.5,2.0,0.4444444444444444,0.3333333333333333,0.5500640000000001,0.05735366413385598
2.5,2.0,0.4444444444444444,0.38888888888888884,0.463272,0.05355096102642517
2.5,2.0,0.4444444444444444,0.4444444444444444,0.40012800000000004,0.048402450458843935
2.5,2.0,0.4444444444444444,0.5,0.355404,0.03997249535329936
2.5,2.0,0.5555555555555556,0.0,0.895284,0.02328423619770728
2.5,2.0,0.5555555555555556,0.05555555555555555,0.86811,0.030354450832962575
2.5,2.0,0.5555555555555556,0.1111111111111111,0.8351419999999999,0.036426578582876935
2.5,2.0,0.5555555555555556,0.16666666666666666,0.7967580000000001,0.04021195641693842
2.5,2.0,0.5555555555555556,0.2222222222222222,0.7406020000000001,0.0493547097118551
2.5,2.0,0.5555555555555556,0.2777777777777778,0.6407520000000001,0.05659526963528118
2.5,2.0,0.5555555555555556,0.3333333333333333,0.5467920000000001,0.05710975208812531
2.5,2.0,0.5555555555555556,0.38888888888888884,0.46203799999999995,0.05384912266717118
2.5,2.0,0.5555555555555556,0.4444444444444444,0.39768200000000004,0.04970212750937243
2.5,2.0,0.5555555555555556,0.5,0.357348,0.040756263838631825
2.5,2.0,0.6666666666666666,0.0,0.8954160000000002,0.024885367327287515
2.5,2.0,0.6666666666666666,0.05555555555555555,0.8750119999999999,0.02566291148821788
2.5,2.0,0.6666666666666666,0.1111111111111111,0.8457680000000001,0.03298153634200441
2.5,2.0,0.6666666666666666,0.16666666666666666,0.81463,0.0360583069902902
2.5,2.0,0.6666666666666666,0.2222222222222222,0.7419860000000001,0.05143548407514105
2.5,2.0,0.6666666666666666,0.2777777777777778,0.643908,0.05851447190948314
2.5,2.0,0.6666666666666666,0.3333333333333333,0.548658,0.058368886316080754
2.5,2.0,0.6666666666666666,0.38888888888888884,0.4637,0.05235574704363404
2.5,2.0,0.6666666666666666,0.4444444444444444,0.403688,0.046061763188745955
2.5,2.0,0.6666666666666666,0.5,0.349394,0.039837630924483336
2.5,2.0,0.7777777777777777,0.0,0.89452,0.023953562288156347
2.5,2.0,0.7777777777777777,0.05555555555555555,0.878816,0.026632775925671266
2.5,2.0,0.7777777777777777,0.1111111111111111,0.855058,0.03119546361091305
2.5,2.0,0.7777777777777777,0.16666666666666666,0.8220419999999999,0.036401350973630224
2.5,2.0,0.7777777777777777,0.2222222222222222,0.7422000000000001,0.04722902880988185
2.5,2.0,0.7777777777777777,0.2777777777777778,0.63959,0.0565961495889658
2.5,2.0,0.7777777777777777,0.3333333333333333,0.5523060000000001,0.05923233325309083
2.5,2.0,0.7777777777777777,0.38888888888888884,0.46706,0.054474207461486894
2.5,2.0,0.7777777777777777,0.4444444444444444,0.401524,0.04816589385302969
2.5,2.0,0.7777777777777777,0.5,0.356192,0.0414389854488507
2.5,2.0,0.8888888888888888,0.0,0.895548,0.023990556258227092
2.5,2.0,0.8888888888888888,0.05555555555555555,0.879606,0.026207182160499214
2.5,2.0,0.8888888888888888,0.1111111111111111,0.867738,0.027984274069383714
2.5,2.0,0.8888888888888888,0.16666666666666666,0.826934,0.034173458920471855
2.5,2.0,0.8888888888888888,0.2222222222222222,0.7406320000000001,0.05193915601793807
2.5,2.0,0.8888888888888888,0.2777777777777778,0.641162,0.060153409057529604
2.5,2.0,0.8888888888888888,0.3333333333333333,0.552084,0.05759624639851452
2.5,2.0,0.8888888888888888,0.38888888888888884,0.464846,0.05408886664545653
2.5,2.0,0.8888888888888888,0.4444444444444444,0.40122599999999997,0.04674082083859173
2.5,2.0,0.8888888888888888,0.5,0.353568,0.040101441710423694
2.5,2.0,1.0,0.0,0.8946900000000001,0.023972886738922266
2.5,2.0,1.0,0.05555555555555555,0.885768,0.02366741365121835
2.5,2.0,1.0,0.1111111111111111,0.87524,0.027772162068732512
2.5,2.0,1.0,0.16666666666666666,0.825196,0.03756764885484532
2.5,2.0,1.0,0.2222222222222222,0.7372719999999999,0.049752151402108
2.5,2.0,1.0,0.2777777777777778,0.6388440000000001,0.060471491353637594
2.5,2.0,1.0,0.3333333333333333,0.5456040000000001,0.055714912608510365
2.5,2.0,1.0,0.38888888888888884,0.46575599999999995,0.04835059486757218
2.5,2.0,1.0,0.4444444444444444,0.401888,0.04728093092207169
2.5,2.0,1.0,0.5,0.353254,0.04138045635727902
2.5,2.5,0.0,0.0,0.892824,0.023737395642820812
2.5,2.5,0.0,0.05555555555555555,0.844592,0.03124249867483223
2.5,2.5,0.0,0.1111111111111111,0.7787580000000001,0.038392178301177686
2.5,2.5,0.0,0.16666666666666666,0.7017819999999999,0.042530414391310514
2.5,2.5,0.0,0.2222222222222222,0.6204379999999999,0.05067514278413417
2.5,2.5,0.0,0.2777777777777778,0.5478019999999999,0.04967851351853054
2.5,2.5,0.0,0.3333333333333333,0.47592,0.04481810935159697
2.5,2.5,0.0,0.38888888888888884,0.418906,0.042309778997267226
2.5,2.5,0.0,0.4444444444444444,0.37609000000000004,0.03899146790181509
2.5,2.5,0.0,0.5,0.347678,0.03386117946779025
2.5,2.5,0.1111111111111111,0.0,0.8942180000000001,0.024622652701366377
2.5,2.5,0.1111111111111111,0.05555555555555555,0.8506119999999999,0.030099325487285916
2.5,2.5,0.1111111111111111,0.1111111111111111,0.792748,0.0378316132079486
2.5,2.5,0.1111111111111111,0.16666666666666666,0.725302,0.04196413675446088
2.5,2.5,0.1111111111111111,0.2222222222222222,0.6467419999999999,0.04836716035080829
2.5,2.5,0.1111111111111111,0.2777777777777778,0.574684,0.05556490854958954
2.5,2.5,0.1111111111111111,0.3333333333333333,0.499848,0.047760517481075515
2.5,2.5,0.1111111111111111,0.38888888888888884,0.44163800000000003,0.043538145300326986
2.5,2.5,0.1111111111111111,0.4444444444444444,0.38845399999999997,0.042207710974790646
2.5,2.5,0.1111111111111111,0.5,0.35282,0.036797768295142655
2.5,2.5,0.2222222222222222,0.0,0.893672,0.023943579640730933
2.5,2.5,0.2222222222222222,0.05555555555555555,0.854444,0.030982231380625988
2.5,2.5,0.2222222222222222,0.1111111111111111,0.803864,0.03719376636632845
2.5,2.5,0.2222222222222222,0.16666666666666666,0.741192,0.04530709217332762
2.5,2.5,0.2222222222222222,0.2222222222222222,0.6717560000000001,0.051149868838192815
2.5,2.5,0.2222222222222222,0.2777777777777778,0.596672,0.054312209015065775
2.5,2.5,0.2222222222222222,0.3333333333333333,0.5267459999999999,0.05009095418718598
2.5,2.5,0.2222222222222222,0.38888888888888884,0.461276,0.04729470797885966
2.5,2.5,0.2222222222222222,0.4444444444444444,0.400056,0.043352921650463914
2.5,2.5,0.2222222222222222,0.5,0.354902,0.03973636058706699
2.5,2.5,0.3333333333333333,0.0,0.8941299999999999,0.023318675374953992
2.5,2.5,0.3333333333333333,0.05555555555555555,0.861116,0.028386301418403096
2.5,2.5,0.3333333333333333,0.1111111111111111,0.8160299999999999,0.03482278496481018
2.5,2.5,0.3333333333333333,0.16666666666666666,0.763396,0.04053835097533692
2.5,2.5,0.3333333333333333,0.2222222222222222,0.696858,0.047216317065124726
2.5,2.5,0.3333333333333333,0.2777777777777778,0.623344,0.052595763066859015
2.5,2.5,0.3333333333333333,0.3333333333333333,0.535974,0.04936142648718429
2.5,2.5,0.3333333333333333,0.38888888888888884,0.456856,0.04871411904971267
2.5,2.5,0.3333333333333333,0.4444444444444444,0.398916,0.04483249769641882
2.5,2.5,0.3333333333333333,0.5,0.352682,0.03789788087412671
2.5,2.5,0.4444444444444444,0.0,0.893834,0.02433455948997522
2.5,2.5,0.4444444444444444,0.05555555555555555,0.8625879999999999,0.02721425154168214
2.5,2.5,0.4444444444444444,0.1111111111111111,0.824392,0.035072532001582134
2.5,2.5,0.4444444444444444,0.16666666666666666,0.7816700000000001,0.03989215295939128
2.5,2.5,0.4444444444444444,0.2222222222222222,0.7161779999999999,0.045701592829729125
2.5,2.5,0.4444444444444444,0.2777777777777778,0.618414,0.05715116021769337
2.5,2.5,0.4444444444444444,0.3333333333333333,0.530142,0.052644626976539564
2.5,2.5,0.4444444444444444,0.38888888888888884,0.46198,0.04879189377135911
2.5,2.5,0.4444444444444444,0.4444444444444444,0.39859799999999995,0.042289066273122004
2.5,2.5,0.4444444444444444,0.5,0.354,0.03947704236322036
2.5,2.5,0.5555555555555556,0.0,0.8937180000000001,0.024698633991419142
2.5,2.5,0.5555555555555556,0.05555555555555555,0.8704500000000001,0.027589669801567396
2.5,2.5,0.5555555555555556,0.1111111111111111,0.835948,0.0339637508049019
2.5,2.5,0.5555555555555556,0.16666666666666666,0.8008099999999999,0.03918787157472467
2.5,2.5,0.5555555555555556,0.2222222222222222,0.7212759999999999,0.044051934917093936
2.5,2.5,0.5555555555555556,0.2777777777777778,0.625262,0.052773548780632555
2.5,2.5,0.5555555555555556,0.3333333333333333,0.535572,0.05509242385603183
2.5,2.5,0.5555555555555556,0.38888888888888884,0.458402,0.05047930979554762
2.5,2.5,0.5555555555555556,0.4444444444444444,0.400698,0.0436218813563346
2.5,2.5,0.5555555555555556,0.5,0.35143399999999997,0.03782251617038346
2.5,2.5,0.6666666666666666,0.0,0.892756,0.02448631501975121
2.5,2.5,0.6666666666666666,0.05555555555555555,0.8727619999999999,0.028201773633446267
2.5,2.5,0.6666666666666666,0.1111111111111111,0.8468859999999999,0.03269481466244492
2.5,2.5,0.6666666666666666,0.16666666666666666,0.8001759999999999,0.03959981457821814
2.5,2.5,0.6666666666666666,0.2222222222222222,0.713004,0.046298283403298925
2.5,2.5,0.6666666666666666,0.2777777777777778,0.620922,0.05482250386346577
2.5,2.5,0.6666666666666666,0.3333333333333333,0.53413,0.051851463320691286
2.5,2.5,0.6666666666666666,0.38888888888888884,0.45922,0.04945583240344292
2.5,2.5,0.6666666666666666,0.4444444444444444,0.40070000000000006,0.041116799271888
2.5,2.5,0.6666666666666666,0.5,0.355254,0.039758205616295804
2.5,2.5,0.7777777777777777,0.0,0.893396,0.024714059834576245
2.5,2.5,0.7777777777777777,0.05555555555555555,0.8791220000000001,0.027406008366582305
2.5,2.5,0.7777777777777777,0.1111111111111111,0.8573959999999999,0.02899891477480206
2.5,2.5,0.7777777777777777,0.16666666666666666,0.799822,0.03774917637026357
2.5,2.5,0.7777777777777777,0.2222222222222222,0.7145920000000001,0.048293499149681014
2.5,2.5,0.7777777777777777,0.2777777777777778,0.622404,0.055607131648560695
2.5,2.5,0.7777777777777777,0.3333333333333333,0.5309619999999999,0.055184810252143925
2.5,2.5,0.7777777777777777,0.38888888888888884,0.45874400000000004,0.04927765252197138
2.5,2.5,0.7777777777777777,0.4444444444444444,0.399874,0.04271823755305547
2.5,2.5,0.7777777777777777,0.5,0.35284,0.03870382891582551
2.5,2.5,0.8888888888888888,0.0,0.8962660000000001,0.022539105273569907
2.5,2.5,0.8888888888888888,0.05555555555555555,0.882258,0.02524857257022005
2.5,2.5,0.8888888888888888,0.1111111111111111,0.867712,0.029379710529233674
2.5,2.5,0.8888888888888888,0.16666666666666666,0.797676,0.039146800226019386
2.5,2.5,0.8888888888888888,0.2222222222222222,0.7156359999999999,0.04685375173990027
2.5,2.5,0.8888888888888888,0.2777777777777778,0.625498,0.0520387361117872
2.5,2.5,0.8888888888888888,0.3333333333333333,0.5306900000000001,0.05492277234302441
2.5,2.5,0.8888888888888888,0.38888888888888884,0.46047800000000005,0.04986620893538203
2.5,2.5,0.8888888888888888,0.4444444444444444,0.396798,0.04289154421480137
2.5,2.5,0.8888888888888888,0.5,0.35410200000000003,0.038963777382278936
2.5,2.5,1.0,0.0,0.8936120000000001,0.023500937089575326
2.5,2.5,1.0,0.05555555555555555,0.8867760000000001,0.026269487927860047
2.5,2.5,1.0,0.1111111111111111,0.868226,0.027099810395035877
2.5,2.5,1.0,0.16666666666666666,0.803982,0.035017683422873765
2.5,2.5,1.0,0.2222222222222222,0.7139939999999999,0.04503374334962796
2.5,2.5,1.0,0.2777777777777778,0.6209359999999999,0.05282378828916417
2.5,2.5,1.0,0.3333333333333333,0.533292,0.05399586876500252
2.5,2.5,1.0,0.38888888888888884,0.46222799999999997,0.0475808774172102
2.5,2.5,1.0,0.4444444444444444,0.399512,0.04346091990648882
2.5,2.5,1.0,0.5,0.354738,0.037017644008443755
2.5,3.0,0.0,0.0,0.8955599999999999,0.02426999103687227
2.5,3.0,0.0,0.05555555555555555,0.8451139999999999,0.030394088326686504
2.5,3.0,0.0,0.1111111111111111,0.777306,0.04091763519241403
2.5,3.0,0.0,0.16666666666666666,0.70674,0.045466061248484034
2.5,3.0,0.0,0.2222222222222222,0.6241479999999999,0.04915553508261829
2.5,3.0,0.0,0.2777777777777778,0.53824,0.04982339954564089
2.5,3.0,0.0,0.3333333333333333,0.480222,0.04864254218088976
2.5,3.0,0.0,0.38888888888888884,0.423678,0.04200298581809715
2.5,3.0,0.0,0.4444444444444444,0.376212,0.0392090519588401
2.5,3.0,0.0,0.5,0.34401800000000005,0.035977471184975345
2.5,3.0,0.1111111111111111,0.0,0.8933260000000001,0.024727527681725522
2.5,3.0,0.1111111111111111,0.05555555555555555,0.848012,0.032235914200293085
2.5,3.0,0.1111111111111111,0.1111111111111111,0.789996,0.03858639402182088
2.5,3.0,0.1111111111111111,0.16666666666666666,0.7230619999999999,0.04259740877646125
2.5,3.0,0.1111111111111111,0.2222222222222222,0.6514639999999999,0.04670352387437771
2.5,3.0,0.1111111111111111,0.2777777777777778,0.5682460000000001,0.05246471745043814
2.5,3.0,0.1111111111111111,0.3333333333333333,0.49797,0.05083874758993406
2.5,3.0,0.1111111111111111,0.38888888888888884,0.44171799999999994,0.04454902588626186
2.5,3.0,0.1111111111111111,0.4444444444444444,0.39106599999999997,0.03994868507069733
2.5,3.0,0.1111111111111111,0.5,0.35267000000000004,0.04010433661876559
2.5,3.0,0.2222222222222222,0.0,0.8948740000000001,0.02482229676789938
2.5,3.0,0.2222222222222222,0.05555555555555555,0.8556739999999999,0.029823927597059208
2.5,3.0,0.2222222222222222,0.1111111111111111,0.8051220000000001,0.03567110836438765
2.5,3.0,0.2222222222222222,0.16666666666666666,0.744928,0.04234516551017565
2.5,3.0,0.2222222222222222,0.2222222222222222,0.67199,0.049718303666143694
2.5,3.0,0.2222222222222222,0.2777777777777778,0.5938859999999999,0.05253914471567757
2.5,3.0,0.2222222222222222,0.3333333333333333,0.527166,0.051312067787229174
2.5,3.0,0.2222222222222222,0.38888888888888884,0.456192,0.05093222279301459
2.5,3.0,0.2222222222222222,0.4444444444444444,0.40314599999999995,0.04725580287976941
2.5,3.0,0.2222222222222222,0.5,0.35587599999999997,0.03962662188888487
2.5,3.0,0.3333333333333333,0.0,0.8962060000000001,0.024404070999788665
2.5,3.0,0.3333333333333333,0.05555555555555555,0.8618819999999999,0.028606865986387377
2.5,3.0,0.3333333333333333,0.1111111111111111,0.812906,0.034286970655242
2.5,3.0,0.3333333333333333,0.16666666666666666,0.7601559999999999,0.04247738599115161
2.5,3.0,0.3333333333333333,0.2222222222222222,0.699434,0.046361281051773395
2.5,3.0,0.3333333333333333,0.2777777777777778,0.619174,0.05325463205836036
2.5,3.0,0.3333333333333333,0.3333333333333333,0.53323,0.056017721036653034
2.5,3.0,0.3333333333333333,0.38888888888888884,0.457762,0.05176067707616242
2.5,3.0,0.3333333333333333,0.4444444444444444,0.40058799999999994,0.04352626019603921
2.5,3.0,0.3333333333333333,0.5,0.35404199999999997,0.03867629697755191
2.5,3.0,0.4444444444444444,0.0,0.8940420000000001,0.023033308546650675
2.5,3.0,0.4444444444444444,0.05555555555555555,0.864644,0.03164737551130437
2.5,3.0,0.4444444444444444,0.1111111111111111,0.824474,0.0343257022020428
2.5,3.0,0.4444444444444444,0.16666666666666666,0.7818039999999999,0.0396995931893363
2.5,3.0,0.4444444444444444,0.2222222222222222,0.715452,0.046583212505952716
2.5,3.0,0.4444444444444444,0.2777777777777778,0.6239439999999999,0.052495565840037686
2.5,3.0,0.4444444444444444,0.3333333333333333,0.533828,0.053605835383606776
2.5,3.0,0.4444444444444444,0.38888888888888884,0.460056,0.04904164587429872
2.5,3.0,0.4444444444444444,0.4444444444444444,0.39564200000000005,0.045702683800989484
2.5,3.0,0.4444444444444444,0.5,0.35611,0.03732726281283154
2.5,3.0,0.5555555555555556,0.0,0.8937820000000001,0.023968384236025847
2.5,3.0,0.5555555555555556,0.05555555555555555,0.8688199999999999,0.027069264677496534
2.5,3.0,0.5555555555555556,0.1111111111111111,0.837282,0.035007506724331394
2.5,3.0,0.5555555555555556,0.16666666666666666,0.7954499999999999,0.04038357545256072
2.5,3.0,0.5555555555555556,0.2222222222222222,0.717846,0.04913853350426628
2.5,3.0,0.5555555555555556,0.2777777777777778,0.622244,0.05174730941859807
2.5,3.0,0.5555555555555556,0.3333333333333333,0.534462,0.05054873792501275
2.5,3.0,0.5555555555555556,0.38888888888888884,0.458604,0.05126948707183659
2.5,3.0,0.5555555555555556,0.4444444444444444,0.395894,0.044997425488589926
2.5,3.0,0.5555555555555556,0.5,0.352956,0.03918690202837119
2.5,3.0,0.6666666666666666,0.0,0.8934259999999999,0.024948454355921527
2.5,3.0,0.6666666666666666,0.05555555555555555,0.873292,0.02703695118645811
2.5,3.0,0.6666666666666666,0.1111111111111111,0.8504639999999999,0.03266390309087787
2.5,3.0,0.6666666666666666,0.16666666666666666,0.8069079999999998,0.03357341036843791
2.5,3.0,0.6666666666666666,0.2222222222222222,0.715084,0.04883649199010715
2.5,3.0,0.6666666666666666,0.2777777777777778,0.6217659999999999,0.0504286957069227
2.5,3.0,0.6666666666666666,0.3333333333333333,0.536644,0.0516096539104217
2.5,3.0,0.6666666666666666,0.38888888888888884,0.45687600000000006,0.05001924102728761
2.5,3.0,0.6666666666666666,0.4444444444444444,0.397924,0.041814676350734
2.5,3.0,0.6666666666666666,0.5,0.354928,0.04033103023727512
2.5,3.0,0.7777777777777777,0.0,0.893482,0.02411341098182415
2.5,3.0,0.7777777777777777,0.05555555555555555,0.879568,0.027144927152974303
2.5,3.0,0.7777777777777777,0.1111111111111111,0.856488,0.03375500936623525
2.5,3.0,0.7777777777777777,0.16666666666666666,0.800964,0.03968834884532406
2.5,3.0,0.7777777777777777,0.2222222222222222,0.7184760000000001,0.04567741538827593
2.5,3.0,0.7777777777777777,0.2777777777777778,0.6207039999999999,0.054906993542533
2.5,3.0,0.7777777777777777,0.3333333333333333,0.5340119999999999,0.052533030510234016
2.5,3.0,0.7777777777777777,0.38888888888888884,0.46099399999999996,0.047706328212334746
2.5,3.0,0.7777777777777777,0.4444444444444444,0.40306000000000003,0.043232053164772126
2.5,3.0,0.7777777777777777,0.5,0.35685400000000006,0.037026025131981805
2.5,3.0,0.8888888888888888,0.0,0.894848,0.023225325131306786
2.5,3.0,0.8888888888888888,0.05555555555555555,0.883452,0.027863101062186243
2.5,3.0,0.8888888888888888,0.1111111111111111,0.8663299999999999,0.031375051996380056
2.5,3.0,0.8888888888888888,0.16666666666666666,0.8026579999999999,0.03732762702716256
2.5,3.0,0.8888888888888888,0.2222222222222222,0.7144320000000001,0.045726701591924976
2.5,3.0,0.8888888888888888,0.2777777777777778,0.625454,0.05074530575444614
2.5,3.0,0.8888888888888888,0.3333333333333333,0.532536,0.054766298019836936
2.5,3.0,0.8888888888888888,0.38888888888888884,0.45936400000000005,0.05086757832893267
2.5,3.0,0.8888888888888888,0.4444444444444444,0.396964,0.045731361436520505
2.5,3.0,0.8888888888888888,0.5,0.356636,0.0387404329647022
2.5,3.0,1.0,0.0,0.892434,0.024009551456081916
2.5,3.0,1.0,0.05555555555555555,0.8872940000000001,0.024663579389386975
2.5,3.0,1.0,0.1111111111111111,0.865596,0.028170408727168163
2.5,3.0,1.0,0.16666666666666666,0.801612,0.039480817188246024
2.5,3.0,1.0,0.2222222222222222,0.71867,0.048169551704607405
2.5,3.0,1.0,0.2777777777777778,0.6225620000000001,0.05231098387593313
2.5,3.0,1.0,0.3333333333333333,0.5321480000000001,0.05266274608915967
2.5,3.0,1.0,0.38888888888888884,0.45797400000000005,0.046837472408780625
2.5,3.0,1.0,0.4444444444444444,0.395418,0.04384815386301217
2.5,3.0,1.0,0.5,0.352936,0.03940611103844617
3.0,0.0,0.0,0.0,0.895784,0.023728958488350993
3.0,0.0,0.0,0.05555555555555555,0.847726,0.03150154947361284
3.0,0.0,0.0,0.1111111111111111,0.7893960000000001,0.03671221537193077
3.0,0.0,0.0,0.16666666666666666,0.7174259999999999,0.043422892801360864
3.0,0.0,0.0,0.2222222222222222,0.6379,0.04795557814217133
3.0,0.0,0.0,0.2777777777777778,0.569418,0.049097621417515884
3.0,0.0,0.0,0.3333333333333333,0.505928,0.046830770419845034
3.0,0.0,0.0,0.38888888888888884,0.453966,0.04220131212996798
3.0,0.0,0.0,0.4444444444444444,0.41204399999999997,0.04034344123275805
3.0,0.0,0.0,0.5,0.376202,0.03673810791462038
3.0,0.0,0.1111111111111111,0.0,0.89352,0.02537063140475129
3.0,0.0,0.1111111111111111,0.05555555555555555,0.8511579999999999,0.029147559012596337
3.0,0.0,0.1111111111111111,0.1111111111111111,0.793956,0.03671585723287268
3.0,0.0,0.1111111111111111,0.16666666666666666,0.722826,0.04562867163692914
3.0,0.0,0.1111111111111111,0.2222222222222222,0.6480459999999999,0.05159488296232284
3.0,0.0,0.1111111111111111,0.2777777777777778,0.5749639999999999,0.04826258652949542
3.0,0.0,0.1111111111111111,0.3333333333333333,0.505176,0.0509906375154151
3.0,0.0,0.1111111111111111,0.38888888888888884,0.446804,0.049197666660214884
3.0,0.0,0.1111111111111111,0.4444444444444444,0.40188,0.04444750568393064
3.0,0.0,0.1111111111111111,0.5,0.36209199999999997,0.0400102634127384
3.0,0.0,0.2222222222222222,0.0,0.892092,0.024965698632652637
3.0,0.0,0.2222222222222222,0.05555555555555555,0.8518539999999999,0.030514438318471202
3.0,0.0,0.2222222222222222,0.1111111111111111,0.8004600000000001,0.03755167982014425
3.0,0.0,0.2222222222222222,0.16666666666666666,0.733344,0.04509066422220902
3.0,0.0,0.2222222222222222,0.2222222222222222,0.6623000000000001,0.050779712073983185
3.0,0.0,0.2222222222222222,0.2777777777777778,0.58212,0.05547854845503219
3.0,0.0,0.2222222222222222,0.3333333333333333,0.501178,0.05719714453261955
3.0,0.0,0.2222222222222222,0.38888888888888884,0.437214,0.053459405346861846
3.0,0.0,0.2222222222222222,0.4444444444444444,0.381848,0.05021405978009743
3.0,0.0,0.2222222222222222,0.5,0.33917600000000003,0.04545927975927978
3.0,0.0,0.3333333333333333,0.0,0.895072,0.023178898564801466
3.0,0.0,0.3333333333333333,0.05555555555555555,0.8551279999999999,0.029765745668981002
3.0,0.0,0.3333333333333333,0.1111111111111111,0.80585,0.037501255823995445
3.0,0.0,0.3333333333333333,0.16666666666666666,0.743986,0.04630834405869982
3.0,0.0,0.3333333333333333,0.2222222222222222,0.67053,0.05254215885280911
3.0,0.0,0.3333333333333333,0.2777777777777778,0.590702,0.058924267790693326
3.0,0.0,0.3333333333333333,0.3333333333333333,0.495222,0.06410387921695007
3.0,0.0,0.3333333333333333,0.38888888888888884,0.42284799999999995,0.06467524000217299
3.0,0.0,0.3333333333333333,0.4444444444444444,0.355808,0.05778631024128989
3.0,0.0,0.3333333333333333,0.5,0.30555400000000005,0.0548974183097361
3.0,0.0,0.4444444444444444,0.0,0.89278,0.024239693179801236
3.0,0.0,0.4444444444444444,0.05555555555555555,0.856972,0.029292786666710344
3.0,0.0,0.4444444444444444,0.1111111111111111,0.81578,0.03692221689173606
3.0,0.0,0.4444444444444444,0.16666666666666666,0.7553200000000001,0.045897611937475866
3.0,0.0,0.4444444444444444,0.2222222222222222,0.6839,0.05500287840892087
3.0,0.0,0.4444444444444444,0.2777777777777778,0.591884,0.07330777997736954
3.0,0.0,0.4444444444444444,0.3333333333333333,0.49176800000000004,0.07600974370616279
3.0,0.0,0.4444444444444444,0.38888888888888884,0.39496400000000004,0.08082777345642925
3.0,0.0,0.4444444444444444,0.4444444444444444,0.312916,0.06815734583728424
3.0,0.0,0.4444444444444444,0.5,0.26376199999999994,0.04411909274553794
3.0,0.0,0.5555555555555556,0.0,0.8965740000000001,0.02418003043305545
3.0,0.0,0.5555555555555556,0.05555555555555555,0.861844,0.029325272500258705
3.0,0.0,0.5555555555555556,0.1111111111111111,0.818312,0.036823288353028165
3.0,0.0,0.5555555555555556,0.16666666666666666,0.7621220000000001,0.04481347577707452
3.0,0.0,0.5555555555555556,0.2222222222222222,0.6984259999999999,0.056415760209359934
3.0,0.0,0.5555555555555556,0.2777777777777778,0.599898,0.07791640088616843
3.0,0.0,0.5555555555555556,0.3333333333333333,0.48088400000000003,0.10465936034304256
3.0,0.0,0.5555555555555556,0.38888888888888884,0.33930400000000005,0.10099623787116159
3.0,0.0,0.5555555555555556,0.4444444444444444,0.264058,0.056074087085613525
3.0,0.0,0.5555555555555556,0.5,0.249252,0.026071900275352694
3.0,0.0,0.6666666666666666,0.0,0.8956040000000001,0.023019099502017193
3.0,0.0,0.6666666666666666,0.05555555555555555,0.86466,0.02903022404005233
3.0,0.0,0.6666666666666666,0.1111111111111111,0.827742,0.03725828492551934
3.0,0.0,0.6666666666666666,0.16666666666666666,0.77625,0.04567186594258389
3.0,0.0,0.6666666666666666,0.2222222222222222,0.7112740000000001,0.064550417790079
3.0,0.0,0.6666666666666666,0.2777777777777778,0.601992,0.11099484513838734
3.0,0.0,0.6666666666666666,0.3333333333333333,0.4323000000000001,0.14835707480024865
3.0,0.0,0.6666666666666666,0.38888888888888884,0.28286,0.08636008643498522
3.0,0.0,0.6666666666666666,0.4444444444444444,0.24897199999999997,0.028572574262743636
3.0,0.0,0.6666666666666666,0.5,0.24915,0.024291142814583198
3.0,0.0,0.7777777777777777,0.0,0.8964379999999998,0.025321542548471822
3.0,0.0,0.7777777777777777,0.05555555555555555,0.8662819999999999,0.030029419042266418
3.0,0.0,0.7777777777777777,0.1111111111111111,0.835788,0.03442931616548964
3.0,0.0,0.7777777777777777,0.16666666666666666,0.7895319999999999,0.04622452150944945
3.0,0.0,0.7777777777777777,0.2222222222222222,0.7233959999999999,0.06976291933274908
3.0,0.0,0.7777777777777777,0.2777777777777778,0.57548,0.16462881550259534
3.0,0.0,0.7777777777777777,0.3333333333333333,0.34898,0.16171850032291726
3.0,0.0,0.7777777777777777,0.38888888888888884,0.24975600000000003,0.03111727870602017
3.0,0.0,0.7777777777777777,0.4444444444444444,0.246772,0.024091176508654413
3.0,0.0,0.7777777777777777,0.5,0.249082,0.023656342089217516
3.0,0.0,0.8888888888888888,0.0,0.8944840000000001,0.02379222317833152
3.0,0.0,0.8888888888888888,0.05555555555555555,0.8725879999999999,0.029568341679223738
3.0,0.0,0.8888888888888888,0.1111111111111111,0.841092,0.036500686791792636
3.0,0.0,0.8888888888888888,0.16666666666666666,0.8048119999999999,0.04641483955225227
3.0,0.0,0.8888888888888888,0.2222222222222222,0.73646,0.10993953703562342
3.0,0.0,0.8888888888888888,0.2777777777777778,0.521,0.22788236602574363
3.0,0.0,0.8888888888888888,0.3333333333333333,0.267058,0.09186381527627854
3.0,0.0,0.8888888888888888,0.38888888888888884,0.24658000000000002,0.02380017850760763
3.0,0.0,0.8888888888888888,0.4444444444444444,0.24878000000000003,0.022296588881519593
3.0,0.0,0.8888888888888888,0.5,0.24727800000000003,0.024427979211074202
3.0,0.0,1.0,0.0,0.89433,0.02337026826713284
3.0,0.0,1.0,0.05555555555555555,0.87337,0.029364632865517905
3.0,0.0,1.0,0.1111111111111111,0.8495119999999999,0.03382777694419147
3.0,0.0,1.0,0.16666666666666666,0.8147,0.053670019022576905
3.0,0.0,1.0,0.2222222222222222,0.714748,0.1815078474705344
3.0,0.0,1.0,0.2777777777777778,0.368486,0.2201039602338432
3.0,0.0,1.0,0.3333333333333333,0.25091,0.05210177626703682
3.0,0.0,1.0,0.38888888888888884,0.247668,0.024278398985819256
3.0,0.0,1.0,0.4444444444444444,0.24836000000000003,0.0229223311758003
3.0,0.0,1.0,0.5,0.24681999999999998,0.022820630191224985
3.0,0.5,0.0,0.0,0.892006,0.024931609139173867
3.0,0.5,0.0,0.05555555555555555,0.8486859999999999,0.030294073112268397
3.0,0.5,0.0,0.1111111111111111,0.7873199999999999,0.03604703006841905
3.0,0.5,0.0,0.16666666666666666,0.7161559999999999,0.044006144406105174
3.0,0.5,0.0,0.2222222222222222,0.6430560000000001,0.04855433978362436
3.0,0.5,0.0,0.2777777777777778,0.569692,0.047924426311376424
3.0,0.5,0.0,0.3333333333333333,0.50448,0.04314069818256722
3.0,0.5,0.0,0.38888888888888884,0.45809999999999995,0.04289795413464232
3.0,0.5,0.0,0.4444444444444444,0.41180600000000006,0.03971416363952758
3.0,0.5,0.0,0.5,0.380336,0.036264767622879966
3.0,0.5,0.1111111111111111,0.0,0.89575,0.02298521568923298
3.0,0.5,0.1111111111111111,0.05555555555555555,0.8489439999999999,0.031172492884356404
3.0,0.5,0.1111111111111111,0.1111111111111111,0.79266,0.03664125493383451
3.0,0.5,0.1111111111111111,0.16666666666666666,0.727116,0.04204562060934349
3.0,0.5,0.1111111111111111,0.2222222222222222,0.6570199999999999,0.05183099945987941
3.0,0.5,0.1111111111111111,0.2777777777777778,0.5836379999999999,0.05057119583018964
3.0,0.5,0.1111111111111111,0.3333333333333333,0.5148979999999999,0.049118763235688326
3.0,0.5,0.1111111111111111,0.38888888888888884,0.45466,0.049128031988408705
3.0,0.5,0.1111111111111111,0.4444444444444444,0.407116,0.043939730812645815
3.0,0.5,0.1111111111111111,0.5,0.37336199999999997,0.04297208578033681
3.0,0.5,0.2222222222222222,0.0,0.8940520000000001,0.02408438105539862
3.0,0.5,0.2222222222222222,0.05555555555555555,0.855066,0.028182586118393072
3.0,0.5,0.2222222222222222,0.1111111111111111,0.800704,0.03767549960572629
3.0,0.5,0.2222222222222222,0.16666666666666666,0.7417639999999999,0.04535277336728382
3.0,0.5,0.2222222222222222,0.2222222222222222,0.6699919999999999,0.049921822008268585
3.0,0.5,0.2222222222222222,0.2777777777777778,0.593836,0.056417932168241335
3.0,0.5,0.2222222222222222,0.3333333333333333,0.5269159999999999,0.05432885230137637
3.0,0.5,0.2222222222222222,0.38888888888888884,0.459106,0.05492683021397385
3.0,0.5,0.2222222222222222,0.4444444444444444,0.404884,0.048568057985810244
3.0,0.5,0.2222222222222222,0.5,0.360822,0.04694842516262394
3.0,0.5,0.3333333333333333,0.0,0.896526,0.024095196221693743
3.0,0.5,0.3333333333333333,0.05555555555555555,0.8592000000000001,0.028198125266355466
3.0,0.5,0.3333333333333333,0.1111111111111111,0.813532,0.03532064654199138
3.0,0.5,0.3333333333333333,0.16666666666666666,0.75597,0.04443771507449595
3.0,0.5,0.3333333333333333,0.2222222222222222,0.6851079999999999,0.053671795752691535
3.0,0.5,0.3333333333333333,0.2777777777777778,0.608174,0.05448998109818135
3.0,0.5,0.3333333333333333,0.3333333333333333,0.528146,0.0613752272585779
3.0,0.5,0.3333333333333333,0.38888888888888884,0.456254,0.058489893308489437
3.0,0.5,0.3333333333333333,0.4444444444444444,0.398774,0.057904099106943836
3.0,0.5,0.3333333333333333,0.5,0.351134,0.05179894115335967
3.0,0.5,0.4444444444444444,0.0,0.893176,0.02453636261103837
3.0,0.5,0.4444444444444444,0.05555555555555555,0.8613320000000001,0.028997370069402572
3.0,0.5,0.4444444444444444,0.1111111111111111,0.8204260000000001,0.03443469210026538
3.0,0.5,0.4444444444444444,0.16666666666666666,0.7648400000000001,0.04517091124213558
3.0,0.5,0.4444444444444444,0.2222222222222222,0.701912,0.056250586779393257
3.0,0.5,0.4444444444444444,0.2777777777777778,0.6320159999999999,0.05713349469823167
3.0,0.5,0.4444444444444444,0.3333333333333333,0.548802,0.07118419188519806
3.0,0.5,0.4444444444444444,0.38888888888888884,0.463626,0.07099548465700736
3.0,0.5,0.4444444444444444,0.4444444444444444,0.390718,0.06169699761763177
3.0,0.5,0.4444444444444444,0.5,0.339486,0.05327940685094737
3.0,0.5,0.5555555555555556,0.0,0.8942340000000001,0.02220318009684258
3.0,0.5,0.5555555555555556,0.05555555555555555,0.86619,0.028419381105944067
3.0,0.5,0.5555555555555556,0.1111111111111111,0.8270059999999999,0.03410789734537508
3.0,0.5,0.5555555555555556,0.16666666666666666,0.7788500000000002,0.0429034370397016
3.0,0.5,0.5555555555555556,0.2222222222222222,0.724092,0.05357088028424452
3.0,0.5,0.5555555555555556,0.2777777777777778,0.6483140000000001,0.06319663783832283
3.0,0.5,0.5555555555555556,0.3333333333333333,0.560226,0.07779832957183809
3.0,0.5,0.5555555555555556,0.38888888888888884,0.46279600000000004,0.07646526176318909
3.0,0.5,0.5555555555555556,0.4444444444444444,0.383424,0.06583860316968054
3.0,0.5,0.5555555555555556,0.5,0.342102,0.0511375566036429
3.0,0.5,0.6666666666666666,0.0,0.8945799999999999,0.024130648071543918
3.0,0.5,0.6666666666666666,0.05555555555555555,0.86997,0.028319623977101277
3.0,0.5,0.6666666666666666,0.1111111111111111,0.83724,0.03373476647225938
3.0,0.5,0.6666666666666666,0.16666666666666666,0.79362,0.04317833179585967
3.0,0.5,0.6666666666666666,0.2222222222222222,0.7428140000000001,0.052754084114706834
3.0,0.5,0.6666666666666666,0.2777777777777778,0.668032,0.07058032403071383
3.0,0.5,0.6666666666666666,0.3333333333333333,0.570082,0.08851814616450573
3.0,0.5,0.6666666666666666,0.38888888888888884,0.470658,0.08757270690111146
3.0,0.5,0.6666666666666666,0.4444444444444444,0.383946,0.0647781096589115
3.0,0.5,0.6666666666666666,0.5,0.34305,0.052161183634541045
3.0,0.5,0.7777777777777777,0.0,0.894664,0.024425156715180415
3.0,0.5,0.7777777777777777,0.05555555555555555,0.871852,0.02886104668982165
3.0,0.5,0.7777777777777777,0.1111111111111111,0.84624,0.03234871370792221
3.0,0.5,0.7777777777777777,0.16666666666666666,0.812452,0.040921447013165385
3.0,0.5,0.7777777777777777,0.2222222222222222,0.7651140000000001,0.049893403445894824
3.0,0.5,0.7777777777777777,0.2777777777777778,0.6965,0.07089090944602255
3.0,0.5,0.7777777777777777,0.3333333333333333,0.584624,0.09386889454300318
3.0,0.5,0.7777777777777777,0.38888888888888884,0.46756600000000004,0.0861648327381978
3.0,0.5,0.7777777777777777,0.4444444444444444,0.387188,0.062044465404859035
3.0,0.5,0.7777777777777777,0.5,0.339712,0.05256511427246167
3.0,0.5,0.8888888888888888,0.0,0.893624,0.024725560269917516
3.0,0.5,0.8888888888888888,0.05555555555555555,0.874884,0.02674578879818045
3.0,0.5,0.8888888888888888,0.1111111111111111,0.8507360000000002,0.03238134349920688
3.0,0.5,0.8888888888888888,0.16666666666666666,0.822654,0.03926267182448992
3.0,0.5,0.8888888888888888,0.2222222222222222,0.786644,0.04834156677390909
3.0,0.5,0.8888888888888888,0.2777777777777778,0.7189,0.0753923471714739
3.0,0.5,0.8888888888888888,0.3333333333333333,0.59444,0.09193320307514206
3.0,0.5,0.8888888888888888,0.38888888888888884,0.474028,0.08621192613795862
3.0,0.5,0.8888888888888888,0.4444444444444444,0.38687400000000005,0.06338312840126988
3.0,0.5,0.8888888888888888,0.5,0.337894,0.047576483766827805
3.0,0.5,1.0,0.0,0.8932359999999999,0.02365636386053878
3.0,0.5,1.0,0.05555555555555555,0.879058,0.027399564015079397
3.0,0.5,1.0,0.1111111111111111,0.862796,0.030778515526842305
3.0,0.5,1.0,0.16666666666666666,0.8409960000000001,0.03790590586437419
3.0,0.5,1.0,0.2222222222222222,0.808554,0.04883749877474424
3.0,0.5,1.0,0.2777777777777778,0.716024,0.07965778146732805
3.0,0.5,1.0,0.3333333333333333,0.593908,0.09356079724736811
3.0,0.5,1.0,0.38888888888888884,0.47396000000000005,0.08701184126911742
3.0,0.5,1.0,0.4444444444444444,0.385848,0.0643766541784086
3.0,0.5,1.0,0.5,0.33882999999999996,0.04747758779345651
3.0,1.0,0.0,0.0,0.8945339999999999,0.024226073749136445
3.0,1.0,0.0,0.05555555555555555,0.847452,0.029889906473892426
3.0,1.0,0.0,0.1111111111111111,0.7868999999999999,0.03589857120874951
3.0,1.0,0.0,0.16666666666666666,0.712846,0.043008251573469165
3.0,1.0,0.0,0.2222222222222222,0.645744,0.05078587277725465
3.0,1.0,0.0,0.2777777777777778,0.569034,0.04966199221680382
3.0,1.0,0.0,0.3333333333333333,0.508678,0.04675410365322849
3.0,1.0,0.0,0.38888888888888884,0.454146,0.04164037133660194
3.0,1.0,0.0,0.4444444444444444,0.40997400000000006,0.03915803912424768
3.0,1.0,0.0,0.5,0.37901,0.03709774096585315
3.0,1.0,0.1111111111111111,0.0,0.894428,0.02464783657231181
3.0,1.0,0.1111111111111111,0.05555555555555555,0.851968,0.030988248079523252
3.0,1.0,0.1111111111111111,0.1111111111111111,0.795022,0.03663820727689783
3.0,1.0,0.1111111111111111,0.16666666666666666,0.729926,0.044729833892829966
3.0,1.0,0.1111111111111111,0.2222222222222222,0.6570560000000001,0.04998770253581994
3.0,1.0,0.1111111111111111,0.2777777777777778,0.5866279999999999,0.04859205688159298
3.0,1.0,0.1111111111111111,0.3333333333333333,0.521672,0.05022423083259166
3.0,1.0,0.1111111111111111,0.38888888888888884,0.46246000000000004,0.048677051170148374
3.0,1.0,0.1111111111111111,0.4444444444444444,0.41568399999999994,0.041106881362988144
3.0,1.0,0.1111111111111111,0.5,0.377146,0.0392325766952452
3.0,1.0,0.2222222222222222,0.0,0.8954000000000001,0.023970171844952506
3.0,1.0,0.2222222222222222,0.05555555555555555,0.856448,0.029926082885565693
3.0,1.0,0.2222222222222222,0.1111111111111111,0.8040820000000001,0.036714945873594876
3.0,1.0,0.2222222222222222,0.16666666666666666,0.746016,0.043571466458896674
3.0,1.0,0.2222222222222222,0.2222222222222222,0.6771179999999999,0.048493249700685824
3.0,1.0,0.2222222222222222,0.2777777777777778,0.605032,0.050523739692792835
3.0,1.0,0.2222222222222222,0.3333333333333333,0.533848,0.05223161091098678
3.0,1.0,0.2222222222222222,0.38888888888888884,0.471316,0.05221663813955466
3.0,1.0,0.2222222222222222,0.4444444444444444,0.416748,0.047696103956878184
3.0,1.0,0.2222222222222222,0.5,0.381502,0.04394469556769138
3.0,1.0,0.3333333333333333,0.0,0.8930840000000001,0.023756381781548767
3.0,1.0,0.3333333333333333,0.05555555555555555,0.859982,0.028634761656949434
3.0,1.0,0.3333333333333333,0.1111111111111111,0.812682,0.037063570963753206
3.0,1.0,0.3333333333333333,0.16666666666666666,0.758614,0.04164133770680314
3.0,1.0,0.3333333333333333,0.2222222222222222,0.6952139999999999,0.05011573983049152
3.0,1.0,0.3333333333333333,0.2777777777777778,0.626074,0.05590028808885365
3.0,1.0,0.3333333333333333,0.3333333333333333,0.55026,0.06040133311512395
3.0,1.0,0.3333333333333333,0.38888888888888884,0.485976,0.05750998365884729
3.0,1.0,0.3333333333333333,0.4444444444444444,0.421212,0.05261939430775149
3.0,1.0,0.3333333333333333,0.5,0.376476,0.04844790835162334
3.0,1.0,0.4444444444444444,0.0,0.8939819999999999,0.024057414540818355
3.0,1.0,0.4444444444444444,0.05555555555555555,0.863028,0.028360886724353027
3.0,1.0,0.4444444444444444,0.1111111111111111,0.8217899999999999,0.035843540824501065
3.0,1.0,0.4444444444444444,0.16666666666666666,0.77244,0.04172496069128621
3.0,1.0,0.4444444444444444,0.2222222222222222,0.722268,0.047091010847137384
3.0,1.0,0.4444444444444444,0.2777777777777778,0.6467840000000001,0.05846936528948052
3.0,1.0,0.4444444444444444,0.3333333333333333,0.57104,0.06549654949683978
3.0,1.0,0.4444444444444444,0.38888888888888884,0.498544,0.06499206105363947
3.0,1.0,0.4444444444444444,0.4444444444444444,0.434778,0.05797543460842767
3.0,1.0,0.4444444444444444,0.5,0.380308,0.05024346671852761
3.0,1.0,0.5555555555555556,0.0,0.8935,0.023549844805874243
3.0,1.0,0.5555555555555556,0.05555555555555555,0.8689199999999999,0.02864476645550775
3.0,1.0,0.5555555555555556,0.1111111111111111,0.83198,0.03494289071073606
3.0,1.0,0.5555555555555556,0.16666666666666666,0.789824,0.03939122187393332
3.0,1.0,0.5555555555555556,0.2222222222222222,0.742854,0.04587838637826474
3.0,1.0,0.5555555555555556,0.2777777777777778,0.6739360000000001,0.05824848217207639
3.0,1.0,0.5555555555555556,0.3333333333333333,0.6034100000000001,0.06872950887924024
3.0,1.0,0.5555555555555556,0.38888888888888884,0.509542,0.07259173062208545
3.0,1.0,0.5555555555555556,0.4444444444444444,0.432882,0.061799955866409656
3.0,1.0,0.5555555555555556,0.5,0.38373199999999996,0.05264004297346742
3.0,1.0,0.6666666666666666,0.0,0.893214,0.024064130334119197
3.0,1.0,0.6666666666666666,0.05555555555555555,0.8716479999999999,0.027586121223693947
3.0,1.0,0.6666666666666666,0.1111111111111111,0.841626,0.034025013255752135
3.0,1.0,0.6666666666666666,0.16666666666666666,0.809288,0.03896996757434486
3.0,1.0,0.6666666666666666,0.2222222222222222,0.761218,0.046237108651308055
3.0,1.0,0.6666666666666666,0.2777777777777778,0.705816,0.05950323869193726
3.0,1.0,0.6666666666666666,0.3333333333333333,0.61446,0.07422006221548552
3.0,1.0,0.6666666666666666,0.38888888888888884,0.50756,0.07319380483437286
3.0,1.0,0.6666666666666666,0.4444444444444444,0.42988800000000005,0.06126024069639591
3.0,1.0,0.6666666666666666,0.5,0.38194799999999995,0.052849516921895844
3.0,1.0,0.7777777777777777,0.0,0.8947620000000001,0.023405148107111657
3.0,1.0,0.7777777777777777,0.05555555555555555,0.874006,0.029058195426469393
3.0,1.0,0.7777777777777777,0.1111111111111111,0.849882,0.03140816807844877
3.0,1.0,0.7777777777777777,0.16666666666666666,0.82228,0.039317290071890686
3.0,1.0,0.7777777777777777,0.2222222222222222,0.786346,0.044515497785447396
3.0,1.0,0.7777777777777777,0.2777777777777778,0.7205799999999999,0.0641573060519196
3.0,1.0,0.7777777777777777,0.3333333333333333,0.6150979999999999,0.07485119771653088
3.0,1.0,0.7777777777777777,0.38888888888888884,0.511244,0.07483529318585198
3.0,1.0,0.7777777777777777,0.4444444444444444,0.43112199999999995,0.05970088363679409
3.0,1.0,0.7777777777777777,0.5,0.37641199999999997,0.04950927784957454
3.0,1.0,0.8888888888888888,0.0,0.895716,0.023645582486846995
3.0,1.0,0.8888888888888888,0.05555555555555555,0.879546,0.026656275021015086
3.0,1.0,0.8888888888888888,0.1111111111111111,0.8620099999999999,0.030500072275613316
3.0,1.0,0.8888888888888888,0.16666666666666666,0.841328,0.03595081833112224
3.0,1.0,0.8888888888888888,0.2222222222222222,0.8035319999999999,0.04369401916305299
3.0,1.0,0.8888888888888888,0.2777777777777778,0.7273999999999999,0.06788092249872978
3.0,1.0,0.8888888888888888,0.3333333333333333,0.6088720000000001,0.08090980415757805
3.0,1.0,0.8888888888888888,0.38888888888888884,0.511344,0.0755592752224655
3.0,1.0,0.8888888888888888,0.4444444444444444,0.43180799999999997,0.06108530071897703
3.0,1.0,0.8888888888888888,0.5,0.37774599999999997,0.05148408205854331
3.0,1.0,1.0,0.0,0.8950459999999999,0.024909292034486236
3.0,1.0,1.0,0.05555555555555555,0.883014,0.02735079406291058
3.0,1.0,1.0,0.1111111111111111,0.869114,0.030449554261260045
3.0,1.0,1.0,0.16666666666666666,0.8547779999999999,0.031216239735856934
3.0,1.0,1.0,0.2222222222222222,0.817628,0.04688370484037197
3.0,1.0,1.0,0.2777777777777778,0.7270160000000001,0.0627017285050024
3.0,1.0,1.0,0.3333333333333333,0.6181479999999999,0.07800147791621789
3.0,1.0,1.0,0.38888888888888884,0.507648,0.07227042357872615
3.0,1.0,1.0,0.4444444444444444,0.428696,0.05990262291807371
3.0,1.0,1.0,0.5,0.380298,0.05193503337230819
3.0,1.5,0.0,0.0,0.8950820000000002,0.024161930257069607
3.0,1.5,0.0,0.05555555555555555,0.84711,0.0300017684849485
3.0,1.5,0.0,0.1111111111111111,0.7854659999999999,0.037975216630801625
3.0,1.5,0.0,0.16666666666666666,0.7172719999999999,0.04535729913884138
3.0,1.5,0.0,0.2222222222222222,0.6416620000000001,0.04852030705171584
3.0,1.5,0.0,0.2777777777777778,0.5664600000000001,0.04686671930866843
3.0,1.5,0.0,0.3333333333333333,0.5040060000000001,0.04943101064743927
3.0,1.5,0.0,0.38888888888888884,0.454288,0.04141724075386151
3.0,1.5,0.0,0.4444444444444444,0.40968,0.039976716670475865
3.0,1.5,0.0,0.5,0.378102,0.03715314668527061
3.0,1.5,0.1111111111111111,0.0,0.8951399999999999,0.023763117883457273
3.0,1.5,0.1111111111111111,0.05555555555555555,0.84903,0.03198034685819309
3.0,1.5,0.1111111111111111,0.1111111111111111,0.7967580000000001,0.03560211309618892
3.0,1.5,0.1111111111111111,0.16666666666666666,0.733866,0.04204315995018922
3.0,1.5,0.1111111111111111,0.2222222222222222,0.659898,0.04702167235799558
3.0,1.5,0.1111111111111111,0.2777777777777778,0.590486,0.04860900610946391
3.0,1.5,0.1111111111111111,0.3333333333333333,0.5258679999999999,0.0500043142026541
3.0,1.5,0.1111111111111111,0.38888888888888884,0.47060199999999996,0.04744995883229376
3.0,1.5,0.1111111111111111,0.4444444444444444,0.423678,0.043816641955134454
3.0,1.5,0.1111111111111111,0.5,0.385238,0.04138113280596133
3.0,1.5,0.2222222222222222,0.0,0.895048,0.02387949237970996
3.0,1.5,0.2222222222222222,0.05555555555555555,0.853702,0.029249825650782994
3.0,1.5,0.2222222222222222,0.1111111111111111,0.805944,0.03817474933740819
3.0,1.5,0.2222222222222222,0.16666666666666666,0.748548,0.0417671244085911
3.0,1.5,0.2222222222222222,0.2222222222222222,0.6800080000000001,0.04725872098797044
3.0,1.5,0.2222222222222222,0.2777777777777778,0.607898,0.050734283586763344
3.0,1.5,0.2222222222222222,0.3333333333333333,0.544548,0.05156717991211247
3.0,1.5,0.2222222222222222,0.38888888888888884,0.47986599999999996,0.051382490838119736
3.0,1.5,0.2222222222222222,0.4444444444444444,0.424506,0.04820416212831612
3.0,1.5,0.2222222222222222,0.5,0.390626,0.046795231716734186
3.0,1.5,0.3333333333333333,0.0,0.895096,0.02339875611170712
3.0,1.5,0.3333333333333333,0.05555555555555555,0.860306,0.029398518837173412
3.0,1.5,0.3333333333333333,0.1111111111111111,0.818998,0.03354358866730514
3.0,1.5,0.3333333333333333,0.16666666666666666,0.76533,0.04287528051638517
3.0,1.5,0.3333333333333333,0.2222222222222222,0.698686,0.047702520530154995
3.0,1.5,0.3333333333333333,0.2777777777777778,0.63178,0.053991125968687985
3.0,1.5,0.3333333333333333,0.3333333333333333,0.568448,0.05458312863755363
3.0,1.5,0.3333333333333333,0.38888888888888884,0.502908,0.057832973654165204
3.0,1.5,0.3333333333333333,0.4444444444444444,0.44419000000000003,0.05211600575746596
3.0,1.5,0.3333333333333333,0.5,0.39380200000000004,0.04693459820876318
3.0,1.5,0.4444444444444444,0.0,0.8949480000000001,0.024127278070561316
3.0,1.5,0.4444444444444444,0.05555555555555555,0.863144,0.02942806970518364
3.0,1.5,0.4444444444444444,0.1111111111111111,0.8280500000000001,0.03380741609122961
3.0,1.5,0.4444444444444444,0.16666666666666666,0.7763,0.040830727358120704
3.0,1.5,0.4444444444444444,0.2222222222222222,0.7261859999999999,0.049636427690838265
3.0,1.5,0.4444444444444444,0.2777777777777778,0.662262,0.05257598143303931
3.0,1.5,0.4444444444444444,0.3333333333333333,0.592444,0.06271198010665742
3.0,1.5,0.4444444444444444,0.38888888888888884,0.5187159999999998,0.06397478323354881
3.0,1.5,0.4444444444444444,0.4444444444444444,0.44727200000000006,0.057083123442607166
3.0,1.5,0.4444444444444444,0.5,0.39308000000000004,0.04918259300717907
3.0,1.5,0.5555555555555556,0.0,0.896702,0.02343295548593075
3.0,1.5,0.5555555555555556,0.05555555555555555,0.869938,0.02883562280035876
3.0,1.5,0.5555555555555556,0.1111111111111111,0.8363119999999999,0.03361789675104508
3.0,1.5,0.5555555555555556,0.16666666666666666,0.79458,0.038593607411929395
3.0,1.5,0.5555555555555556,0.2222222222222222,0.7534339999999999,0.04399983653640615
3.0,1.5,0.5555555555555556,0.2777777777777778,0.693194,0.05551139878249852
3.0,1.5,0.5555555555555556,0.3333333333333333,0.612942,0.06527588005560758
3.0,1.5,0.5555555555555556,0.38888888888888884,0.521594,0.06346164135797068
3.0,1.5,0.5555555555555556,0.4444444444444444,0.4506,0.05485784142245356
3.0,1.5,0.5555555555555556,0.5,0.394274,0.049032962247589594
3.0,1.5,0.6666666666666666,0.0,0.894398,0.023613699617367017
3.0,1.5,0.6666666666666666,0.05555555555555555,0.873304,0.02845401282229598
3.0,1.5,0.6666666666666666,0.1111111111111111,0.844618,0.03363597528937335
3.0,1.5,0.6666666666666666,0.16666666666666666,0.81833,0.036829035497979334
3.0,1.5,0.6666666666666666,0.2222222222222222,0.776046,0.04307568819911825
3.0,1.5,0.6666666666666666,0.2777777777777778,0.706626,0.06319405907365351
3.0,1.5,0.6666666666666666,0.3333333333333333,0.6118779999999999,0.06491121665857291
3.0,1.5,0.6666666666666666,0.38888888888888884,0.524288,0.0637358421231122
3.0,1.5,0.6666666666666666,0.4444444444444444,0.45167399999999996,0.05469979762046144
3.0,1.5,0.6666666666666666,0.5,0.392202,0.05005517192531603
3.0,1.5,0.7777777777777777,0.0,0.8942080000000001,0.02335336153511911
3.0,1.5,0.7777777777777777,0.05555555555555555,0.874374,0.02515511246976913
3.0,1.5,0.7777777777777777,0.1111111111111111,0.8538339999999999,0.030622703079378477
3.0,1.5,0.7777777777777777,0.16666666666666666,0.831296,0.03623393685981032
3.0,1.5,0.7777777777777777,0.2222222222222222,0.796144,0.04500887536612581
3.0,1.5,0.7777777777777777,0.2777777777777778,0.7121799999999999,0.060201162446582704
3.0,1.5,0.7777777777777777,0.3333333333333333,0.615366,0.06752780206777212
3.0,1.5,0.7777777777777777,0.38888888888888884,0.521456,0.06504898773702188
3.0,1.5,0.7777777777777777,0.4444444444444444,0.441942,0.060665403801811735
3.0,1.5,0.7777777777777777,0.5,0.39326200000000006,0.048699822396008854
3.0,1.5,0.8888888888888888,0.0,0.8932519999999999,0.024651813723125533
3.0,1.5,0.8888888888888888,0.05555555555555555,0.8805319999999999,0.02760567192162672
3.0,1.5,0.8888888888888888,0.1111111111111111,0.865096,0.029295926108814978
3.0,1.5,0.8888888888888888,0.16666666666666666,0.8482940000000001,0.03217555121815918
3.0,1.5,0.8888888888888888,0.2222222222222222,0.8058379999999999,0.04666719844624962
3.0,1.5,0.8888888888888888,0.2777777777777778,0.7137760000000001,0.06232433288000664
3.0,1.5,0.8888888888888888,0.3333333333333333,0.606882,0.06875739403488862
3.0,1.5,0.8888888888888888,0.38888888888888884,0.52046,0.06439218202710967
3.0,1.5,0.8888888888888888,0.4444444444444444,0.443526,0.05756725894642901
3.0,1.5,0.8888888888888888,0.5,0.39590800000000004,0.04746883310375836
3.0,1.5,1.0,0.0,0.895642,0.023091823241164895
3.0,1.5,1.0,0.05555555555555555,0.885092,0.025273167629009406
3.0,1.5,1.0,0.1111111111111111,0.874432,0.028787963973499066
3.0,1.5,1.0,0.16666666666666666,0.86272,0.03264335732664628
3.0,1.5,1.0,0.2222222222222222,0.806144,0.04881406446690911
3.0,1.5,1.0,0.2777777777777778,0.71236,0.060707274245287816
3.0,1.5,1.0,0.3333333333333333,0.616378,0.06908339994743015
3.0,1.5,1.0,0.38888888888888884,0.522664,0.06473738457741282
3.0,1.5,1.0,0.4444444444444444,0.44487,0.05726842450155042
3.0,1.5,1.0,0.5,0.39404999999999996,0.04841751761526037
3.0,2.0,0.0,0.0,0.894314,0.024676979365822783
3.0,2.0,0.0,0.05555555555555555,0.8468340000000001,0.03127059552180894
3.0,2.0,0.0,0.1111111111111111,0.784972,0.03906501461325039
3.0,2.0,0.0,0.16666666666666666,0.71459,0.04428462663625635
3.0,2.0,0.0,0.2222222222222222,0.643514,0.04895756827071749
3.0,2.0,0.0,0.2777777777777778,0.569038,0.0472387929897267
3.0,2.0,0.0,0.3333333333333333,0.509522,0.04549616817532302
3.0,2.0,0.0,0.38888888888888884,0.456472,0.043581186947023634
3.0,2.0,0.0,0.4444444444444444,0.414218,0.03833360675456495
3.0,2.0,0.0,0.5,0.38053200000000004,0.037404748447394026
3.0,2.0,0.1111111111111111,0.0,0.89528,0.023201945188303562
3.0,2.0,0.1111111111111111,0.05555555555555555,0.8529220000000001,0.029742244673804857
3.0,2.0,0.1111111111111111,0.1111111111111111,0.798538,0.03852933395674391
3.0,2.0,0.1111111111111111,0.16666666666666666,0.7357959999999999,0.043014496135088134
3.0,2.0,0.1111111111111111,0.2222222222222222,0.6639639999999999,0.046981925318288376
3.0,2.0,0.1111111111111111,0.2777777777777778,0.591078,0.050009056454355445
3.0,2.0,0.1111111111111111,0.3333333333333333,0.525058,0.04723800900747172
3.0,2.0,0.1111111111111111,0.38888888888888884,0.468914,0.047806458967780456
3.0,2.0,0.1111111111111111,0.4444444444444444,0.422754,0.042572930281877135
3.0,2.0,0.1111111111111111,0.5,0.384718,0.04007301047259456
3.0,2.0,0.2222222222222222,0.0,0.8947860000000001,0.025442697689739262
3.0,2.0,0.2222222222222222,0.05555555555555555,0.857038,0.02949155913342394
3.0,2.0,0.2222222222222222,0.1111111111111111,0.80804,0.036863644102462595
3.0,2.0,0.2222222222222222,0.16666666666666666,0.75206,0.04297158962652023
3.0,2.0,0.2222222222222222,0.2222222222222222,0.6834839999999999,0.0468601909833709
3.0,2.0,0.2222222222222222,0.2777777777777778,0.6153820000000001,0.05100614992980085
3.0,2.0,0.2222222222222222,0.3333333333333333,0.551938,0.05041425741495556
3.0,2.0,0.2222222222222222,0.38888888888888884,0.490476,0.05123048456825483
3.0,2.0,0.2222222222222222,0.4444444444444444,0.43833399999999995,0.04622371369129518
3.0,2.0,0.2222222222222222,0.5,0.396902,0.04094901757161166
3.0,2.0,0.3333333333333333,0.0,0.8925960000000001,0.02429933536948693
3.0,2.0,0.3333333333333333,0.05555555555555555,0.8604680000000001,0.02801776161530154
3.0,2.0,0.3333333333333333,0.1111111111111111,0.817232,0.03547064291802497
3.0,2.0,0.3333333333333333,0.16666666666666666,0.7659239999999999,0.04268843906327941
3.0,2.0,0.3333333333333333,0.2222222222222222,0.709462,0.049168808195834864
3.0,2.0,0.3333333333333333,0.2777777777777778,0.644364,0.055202954961423446
3.0,2.0,0.3333333333333333,0.3333333333333333,0.58219,0.052561500384266914
3.0,2.0,0.3333333333333333,0.38888888888888884,0.5158019999999999,0.05821474649449946
3.0,2.0,0.3333333333333333,0.4444444444444444,0.44507399999999997,0.05131243959230381
3.0,2.0,0.3333333333333333,0.5,0.400472,0.047790973732920336
3.0,2.0,0.4444444444444444,0.0,0.896678,0.023540489061412928
3.0,2.0,0.4444444444444444,0.05555555555555555,0.8638060000000001,0.029616188161247316
3.0,2.0,0.4444444444444444,0.1111111111111111,0.8305319999999999,0.03286379518662043
3.0,2.0,0.4444444444444444,0.16666666666666666,0.786074,0.03902222433414025
3.0,2.0,0.4444444444444444,0.2222222222222222,0.734644,0.045835128252945126
3.0,2.0,0.4444444444444444,0.2777777777777778,0.673122,0.05443669556142524
3.0,2.0,0.4444444444444444,0.3333333333333333,0.6033140000000001,0.056556703629639715
3.0,2.0,0.4444444444444444,0.38888888888888884,0.517878,0.05860330887947579
3.0,2.0,0.4444444444444444,0.4444444444444444,0.45000999999999997,0.05027270222673889
3.0,2.0,0.4444444444444444,0.5,0.40153,0.04657109440057571
3.0,2.0,0.5555555555555556,0.0,0.893854,0.024248064278257053
3.0,2.0,0.5555555555555556,0.05555555555555555,0.867712,0.027792551300944504
3.0,2.0,0.5555555555555556,0.1111111111111111,0.843164,0.032446489075192916
3.0,2.0,0.5555555555555556,0.16666666666666666,0.805082,0.03471561065639624
3.0,2.0,0.5555555555555556,0.2222222222222222,0.7608659999999999,0.045385280558599236
3.0,2.0,0.5555555555555556,0.2777777777777778,0.68998,0.05552160748569507
3.0,2.0,0.5555555555555556,0.3333333333333333,0.599238,0.06299191470845504
3.0,2.0,0.5555555555555556,0.38888888888888884,0.514996,0.05776411836721377
3.0,2.0,0.5555555555555556,0.4444444444444444,0.447124,0.05291775885659567
3.0,2.0,0.5555555555555556,0.5,0.39837599999999995,0.044652685794892504
3.0,2.0,0.6666666666666666,0.0,0.8921780000000001,0.024124973465050267
3.0,2.0,0.6666666666666666,0.05555555555555555,0.873702,0.02787894666831353
3.0,2.0,0.6666666666666666,0.1111111111111111,0.850452,0.03058795419579034
3.0,2.0,0.6666666666666666,0.16666666666666666,0.8207620000000001,0.034465534990834074
3.0,2.0,0.6666666666666666,0.2222222222222222,0.777486,0.04277711499311599
3.0,2.0,0.6666666666666666,0.2777777777777778,0.6936559999999999,0.05398071413938496
3.0,2.0,0.6666666666666666,0.3333333333333333,0.6011760000000002,0.06172199148168285
3.0,2.0,0.6666666666666666,0.38888888888888884,0.5140640000000001,0.059019883066593656
3.0,2.0,0.6666666666666666,0.4444444444444444,0.45392200000000005,0.05051652952758159
3.0,2.0,0.6666666666666666,0.5,0.397856,0.045929318180624824
3.0,2.0,0.7777777777777777,0.0,0.8929940000000001,0.024340889914785124
3.0,2.0,0.7777777777777777,0.05555555555555555,0.877474,0.026113773805498324
3.0,2.0,0.7777777777777777,0.1111111111111111,0.8588279999999999,0.028659958171721223
3.0,2.0,0.7777777777777777,0.16666666666666666,0.835662,0.03516117706712178
3.0,2.0,0.7777777777777777,0.2222222222222222,0.782692,0.045281010100830375
3.0,2.0,0.7777777777777777,0.2777777777777778,0.693256,0.05477315639364455
3.0,2.0,0.7777777777777777,0.3333333333333333,0.6017039999999999,0.06235640324819982
3.0,2.0,0.7777777777777777,0.38888888888888884,0.5198180000000001,0.06072792304430104
3.0,2.0,0.7777777777777777,0.4444444444444444,0.449292,0.05382826115897483
3.0,2.0,0.7777777777777777,0.5,0.400232,0.044912229879906555
3.0,2.0,0.8888888888888888,0.0,0.895074,0.025185255969246645
3.0,2.0,0.8888888888888888,0.05555555555555555,0.8826000000000002,0.02666183991053188
3.0,2.0,0.8888888888888888,0.1111111111111111,0.868644,0.028360710919292844
3.0,2.0,0.8888888888888888,0.16666666666666666,0.850646,0.03477596035823707
3.0,2.0,0.8888888888888888,0.2222222222222222,0.785708,0.04643174075024752
3.0,2.0,0.8888888888888888,0.2777777777777778,0.694456,0.05458471439965757
3.0,2.0,0.8888888888888888,0.3333333333333333,0.5998879999999999,0.05842731345796957
3.0,2.0,0.8888888888888888,0.38888888888888884,0.5152859999999999,0.06044285633359436
3.0,2.0,0.8888888888888888,0.4444444444444444,0.44832,0.05153493279899756
3.0,2.0,0.8888888888888888,0.5,0.403086,0.04789193961158307
3.0,2.0,1.0,0.0,0.8938900000000001,0.02365427973749783
3.0,2.0,1.0,0.05555555555555555,0.88775,0.02634577194539569
3.0,2.0,1.0,0.1111111111111111,0.882178,0.02645854162363641
3.0,2.0,1.0,0.16666666666666666,0.85323,0.038014830720515105
3.0,2.0,1.0,0.2222222222222222,0.7839179999999999,0.045126356512621396
3.0,2.0,1.0,0.2777777777777778,0.6949339999999999,0.05735343474417123
3.0,2.0,1.0,0.3333333333333333,0.60021,0.05976897657750419
3.0,2.0,1.0,0.38888888888888884,0.5169900000000001,0.057835627597868075
3.0,2.0,1.0,0.4444444444444444,0.45236200000000004,0.04892474033076585
3.0,2.0,1.0,0.5,0.3984059999999999,0.04358509475692281
3.0,2.5,0.0,0.0,0.896434,0.024748143065093618
3.0,2.5,0.0,0.05555555555555555,0.846962,0.030746173915153115
3.0,2.5,0.0,0.1111111111111111,0.78686,0.03754207259101257
3.0,2.5,0.0,0.16666666666666666,0.7174780000000001,0.04459900962262097
3.0,2.5,0.0,0.2222222222222222,0.639896,0.04804270378292158
3.0,2.5,0.0,0.2777777777777778,0.568924,0.05138742607991021
3.0,2.5,0.0,0.3333333333333333,0.50478,0.04875799713451259
3.0,2.5,0.0,0.38888888888888884,0.45648199999999994,0.044625065478247496
3.0,2.5,0.0,0.4444444444444444,0.413428,0.038648780996883854
3.0,2.5,0.0,0.5,0.38261199999999995,0.034301408560852384
3.0,2.5,0.1111111111111111,0.0,0.8915,0.024164972414293544
3.0,2.5,0.1111111111111111,0.05555555555555555,0.854814,0.027966688673325305
3.0,2.5,0.1111111111111111,0.1111111111111111,0.7971600000000001,0.038014109815832586
3.0,2.5,0.1111111111111111,0.16666666666666666,0.731672,0.04512481483427557
3.0,2.5,0.1111111111111111,0.2222222222222222,0.661572,0.04689433839972471
3.0,2.5,0.1111111111111111,0.2777777777777778,0.59516,0.04938948311213804
3.0,2.5,0.1111111111111111,0.3333333333333333,0.5297419999999999,0.04819087212649948
3.0,2.5,0.1111111111111111,0.38888888888888884,0.472148,0.04637567792502889
3.0,2.5,0.1111111111111111,0.4444444444444444,0.426802,0.04212176732480643
3.0,2.5,0.1111111111111111,0.5,0.390118,0.04195120837076728
3.0,2.5,0.2222222222222222,0.0,0.892564,0.023955074518572914
3.0,2.5,0.2222222222222222,0.05555555555555555,0.85722,0.029382959630256226
3.0,2.5,0.2222222222222222,0.1111111111111111,0.81051,0.034156217507048066
3.0,2.5,0.2222222222222222,0.16666666666666666,0.75127,0.041302407650832075
3.0,2.5,0.2222222222222222,0.2222222222222222,0.6910040000000001,0.04428523849656219
3.0,2.5,0.2222222222222222,0.2777777777777778,0.619856,0.050885813307757835
3.0,2.5,0.2222222222222222,0.3333333333333333,0.554162,0.050221032049533196
3.0,2.5,0.2222222222222222,0.38888888888888884,0.496408,0.049765920363832504
3.0,2.5,0.2222222222222222,0.4444444444444444,0.442538,0.0470897807480753
3.0,2.5,0.2222222222222222,0.5,0.3982859999999999,0.04328314991000845
3.0,2.5,0.3333333333333333,0.0,0.893144,0.024921666133823645
3.0,2.5,0.3333333333333333,0.05555555555555555,0.862442,0.02929134003766993
3.0,2.5,0.3333333333333333,0.1111111111111111,0.82037,0.03435143581110647
3.0,2.5,0.3333333333333333,0.16666666666666666,0.770072,0.04003959483197373
3.0,2.5,0.3333333333333333,0.2222222222222222,0.711178,0.04886456597182901
3.0,2.5,0.3333333333333333,0.2777777777777778,0.648554,0.0523748540300528
3.0,2.5,0.3333333333333333,0.3333333333333333,0.58025,0.0545414800504367
3.0,2.5,0.3333333333333333,0.38888888888888884,0.507998,0.05590628785784375
3.0,2.5,0.3333333333333333,0.4444444444444444,0.44398000000000004,0.04876831242305998
3.0,2.5,0.3333333333333333,0.5,0.39799,0.04234524932363205
3.0,2.5,0.4444444444444444,0.0,0.8945319999999999,0.02364815948216242
3.0,2.5,0.4444444444444444,0.05555555555555555,0.867072,0.02709122893799287
3.0,2.5,0.4444444444444444,0.1111111111111111,0.831364,0.03470395125147754
3.0,2.5,0.4444444444444444,0.16666666666666666,0.7924159999999999,0.03871714062215741
3.0,2.5,0.4444444444444444,0.2222222222222222,0.735922,0.04230218511769177
3.0,2.5,0.4444444444444444,0.2777777777777778,0.6705699999999999,0.05314389567292361
3.0,2.5,0.4444444444444444,0.3333333333333333,0.583438,0.05716511047580878
3.0,2.5,0.4444444444444444,0.38888888888888884,0.5095919999999999,0.05396894319568726
3.0,2.5,0.4444444444444444,0.4444444444444444,0.44594399999999995,0.04782873655115887
3.0,2.5,0.4444444444444444,0.5,0.39848199999999995,0.04328900034768884
3.0,2.5,0.5555555555555556,0.0,0.8919000000000001,0.02339959576925058
3.0,2.5,0.5555555555555556,0.05555555555555555,0.87112,0.027702354428491532
3.0,2.5,0.5555555555555556,0.1111111111111111,0.838856,0.03225287211271328
3.0,2.5,0.5555555555555556,0.16666666666666666,0.809234,0.03695145550757446
3.0,2.5,0.5555555555555556,0.2222222222222222,0.759122,0.0460847341474689
3.0,2.5,0.5555555555555556,0.2777777777777778,0.671664,0.0546546004898894
3.0,2.5,0.5555555555555556,0.3333333333333333,0.587322,0.054401262031512125
3.0,2.5,0.5555555555555556,0.38888888888888884,0.507192,0.0536072253078857
3.0,2.5,0.5555555555555556,0.4444444444444444,0.443472,0.04830137950954456
3.0,2.5,0.5555555555555556,0.5,0.394882,0.04249404150144173
3.0,2.5,0.6666666666666666,0.0,0.895576,0.02395913822759949
3.0,2.5,0.6666666666666666,0.05555555555555555,0.873568,0.02753189762391158
3.0,2.5,0.6666666666666666,0.1111111111111111,0.84886,0.03025192155078798
3.0,2.5,0.6666666666666666,0.16666666666666666,0.8216279999999999,0.03586667607830158
3.0,2.5,0.6666666666666666,0.2222222222222222,0.7606620000000001,0.04517451970371043
3.0,2.5,0.6666666666666666,0.2777777777777778,0.6717040000000001,0.05067631163692011
3.0,2.5,0.6666666666666666,0.3333333333333333,0.5841219999999999,0.055524382302373436
3.0,2.5,0.6666666666666666,0.38888888888888884,0.50558,0.05335489752759685
3.0,2.5,0.6666666666666666,0.4444444444444444,0.447284,0.04765607565771849
3.0,2.5,0.6666666666666666,0.5,0.397994,0.04325362083607408
3.0,2.5,0.7777777777777777,0.0,0.895248,0.023382900077451148
3.0,2.5,0.7777777777777777,0.05555555555555555,0.8794500000000001,0.027384289265876438
3.0,2.5,0.7777777777777777,0.1111111111111111,0.863088,0.028668659544529823
3.0,2.5,0.7777777777777777,0.16666666666666666,0.834156,0.03375272072459677
3.0,2.5,0.7777777777777777,0.2222222222222222,0.7633759999999999,0.04546317658115961
3.0,2.5,0.7777777777777777,0.2777777777777778,0.67283,0.05262965762498789
3.0,2.5,0.7777777777777777,0.3333333333333333,0.580928,0.05812572593982861
3.0,2.5,0.7777777777777777,0.38888888888888884,0.50931,0.053708090806098036
3.0,2.5,0.7777777777777777,0.4444444444444444,0.44607600000000003,0.046535506128775724
3.0,2.5,0.7777777777777777,0.5,0.400096,0.042397191270829616
3.0,2.5,0.8888888888888888,0.0,0.893138,0.025116860260364512
3.0,2.5,0.8888888888888888,0.05555555555555555,0.884532,0.024729335941594256
3.0,2.5,0.8888888888888888,0.1111111111111111,0.8723420000000001,0.0281840685394937
3.0,2.5,0.8888888888888888,0.16666666666666666,0.834528,0.038452182730157554
3.0,2.5,0.8888888888888888,0.2222222222222222,0.75744,0.046321850434274656
3.0,2.5,0.8888888888888888,0.2777777777777778,0.66831,0.05165367464380841
3.0,2.5,0.8888888888888888,0.3333333333333333,0.5828280000000001,0.05601504965252776
3.0,2.5,0.8888888888888888,0.38888888888888884,0.505154,0.05253137514618762
3.0,2.5,0.8888888888888888,0.4444444444444444,0.443168,0.047914584322328875
3.0,2.5,0.8888888888888888,0.5,0.399048,0.04374857221832827
3.0,2.5,1.0,0.0,0.895522,0.022903332536610605
3.0,2.5,1.0,0.05555555555555555,0.8879480000000001,0.02564215936057936
3.0,2.5,1.0,0.1111111111111111,0.8815400000000001,0.027494149496084197
3.0,2.5,1.0,0.16666666666666666,0.8351099999999999,0.037917930308466935
3.0,2.5,1.0,0.2222222222222222,0.761506,0.044861688624174924
3.0,2.5,1.0,0.2777777777777778,0.675596,0.05403191352671787
3.0,2.5,1.0,0.3333333333333333,0.579078,0.05672840681951646
3.0,2.5,1.0,0.38888888888888884,0.509344,0.05356158465450217
3.0,2.5,1.0,0.4444444444444444,0.44495399999999996,0.049123947402634836
3.0,2.5,1.0,0.5,0.397888,0.044717096209243884
3.0,3.0,0.0,0.0,0.8930380000000001,0.024781541631045137
3.0,3.0,0.0,0.05555555555555555,0.8465459999999999,0.030278597572243732
3.0,3.0,0.0,0.1111111111111111,0.785264,0.03621720137380442
3.0,3.0,0.0,0.16666666666666666,0.7134860000000001,0.04381924298880829
3.0,3.0,0.0,0.2222222222222222,0.6415,0.04889322135212996
3.0,3.0,0.0,0.2777777777777778,0.57123,0.04773281831075738
3.0,3.0,0.0,0.3333333333333333,0.5053179999999999,0.046089449451055524
3.0,3.0,0.0,0.38888888888888884,0.459128,0.04241889131838977
3.0,3.0,0.0,0.4444444444444444,0.415732,0.039376200252088635
3.0,3.0,0.0,0.5,0.379876,0.0393107529130285
3.0,3.0,0.1111111111111111,0.0,0.893746,0.023888214197698227
3.0,3.0,0.1111111111111111,0.05555555555555555,0.8536320000000001,0.030691832025902477
3.0,3.0,0.1111111111111111,0.1111111111111111,0.7987380000000001,0.0373283292464136
3.0,3.0,0.1111111111111111,0.16666666666666666,0.735862,0.04431386230950279
3.0,3.0,0.1111111111111111,0.2222222222222222,0.66434,0.04799470161138134
3.0,3.0,0.1111111111111111,0.2777777777777778,0.5970260000000001,0.048474373164667274
3.0,3.0,0.1111111111111111,0.3333333333333333,0.5267439999999999,0.0473674340831678
3.0,3.0,0.1111111111111111,0.38888888888888884,0.47384400000000004,0.04898938235134561
3.0,3.0,0.1111111111111111,0.4444444444444444,0.43082000000000004,0.042213547199142935
3.0,3.0,0.1111111111111111,0.5,0.390666,0.0415263207451522
3.0,3.0,0.2222222222222222,0.0,0.894046,0.0246235766096256
3.0,3.0,0.2222222222222222,0.05555555555555555,0.8561420000000001,0.030161918351412513
3.0,3.0,0.2222222222222222,0.1111111111111111,0.8117280000000001,0.03743593078617993
3.0,3.0,0.2222222222222222,0.16666666666666666,0.7537039999999999,0.04120461168422895
3.0,3.0,0.2222222222222222,0.2222222222222222,0.691504,0.04845920524674638
3.0,3.0,0.2222222222222222,0.2777777777777778,0.620366,0.049271446039157195
3.0,3.0,0.2222222222222222,0.3333333333333333,0.5585440000000002,0.05223985134106214
3.0,3.0,0.2222222222222222,0.38888888888888884,0.499,0.04771160019939778
3.0,3.0,0.2222222222222222,0.4444444444444444,0.44046,0.04547818081079892
3.0,3.0,0.2222222222222222,0.5,0.399022,0.040021656412046816
3.0,3.0,0.3333333333333333,0.0,0.8952919999999999,0.022472756519197706
3.0,3.0,0.3333333333333333,0.05555555555555555,0.86222,0.029416632651496785
3.0,3.0,0.3333333333333333,0.1111111111111111,0.8234239999999999,0.03364390060763156
3.0,3.0,0.3333333333333333,0.16666666666666666,0.771468,0.04081662614596998
3.0,3.0,0.3333333333333333,0.2222222222222222,0.714438,0.04443384846915197
3.0,3.0,0.3333333333333333,0.2777777777777778,0.647018,0.049845710605140967
3.0,3.0,0.3333333333333333,0.3333333333333333,0.5690879999999999,0.05258507998733622
3.0,3.0,0.3333333333333333,0.38888888888888884,0.49641399999999997,0.051095715557144254
3.0,3.0,0.3333333333333333,0.4444444444444444,0.44161,0.045031428570702005
3.0,3.0,0.3333333333333333,0.5,0.39663,0.039685500853030846
3.0,3.0,0.4444444444444444,0.0,0.8939579999999999,0.024185328118352774
3.0,3.0,0.4444444444444444,0.05555555555555555,0.8686679999999999,0.029464658630576967
3.0,3.0,0.4444444444444444,0.1111111111111111,0.8309719999999999,0.03321767668107111
3.0,3.0,0.4444444444444444,0.16666666666666666,0.78588,0.040219109307728505
3.0,3.0,0.4444444444444444,0.2222222222222222,0.7338599999999998,0.04227039119695828
3.0,3.0,0.4444444444444444,0.2777777777777778,0.649182,0.05024342423998107
3.0,3.0,0.4444444444444444,0.3333333333333333,0.564376,0.052299340972255706
3.0,3.0,0.4444444444444444,0.38888888888888884,0.49466200000000005,0.048514359132984214
3.0,3.0,0.4444444444444444,0.4444444444444444,0.441832,0.044293878486114595
3.0,3.0,0.4444444444444444,0.5,0.394866,0.039785799774887706
3.0,3.0,0.5555555555555556,0.0,0.897204,0.02362919935427879
3.0,3.0,0.5555555555555556,0.05555555555555555,0.86988,0.028678537567910767
3.0,3.0,0.5555555555555556,0.1111111111111111,0.8420239999999999,0.02964126571633764
3.0,3.0,0.5555555555555556,0.16666666666666666,0.8076120000000001,0.034787840457369205
3.0,3.0,0.5555555555555556,0.2222222222222222,0.737668,0.04385279822113576
3.0,3.0,0.5555555555555556,0.2777777777777778,0.651804,0.04874432893379919
3.0,3.0,0.5555555555555556,0.3333333333333333,0.5673140000000001,0.0499191270204615
3.0,3.0,0.5555555555555556,0.38888888888888884,0.499832,0.04743357105812985
3.0,3.0,0.5555555555555556,0.4444444444444444,0.439638,0.04575497778366818
3.0,3.0,0.5555555555555556,0.5,0.40032,0.04243672172424966
3.0,3.0,0.6666666666666666,0.0,0.896678,0.024477348655325998
3.0,3.0,0.6666666666666666,0.05555555555555555,0.8755660000000001,0.027938481732603992
3.0,3.0,0.6666666666666666,0.1111111111111111,0.8566339999999999,0.030082186088110016
3.0,3.0,0.6666666666666666,0.16666666666666666,0.810904,0.03698435438043869
3.0,3.0,0.6666666666666666,0.2222222222222222,0.7347819999999999,0.041355132328888516
3.0,3.0,0.6666666666666666,0.2777777777777778,0.645704,0.050779735594961385
3.0,3.0,0.6666666666666666,0.3333333333333333,0.5672919999999999,0.05173478241398958
3.0,3.0,0.6666666666666666,0.38888888888888884,0.49857799999999997,0.04968921363740634
3.0,3.0,0.6666666666666666,0.4444444444444444,0.43968399999999996,0.045156420902208304
3.0,3.0,0.6666666666666666,0.5,0.395404,0.039673173624135756
3.0,3.0,0.7777777777777777,0.0,0.8936700000000001,0.024947020014727837
3.0,3.0,0.7777777777777777,0.05555555555555555,0.8800699999999999,0.026812290051310278
3.0,3.0,0.7777777777777777,0.1111111111111111,0.862836,0.028780161559636846
3.0,3.0,0.7777777777777777,0.16666666666666666,0.807384,0.039024432817318766
3.0,3.0,0.7777777777777777,0.2222222222222222,0.730812,0.04447958546396417
3.0,3.0,0.7777777777777777,0.2777777777777778,0.6485639999999999,0.049107892177818996
3.0,3.0,0.7777777777777777,0.3333333333333333,0.5623,0.05356177487215028
3.0,3.0,0.7777777777777777,0.38888888888888884,0.49438,0.04944286392986529
3.0,3.0,0.7777777777777777,0.4444444444444444,0.43996,0.04399037059869832
3.0,3.0,0.7777777777777777,0.5,0.39371,0.0409030563655099
3.0,3.0,0.8888888888888888,0.0,0.895308,0.023370269038885724
3.0,3.0,0.8888888888888888,0.05555555555555555,0.883956,0.02538138083292501
3.0,3.0,0.8888888888888888,0.1111111111111111,0.871868,0.02990114936698813
3.0,3.0,0.8888888888888888,0.16666666666666666,0.8083859999999999,0.03736475952697966
3.0,3.0,0.8888888888888888,0.2222222222222222,0.7368579999999999,0.044771405981800204
3.0,3.0,0.8888888888888888,0.2777777777777778,0.648838,0.05014303944526717
3.0,3.0,0.8888888888888888,0.3333333333333333,0.567586,0.05078145445172346
3.0,3.0,0.8888888888888888,0.38888888888888884,0.494886,0.05127560217839977
3.0,3.0,0.8888888888888888,0.4444444444444444,0.438216,0.042408327915081805
3.0,3.0,0.8888888888888888,0.5,0.396178,0.041235118357680796
3.0,3.0,1.0,0.0,0.89476,0.023119156359641752
3.0,3.0,1.0,0.05555555555555555,0.8911120000000001,0.02470668526114313
3.0,3.0,1.0,0.1111111111111111,0.8733180000000001,0.02760646863002296
3.0,3.0,1.0,0.16666666666666666,0.8119959999999999,0.0358468684819179
3.0,3.0,1.0,0.2222222222222222,0.735162,0.04580440856170261
3.0,3.0,1.0,0.2777777777777778,0.65147,0.04716484012788103
3.0,3.0,1.0,0.3333333333333333,0.5695640000000001,0.04894553334543345
3.0,3.0,1.0,0.38888888888888884,0.49910799999999994,0.050895826019551206
3.0,3.0,1.0,0.4444444444444444,0.44103,0.04593588260413903
3.0,3.0,1.0,0.5,0.397432,0.039340522740031275
3.5,0.0,0.0,0.0,0.8957820000000001,0.02279486098608084
3.5,0.0,0.0,0.05555555555555555,0.848004,0.030081452284474
3.5,0.0,0.0,0.1111111111111111,0.790564,0.03941620451485294
3.5,0.0,0.0,0.16666666666666666,0.7267359999999999,0.04251368168320078
3.5,0.0,0.0,0.2222222222222222,0.65656,0.0469218682859804
3.5,0.0,0.0,0.2777777777777778,0.591464,0.050467719240825035
3.5,0.0,0.0,0.3333333333333333,0.535,0.04540073185429736
3.5,0.0,0.0,0.38888888888888884,0.49036,0.0436946317261442
3.5,0.0,0.0,0.4444444444444444,0.44728199999999996,0.04180629148843547
3.5,0.0,0.0,0.5,0.412826,0.03959944388387069
3.5,0.0,0.1111111111111111,0.0,0.8938100000000001,0.024636229167126024
3.5,0.0,0.1111111111111111,0.05555555555555555,0.8521200000000001,0.029512566529638403
3.5,0.0,0.1111111111111111,0.1111111111111111,0.7979360000000001,0.037648888184953426
3.5,0.0,0.1111111111111111,0.16666666666666666,0.73438,0.04359592652552804
3.5,0.0,0.1111111111111111,0.2222222222222222,0.6681780000000002,0.050050058268350996
3.5,0.0,0.1111111111111111,0.2777777777777778,0.597786,0.05128196450768569
3.5,0.0,0.1111111111111111,0.3333333333333333,0.53438,0.05249975283842956
3.5,0.0,0.1111111111111111,0.38888888888888884,0.479614,0.04760838287781345
3.5,0.0,0.1111111111111111,0.4444444444444444,0.43607,0.04585304901757807
3.5,0.0,0.1111111111111111,0.5,0.403442,0.04296793132377318
3.5,0.0,0.2222222222222222,0.0,0.895498,0.022855431246750754
3.5,0.0,0.2222222222222222,0.05555555555555555,0.855896,0.03118805176900752
3.5,0.0,0.2222222222222222,0.1111111111111111,0.802766,0.03739293659790347
3.5,0.0,0.2222222222222222,0.16666666666666666,0.7448180000000001,0.044599451770132706
3.5,0.0,0.2222222222222222,0.2222222222222222,0.67306,0.04853451966588725
3.5,0.0,0.2222222222222222,0.2777777777777778,0.6031759999999999,0.05308575344136009
3.5,0.0,0.2222222222222222,0.3333333333333333,0.531214,0.055765327466939435
3.5,0.0,0.2222222222222222,0.38888888888888884,0.47703999999999996,0.053811613798130216
3.5,0.0,0.2222222222222222,0.4444444444444444,0.42448,0.047717245005782595
3.5,0.0,0.2222222222222222,0.5,0.382976,0.04703718121692314
3.5,0.0,0.3333333333333333,0.0,0.895714,0.022829072190392426
3.5,0.0,0.3333333333333333,0.05555555555555555,0.8593059999999999,0.028552528044210577
3.5,0.0,0.3333333333333333,0.1111111111111111,0.809528,0.03392785603054897
3.5,0.0,0.3333333333333333,0.16666666666666666,0.754452,0.04225283778163549
3.5,0.0,0.3333333333333333,0.2222222222222222,0.6865699999999999,0.05328082951294184
3.5,0.0,0.3333333333333333,0.2777777777777778,0.6112960000000001,0.059113426379771905
3.5,0.0,0.3333333333333333,0.3333333333333333,0.534126,0.0585295955145959
3.5,0.0,0.3333333333333333,0.38888888888888884,0.464306,0.06378593618745923
3.5,0.0,0.3333333333333333,0.4444444444444444,0.40459800000000007,0.05844182826179519
3.5,0.0,0.3333333333333333,0.5,0.35937,0.05538874367461048
3.5,0.0,0.4444444444444444,0.0,0.894914,0.023644465006654364
3.5,0.0,0.4444444444444444,0.05555555555555555,0.861258,0.028420183843518666
3.5,0.0,0.4444444444444444,0.1111111111111111,0.816144,0.03683037084299946
3.5,0.0,0.4444444444444444,0.16666666666666666,0.7647900000000001,0.045128250775274596
3.5,0.0,0.4444444444444444,0.2222222222222222,0.6986140000000001,0.053531600653605294
3.5,0.0,0.4444444444444444,0.2777777777777778,0.617394,0.06316957776580608
3.5,0.0,0.4444444444444444,0.3333333333333333,0.538042,0.06931873057707877
3.5,0.0,0.4444444444444444,0.38888888888888884,0.44564,0.07030636079856128
3.5,0.0,0.4444444444444444,0.4444444444444444,0.37020000000000003,0.06945023160032426
3.5,0.0,0.4444444444444444,0.5,0.318792,0.05688606846646323
3.5,0.0,0.5555555555555556,0.0,0.895058,0.024232727584247413
3.5,0.0,0.5555555555555556,0.05555555555555555,0.862798,0.028753621293238014
3.5,0.0,0.5555555555555556,0.1111111111111111,0.825692,0.03602038411988811
3.5,0.0,0.5555555555555556,0.16666666666666666,0.774192,0.044009007276271134
3.5,0.0,0.5555555555555556,0.2222222222222222,0.710514,0.05120896914645016
3.5,0.0,0.5555555555555556,0.2777777777777778,0.633696,0.06825288636383071
3.5,0.0,0.5555555555555556,0.3333333333333333,0.530202,0.08793079577537885
3.5,0.0,0.5555555555555556,0.38888888888888884,0.4168,0.09708907547790487
3.5,0.0,0.5555555555555556,0.4444444444444444,0.32755599999999996,0.07526273861378746
3.5,0.0,0.5555555555555556,0.5,0.29081799999999997,0.03791485128410491
3.5,0.0,0.6666666666666666,0.0,0.893776,0.024681657002413156
3.5,0.0,0.6666666666666666,0.05555555555555555,0.865234,0.030333207065884157
3.5,0.0,0.6666666666666666,0.1111111111111111,0.8294839999999999,0.03529420782809021
3.5,0.0,0.6666666666666666,0.16666666666666666,0.789892,0.042848153571992544
3.5,0.0,0.6666666666666666,0.2222222222222222,0.728672,0.05407773311111399
3.5,0.0,0.6666666666666666,0.2777777777777778,0.64574,0.0716149551672499
3.5,0.0,0.6666666666666666,0.3333333333333333,0.51881,0.1194473324543538
3.5,0.0,0.6666666666666666,0.38888888888888884,0.366456,0.11111490046889493
3.5,0.0,0.6666666666666666,0.4444444444444444,0.28970000000000007,0.043189821965862345
3.5,0.0,0.6666666666666666,0.5,0.28453999999999996,0.027782587069756066
3.5,0.0,0.7777777777777777,0.0,0.894378,0.023822050629456432
3.5,0.0,0.7777777777777777,0.05555555555555555,0.872374,0.02786832271274402
3.5,0.0,0.7777777777777777,0.1111111111111111,0.8367,0.03269783320945267
3.5,0.0,0.7777777777777777,0.16666666666666666,0.798206,0.04222996927075863
3.5,0.0,0.7777777777777777,0.2222222222222222,0.743896,0.05213014759788384
3.5,0.0,0.7777777777777777,0.2777777777777778,0.64906,0.10524166482924938
3.5,0.0,0.7777777777777777,0.3333333333333333,0.451952,0.16810425269918397
3.5,0.0,0.7777777777777777,0.38888888888888884,0.31198000000000004,0.08755866970941578
3.5,0.0,0.7777777777777777,0.4444444444444444,0.28626,0.031860423304568515
3.5,0.0,0.7777777777777777,0.5,0.28443799999999997,0.026616668651433452
3.5,0.0,0.8888888888888888,0.0,0.897498,0.02327981734875907
3.5,0.0,0.8888888888888888,0.05555555555555555,0.8744580000000001,0.02832746240404364
3.5,0.0,0.8888888888888888,0.1111111111111111,0.84624,0.03370184012863559
3.5,0.0,0.8888888888888888,0.16666666666666666,0.808734,0.04310177223199851
3.5,0.0,0.8888888888888888,0.2222222222222222,0.760752,0.06092041603748583
3.5,0.0,0.8888888888888888,0.2777777777777778,0.626804,0.1712351966423325
3.5,0.0,0.8888888888888888,0.3333333333333333,0.38463800000000004,0.1739974746897115
3.5,0.0,0.8888888888888888,0.38888888888888884,0.287746,0.04406127865317921
3.5,0.0,0.8888888888888888,0.4444444444444444,0.286144,0.028237102044362257
3.5,0.0,0.8888888888888888,0.5,0.284524,0.026899527750248193
3.5,0.0,1.0,0.0,0.894836,0.0239942608368379
3.5,0.0,1.0,0.05555555555555555,0.8758599999999999,0.02797931529127076
3.5,0.0,1.0,0.1111111111111111,0.851854,0.03246624089104235
3.5,0.0,1.0,0.16666666666666666,0.82001,0.04064127614449755
3.5,0.0,1.0,0.2222222222222222,0.77482,0.07763448864812153
3.5,0.0,1.0,0.2777777777777778,0.5339599999999999,0.23841821425759308
3.5,0.0,1.0,0.3333333333333333,0.31182600000000005,0.11440207775556166
3.5,0.0,1.0,0.38888888888888884,0.28430199999999994,0.02778688572035506
3.5,0.0,1.0,0.4444444444444444,0.28246799999999994,0.025270500041445345
3.5,0.0,1.0,0.5,0.285394,0.02774495140845113
3.5,0.5,0.0,0.0,0.895828,0.024005644292870634
3.5,0.5,0.0,0.05555555555555555,0.847926,0.0315916537898597
3.5,0.5,0.0,0.1111111111111111,0.79026,0.036287877039585546
3.5,0.5,0.0,0.16666666666666666,0.729904,0.04114735707172426
3.5,0.5,0.0,0.2222222222222222,0.657486,0.04908662544517794
3.5,0.5,0.0,0.2777777777777778,0.5896520000000001,0.04649613615511195
3.5,0.5,0.0,0.3333333333333333,0.5339839999999999,0.046384467028986395
3.5,0.5,0.0,0.38888888888888884,0.482644,0.04388746384750356
3.5,0.5,0.0,0.4444444444444444,0.447882,0.04061486440234464
3.5,0.5,0.0,0.5,0.4139880000000001,0.040653773682516346
3.5,0.5,0.1111111111111111,0.0,0.8939900000000001,0.023876727082922933
3.5,0.5,0.1111111111111111,0.05555555555555555,0.851,0.03108776122199203
3.5,0.5,0.1111111111111111,0.1111111111111111,0.797038,0.03676721654442785
3.5,0.5,0.1111111111111111,0.16666666666666666,0.7376180000000001,0.04288083029996539
3.5,0.5,0.1111111111111111,0.2222222222222222,0.668538,0.048355735029264525
3.5,0.5,0.1111111111111111,0.2777777777777778,0.604414,0.049487378241430624
3.5,0.5,0.1111111111111111,0.3333333333333333,0.5453900000000002,0.04940911273076741
3.5,0.5,0.1111111111111111,0.38888888888888884,0.489858,0.04817026660887753
3.5,0.5,0.1111111111111111,0.4444444444444444,0.44762,0.04571629424087474
3.5,0.5,0.1111111111111111,0.5,0.408618,0.04353760583960134
3.5,0.5,0.2222222222222222,0.0,0.895946,0.022768396600716875
3.5,0.5,0.2222222222222222,0.05555555555555555,0.8543119999999998,0.03083888340162332
3.5,0.5,0.2222222222222222,0.1111111111111111,0.8067620000000001,0.0357783389087607
3.5,0.5,0.2222222222222222,0.16666666666666666,0.7473479999999999,0.04341364284150248
3.5,0.5,0.2222222222222222,0.2222222222222222,0.6820579999999999,0.04827852802786217
3.5,0.5,0.2222222222222222,0.2777777777777778,0.6165660000000001,0.053076434127769356
3.5,0.5,0.2222222222222222,0.3333333333333333,0.5470240000000001,0.053471617253486974
3.5,0.5,0.2222222222222222,0.38888888888888884,0.492974,0.05409500775235599
3.5,0.5,0.2222222222222222,0.4444444444444444,0.443786,0.047808571648252494
3.5,0.5,0.2222222222222222,0.5,0.405162,0.04643054325218893
3.5,0.5,0.3333333333333333,0.0,0.895038,0.024600873194336993
3.5,0.5,0.3333333333333333,0.05555555555555555,0.86098,0.029866832026691784
3.5,0.5,0.3333333333333333,0.1111111111111111,0.8164539999999999,0.0354707235400818
3.5,0.5,0.3333333333333333,0.16666666666666666,0.763442,0.042054390728663744
3.5,0.5,0.3333333333333333,0.2222222222222222,0.698236,0.04974355381647541
3.5,0.5,0.3333333333333333,0.2777777777777778,0.630966,0.05277403757610525
3.5,0.5,0.3333333333333333,0.3333333333333333,0.562856,0.0600627199238371
3.5,0.5,0.3333333333333333,0.38888888888888884,0.49544800000000006,0.059153982819136815
3.5,0.5,0.3333333333333333,0.4444444444444444,0.44006,0.05372199274980424
3.5,0.5,0.3333333333333333,0.5,0.39713,0.05451051175492271
3.5,0.5,0.4444444444444444,0.0,0.895886,0.023447229028143116
3.5,0.5,0.4444444444444444,0.05555555555555555,0.8632580000000001,0.028630733028469527
3.5,0.5,0.4444444444444444,0.1111111111111111,0.822554,0.03513305775896811
3.5,0.5,0.4444444444444444,0.16666666666666666,0.772794,0.042089269144929435
3.5,0.5,0.4444444444444444,0.2222222222222222,0.719148,0.050459353828379086
3.5,0.5,0.4444444444444444,0.2777777777777778,0.6503979999999999,0.05769434001476642
3.5,0.5,0.4444444444444444,0.3333333333333333,0.581168,0.06414434323881629
3.5,0.5,0.4444444444444444,0.38888888888888884,0.498152,0.07026212656088425
3.5,0.5,0.4444444444444444,0.4444444444444444,0.433486,0.06451889008931194
3.5,0.5,0.4444444444444444,0.5,0.384452,0.053074905437262426
3.5,0.5,0.5555555555555556,0.0,0.8962519999999999,0.02389582635177258
3.5,0.5,0.5555555555555556,0.05555555555555555,0.8664059999999999,0.02817539475747376
3.5,0.5,0.5555555555555556,0.1111111111111111,0.8329880000000001,0.03138422845301732
3.5,0.5,0.5555555555555556,0.16666666666666666,0.787762,0.039932575388450825
3.5,0.5,0.5555555555555556,0.2222222222222222,0.73348,0.050603151659909806
3.5,0.5,0.5555555555555556,0.2777777777777778,0.671444,0.058488568877847896
3.5,0.5,0.5555555555555556,0.3333333333333333,0.59803,0.06897936942893598
3.5,0.5,0.5555555555555556,0.38888888888888884,0.511344,0.07903765917038705
3.5,0.5,0.5555555555555556,0.4444444444444444,0.437792,0.07008632478482295
3.5,0.5,0.5555555555555556,0.5,0.387074,0.05373631646675114
3.5,0.5,0.6666666666666666,0.0,0.89677,0.024255427258718962
3.5,0.5,0.6666666666666666,0.05555555555555555,0.8695620000000001,0.027902172288853687
3.5,0.5,0.6666666666666666,0.1111111111111111,0.835778,0.03335610852530468
3.5,0.5,0.6666666666666666,0.16666666666666666,0.799778,0.04190184058593342
3.5,0.5,0.6666666666666666,0.2222222222222222,0.75515,0.046511527004481135
3.5,0.5,0.6666666666666666,0.2777777777777778,0.6926279999999999,0.05679564337352315
3.5,0.5,0.6666666666666666,0.3333333333333333,0.622952,0.07692940896645349
3.5,0.5,0.6666666666666666,0.38888888888888884,0.5229259999999999,0.0894058125775125
3.5,0.5,0.6666666666666666,0.4444444444444444,0.44071799999999994,0.07217829235840614
3.5,0.5,0.6666666666666666,0.5,0.385914,0.05372999561564951
3.5,0.5,0.7777777777777777,0.0,0.892054,0.025880081941187242
3.5,0.5,0.7777777777777777,0.05555555555555555,0.8745620000000001,0.026545800327548257
3.5,0.5,0.7777777777777777,0.1111111111111111,0.8482559999999999,0.033873903623488494
3.5,0.5,0.7777777777777777,0.16666666666666666,0.814092,0.03772678301038434
3.5,0.5,0.7777777777777777,0.2222222222222222,0.775322,0.04679639003428022
3.5,0.5,0.7777777777777777,0.2777777777777778,0.721442,0.05922896907388402
3.5,0.5,0.7777777777777777,0.3333333333333333,0.638624,0.08093411695059843
3.5,0.5,0.7777777777777777,0.38888888888888884,0.523458,0.09734742563908465
3.5,0.5,0.7777777777777777,0.4444444444444444,0.438938,0.07333909873188796
3.5,0.5,0.7777777777777777,0.5,0.38571000000000005,0.052026487588743134
3.5,0.5,0.8888888888888888,0.0,0.8954460000000001,0.024093818879879415
3.5,0.5,0.8888888888888888,0.05555555555555555,0.878854,0.027503191361551868
3.5,0.5,0.8888888888888888,0.1111111111111111,0.8556480000000001,0.03134404240023894
3.5,0.5,0.8888888888888888,0.16666666666666666,0.8311100000000001,0.036964776333406335
3.5,0.5,0.8888888888888888,0.2222222222222222,0.79727,0.04522893335936246
3.5,0.5,0.8888888888888888,0.2777777777777778,0.7498340000000001,0.0627533138631069
3.5,0.5,0.8888888888888888,0.3333333333333333,0.649328,0.09057186617202809
3.5,0.5,0.8888888888888888,0.38888888888888884,0.523476,0.09337204131966056
3.5,0.5,0.8888888888888888,0.4444444444444444,0.44731,0.07279266063887053
3.5,0.5,0.8888888888888888,0.5,0.389694,0.05272757113233104
3.5,0.5,1.0,0.0,0.8942060000000001,0.024656021633783744
3.5,0.5,1.0,0.05555555555555555,0.880156,0.025402721517999664
3.5,0.5,1.0,0.1111111111111111,0.8627659999999999,0.02971236937350463
3.5,0.5,1.0,0.16666666666666666,0.8438799999999999,0.034934487786051016
3.5,0.5,1.0,0.2222222222222222,0.820684,0.04381936120978564
3.5,0.5,1.0,0.2777777777777778,0.7580180000000001,0.07397921007314211
3.5,0.5,1.0,0.3333333333333333,0.6451140000000001,0.09703190911640122
3.5,0.5,1.0,0.38888888888888884,0.530904,0.09399645445920715
3.5,0.5,1.0,0.4444444444444444,0.440526,0.07301034409376098
3.5,0.5,1.0,0.5,0.381772,0.055801214746045345
3.5,1.0,0.0,0.0,0.896442,0.023809671078655167
3.5,1.0,0.0,0.05555555555555555,0.849502,0.030845890064443528
3.5,1.0,0.0,0.1111111111111111,0.791074,0.0371636219115841
3.5,1.0,0.0,0.16666666666666666,0.72391,0.04382313126269431
3.5,1.0,0.0,0.2222222222222222,0.659634,0.0440465690433316
3.5,1.0,0.0,0.2777777777777778,0.593468,0.047979798855314025
3.5,1.0,0.0,0.3333333333333333,0.534886,0.04611900833560625
3.5,1.0,0.0,0.38888888888888884,0.48374,0.046381881784979706
3.5,1.0,0.0,0.4444444444444444,0.44719600000000004,0.04361736504038423
3.5,1.0,0.0,0.5,0.41488800000000003,0.039550067910731665
3.5,1.0,0.1111111111111111,0.0,0.896448,0.021719640456580466
3.5,1.0,0.1111111111111111,0.05555555555555555,0.854384,0.027942119964961015
3.5,1.0,0.1111111111111111,0.1111111111111111,0.8001739999999999,0.037487576084903676
3.5,1.0,0.1111111111111111,0.16666666666666666,0.740004,0.041018447191721444
3.5,1.0,0.1111111111111111,0.2222222222222222,0.674704,0.045059395048805614
3.5,1.0,0.1111111111111111,0.2777777777777778,0.6073140000000001,0.04975643485640062
3.5,1.0,0.1111111111111111,0.3333333333333333,0.54373,0.04968845928353931
3.5,1.0,0.1111111111111111,0.38888888888888884,0.494472,0.04872569756510843
3.5,1.0,0.1111111111111111,0.4444444444444444,0.45241200000000004,0.04757205542031821
3.5,1.0,0.1111111111111111,0.5,0.41948,0.04171952345454762
3.5,1.0,0.2222222222222222,0.0,0.8944660000000001,0.02398673740095316
3.5,1.0,0.2222222222222222,0.05555555555555555,0.857876,0.029099522133133975
3.5,1.0,0.2222222222222222,0.1111111111111111,0.8105460000000001,0.036473779035277216
3.5,1.0,0.2222222222222222,0.16666666666666666,0.751284,0.04262296068500065
3.5,1.0,0.2222222222222222,0.2222222222222222,0.692578,0.044839592930672065
3.5,1.0,0.2222222222222222,0.2777777777777778,0.621382,0.05231410524145882
3.5,1.0,0.2222222222222222,0.3333333333333333,0.5661959999999999,0.051458542022624267
3.5,1.0,0.2222222222222222,0.38888888888888884,0.509082,0.050689269872038215
3.5,1.0,0.2222222222222222,0.4444444444444444,0.457212,0.049872573657336085
3.5,1.0,0.2222222222222222,0.5,0.41804,0.04526380478978868
3.5,1.0,0.3333333333333333,0.0,0.8958979999999999,0.02359909809424344
3.5,1.0,0.3333333333333333,0.05555555555555555,0.8625940000000001,0.028410270165941828
3.5,1.0,0.3333333333333333,0.1111111111111111,0.814476,0.03289683613442651
3.5,1.0,0.3333333333333333,0.16666666666666666,0.769146,0.04163348866906921
3.5,1.0,0.3333333333333333,0.2222222222222222,0.709294,0.049853006011842796
3.5,1.0,0.3333333333333333,0.2777777777777778,0.6471220000000001,0.051815604113619275
3.5,1.0,0.3333333333333333,0.3333333333333333,0.5787899999999999,0.055113709200921755
3.5,1.0,0.3333333333333333,0.38888888888888884,0.5239539999999999,0.05757587904405273
3.5,1.0,0.3333333333333333,0.4444444444444444,0.468938,0.05245421857288682
3.5,1.0,0.3333333333333333,0.5,0.41912,0.051252934810148254
3.5,1.0,0.4444444444444444,0.0,0.89582,0.023986711417976817
3.5,1.0,0.4444444444444444,0.05555555555555555,0.8652280000000001,0.027575729504682765
3.5,1.0,0.4444444444444444,0.1111111111111111,0.8268199999999999,0.03562445513418014
3.5,1.0,0.4444444444444444,0.16666666666666666,0.782184,0.04044261804964435
3.5,1.0,0.4444444444444444,0.2222222222222222,0.73138,0.048366374811689684
3.5,1.0,0.4444444444444444,0.2777777777777778,0.6681840000000001,0.05574320365306441
3.5,1.0,0.4444444444444444,0.3333333333333333,0.606532,0.0570653474866099
3.5,1.0,0.4444444444444444,0.38888888888888884,0.545968,0.06247551003961007
3.5,1.0,0.4444444444444444,0.4444444444444444,0.47366800000000003,0.0587113261273433
3.5,1.0,0.4444444444444444,0.5,0.42638,0.05578792149174172
3.5,1.0,0.5555555555555556,0.0,0.8963720000000001,0.02395306064427796
3.5,1.0,0.5555555555555556,0.05555555555555555,0.8668279999999999,0.028898662276353317
3.5,1.0,0.5555555555555556,0.1111111111111111,0.835648,0.03177286776878197
3.5,1.0,0.5555555555555556,0.16666666666666666,0.79645,0.041087856160278
3.5,1.0,0.5555555555555556,0.2222222222222222,0.750314,0.04514753596828975
3.5,1.0,0.5555555555555556,0.2777777777777778,0.696916,0.05309903916192683
3.5,1.0,0.5555555555555556,0.3333333333333333,0.628424,0.06369730699045033
3.5,1.0,0.5555555555555556,0.38888888888888884,0.560156,0.06995050973097514
3.5,1.0,0.5555555555555556,0.4444444444444444,0.48399000000000003,0.06755253207081402
3.5,1.0,0.5555555555555556,0.5,0.423138,0.057979394411745155
3.5,1.0,0.6666666666666666,0.0,0.895848,0.02428118712287752
3.5,1.0,0.6666666666666666,0.05555555555555555,0.873616,0.025989448760868103
3.5,1.0,0.6666666666666666,0.1111111111111111,0.8463999999999998,0.032901139341060516
3.5,1.0,0.6666666666666666,0.16666666666666666,0.81199,0.03956560088697116
3.5,1.0,0.6666666666666666,0.2222222222222222,0.775144,0.040630048802966785
3.5,1.0,0.6666666666666666,0.2777777777777778,0.72493,0.051690665984293525
3.5,1.0,0.6666666666666666,0.3333333333333333,0.657878,0.06996769306004227
3.5,1.0,0.6666666666666666,0.38888888888888884,0.565632,0.07741495156267232
3.5,1.0,0.6666666666666666,0.4444444444444444,0.484026,0.06455332359510507
3.5,1.0,0.6666666666666666,0.5,0.420112,0.05563072002068677
3.5,1.0,0.7777777777777777,0.0,0.8942620000000001,0.024400165822886725
3.5,1.0,0.7777777777777777,0.05555555555555555,0.8765060000000001,0.02809677600087397
3.5,1.0,0.7777777777777777,0.1111111111111111,0.8538600000000001,0.031262743293519094
3.5,1.0,0.7777777777777777,0.16666666666666666,0.825794,0.035455630970764984
3.5,1.0,0.7777777777777777,0.2222222222222222,0.7981079999999999,0.04208485006757682
3.5,1.0,0.7777777777777777,0.2777777777777778,0.748244,0.05548088609100332
3.5,1.0,0.7777777777777777,0.3333333333333333,0.6715899999999999,0.07002305589385133
3.5,1.0,0.7777777777777777,0.38888888888888884,0.56875,0.07399848005263486
3.5,1.0,0.7777777777777777,0.4444444444444444,0.483148,0.06895026013544467
3.5,1.0,0.7777777777777777,0.5,0.42369799999999996,0.05557719356795357
3.5,1.0,0.8888888888888888,0.0,0.8951520000000001,0.023534754414071588
3.5,1.0,0.8888888888888888,0.05555555555555555,0.879912,0.027184227420342162
3.5,1.0,0.8888888888888888,0.1111111111111111,0.862352,0.029250491937010476
3.5,1.0,0.8888888888888888,0.16666666666666666,0.8446719999999999,0.03198691516046782
3.5,1.0,0.8888888888888888,0.2222222222222222,0.81398,0.03998526281625481
3.5,1.0,0.8888888888888888,0.2777777777777778,0.76212,0.05699584768477974
3.5,1.0,0.8888888888888888,0.3333333333333333,0.6600640000000001,0.07933304082621229
3.5,1.0,0.8888888888888888,0.38888888888888884,0.5642919999999999,0.079214446871681
3.5,1.0,0.8888888888888888,0.4444444444444444,0.479554,0.06873537799690022
3.5,1.0,0.8888888888888888,0.5,0.42713,0.056839586356291404
3.5,1.0,1.0,0.0,0.8944460000000001,0.023927392759105576
3.5,1.0,1.0,0.05555555555555555,0.88265,0.026546354134526128
3.5,1.0,1.0,0.1111111111111111,0.8692799999999999,0.029188997844913786
3.5,1.0,1.0,0.16666666666666666,0.8605160000000001,0.030759356625912726
3.5,1.0,1.0,0.2222222222222222,0.833306,0.04227171820875798
3.5,1.0,1.0,0.2777777777777778,0.7700060000000001,0.06283086342552993
3.5,1.0,1.0,0.3333333333333333,0.6701699999999999,0.07198155171691667
3.5,1.0,1.0,0.38888888888888884,0.568192,0.07777540203897791
3.5,1.0,1.0,0.4444444444444444,0.47861000000000004,0.07116363133546305
3.5,1.0,1.0,0.5,0.421416,0.06084415309569083
3.5,1.5,0.0,0.0,0.8960560000000001,0.024452335213529
3.5,1.5,0.0,0.05555555555555555,0.848904,0.030381917414995775
3.5,1.5,0.0,0.1111111111111111,0.7910039999999999,0.03936555954838079
3.5,1.5,0.0,0.16666666666666666,0.7283240000000001,0.04089077077126986
3.5,1.5,0.0,0.2222222222222222,0.659428,0.045992732892902934
3.5,1.5,0.0,0.2777777777777778,0.59153,0.049097027774322
3.5,1.5,0.0,0.3333333333333333,0.534044,0.04782921001502453
3.5,1.5,0.0,0.38888888888888884,0.486838,0.04424951746167615
3.5,1.5,0.0,0.4444444444444444,0.44855,0.04272655634654482
3.5,1.5,0.0,0.5,0.419042,0.04009722947565388
3.5,1.5,0.1111111111111111,0.0,0.894302,0.024439504388377022
3.5,1.5,0.1111111111111111,0.05555555555555555,0.855058,0.028949798231339557
3.5,1.5,0.1111111111111111,0.1111111111111111,0.799418,0.03764297095773724
3.5,1.5,0.1111111111111111,0.16666666666666666,0.7417300000000001,0.04416403541398925
3.5,1.5,0.1111111111111111,0.2222222222222222,0.675674,0.048306549965186685
3.5,1.5,0.1111111111111111,0.2777777777777778,0.6122960000000001,0.04794281396436429
3.5,1.5,0.1111111111111111,0.3333333333333333,0.553904,0.048317449600240106
3.5,1.5,0.1111111111111111,0.38888888888888884,0.498214,0.04920319209385148
3.5,1.5,0.1111111111111111,0.4444444444444444,0.45515,0.04630061548174037
3.5,1.5,0.1111111111111111,0.5,0.42136399999999996,0.0408710703650586
3.5,1.5,0.2222222222222222,0.0,0.893282,0.02432558208733712
3.5,1.5,0.2222222222222222,0.05555555555555555,0.856712,0.03118695734785994
3.5,1.5,0.2222222222222222,0.1111111111111111,0.8101759999999999,0.0354457024142459
3.5,1.5,0.2222222222222222,0.16666666666666666,0.7574059999999999,0.041475071151887234
3.5,1.5,0.2222222222222222,0.2222222222222222,0.693114,0.0507992729896063
3.5,1.5,0.2222222222222222,0.2777777777777778,0.633676,0.04863313054671216
3.5,1.5,0.2222222222222222,0.3333333333333333,0.571568,0.0543149113521359
3.5,1.5,0.2222222222222222,0.38888888888888884,0.512558,0.05328768893077618
3.5,1.5,0.2222222222222222,0.4444444444444444,0.467804,0.04667481827841053
3.5,1.5,0.2222222222222222,0.5,0.42766,0.045049565221579074
3.5,1.5,0.3333333333333333,0.0,0.8950560000000001,0.02390773983562848
3.5,1.5,0.3333333333333333,0.05555555555555555,0.861664,0.029691991052560474
3.5,1.5,0.3333333333333333,0.1111111111111111,0.816422,0.037007499592003015
3.5,1.5,0.3333333333333333,0.16666666666666666,0.773828,0.04042760441080814
3.5,1.5,0.3333333333333333,0.2222222222222222,0.7178640000000001,0.04524275984770684
3.5,1.5,0.3333333333333333,0.2777777777777778,0.6606500000000001,0.05069745520169485
3.5,1.5,0.3333333333333333,0.3333333333333333,0.5993820000000001,0.053021492182571905
3.5,1.5,0.3333333333333333,0.38888888888888884,0.53854,0.05426211527676208
3.5,1.5,0.3333333333333333,0.4444444444444444,0.48460999999999993,0.054844632987513645
3.5,1.5,0.3333333333333333,0.5,0.436982,0.05038391363825377
3.5,1.5,0.4444444444444444,0.0,0.8941180000000001,0.022915635026272245
3.5,1.5,0.4444444444444444,0.05555555555555555,0.866748,0.027981322427819956
3.5,1.5,0.4444444444444444,0.1111111111111111,0.8302180000000001,0.03343312764382201
3.5,1.5,0.4444444444444444,0.16666666666666666,0.787376,0.03864107775126826
3.5,1.5,0.4444444444444444,0.2222222222222222,0.738008,0.04629893215006663
3.5,1.5,0.4444444444444444,0.2777777777777778,0.6823720000000001,0.051542865169679875
3.5,1.5,0.4444444444444444,0.3333333333333333,0.623176,0.054215529798598165
3.5,1.5,0.4444444444444444,0.38888888888888884,0.55366,0.05975488006332843
3.5,1.5,0.4444444444444444,0.4444444444444444,0.500848,0.06006483551072008
3.5,1.5,0.4444444444444444,0.5,0.44651599999999997,0.053696745011682964
3.5,1.5,0.5555555555555556,0.0,0.8961720000000001,0.024636402347771546
3.5,1.5,0.5555555555555556,0.05555555555555555,0.8692880000000001,0.02923337538624212
3.5,1.5,0.5555555555555556,0.1111111111111111,0.840576,0.030939727819019835
3.5,1.5,0.5555555555555556,0.16666666666666666,0.804598,0.03884851103477761
3.5,1.5,0.5555555555555556,0.2222222222222222,0.762962,0.04425355703919452
3.5,1.5,0.5555555555555556,0.2777777777777778,0.714246,0.05065116548639588
3.5,1.5,0.5555555555555556,0.3333333333333333,0.646032,0.05889196467266152
3.5,1.5,0.5555555555555556,0.38888888888888884,0.5683299999999999,0.06598342765763916
3.5,1.5,0.5555555555555556,0.4444444444444444,0.49393200000000004,0.0639414450320414
3.5,1.5,0.5555555555555556,0.5,0.440534,0.05263776508007583
3.5,1.5,0.6666666666666666,0.0,0.89402,0.02553789278573846
3.5,1.5,0.6666666666666666,0.05555555555555555,0.8733520000000001,0.02700671808353039
3.5,1.5,0.6666666666666666,0.1111111111111111,0.8479,0.03196682273093499
3.5,1.5,0.6666666666666666,0.16666666666666666,0.823494,0.036948563662386476
3.5,1.5,0.6666666666666666,0.2222222222222222,0.7857240000000001,0.04152199388218133
3.5,1.5,0.6666666666666666,0.2777777777777778,0.735778,0.05184488886092827
3.5,1.5,0.6666666666666666,0.3333333333333333,0.6643199999999999,0.06692212445434592
3.5,1.5,0.6666666666666666,0.38888888888888884,0.5739580000000001,0.06886494752772264
3.5,1.5,0.6666666666666666,0.4444444444444444,0.501132,0.06458682134136935
3.5,1.5,0.6666666666666666,0.5,0.43443,0.051295297201888405
3.5,1.5,0.7777777777777777,0.0,0.89377,0.02397771802995123
3.5,1.5,0.7777777777777777,0.05555555555555555,0.8759,0.027235004883090524
3.5,1.5,0.7777777777777777,0.1111111111111111,0.8582059999999999,0.028858502913019626
3.5,1.5,0.7777777777777777,0.16666666666666666,0.8366140000000001,0.033359116674916034
3.5,1.5,0.7777777777777777,0.2222222222222222,0.809166,0.038820723088089995
3.5,1.5,0.7777777777777777,0.2777777777777778,0.756518,0.05428380180382131
3.5,1.5,0.7777777777777777,0.3333333333333333,0.663394,0.06955295818284056
3.5,1.5,0.7777777777777777,0.38888888888888884,0.576956,0.06731047067823737
3.5,1.5,0.7777777777777777,0.4444444444444444,0.496552,0.06152744549465869
3.5,1.5,0.7777777777777777,0.5,0.441716,0.055074729192172905
3.5,1.5,0.8888888888888888,0.0,0.8925319999999999,0.023528709619371528
3.5,1.5,0.8888888888888888,0.05555555555555555,0.880544,0.02638386401877335
3.5,1.5,0.8888888888888888,0.1111111111111111,0.865876,0.02895066330520985
3.5,1.5,0.8888888888888888,0.16666666666666666,0.853018,0.03121554896191942
3.5,1.5,0.8888888888888888,0.2222222222222222,0.826664,0.04383837028698532
3.5,1.5,0.8888888888888888,0.2777777777777778,0.7598959999999999,0.057898269431878646
3.5,1.5,0.8888888888888888,0.3333333333333333,0.6668879999999999,0.0663220376749895
3.5,1.5,0.8888888888888888,0.38888888888888884,0.570402,0.06807355149267336
3.5,1.5,0.8888888888888888,0.4444444444444444,0.497764,0.061052232179570766
3.5,1.5,0.8888888888888888,0.5,0.43837800000000005,0.05300972720507731
3.5,1.5,1.0,0.0,0.895246,0.0227754896733247
3.5,1.5,1.0,0.05555555555555555,0.886332,0.02629716444249136
3.5,1.5,1.0,0.1111111111111111,0.8760739999999999,0.028358436590399414
3.5,1.5,1.0,0.16666666666666666,0.86399,0.030548983301601444
3.5,1.5,1.0,0.2222222222222222,0.8355779999999999,0.045647950521064434
3.5,1.5,1.0,0.2777777777777778,0.760914,0.05713839511565569
3.5,1.5,1.0,0.3333333333333333,0.663636,0.06975812422787458
3.5,1.5,1.0,0.38888888888888884,0.57133,0.06708022520256214
3.5,1.5,1.0,0.4444444444444444,0.498216,0.06323713477403019
3.5,1.5,1.0,0.5,0.437742,0.05540558630668911
3.5,2.0,0.0,0.0,0.893164,0.02398699346961648
3.5,2.0,0.0,0.05555555555555555,0.8482820000000001,0.03141133266258022
3.5,2.0,0.0,0.1111111111111111,0.791676,0.03787225421437911
3.5,2.0,0.0,0.16666666666666666,0.724488,0.045926815705006195
3.5,2.0,0.0,0.2222222222222222,0.656096,0.04649216953052751
3.5,2.0,0.0,0.2777777777777778,0.594362,0.04870136138962036
3.5,2.0,0.0,0.3333333333333333,0.53676,0.045402744613479845
3.5,2.0,0.0,0.38888888888888884,0.486828,0.04377999305142894
3.5,2.0,0.0,0.4444444444444444,0.44686200000000004,0.04093490306055646
3.5,2.0,0.0,0.5,0.41421,0.03997025321766887
3.5,2.0,0.1111111111111111,0.0,0.8946900000000001,0.023216975597864255
3.5,2.0,0.1111111111111111,0.05555555555555555,0.854966,0.02846093627742376
3.5,2.0,0.1111111111111111,0.1111111111111111,0.801888,0.03769420595163995
3.5,2.0,0.1111111111111111,0.16666666666666666,0.739524,0.04419266236394485
3.5,2.0,0.1111111111111111,0.2222222222222222,0.67916,0.048226652590036556
3.5,2.0,0.1111111111111111,0.2777777777777778,0.61272,0.04945451544799921
3.5,2.0,0.1111111111111111,0.3333333333333333,0.5524939999999999,0.05058992632224898
3.5,2.0,0.1111111111111111,0.38888888888888884,0.504752,0.04758258821672909
3.5,2.0,0.1111111111111111,0.4444444444444444,0.45887599999999995,0.0446644652145955
3.5,2.0,0.1111111111111111,0.5,0.42424199999999995,0.044658708405785154
3.5,2.0,0.2222222222222222,0.0,0.895584,0.023140049000282423
3.5,2.0,0.2222222222222222,0.05555555555555555,0.8586800000000001,0.029870153198539324
3.5,2.0,0.2222222222222222,0.1111111111111111,0.813504,0.03501173556472898
3.5,2.0,0.2222222222222222,0.16666666666666666,0.7617999999999999,0.038337965506771446
3.5,2.0,0.2222222222222222,0.2222222222222222,0.697054,0.04923754416612411
3.5,2.0,0.2222222222222222,0.2777777777777778,0.6352819999999999,0.05065129399301002
3.5,2.0,0.2222222222222222,0.3333333333333333,0.577836,0.05130850054773491
3.5,2.0,0.2222222222222222,0.38888888888888884,0.525376,0.04842379944516344
3.5,2.0,0.2222222222222222,0.4444444444444444,0.47424400000000005,0.04862605732425573
3.5,2.0,0.2222222222222222,0.5,0.44,0.04410826541767782
3.5,2.0,0.3333333333333333,0.0,0.893944,0.02324507541528151
3.5,2.0,0.3333333333333333,0.05555555555555555,0.8608320000000002,0.028632488799083814
3.5,2.0,0.3333333333333333,0.1111111111111111,0.823252,0.03376240951995555
3.5,2.0,0.3333333333333333,0.16666666666666666,0.7773499999999999,0.041146391714246396
3.5,2.0,0.3333333333333333,0.2222222222222222,0.723858,0.046121233421762366
3.5,2.0,0.3333333333333333,0.2777777777777778,0.66473,0.04764276194272391
3.5,2.0,0.3333333333333333,0.3333333333333333,0.602018,0.05553660328656424
3.5,2.0,0.3333333333333333,0.38888888888888884,0.551366,0.053930520543493586
3.5,2.0,0.3333333333333333,0.4444444444444444,0.493806,0.05168806124581093
3.5,2.0,0.3333333333333333,0.5,0.443944,0.04920991867695358
3.5,2.0,0.4444444444444444,0.0,0.895008,0.02470937154369105
3.5,2.0,0.4444444444444444,0.05555555555555555,0.865226,0.027162299332162965
3.5,2.0,0.4444444444444444,0.1111111111111111,0.8326600000000001,0.03273590810346823
3.5,2.0,0.4444444444444444,0.16666666666666666,0.7868719999999999,0.03980145635345158
3.5,2.0,0.4444444444444444,0.2222222222222222,0.746548,0.04706908426331209
3.5,2.0,0.4444444444444444,0.2777777777777778,0.686762,0.05020580246547608
3.5,2.0,0.4444444444444444,0.3333333333333333,0.632092,0.05318489260685977
3.5,2.0,0.4444444444444444,0.38888888888888884,0.567904,0.060740708353645374
3.5,2.0,0.4444444444444444,0.4444444444444444,0.496514,0.05518340529942749
3.5,2.0,0.4444444444444444,0.5,0.441868,0.04994231718785368
3.5,2.0,0.5555555555555556,0.0,0.8940260000000001,0.024222774606127172
3.5,2.0,0.5555555555555556,0.05555555555555555,0.8700640000000001,0.028030471252500824
3.5,2.0,0.5555555555555556,0.1111111111111111,0.843172,0.031176889081908913
3.5,2.0,0.5555555555555556,0.16666666666666666,0.805856,0.040459030268414985
3.5,2.0,0.5555555555555556,0.2222222222222222,0.7699159999999999,0.03920263559092105
3.5,2.0,0.5555555555555556,0.2777777777777778,0.717548,0.051204487059143364
3.5,2.0,0.5555555555555556,0.3333333333333333,0.649572,0.05897617480295562
3.5,2.0,0.5555555555555556,0.38888888888888884,0.565268,0.060104819729447805
3.5,2.0,0.5555555555555556,0.4444444444444444,0.501964,0.05474647986963392
3.5,2.0,0.5555555555555556,0.5,0.447074,0.051040010671812734
3.5,2.0,0.6666666666666666,0.0,0.895214,0.02344661364425077
3.5,2.0,0.6666666666666666,0.05555555555555555,0.8748879999999999,0.027281275483084892
3.5,2.0,0.6666666666666666,0.1111111111111111,0.8515459999999999,0.03114977529617195
3.5,2.0,0.6666666666666666,0.16666666666666666,0.823466,0.03581108363932659
3.5,2.0,0.6666666666666666,0.2222222222222222,0.7951379999999999,0.03936676823009177
3.5,2.0,0.6666666666666666,0.2777777777777778,0.7393460000000001,0.051076333734279236
3.5,2.0,0.6666666666666666,0.3333333333333333,0.651642,0.06569289877832915
3.5,2.0,0.6666666666666666,0.38888888888888884,0.56584,0.06524956253356526
3.5,2.0,0.6666666666666666,0.4444444444444444,0.49658199999999997,0.0517023552953458
3.5,2.0,0.6666666666666666,0.5,0.445344,0.051689818520452895
3.5,2.0,0.7777777777777777,0.0,0.8932620000000001,0.02315516528463397
3.5,2.0,0.7777777777777777,0.05555555555555555,0.879674,0.02638461710997681
3.5,2.0,0.7777777777777777,0.1111111111111111,0.8616459999999999,0.029279741982831117
3.5,2.0,0.7777777777777777,0.16666666666666666,0.8402179999999999,0.031850893784472346
3.5,2.0,0.7777777777777777,0.2222222222222222,0.81034,0.041818009180059804
3.5,2.0,0.7777777777777777,0.2777777777777778,0.738978,0.05696714867409209
3.5,2.0,0.7777777777777777,0.3333333333333333,0.656072,0.06145042820235271
3.5,2.0,0.7777777777777777,0.38888888888888884,0.5655640000000001,0.06393065118017054
3.5,2.0,0.7777777777777777,0.4444444444444444,0.5003380000000001,0.05459521068793599
3.5,2.0,0.7777777777777777,0.5,0.443826,0.0488800392847731
3.5,2.0,0.8888888888888888,0.0,0.895494,0.024082813952188233
3.5,2.0,0.8888888888888888,0.05555555555555555,0.88385,0.025096916352827944
3.5,2.0,0.8888888888888888,0.1111111111111111,0.8706440000000001,0.02688350255117139
3.5,2.0,0.8888888888888888,0.16666666666666666,0.855714,0.03190768566990749
3.5,2.0,0.8888888888888888,0.2222222222222222,0.8207439999999999,0.0420686820809025
3.5,2.0,0.8888888888888888,0.2777777777777778,0.741798,0.05291844593182683
3.5,2.0,0.8888888888888888,0.3333333333333333,0.64899,0.0670020032303046
3.5,2.0,0.8888888888888888,0.38888888888888884,0.565472,0.06229126438946697
3.5,2.0,0.8888888888888888,0.4444444444444444,0.500882,0.057409649116008765
3.5,2.0,0.8888888888888888,0.5,0.44519000000000003,0.05220214581850168
3.5,2.0,1.0,0.0,0.893864,0.024835359755565806
3.5,2.0,1.0,0.05555555555555555,0.89052,0.024025487468440538
3.5,2.0,1.0,0.1111111111111111,0.880182,0.02675407327630222
3.5,2.0,1.0,0.16666666666666666,0.870712,0.03185974171716667
3.5,2.0,1.0,0.2222222222222222,0.8213299999999999,0.04581417878731333
3.5,2.0,1.0,0.2777777777777778,0.741122,0.05652423457410438
3.5,2.0,1.0,0.3333333333333333,0.6559320000000001,0.0587925889294395
3.5,2.0,1.0,0.38888888888888884,0.5721020000000001,0.06338620684689118
3.5,2.0,1.0,0.4444444444444444,0.500662,0.0593708814076247
3.5,2.0,1.0,0.5,0.44952,0.05256576756635139
3.5,2.5,0.0,0.0,0.895614,0.023958903608559578
3.5,2.5,0.0,0.05555555555555555,0.84799,0.03135602494898233
3.5,2.5,0.0,0.1111111111111111,0.7927199999999999,0.03648737119214024
3.5,2.5,0.0,0.16666666666666666,0.72511,0.04345847648453307
3.5,2.5,0.0,0.2222222222222222,0.6575720000000002,0.044980966983620564
3.5,2.5,0.0,0.2777777777777778,0.5925419999999999,0.04511055486602488
3.5,2.5,0.0,0.3333333333333333,0.5378099999999999,0.04838301077302781
3.5,2.5,0.0,0.38888888888888884,0.485148,0.042306284869732515
3.5,2.5,0.0,0.4444444444444444,0.44824,0.04260164551282969
3.5,2.5,0.0,0.5,0.41613,0.03871608154165243
3.5,2.5,0.1111111111111111,0.0,0.8937060000000001,0.025638530232151187
3.5,2.5,0.1111111111111111,0.05555555555555555,0.852572,0.029615383804972577
3.5,2.5,0.1111111111111111,0.1111111111111111,0.7992079999999999,0.03743248747059794
3.5,2.5,0.1111111111111111,0.16666666666666666,0.742962,0.041787665332582255
3.5,2.5,0.1111111111111111,0.2222222222222222,0.67652,0.049696207360844985
3.5,2.5,0.1111111111111111,0.2777777777777778,0.6118100000000001,0.0452922142242867
3.5,2.5,0.1111111111111111,0.3333333333333333,0.5592,0.04668549100245471
3.5,2.5,0.1111111111111111,0.38888888888888884,0.506146,0.0465552517653365
3.5,2.5,0.1111111111111111,0.4444444444444444,0.46373,0.043182526108626905
3.5,2.5,0.1111111111111111,0.5,0.424244,0.04362984748062231
3.5,2.5,0.2222222222222222,0.0,0.8958,0.02247064439929215
3.5,2.5,0.2222222222222222,0.05555555555555555,0.8575280000000001,0.02848205876236277
3.5,2.5,0.2222222222222222,0.1111111111111111,0.8125760000000001,0.03477923827270601
3.5,2.5,0.2222222222222222,0.16666666666666666,0.762444,0.0402676773066357
3.5,2.5,0.2222222222222222,0.2222222222222222,0.702548,0.045885276649775715
3.5,2.5,0.2222222222222222,0.2777777777777778,0.636874,0.048960968913553046
3.5,2.5,0.2222222222222222,0.3333333333333333,0.580788,0.05081053509808677
3.5,2.5,0.2222222222222222,0.38888888888888884,0.529372,0.049608867104488294
3.5,2.5,0.2222222222222222,0.4444444444444444,0.47970799999999997,0.047419235588604926
3.5,2.5,0.2222222222222222,0.5,0.442504,0.04454803068684578
3.5,2.5,0.3333333333333333,0.0,0.8948959999999999,0.025793172730764216
3.5,2.5,0.3333333333333333,0.05555555555555555,0.862204,0.0285333258729287
3.5,2.5,0.3333333333333333,0.1111111111111111,0.822684,0.03412496403427673
3.5,2.5,0.3333333333333333,0.16666666666666666,0.7760239999999999,0.0402619108703731
3.5,2.5,0.3333333333333333,0.2222222222222222,0.7257279999999999,0.04550612740348848
3.5,2.5,0.3333333333333333,0.2777777777777778,0.670748,0.05037387766593122
3.5,2.5,0.3333333333333333,0.3333333333333333,0.6109380000000001,0.05441278948297576
3.5,2.5,0.3333333333333333,0.38888888888888884,0.553568,0.054707725656373114
3.5,2.5,0.3333333333333333,0.4444444444444444,0.49452999999999997,0.05131502278208841
3.5,2.5,0.3333333333333333,0.5,0.445688,0.048321927458936216
3.5,2.5,0.4444444444444444,0.0,0.893904,0.023292485134211328
3.5,2.5,0.4444444444444444,0.05555555555555555,0.86612,0.027651669563686736
3.5,2.5,0.4444444444444444,0.1111111111111111,0.8335,0.03352392738649261
3.5,2.5,0.4444444444444444,0.16666666666666666,0.797788,0.03798680099850736
3.5,2.5,0.4444444444444444,0.2222222222222222,0.7480319999999999,0.04384015161684065
3.5,2.5,0.4444444444444444,0.2777777777777778,0.696874,0.05166733155777063
3.5,2.5,0.4444444444444444,0.3333333333333333,0.6314379999999999,0.055380105346019996
3.5,2.5,0.4444444444444444,0.38888888888888884,0.554524,0.05564813432368972
3.5,2.5,0.4444444444444444,0.4444444444444444,0.497138,0.05244876262985435
3.5,2.5,0.4444444444444444,0.5,0.44327000000000005,0.04749754871852375
3.5,2.5,0.5555555555555556,0.0,0.896162,0.02388289222607189
3.5,2.5,0.5555555555555556,0.05555555555555555,0.8704660000000001,0.02827585351114212
3.5,2.5,0.5555555555555556,0.1111111111111111,0.847018,0.03015560307461264
3.5,2.5,0.5555555555555556,0.16666666666666666,0.8116019999999998,0.0346330259864476
3.5,2.5,0.5555555555555556,0.2222222222222222,0.7696200000000001,0.04254635100649568
3.5,2.5,0.5555555555555556,0.2777777777777778,0.7152560000000001,0.050572538271818124
3.5,2.5,0.5555555555555556,0.3333333333333333,0.6353820000000001,0.0558580012945078
3.5,2.5,0.5555555555555556,0.38888888888888884,0.555658,0.05636999368792543
3.5,2.5,0.5555555555555556,0.4444444444444444,0.49182400000000004,0.049702088680843956
3.5,2.5,0.5555555555555556,0.5,0.44146199999999997,0.047776959213237165
3.5,2.5,0.6666666666666666,0.0,0.8939539999999999,0.02417835954195986
3.5,2.5,0.6666666666666666,0.05555555555555555,0.876626,0.02813776094827671
3.5,2.5,0.6666666666666666,0.1111111111111111,0.855754,0.029907631414635087
3.5,2.5,0.6666666666666666,0.16666666666666666,0.829434,0.03485937457832518
3.5,2.5,0.6666666666666666,0.2222222222222222,0.790202,0.04257424489826348
3.5,2.5,0.6666666666666666,0.2777777777777778,0.720152,0.05436900655472284
3.5,2.5,0.6666666666666666,0.3333333333333333,0.631576,0.05727702453059304
3.5,2.5,0.6666666666666666,0.38888888888888884,0.556106,0.05613473952877957
3.5,2.5,0.6666666666666666,0.4444444444444444,0.488522,0.050995436905377535
3.5,2.5,0.6666666666666666,0.5,0.44414,0.046664113395176766
3.5,2.5,0.7777777777777777,0.0,0.8927280000000001,0.023936330375052235
3.5,2.5,0.7777777777777777,0.05555555555555555,0.880556,0.027167683560806597
3.5,2.5,0.7777777777777777,0.1111111111111111,0.8643160000000001,0.03006566200941082
3.5,2.5,0.7777777777777777,0.16666666666666666,0.8443979999999999,0.03365056190664974
3.5,2.5,0.7777777777777777,0.2222222222222222,0.799318,0.04257127556235556
3.5,2.5,0.7777777777777777,0.2777777777777778,0.717712,0.05099727934902022
3.5,2.5,0.7777777777777777,0.3333333333333333,0.6339159999999999,0.057950716259853596
3.5,2.5,0.7777777777777777,0.38888888888888884,0.559056,0.05535262134152959
3.5,2.5,0.7777777777777777,0.4444444444444444,0.494606,0.05284444943105513
3.5,2.5,0.7777777777777777,0.5,0.44426199999999993,0.048944299411573765
3.5,2.5,0.8888888888888888,0.0,0.8948600000000001,0.023802637061093146
3.5,2.5,0.8888888888888888,0.05555555555555555,0.885212,0.0234570997153124
3.5,2.5,0.8888888888888888,0.1111111111111111,0.874448,0.028513739893697772
3.5,2.5,0.8888888888888888,0.16666666666666666,0.8570760000000001,0.03234809147452271
3.5,2.5,0.8888888888888888,0.2222222222222222,0.79919,0.04355378012902041
3.5,2.5,0.8888888888888888,0.2777777777777778,0.718832,0.0528482132459232
3.5,2.5,0.8888888888888888,0.3333333333333333,0.633692,0.05827697270015137
3.5,2.5,0.8888888888888888,0.38888888888888884,0.5576420000000001,0.057620430960972996
3.5,2.5,0.8888888888888888,0.4444444444444444,0.489998,0.049761978507792674
3.5,2.5,0.8888888888888888,0.5,0.442282,0.04496846452352144
3.5,2.5,1.0,0.0,0.89471,0.024157256592837382
3.5,2.5,1.0,0.05555555555555555,0.88935,0.02599683000561188
3.5,2.5,1.0,0.1111111111111111,0.88377,0.0267045195187154
3.5,2.5,1.0,0.16666666666666666,0.8647039999999999,0.03240822380106445
3.5,2.5,1.0,0.2222222222222222,0.7993380000000001,0.04322346923356766
3.5,2.5,1.0,0.2777777777777778,0.719764,0.05074274288912478
3.5,2.5,1.0,0.3333333333333333,0.6371720000000001,0.05615301182906354
3.5,2.5,1.0,0.38888888888888884,0.55399,0.05756952666820879
3.5,2.5,1.0,0.4444444444444444,0.491502,0.053871683773808764
3.5,2.5,1.0,0.5,0.44537600000000005,0.047505116526458335
3.5,3.0,0.0,0.0,0.893738,0.025205236835385156
3.5,3.0,0.0,0.05555555555555555,0.8479220000000001,0.02960948089240058
3.5,3.0,0.0,0.1111111111111111,0.791246,0.036270933890521495
3.5,3.0,0.0,0.16666666666666666,0.72653,0.043644734225921265
3.5,3.0,0.0,0.2222222222222222,0.65724,0.04751258034017056
3.5,3.0,0.0,0.2777777777777778,0.59308,0.048464825167920646
3.5,3.0,0.0,0.3333333333333333,0.5324459999999999,0.04698662117175778
3.5,3.0,0.0,0.38888888888888884,0.488154,0.04326719756084902
3.5,3.0,0.0,0.4444444444444444,0.44910800000000006,0.04213543789083608
3.5,3.0,0.0,0.5,0.411966,0.04103135371854007
3.5,3.0,0.1111111111111111,0.0,0.8960619999999999,0.02349327614548675
3.5,3.0,0.1111111111111111,0.05555555555555555,0.852518,0.03135109980395961
3.5,3.0,0.1111111111111111,0.1111111111111111,0.801652,0.037675267052736196
3.5,3.0,0.1111111111111111,0.16666666666666666,0.7466780000000001,0.03846105590910483
3.5,3.0,0.1111111111111111,0.2222222222222222,0.680692,0.046370006372459804
3.5,3.0,0.1111111111111111,0.2777777777777778,0.613672,0.05051403519323126
3.5,3.0,0.1111111111111111,0.3333333333333333,0.5556500000000001,0.05022529901675693
3.5,3.0,0.1111111111111111,0.38888888888888884,0.506244,0.044553411507469415
3.5,3.0,0.1111111111111111,0.4444444444444444,0.463428,0.04401890666848255
3.5,3.0,0.1111111111111111,0.5,0.428782,0.04210582235930212
3.5,3.0,0.2222222222222222,0.0,0.8936100000000001,0.025362895199598418
3.5,3.0,0.2222222222222222,0.05555555555555555,0.85688,0.028878600158148054
3.5,3.0,0.2222222222222222,0.1111111111111111,0.8152079999999999,0.03517053694982032
3.5,3.0,0.2222222222222222,0.16666666666666666,0.7604620000000001,0.04215683757005281
3.5,3.0,0.2222222222222222,0.2222222222222222,0.7010940000000001,0.04458071381312973
3.5,3.0,0.2222222222222222,0.2777777777777778,0.643306,0.05134671688306214
3.5,3.0,0.2222222222222222,0.3333333333333333,0.586726,0.04641123710761995
3.5,3.0,0.2222222222222222,0.38888888888888884,0.530494,0.048767350481094325
3.5,3.0,0.2222222222222222,0.4444444444444444,0.481568,0.04668735153751147
3.5,3.0,0.2222222222222222,0.5,0.443788,0.04456414457794436
3.5,3.0,0.3333333333333333,0.0,0.89414,0.024056638245760265
3.5,3.0,0.3333333333333333,0.05555555555555555,0.8635640000000001,0.028478904473311483
3.5,3.0,0.3333333333333333,0.1111111111111111,0.823758,0.03638669288129487
3.5,3.0,0.3333333333333333,0.16666666666666666,0.7822339999999999,0.0368551196401175
3.5,3.0,0.3333333333333333,0.2222222222222222,0.728482,0.042107526210014457
3.5,3.0,0.3333333333333333,0.2777777777777778,0.671242,0.04733519491197547
3.5,3.0,0.3333333333333333,0.3333333333333333,0.608212,0.05216106411125484
3.5,3.0,0.3333333333333333,0.38888888888888884,0.54514,0.05078423453153456
3.5,3.0,0.3333333333333333,0.4444444444444444,0.486344,0.048080902762124185
3.5,3.0,0.3333333333333333,0.5,0.43831600000000004,0.04323413610852078
3.5,3.0,0.4444444444444444,0.0,0.893532,0.024209029932248875
3.5,3.0,0.4444444444444444,0.05555555555555555,0.865318,0.02883796338621245
3.5,3.0,0.4444444444444444,0.1111111111111111,0.8343520000000001,0.03303323303841056
3.5,3.0,0.4444444444444444,0.16666666666666666,0.791748,0.039853244009945187
3.5,3.0,0.4444444444444444,0.2222222222222222,0.755228,0.04203286260865606
3.5,3.0,0.4444444444444444,0.2777777777777778,0.6937539999999999,0.04888940408374116
3.5,3.0,0.4444444444444444,0.3333333333333333,0.6179079999999999,0.05414305566694503
3.5,3.0,0.4444444444444444,0.38888888888888884,0.54301,0.05327654907520498
3.5,3.0,0.4444444444444444,0.4444444444444444,0.48297799999999996,0.04937153646815595
3.5,3.0,0.4444444444444444,0.5,0.44190199999999996,0.04387854886046485
3.5,3.0,0.5555555555555556,0.0,0.89417,0.02414379725502565
3.5,3.0,0.5555555555555556,0.05555555555555555,0.872058,0.02784272023600211
3.5,3.0,0.5555555555555556,0.1111111111111111,0.846752,0.03081612830202805
3.5,3.0,0.5555555555555556,0.16666666666666666,0.816326,0.0334405781728886
3.5,3.0,0.5555555555555556,0.2222222222222222,0.76954,0.041214580955855104
3.5,3.0,0.5555555555555556,0.2777777777777778,0.693974,0.04857951484447997
3.5,3.0,0.5555555555555556,0.3333333333333333,0.612598,0.05573549395648294
3.5,3.0,0.5555555555555556,0.38888888888888884,0.546456,0.04992792464461783
3.5,3.0,0.5555555555555556,0.4444444444444444,0.48583000000000004,0.04985844792669863
3.5,3.0,0.5555555555555556,0.5,0.44032000000000004,0.04499465120738852
3.5,3.0,0.6666666666666666,0.0,0.8954580000000001,0.02467991962842935
3.5,3.0,0.6666666666666666,0.05555555555555555,0.8763240000000001,0.02707902456039149
3.5,3.0,0.6666666666666666,0.1111111111111111,0.8562940000000001,0.03137017276775757
3.5,3.0,0.6666666666666666,0.16666666666666666,0.831422,0.03440335882143475
3.5,3.0,0.6666666666666666,0.2222222222222222,0.7773479999999999,0.04368408743455653
3.5,3.0,0.6666666666666666,0.2777777777777778,0.695326,0.04943451493170602
3.5,3.0,0.6666666666666666,0.3333333333333333,0.60982,0.05043795768218912
3.5,3.0,0.6666666666666666,0.38888888888888884,0.54472,0.05231634160755506
3.5,3.0,0.6666666666666666,0.4444444444444444,0.486126,0.04855105079260522
3.5,3.0,0.6666666666666666,0.5,0.441762,0.046859759176292405
3.5,3.0,0.7777777777777777,0.0,0.8950440000000001,0.022553034001778372
3.5,3.0,0.7777777777777777,0.05555555555555555,0.881544,0.025410459399502962
3.5,3.0,0.7777777777777777,0.1111111111111111,0.865714,0.028122766292950924
3.5,3.0,0.7777777777777777,0.16666666666666666,0.842138,0.03272878400743313
3.5,3.0,0.7777777777777777,0.2222222222222222,0.772642,0.04522685898387256
3.5,3.0,0.7777777777777777,0.2777777777777778,0.6938,0.048537529640136544
3.5,3.0,0.7777777777777777,0.3333333333333333,0.614144,0.052098981484703585
3.5,3.0,0.7777777777777777,0.38888888888888884,0.5432319999999999,0.05237633757217995
3.5,3.0,0.7777777777777777,0.4444444444444444,0.48553199999999996,0.049673613838975395
3.5,3.0,0.7777777777777777,0.5,0.441792,0.04600972207099387
3.5,3.0,0.8888888888888888,0.0,0.8931180000000001,0.022943427768219636
3.5,3.0,0.8888888888888888,0.05555555555555555,0.8847160000000002,0.025895956153233295
3.5,3.0,0.8888888888888888,0.1111111111111111,0.874818,0.028586487201141084
3.5,3.0,0.8888888888888888,0.16666666666666666,0.8407619999999999,0.03492851784312404
3.5,3.0,0.8888888888888888,0.2222222222222222,0.773692,0.04308747145508524
3.5,3.0,0.8888888888888888,0.2777777777777778,0.6938119999999999,0.049810468996419686
3.5,3.0,0.8888888888888888,0.3333333333333333,0.6151479999999999,0.053001929257433834
3.5,3.0,0.8888888888888888,0.38888888888888884,0.5427060000000001,0.051883401379221025
3.5,3.0,0.8888888888888888,0.4444444444444444,0.482492,0.04847781072062279
3.5,3.0,0.8888888888888888,0.5,0.43757799999999997,0.04225592315976742
3.5,3.0,1.0,0.0,0.894914,0.024932184654845785
3.5,3.0,1.0,0.05555555555555555,0.8907660000000001,0.024510912133726383
3.5,3.0,1.0,0.1111111111111111,0.884462,0.026500889613380946
3.5,3.0,1.0,0.16666666666666666,0.8381559999999999,0.03591238034611808
3.5,3.0,1.0,0.2222222222222222,0.7716559999999999,0.043229842731673344
3.5,3.0,1.0,0.2777777777777778,0.692946,0.051567795755861394
3.5,3.0,1.0,0.3333333333333333,0.610876,0.05307940722108607
3.5,3.0,1.0,0.38888888888888884,0.54418,0.053733249708616135
3.5,3.0,1.0,0.4444444444444444,0.487758,0.04522612342972767
3.5,3.0,1.0,0.5,0.441152,0.044305245802401576
4.0,0.0,0.0,0.0,0.8956259999999999,0.02375531000654411
4.0,0.0,0.0,0.05555555555555555,0.8516659999999999,0.02998761340813623
4.0,0.0,0.0,0.1111111111111111,0.79803,0.035135995451284784
4.0,0.0,0.0,0.16666666666666666,0.7331320000000001,0.044956476124035596
4.0,0.0,0.0,0.2222222222222222,0.6758379999999999,0.04629607336284185
4.0,0.0,0.0,0.2777777777777778,0.6111740000000001,0.04699622340175918
4.0,0.0,0.0,0.3333333333333333,0.5635739999999999,0.04745039097000584
4.0,0.0,0.0,0.38888888888888884,0.5133380000000001,0.04379890917465616
4.0,0.0,0.0,0.4444444444444444,0.47944200000000003,0.04095946767212641
4.0,0.0,0.0,0.5,0.446856,0.0419425036356015
4.0,0.0,0.1111111111111111,0.0,0.895242,0.02320025732356778
4.0,0.0,0.1111111111111111,0.05555555555555555,0.853866,0.03149297793665498
4.0,0.0,0.1111111111111111,0.1111111111111111,0.801172,0.03532248252236931
4.0,0.0,0.1111111111111111,0.16666666666666666,0.747932,0.03887448813367594
4.0,0.0,0.1111111111111111,0.2222222222222222,0.684954,0.04674276045881994
4.0,0.0,0.1111111111111111,0.2777777777777778,0.622942,0.04979447374187683
4.0,0.0,0.1111111111111111,0.3333333333333333,0.561458,0.05070825267921937
4.0,0.0,0.1111111111111111,0.38888888888888884,0.5143340000000001,0.04967855030817066
4.0,0.0,0.1111111111111111,0.4444444444444444,0.47348,0.04730675912507468
4.0,0.0,0.1111111111111111,0.5,0.43971000000000005,0.04390892719909644
4.0,0.0,0.2222222222222222,0.0,0.8954580000000001,0.02297624973976843
4.0,0.0,0.2222222222222222,0.05555555555555555,0.85405,0.03171680013528546
4.0,0.0,0.2222222222222222,0.1111111111111111,0.810974,0.035093309972267055
4.0,0.0,0.2222222222222222,0.16666666666666666,0.753284,0.04111320877615543
4.0,0.0,0.2222222222222222,0.2222222222222222,0.6928099999999999,0.048487399970629716
4.0,0.0,0.2222222222222222,0.2777777777777778,0.6264259999999999,0.05146873405447565
4.0,0.0,0.2222222222222222,0.3333333333333333,0.5631260000000001,0.05474533978757382
4.0,0.0,0.2222222222222222,0.38888888888888884,0.509614,0.05041531922764797
4.0,0.0,0.2222222222222222,0.4444444444444444,0.46311199999999997,0.050223024205245166
4.0,0.0,0.2222222222222222,0.5,0.424894,0.050888604462377
4.0,0.0,0.3333333333333333,0.0,0.89484,0.023798721779050108
4.0,0.0,0.3333333333333333,0.05555555555555555,0.858942,0.028481731936597837
4.0,0.0,0.3333333333333333,0.1111111111111111,0.815914,0.034740241403097505
4.0,0.0,0.3333333333333333,0.16666666666666666,0.761668,0.0433715570382231
4.0,0.0,0.3333333333333333,0.2222222222222222,0.702028,0.04987414236006775
4.0,0.0,0.3333333333333333,0.2777777777777778,0.6336700000000001,0.05620650712226985
4.0,0.0,0.3333333333333333,0.3333333333333333,0.5692699999999999,0.05946762056608271
4.0,0.0,0.3333333333333333,0.38888888888888884,0.500588,0.058401504496501715
4.0,0.0,0.3333333333333333,0.4444444444444444,0.450802,0.0584267590093501
4.0,0.0,0.3333333333333333,0.5,0.40886199999999995,0.05844246743593224
4.0,0.0,0.4444444444444444,0.0,0.895178,0.02358369558391539
4.0,0.0,0.4444444444444444,0.05555555555555555,0.862328,0.0298117072940073
4.0,0.0,0.4444444444444444,0.1111111111111111,0.817214,0.03633996960347603
4.0,0.0,0.4444444444444444,0.16666666666666666,0.769828,0.042412687820702344
4.0,0.0,0.4444444444444444,0.2222222222222222,0.7101580000000001,0.049786448124300525
4.0,0.0,0.4444444444444444,0.2777777777777778,0.6429839999999999,0.05622663615428592
4.0,0.0,0.4444444444444444,0.3333333333333333,0.5673159999999999,0.06529341931014504
4.0,0.0,0.4444444444444444,0.38888888888888884,0.4977500000000001,0.07091437934859751
4.0,0.0,0.4444444444444444,0.4444444444444444,0.4231420000000001,0.06713317781191543
4.0,0.0,0.4444444444444444,0.5,0.377,0.061198648262017985
4.0,0.0,0.5555555555555556,0.0,0.896436,0.023206960810500825
4.0,0.0,0.5555555555555556,0.05555555555555555,0.866144,0.0285767129152757
4.0,0.0,0.5555555555555556,0.1111111111111111,0.8285119999999999,0.03382280029269129
4.0,0.0,0.5555555555555556,0.16666666666666666,0.7823680000000001,0.04467258505740879
4.0,0.0,0.5555555555555556,0.2222222222222222,0.72551,0.05301153029944881
4.0,0.0,0.5555555555555556,0.2777777777777778,0.652894,0.06260253124144159
4.0,0.0,0.5555555555555556,0.3333333333333333,0.57004,0.07552171514814687
4.0,0.0,0.5555555555555556,0.38888888888888884,0.47063200000000005,0.08911965665555949
4.0,0.0,0.5555555555555556,0.4444444444444444,0.390402,0.08190950329149188
4.0,0.0,0.5555555555555556,0.5,0.33969600000000005,0.05530929234440881
4.0,0.0,0.6666666666666666,0.0,0.89517,0.021862319685799332
4.0,0.0,0.6666666666666666,0.05555555555555555,0.8675499999999999,0.02884238663032355
4.0,0.0,0.6666666666666666,0.1111111111111111,0.834688,0.03436067473050946
4.0,0.0,0.6666666666666666,0.16666666666666666,0.79014,0.043286115274428376
4.0,0.0,0.6666666666666666,0.2222222222222222,0.7393820000000001,0.05288392473133949
4.0,0.0,0.6666666666666666,0.2777777777777778,0.6600060000000001,0.07367307111023422
4.0,0.0,0.6666666666666666,0.3333333333333333,0.563384,0.10330444404923073
4.0,0.0,0.6666666666666666,0.38888888888888884,0.433856,0.10944569422306177
4.0,0.0,0.6666666666666666,0.4444444444444444,0.34955200000000003,0.07106915607977757
4.0,0.0,0.6666666666666666,0.5,0.324416,0.03480416071688
4.0,0.0,0.7777777777777777,0.0,0.894812,0.023088065608601663
4.0,0.0,0.7777777777777777,0.05555555555555555,0.8714379999999999,0.02947853667074568
4.0,0.0,0.7777777777777777,0.1111111111111111,0.840684,0.033790823955138084
4.0,0.0,0.7777777777777777,0.16666666666666666,0.79888,0.04227007355371495
4.0,0.0,0.7777777777777777,0.2222222222222222,0.756578,0.053129175926879754
4.0,0.0,0.7777777777777777,0.2777777777777778,0.678424,0.08903229595740465
4.0,0.0,0.7777777777777777,0.3333333333333333,0.550522,0.13796787955018788
4.0,0.0,0.7777777777777777,0.38888888888888884,0.37823399999999996,0.11186785094991458
4.0,0.0,0.7777777777777777,0.4444444444444444,0.332556,0.05126866309580602
4.0,0.0,0.7777777777777777,0.5,0.321284,0.030088635661857183
4.0,0.0,0.8888888888888888,0.0,0.894168,0.02454074718799513
4.0,0.0,0.8888888888888888,0.05555555555555555,0.8744460000000001,0.027994829969300066
4.0,0.0,0.8888888888888888,0.1111111111111111,0.8479079999999999,0.03251544316302911
4.0,0.0,0.8888888888888888,0.16666666666666666,0.814014,0.04117524262479117
4.0,0.0,0.8888888888888888,0.2222222222222222,0.767744,0.059593701702152474
4.0,0.0,0.8888888888888888,0.2777777777777778,0.6785699999999999,0.12128598302919723
4.0,0.0,0.8888888888888888,0.3333333333333333,0.4997560000000001,0.17915937213902738
4.0,0.0,0.8888888888888888,0.38888888888888884,0.34213,0.08748801864720464
4.0,0.0,0.8888888888888888,0.4444444444444444,0.32610400000000006,0.040125069799975495
4.0,0.0,0.8888888888888888,0.5,0.32193,0.03039191400477679
4.0,0.0,1.0,0.0,0.892468,0.023783361254143435
4.0,0.0,1.0,0.05555555555555555,0.8791359999999999,0.026194384810321148
4.0,0.0,1.0,0.1111111111111111,0.856308,0.031203853880474256
4.0,0.0,1.0,0.16666666666666666,0.8253400000000001,0.04198988808514265
4.0,0.0,1.0,0.2222222222222222,0.7903700000000001,0.055297130533966954
4.0,0.0,1.0,0.2777777777777778,0.646034,0.19572206594606648
4.0,0.0,1.0,0.3333333333333333,0.411232,0.1774026877000639
4.0,0.0,1.0,0.38888888888888884,0.324896,0.05001443863670059
4.0,0.0,1.0,0.4444444444444444,0.32218800000000003,0.030586725086269143
4.0,0.0,1.0,0.5,0.319032,0.03074934178222487
4.0,0.5,0.0,0.0,0.89571,0.025042847050140968
4.0,0.5,0.0,0.05555555555555555,0.851838,0.029985229429969954
4.0,0.5,0.0,0.1111111111111111,0.797446,0.03895296845560047
4.0,0.5,0.0,0.16666666666666666,0.740254,0.04226864986633766
4.0,0.5,0.0,0.2222222222222222,0.6756880000000001,0.046424920058141285
4.0,0.5,0.0,0.2777777777777778,0.614344,0.046580351246469684
4.0,0.5,0.0,0.3333333333333333,0.557614,0.04830623135762043
4.0,0.5,0.0,0.38888888888888884,0.5146620000000001,0.04390470364327731
4.0,0.5,0.0,0.4444444444444444,0.477748,0.04484822429533738
4.0,0.5,0.0,0.5,0.449216,0.04204236512055262
4.0,0.5,0.1111111111111111,0.0,0.894482,0.024077398493950165
4.0,0.5,0.1111111111111111,0.05555555555555555,0.8531799999999999,0.029504518861803754
4.0,0.5,0.1111111111111111,0.1111111111111111,0.8030079999999999,0.03708285604460434
4.0,0.5,0.1111111111111111,0.16666666666666666,0.7451200000000001,0.04300535456245053
4.0,0.5,0.1111111111111111,0.2222222222222222,0.6847519999999999,0.04850624916870849
4.0,0.5,0.1111111111111111,0.2777777777777778,0.6234500000000001,0.051416016117809576
4.0,0.5,0.1111111111111111,0.3333333333333333,0.57155,0.05013388387732642
4.0,0.5,0.1111111111111111,0.38888888888888884,0.518174,0.049550077137059806
4.0,0.5,0.1111111111111111,0.4444444444444444,0.48093600000000003,0.04629953777735577
4.0,0.5,0.1111111111111111,0.5,0.447114,0.04458606102444295
4.0,0.5,0.2222222222222222,0.0,0.8927379999999999,0.02352726972773688
4.0,0.5,0.2222222222222222,0.05555555555555555,0.8593679999999999,0.030434274529422666
4.0,0.5,0.2222222222222222,0.1111111111111111,0.810596,0.036680727030294
4.0,0.5,0.2222222222222222,0.16666666666666666,0.7565500000000001,0.04253560927167054
4.0,0.5,0.2222222222222222,0.2222222222222222,0.697418,0.04910876314095549
4.0,0.5,0.2222222222222222,0.2777777777777778,0.633312,0.05331453399468236
4.0,0.5,0.2222222222222222,0.3333333333333333,0.5785440000000001,0.05430253764963826
4.0,0.5,0.2222222222222222,0.38888888888888884,0.5288820000000001,0.052860804053763887
4.0,0.5,0.2222222222222222,0.4444444444444444,0.47897,0.049680069631968866
4.0,0.5,0.2222222222222222,0.5,0.44058800000000004,0.04637291397249694
4.0,0.5,0.3333333333333333,0.0,0.89368,0.025549621647544332
4.0,0.5,0.3333333333333333,0.05555555555555555,0.859778,0.029428162523321068
4.0,0.5,0.3333333333333333,0.1111111111111111,0.823538,0.03326514234736988
4.0,0.5,0.3333333333333333,0.16666666666666666,0.7681959999999999,0.04078215236968015
4.0,0.5,0.3333333333333333,0.2222222222222222,0.714952,0.04639567666956971
4.0,0.5,0.3333333333333333,0.2777777777777778,0.6486040000000001,0.05272657173317327
4.0,0.5,0.3333333333333333,0.3333333333333333,0.588756,0.055638941827603
4.0,0.5,0.3333333333333333,0.38888888888888884,0.53453,0.058709852610845256
4.0,0.5,0.3333333333333333,0.4444444444444444,0.48442,0.057951776649501165
4.0,0.5,0.3333333333333333,0.5,0.43568799999999996,0.054537687654955626
4.0,0.5,0.4444444444444444,0.0,0.894682,0.02417605922559257
4.0,0.5,0.4444444444444444,0.05555555555555555,0.865568,0.030822092381237128
4.0,0.5,0.4444444444444444,0.1111111111111111,0.825376,0.034618427101617125
4.0,0.5,0.4444444444444444,0.16666666666666666,0.7825740000000001,0.04041211206560734
4.0,0.5,0.4444444444444444,0.2222222222222222,0.729652,0.045370650070012786
4.0,0.5,0.4444444444444444,0.2777777777777778,0.670856,0.05316088244983985
4.0,0.5,0.4444444444444444,0.3333333333333333,0.60673,0.06190393601855361
4.0,0.5,0.4444444444444444,0.38888888888888884,0.543092,0.05897962978401032
4.0,0.5,0.4444444444444444,0.4444444444444444,0.476534,0.06439990325363973
4.0,0.5,0.4444444444444444,0.5,0.424748,0.06043669153226981
4.0,0.5,0.5555555555555556,0.0,0.8937500000000002,0.02648778407890744
4.0,0.5,0.5555555555555556,0.05555555555555555,0.869002,0.028813163533107086
4.0,0.5,0.5555555555555556,0.1111111111111111,0.833552,0.034360742384798214
4.0,0.5,0.5555555555555556,0.16666666666666666,0.793566,0.0391199486805586
4.0,0.5,0.5555555555555556,0.2222222222222222,0.749192,0.04638122002645344
4.0,0.5,0.5555555555555556,0.2777777777777778,0.693396,0.05304483663267117
4.0,0.5,0.5555555555555556,0.3333333333333333,0.6215620000000001,0.06631677000554186
4.0,0.5,0.5555555555555556,0.38888888888888884,0.55658,0.07314903391244923
4.0,0.5,0.5555555555555556,0.4444444444444444,0.485648,0.07528223512789524
4.0,0.5,0.5555555555555556,0.5,0.43112800000000007,0.06330426902629796
4.0,0.5,0.6666666666666666,0.0,0.8958520000000001,0.02326337174465173
4.0,0.5,0.6666666666666666,0.05555555555555555,0.870234,0.02922854528914225
4.0,0.5,0.6666666666666666,0.1111111111111111,0.843682,0.03283920984747979
4.0,0.5,0.6666666666666666,0.16666666666666666,0.803508,0.038456621790259174
4.0,0.5,0.6666666666666666,0.2222222222222222,0.7621140000000001,0.04608310220262125
4.0,0.5,0.6666666666666666,0.2777777777777778,0.7085100000000001,0.058187674906478644
4.0,0.5,0.6666666666666666,0.3333333333333333,0.6428,0.0689460013503641
4.0,0.5,0.6666666666666666,0.38888888888888884,0.57221,0.08271547375913649
4.0,0.5,0.6666666666666666,0.4444444444444444,0.48569399999999996,0.0719631137700904
4.0,0.5,0.6666666666666666,0.5,0.432086,0.06175134866644006
4.0,0.5,0.7777777777777777,0.0,0.8929259999999999,0.025664252018387904
4.0,0.5,0.7777777777777777,0.05555555555555555,0.87427,0.027796806018852243
4.0,0.5,0.7777777777777777,0.1111111111111111,0.848284,0.03317765600092073
4.0,0.5,0.7777777777777777,0.16666666666666666,0.8215399999999999,0.038107226630166684
4.0,0.5,0.7777777777777777,0.2222222222222222,0.784114,0.04420612363387528
4.0,0.5,0.7777777777777777,0.2777777777777778,0.736366,0.0564457996719083
4.0,0.5,0.7777777777777777,0.3333333333333333,0.6686340000000001,0.07197004528856206
4.0,0.5,0.7777777777777777,0.38888888888888884,0.580442,0.09152663484347899
4.0,0.5,0.7777777777777777,0.4444444444444444,0.48358,0.0790240038619453
4.0,0.5,0.7777777777777777,0.5,0.431756,0.061781894345656604
4.0,0.5,0.8888888888888888,0.0,0.893694,0.023946256709992116
4.0,0.5,0.8888888888888888,0.05555555555555555,0.8787200000000001,0.026651645736068205
4.0,0.5,0.8888888888888888,0.1111111111111111,0.85787,0.029611395940399007
4.0,0.5,0.8888888888888888,0.16666666666666666,0.8348719999999998,0.03561044542893692
4.0,0.5,0.8888888888888888,0.2222222222222222,0.80347,0.044162855610017586
4.0,0.5,0.8888888888888888,0.2777777777777778,0.761942,0.061430497703471296
4.0,0.5,0.8888888888888888,0.3333333333333333,0.6893199999999999,0.08688857721069783
4.0,0.5,0.8888888888888888,0.38888888888888884,0.588948,0.09710381866434706
4.0,0.5,0.8888888888888888,0.4444444444444444,0.487978,0.08047096786629745
4.0,0.5,0.8888888888888888,0.5,0.428076,0.05949697474668789
4.0,0.5,1.0,0.0,0.8955380000000001,0.022294722813496964
4.0,0.5,1.0,0.05555555555555555,0.882674,0.02544095533616681
4.0,0.5,1.0,0.1111111111111111,0.86545,0.030547566312477847
4.0,0.5,1.0,0.16666666666666666,0.8458920000000001,0.03467415362859949
4.0,0.5,1.0,0.2222222222222222,0.824956,0.04059751692852067
4.0,0.5,1.0,0.2777777777777778,0.790916,0.05514856001150605
4.0,0.5,1.0,0.3333333333333333,0.6978039999999999,0.08926132843234529
4.0,0.5,1.0,0.38888888888888884,0.576022,0.09683060387963813
4.0,0.5,1.0,0.4444444444444444,0.486378,0.07867387287114504
4.0,0.5,1.0,0.5,0.428296,0.05973968567115311
4.0,1.0,0.0,0.0,0.895776,0.02368881897200825
4.0,1.0,0.0,0.05555555555555555,0.852566,0.03009207054057328
4.0,1.0,0.0,0.1111111111111111,0.796614,0.03794961594932684
4.0,1.0,0.0,0.16666666666666666,0.737718,0.0429663903230745
4.0,1.0,0.0,0.2222222222222222,0.672336,0.04471027982740086
4.0,1.0,0.0,0.2777777777777778,0.615286,0.04868104242704307
4.0,1.0,0.0,0.3333333333333333,0.563376,0.04707499053071528
4.0,1.0,0.0,0.38888888888888884,0.5160560000000001,0.04658817209935499
4.0,1.0,0.0,0.4444444444444444,0.47890400000000005,0.04170377913797235
4.0,1.0,0.0,0.5,0.4516,0.040211664426032204
4.0,1.0,0.1111111111111111,0.0,0.8933840000000001,0.024148018502460844
4.0,1.0,0.1111111111111111,0.05555555555555555,0.856194,0.029353221069830633
4.0,1.0,0.1111111111111111,0.1111111111111111,0.807556,0.032046729157581715
4.0,1.0,0.1111111111111111,0.16666666666666666,0.749822,0.04282497253408449
4.0,1.0,0.1111111111111111,0.2222222222222222,0.6866279999999999,0.04627925187714919
4.0,1.0,0.1111111111111111,0.2777777777777778,0.63049,0.04744385881733228
4.0,1.0,0.1111111111111111,0.3333333333333333,0.5726939999999999,0.04940354019265354
4.0,1.0,0.1111111111111111,0.38888888888888884,0.526228,0.04791638525548336
4.0,1.0,0.1111111111111111,0.4444444444444444,0.48591199999999996,0.04915123542585451
4.0,1.0,0.1111111111111111,0.5,0.45215599999999995,0.0408012886353926
4.0,1.0,0.2222222222222222,0.0,0.8962899999999999,0.022110985762348233
4.0,1.0,0.2222222222222222,0.05555555555555555,0.856754,0.029560058832084776
4.0,1.0,0.2222222222222222,0.1111111111111111,0.812914,0.037867486013650115
4.0,1.0,0.2222222222222222,0.16666666666666666,0.764292,0.040586614573836166
4.0,1.0,0.2222222222222222,0.2222222222222222,0.70731,0.04743545239890284
4.0,1.0,0.2222222222222222,0.2777777777777778,0.644408,0.046497328300432024
4.0,1.0,0.2222222222222222,0.3333333333333333,0.5913059999999999,0.05155754770594603
4.0,1.0,0.2222222222222222,0.38888888888888884,0.53977,0.05101987019102084
4.0,1.0,0.2222222222222222,0.4444444444444444,0.493476,0.05186607372075134
4.0,1.0,0.2222222222222222,0.5,0.452614,0.049314143747479736
4.0,1.0,0.3333333333333333,0.0,0.893562,0.02530705534233885
4.0,1.0,0.3333333333333333,0.05555555555555555,0.862514,0.02981415051854212
4.0,1.0,0.3333333333333333,0.1111111111111111,0.822348,0.03477241921806063
4.0,1.0,0.3333333333333333,0.16666666666666666,0.775652,0.04123595158847208
4.0,1.0,0.3333333333333333,0.2222222222222222,0.72477,0.04564317801598392
4.0,1.0,0.3333333333333333,0.2777777777777778,0.6657580000000001,0.050016704984985866
4.0,1.0,0.3333333333333333,0.3333333333333333,0.608868,0.0536183217272762
4.0,1.0,0.3333333333333333,0.38888888888888884,0.556154,0.05330148572752473
4.0,1.0,0.3333333333333333,0.4444444444444444,0.506312,0.05256185073134896
4.0,1.0,0.3333333333333333,0.5,0.45988,0.049991959273306824
4.0,1.0,0.4444444444444444,0.0,0.8928059999999999,0.023978036961207372
4.0,1.0,0.4444444444444444,0.05555555555555555,0.86735,0.028736580905952075
4.0,1.0,0.4444444444444444,0.1111111111111111,0.8332280000000001,0.03346017307732776
4.0,1.0,0.4444444444444444,0.16666666666666666,0.7888120000000002,0.03843669359908132
4.0,1.0,0.4444444444444444,0.2222222222222222,0.740464,0.04629292357960442
4.0,1.0,0.4444444444444444,0.2777777777777778,0.68751,0.051471083579907075
4.0,1.0,0.4444444444444444,0.3333333333333333,0.630634,0.05500096595981771
4.0,1.0,0.4444444444444444,0.38888888888888884,0.571988,0.05900106870401953
4.0,1.0,0.4444444444444444,0.4444444444444444,0.5181720000000001,0.0593397069223911
4.0,1.0,0.4444444444444444,0.5,0.46999599999999997,0.056803144088656866
4.0,1.0,0.5555555555555556,0.0,0.8955019999999999,0.02283174485549217
4.0,1.0,0.5555555555555556,0.05555555555555555,0.870896,0.028969425939748238
4.0,1.0,0.5555555555555556,0.1111111111111111,0.839418,0.0331414542224078
4.0,1.0,0.5555555555555556,0.16666666666666666,0.804158,0.03792801213098857
4.0,1.0,0.5555555555555556,0.2222222222222222,0.7635940000000001,0.042281302973800665
4.0,1.0,0.5555555555555556,0.2777777777777778,0.712586,0.04960103960866668
4.0,1.0,0.5555555555555556,0.3333333333333333,0.6547540000000001,0.057169381318330194
4.0,1.0,0.5555555555555556,0.38888888888888884,0.599818,0.06551006038788278
4.0,1.0,0.5555555555555556,0.4444444444444444,0.527642,0.06920497448150655
4.0,1.0,0.5555555555555556,0.5,0.46979999999999994,0.06200164843629269
4.0,1.0,0.6666666666666666,0.0,0.894134,0.023907471182806308
4.0,1.0,0.6666666666666666,0.05555555555555555,0.8740239999999999,0.027034962592998174
4.0,1.0,0.6666666666666666,0.1111111111111111,0.849656,0.03056321128035363
4.0,1.0,0.6666666666666666,0.16666666666666666,0.8170640000000001,0.037278187059739384
4.0,1.0,0.6666666666666666,0.2222222222222222,0.781104,0.043731751808411067
4.0,1.0,0.6666666666666666,0.2777777777777778,0.73914,0.04901961081535612
4.0,1.0,0.6666666666666666,0.3333333333333333,0.6804560000000001,0.06172597716126514
4.0,1.0,0.6666666666666666,0.38888888888888884,0.6084700000000001,0.07220218425242855
4.0,1.0,0.6666666666666666,0.4444444444444444,0.5426580000000001,0.07336755845240138
4.0,1.0,0.6666666666666666,0.5,0.469942,0.061251008220404274
4.0,1.0,0.7777777777777777,0.0,0.896432,0.02420713421066995
4.0,1.0,0.7777777777777777,0.05555555555555555,0.8777020000000001,0.026901981883469442
4.0,1.0,0.7777777777777777,0.1111111111111111,0.860088,0.029917526180242435
4.0,1.0,0.7777777777777777,0.16666666666666666,0.831122,0.034170079084035174
4.0,1.0,0.7777777777777777,0.2222222222222222,0.8023199999999999,0.04005814411352127
4.0,1.0,0.7777777777777777,0.2777777777777778,0.7647079999999999,0.0490923502565055
4.0,1.0,0.7777777777777777,0.3333333333333333,0.70724,0.065518116939474
4.0,1.0,0.7777777777777777,0.38888888888888884,0.6150260000000001,0.07884965351680018
4.0,1.0,0.7777777777777777,0.4444444444444444,0.5293479999999999,0.07386088109081168
4.0,1.0,0.7777777777777777,0.5,0.470798,0.06043454197499519
4.0,1.0,0.8888888888888888,0.0,0.893854,0.02366323268622285
4.0,1.0,0.8888888888888888,0.05555555555555555,0.882088,0.02569366819218972
4.0,1.0,0.8888888888888888,0.1111111111111111,0.864872,0.029956073652890425
4.0,1.0,0.8888888888888888,0.16666666666666666,0.846342,0.03212496011085848
4.0,1.0,0.8888888888888888,0.2222222222222222,0.821786,0.03729447626552542
4.0,1.0,0.8888888888888888,0.2777777777777778,0.790508,0.04855051225765761
4.0,1.0,0.8888888888888888,0.3333333333333333,0.717604,0.07276692404155159
4.0,1.0,0.8888888888888888,0.38888888888888884,0.618132,0.07635726186079328
4.0,1.0,0.8888888888888888,0.4444444444444444,0.53153,0.06897599928202496
4.0,1.0,0.8888888888888888,0.5,0.470448,0.0604543194940691
4.0,1.0,1.0,0.0,0.896042,0.024567689731790323
4.0,1.0,1.0,0.05555555555555555,0.884602,0.024681530582680817
4.0,1.0,1.0,0.1111111111111111,0.87371,0.027477480303836017
4.0,1.0,1.0,0.16666666666666666,0.859318,0.032052638257068285
4.0,1.0,1.0,0.2222222222222222,0.842908,0.037415603573663796
4.0,1.0,1.0,0.2777777777777778,0.804382,0.05458445751314203
4.0,1.0,1.0,0.3333333333333333,0.712604,0.07792586261395029
4.0,1.0,1.0,0.38888888888888884,0.6220119999999999,0.07870777397034383
4.0,1.0,1.0,0.4444444444444444,0.5397719999999999,0.07535888759714915
4.0,1.0,1.0,0.5,0.471782,0.06229680778756679
4.0,1.5,0.0,0.0,0.8945799999999999,0.023583297985815647
4.0,1.5,0.0,0.05555555555555555,0.84933,0.028591818483061495
4.0,1.5,0.0,0.1111111111111111,0.7980900000000001,0.03446525217105524
4.0,1.5,0.0,0.16666666666666666,0.737024,0.040670229395938215
4.0,1.5,0.0,0.2222222222222222,0.67463,0.04314956395769809
4.0,1.5,0.0,0.2777777777777778,0.612414,0.047344075944663964
4.0,1.5,0.0,0.3333333333333333,0.56174,0.04946823842857609
4.0,1.5,0.0,0.38888888888888884,0.515162,0.044221429484485264
4.0,1.5,0.0,0.4444444444444444,0.47881799999999997,0.0424531437567309
4.0,1.5,0.0,0.5,0.451798,0.04230433203606973
4.0,1.5,0.1111111111111111,0.0,0.892598,0.02532190343531021
4.0,1.5,0.1111111111111111,0.05555555555555555,0.855846,0.030149631582643575
4.0,1.5,0.1111111111111111,0.1111111111111111,0.807114,0.035735795754346815
4.0,1.5,0.1111111111111111,0.16666666666666666,0.749278,0.04043417565775572
4.0,1.5,0.1111111111111111,0.2222222222222222,0.69464,0.04635744195757246
4.0,1.5,0.1111111111111111,0.2777777777777778,0.63024,0.05013503209219848
4.0,1.5,0.1111111111111111,0.3333333333333333,0.579356,0.04696672236829008
4.0,1.5,0.1111111111111111,0.38888888888888884,0.5314620000000001,0.04782261558219337
4.0,1.5,0.1111111111111111,0.4444444444444444,0.490212,0.044794868193051604
4.0,1.5,0.1111111111111111,0.5,0.455404,0.044226380469793346
4.0,1.5,0.2222222222222222,0.0,0.8944259999999999,0.023821575491932444
4.0,1.5,0.2222222222222222,0.05555555555555555,0.8603099999999999,0.027950247452667235
4.0,1.5,0.2222222222222222,0.1111111111111111,0.816384,0.034661208038459505
4.0,1.5,0.2222222222222222,0.16666666666666666,0.7626759999999999,0.04076870366343274
4.0,1.5,0.2222222222222222,0.2222222222222222,0.713718,0.04584642041129337
4.0,1.5,0.2222222222222222,0.2777777777777778,0.652796,0.046698907481009015
4.0,1.5,0.2222222222222222,0.3333333333333333,0.5990599999999999,0.048692693052586715
4.0,1.5,0.2222222222222222,0.38888888888888884,0.552,0.04766314667646487
4.0,1.5,0.2222222222222222,0.4444444444444444,0.502838,0.04645367201079559
4.0,1.5,0.2222222222222222,0.5,0.46654399999999996,0.046945839941101825
4.0,1.5,0.3333333333333333,0.0,0.8955420000000001,0.02337110723321884
4.0,1.5,0.3333333333333333,0.05555555555555555,0.861946,0.028359117812905482
4.0,1.5,0.3333333333333333,0.1111111111111111,0.824684,0.0339870325383303
4.0,1.5,0.3333333333333333,0.16666666666666666,0.7793880000000001,0.04063584624441824
4.0,1.5,0.3333333333333333,0.2222222222222222,0.7307279999999999,0.04402078685519719
4.0,1.5,0.3333333333333333,0.2777777777777778,0.6776639999999999,0.04973495990219501
4.0,1.5,0.3333333333333333,0.3333333333333333,0.61588,0.05426098145275694
4.0,1.5,0.3333333333333333,0.38888888888888884,0.563756,0.056474695629927796
4.0,1.5,0.3333333333333333,0.4444444444444444,0.5187280000000001,0.05317131174595537
4.0,1.5,0.3333333333333333,0.5,0.47799200000000003,0.04983785267362787
4.0,1.5,0.4444444444444444,0.0,0.895836,0.02468334740829448
4.0,1.5,0.4444444444444444,0.05555555555555555,0.8682799999999999,0.028762757037265572
4.0,1.5,0.4444444444444444,0.1111111111111111,0.8333240000000001,0.035738235364016886
4.0,1.5,0.4444444444444444,0.16666666666666666,0.7956320000000001,0.03846697274265246
4.0,1.5,0.4444444444444444,0.2222222222222222,0.7483719999999999,0.045365467784810404
4.0,1.5,0.4444444444444444,0.2777777777777778,0.698182,0.05200590451293407
4.0,1.5,0.4444444444444444,0.3333333333333333,0.6452960000000001,0.053670937415384236
4.0,1.5,0.4444444444444444,0.38888888888888884,0.589232,0.05773859772573863
4.0,1.5,0.4444444444444444,0.4444444444444444,0.537736,0.05942454760210994
4.0,1.5,0.4444444444444444,0.5,0.47972000000000004,0.05699669153285464
4.0,1.5,0.5555555555555556,0.0,0.8943580000000001,0.023759352888902494
4.0,1.5,0.5555555555555556,0.05555555555555555,0.8712580000000001,0.028020523468895844
4.0,1.5,0.5555555555555556,0.1111111111111111,0.8432640000000001,0.031900934834054206
4.0,1.5,0.5555555555555556,0.16666666666666666,0.8100519999999999,0.03681129499050196
4.0,1.5,0.5555555555555556,0.2222222222222222,0.7739680000000001,0.04244042123623915
4.0,1.5,0.5555555555555556,0.2777777777777778,0.726936,0.04833574860479946
4.0,1.5,0.5555555555555556,0.3333333333333333,0.6756759999999999,0.053154772916150575
4.0,1.5,0.5555555555555556,0.38888888888888884,0.612626,0.06230272371867486
4.0,1.5,0.5555555555555556,0.4444444444444444,0.541362,0.06584267211271035
4.0,1.5,0.5555555555555556,0.5,0.48802999999999996,0.05593906916384859
4.0,1.5,0.6666666666666666,0.0,0.89479,0.023961180612664022
4.0,1.5,0.6666666666666666,0.05555555555555555,0.87297,0.028973021450029827
4.0,1.5,0.6666666666666666,0.1111111111111111,0.8529760000000001,0.031094133115886304
4.0,1.5,0.6666666666666666,0.16666666666666666,0.8238499999999999,0.035605716311684216
4.0,1.5,0.6666666666666666,0.2222222222222222,0.7930799999999999,0.043124297211897145
4.0,1.5,0.6666666666666666,0.2777777777777778,0.755048,0.04581392285161912
4.0,1.5,0.6666666666666666,0.3333333333333333,0.69704,0.05877379618704642
4.0,1.5,0.6666666666666666,0.38888888888888884,0.6200880000000001,0.07136634056143176
4.0,1.5,0.6666666666666666,0.4444444444444444,0.5484220000000001,0.0649777818972036
4.0,1.5,0.6666666666666666,0.5,0.48402599999999996,0.059673336912531995
4.0,1.5,0.7777777777777777,0.0,0.8952319999999999,0.023297977756343378
4.0,1.5,0.7777777777777777,0.05555555555555555,0.878094,0.026742915530325505
4.0,1.5,0.7777777777777777,0.1111111111111111,0.8615940000000001,0.02989040039999707
4.0,1.5,0.7777777777777777,0.16666666666666666,0.83813,0.033012493839438994
4.0,1.5,0.7777777777777777,0.2222222222222222,0.8168979999999999,0.037381202557023464
4.0,1.5,0.7777777777777777,0.2777777777777778,0.7776080000000001,0.050629804366404185
4.0,1.5,0.7777777777777777,0.3333333333333333,0.716624,0.06734824568162696
4.0,1.5,0.7777777777777777,0.38888888888888884,0.6220160000000001,0.06661010099909938
4.0,1.5,0.7777777777777777,0.4444444444444444,0.550072,0.06823731734877855
4.0,1.5,0.7777777777777777,0.5,0.485958,0.058209250723055
4.0,1.5,0.8888888888888888,0.0,0.894502,0.023929714969406442
4.0,1.5,0.8888888888888888,0.05555555555555555,0.8848039999999999,0.026464132038839648
4.0,1.5,0.8888888888888888,0.1111111111111111,0.869346,0.027069758544459005
4.0,1.5,0.8888888888888888,0.16666666666666666,0.8549459999999999,0.030376447143834393
4.0,1.5,0.8888888888888888,0.2222222222222222,0.838632,0.03563667382124886
4.0,1.5,0.8888888888888888,0.2777777777777778,0.791244,0.05488614982749083
4.0,1.5,0.8888888888888888,0.3333333333333333,0.71818,0.06489025420030625
4.0,1.5,0.8888888888888888,0.38888888888888884,0.6263600000000001,0.06675980934880339
4.0,1.5,0.8888888888888888,0.4444444444444444,0.5484399999999999,0.06747185563333212
4.0,1.5,0.8888888888888888,0.5,0.486538,0.060086415358392306
4.0,1.5,1.0,0.0,0.8943380000000001,0.02572974534641148
4.0,1.5,1.0,0.05555555555555555,0.886664,0.025935466080284814
4.0,1.5,1.0,0.1111111111111111,0.877746,0.02792118674660299
4.0,1.5,1.0,0.16666666666666666,0.869538,0.030788446093066343
4.0,1.5,1.0,0.2222222222222222,0.854386,0.03415197972942239
4.0,1.5,1.0,0.2777777777777778,0.7989539999999999,0.05755363346871248
4.0,1.5,1.0,0.3333333333333333,0.714014,0.06896548615475079
4.0,1.5,1.0,0.38888888888888884,0.625154,0.07364499612947113
4.0,1.5,1.0,0.4444444444444444,0.5409660000000001,0.06587460642419875
4.0,1.5,1.0,0.5,0.489428,0.05972546423558642
4.0,2.0,0.0,0.0,0.894606,0.02410021586645273
4.0,2.0,0.0,0.05555555555555555,0.850894,0.03044714800508065
4.0,2.0,0.0,0.1111111111111111,0.798538,0.034788173133695297
4.0,2.0,0.0,0.16666666666666666,0.737912,0.04084974491130438
4.0,2.0,0.0,0.2222222222222222,0.67323,0.047929569027629994
4.0,2.0,0.0,0.2777777777777778,0.6147400000000001,0.047068580843331265
4.0,2.0,0.0,0.3333333333333333,0.563944,0.04499179243788301
4.0,2.0,0.0,0.38888888888888884,0.5165299999999999,0.0431666052825937
4.0,2.0,0.0,0.4444444444444444,0.48018,0.0448070859340328
4.0,2.0,0.0,0.5,0.44803999999999994,0.04193317520012919
4.0,2.0,0.1111111111111111,0.0,0.896668,0.02391622352076077
4.0,2.0,0.1111111111111111,0.05555555555555555,0.8552639999999999,0.02882401692866225
4.0,2.0,0.1111111111111111,0.1111111111111111,0.804822,0.03649743060657507
4.0,2.0,0.1111111111111111,0.16666666666666666,0.751306,0.04400223582404684
4.0,2.0,0.1111111111111111,0.2222222222222222,0.694682,0.04527445669312571
4.0,2.0,0.1111111111111111,0.2777777777777778,0.636652,0.04770654803536829
4.0,2.0,0.1111111111111111,0.3333333333333333,0.580684,0.05050808129946242
4.0,2.0,0.1111111111111111,0.38888888888888884,0.5323819999999999,0.04609352777348692
4.0,2.0,0.1111111111111111,0.4444444444444444,0.493168,0.043856705270624116
4.0,2.0,0.1111111111111111,0.5,0.45902200000000004,0.04160846120788627
4.0,2.0,0.2222222222222222,0.0,0.894668,0.023037604877177542
4.0,2.0,0.2222222222222222,0.05555555555555555,0.860026,0.029114474566073103
4.0,2.0,0.2222222222222222,0.1111111111111111,0.813538,0.03719369971644652
4.0,2.0,0.2222222222222222,0.16666666666666666,0.7683960000000001,0.03801354025192826
4.0,2.0,0.2222222222222222,0.2222222222222222,0.7104739999999999,0.044507112804363765
4.0,2.0,0.2222222222222222,0.2777777777777778,0.6590360000000001,0.047098782304738816
4.0,2.0,0.2222222222222222,0.3333333333333333,0.6024919999999999,0.05070791379106505
4.0,2.0,0.2222222222222222,0.38888888888888884,0.552186,0.05091880648353233
4.0,2.0,0.2222222222222222,0.4444444444444444,0.507356,0.05062678546790846
4.0,2.0,0.2222222222222222,0.5,0.473404,0.045506334030261636
4.0,2.0,0.3333333333333333,0.0,0.896416,0.023686812241166966
4.0,2.0,0.3333333333333333,0.05555555555555555,0.86478,0.02891282592563399
4.0,2.0,0.3333333333333333,0.1111111111111111,0.8256359999999999,0.03482822870933949
4.0,2.0,0.3333333333333333,0.16666666666666666,0.7810199999999999,0.039811373889655756
4.0,2.0,0.3333333333333333,0.2222222222222222,0.734334,0.04250887498988667
4.0,2.0,0.3333333333333333,0.2777777777777778,0.679882,0.04811709244302216
4.0,2.0,0.3333333333333333,0.3333333333333333,0.6288239999999999,0.050122465492972196
4.0,2.0,0.3333333333333333,0.38888888888888884,0.5775020000000001,0.05143825214339163
4.0,2.0,0.3333333333333333,0.4444444444444444,0.5268320000000001,0.05428806650018637
4.0,2.0,0.3333333333333333,0.5,0.48727599999999993,0.050071130006424276
4.0,2.0,0.4444444444444444,0.0,0.893928,0.024373570889712332
4.0,2.0,0.4444444444444444,0.05555555555555555,0.8667100000000001,0.028454828316280857
4.0,2.0,0.4444444444444444,0.1111111111111111,0.8374839999999999,0.03191694105412523
4.0,2.0,0.4444444444444444,0.16666666666666666,0.7979939999999999,0.03629088067325013
4.0,2.0,0.4444444444444444,0.2222222222222222,0.7535780000000001,0.04137573950564847
4.0,2.0,0.4444444444444444,0.2777777777777778,0.707212,0.04807649899390576
4.0,2.0,0.4444444444444444,0.3333333333333333,0.661346,0.047730353626540725
4.0,2.0,0.4444444444444444,0.38888888888888884,0.5992080000000001,0.056794541779575124
4.0,2.0,0.4444444444444444,0.4444444444444444,0.549494,0.059264851381054154
4.0,2.0,0.4444444444444444,0.5,0.49173199999999995,0.054708154239387026
4.0,2.0,0.5555555555555556,0.0,0.893664,0.023296363344740768
4.0,2.0,0.5555555555555556,0.05555555555555555,0.8709479999999999,0.02818279325530639
4.0,2.0,0.5555555555555556,0.1111111111111111,0.843882,0.032889078109880725
4.0,2.0,0.5555555555555556,0.16666666666666666,0.8113600000000001,0.035764515950903124
4.0,2.0,0.5555555555555556,0.2222222222222222,0.777726,0.040135378673216544
4.0,2.0,0.5555555555555556,0.2777777777777778,0.7392280000000001,0.045986057135851556
4.0,2.0,0.5555555555555556,0.3333333333333333,0.6885979999999999,0.05512678405857975
4.0,2.0,0.5555555555555556,0.38888888888888884,0.610184,0.061724825249685464
4.0,2.0,0.5555555555555556,0.4444444444444444,0.54741,0.06224177034718649
4.0,2.0,0.5555555555555556,0.5,0.49296,0.053220138728987405
4.0,2.0,0.6666666666666666,0.0,0.894344,0.02349829789597572
4.0,2.0,0.6666666666666666,0.05555555555555555,0.8766400000000001,0.026004670460737317
4.0,2.0,0.6666666666666666,0.1111111111111111,0.853412,0.03268753900820351
4.0,2.0,0.6666666666666666,0.16666666666666666,0.8310839999999999,0.0321958084875708
4.0,2.0,0.6666666666666666,0.2222222222222222,0.8018,0.03688665409739682
4.0,2.0,0.6666666666666666,0.2777777777777778,0.763202,0.04851106929029059
4.0,2.0,0.6666666666666666,0.3333333333333333,0.69712,0.06401025093255687
4.0,2.0,0.6666666666666666,0.38888888888888884,0.6163039999999999,0.06319112136716105
4.0,2.0,0.6666666666666666,0.4444444444444444,0.552478,0.059422382610513184
4.0,2.0,0.6666666666666666,0.5,0.492042,0.05379386392137288
4.0,2.0,0.7777777777777777,0.0,0.895634,0.024234079830901395
4.0,2.0,0.7777777777777777,0.05555555555555555,0.877002,0.027059090612390136
4.0,2.0,0.7777777777777777,0.1111111111111111,0.864068,0.028417080020187654
4.0,2.0,0.7777777777777777,0.16666666666666666,0.8466600000000001,0.03300884074205377
4.0,2.0,0.7777777777777777,0.2222222222222222,0.8191700000000001,0.03671469784808465
4.0,2.0,0.7777777777777777,0.2777777777777778,0.7720039999999999,0.050990705899961346
4.0,2.0,0.7777777777777777,0.3333333333333333,0.7004839999999999,0.06069706757351666
4.0,2.0,0.7777777777777777,0.38888888888888884,0.616448,0.06565626234847018
4.0,2.0,0.7777777777777777,0.4444444444444444,0.54731,0.062387581461708246
4.0,2.0,0.7777777777777777,0.5,0.487252,0.05287532596771754
4.0,2.0,0.8888888888888888,0.0,0.89554,0.02464286797196642
4.0,2.0,0.8888888888888888,0.05555555555555555,0.8820939999999999,0.026069914554708088
4.0,2.0,0.8888888888888888,0.1111111111111111,0.870818,0.027712322559527332
4.0,2.0,0.8888888888888888,0.16666666666666666,0.860374,0.030858818145136892
4.0,2.0,0.8888888888888888,0.2222222222222222,0.8433539999999999,0.033441191824174606
4.0,2.0,0.8888888888888888,0.2777777777777778,0.785286,0.0537603250464336
4.0,2.0,0.8888888888888888,0.3333333333333333,0.699932,0.06494600328492409
4.0,2.0,0.8888888888888888,0.38888888888888884,0.62505,0.06201253590378672
4.0,2.0,0.8888888888888888,0.4444444444444444,0.54468,0.06064068093589267
4.0,2.0,0.8888888888888888,0.5,0.49281600000000003,0.05279906843169214
4.0,2.0,1.0,0.0,0.894324,0.025038868062028208
4.0,2.0,1.0,0.05555555555555555,0.8866,0.02542496524511748
4.0,2.0,1.0,0.1111111111111111,0.881016,0.025208861882974228
4.0,2.0,1.0,0.16666666666666666,0.87326,0.02869493332274523
4.0,2.0,1.0,0.2222222222222222,0.848346,0.04182632145351376
4.0,2.0,1.0,0.2777777777777778,0.7852060000000001,0.05157697094502281
4.0,2.0,1.0,0.3333333333333333,0.694938,0.06177545280399228
4.0,2.0,1.0,0.38888888888888884,0.616448,0.06396510271022364
4.0,2.0,1.0,0.4444444444444444,0.545818,0.06227166608332868
4.0,2.0,1.0,0.5,0.49402999999999997,0.057318373073418326
4.0,2.5,0.0,0.0,0.895584,0.022754394497280665
4.0,2.5,0.0,0.05555555555555555,0.850406,0.0299956771100534
4.0,2.5,0.0,0.1111111111111111,0.800596,0.03876196284409567
4.0,2.5,0.0,0.16666666666666666,0.7379840000000001,0.041759783320870006
4.0,2.5,0.0,0.2222222222222222,0.675136,0.04497054818888488
4.0,2.5,0.0,0.2777777777777778,0.6138380000000001,0.04727135409352763
4.0,2.5,0.0,0.3333333333333333,0.559948,0.045273841646970375
4.0,2.5,0.0,0.38888888888888884,0.517936,0.046131943557938954
4.0,2.5,0.0,0.4444444444444444,0.47967000000000004,0.04168775404930507
4.0,2.5,0.0,0.5,0.44555,0.04209098242620629
4.0,2.5,0.1111111111111111,0.0,0.897176,0.021473967648600642
4.0,2.5,0.1111111111111111,0.05555555555555555,0.856112,0.029832455594765037
4.0,2.5,0.1111111111111111,0.1111111111111111,0.8091499999999999,0.03353070408196738
4.0,2.5,0.1111111111111111,0.16666666666666666,0.7510439999999999,0.04124381369777381
4.0,2.5,0.1111111111111111,0.2222222222222222,0.69508,0.04464648044843922
4.0,2.5,0.1111111111111111,0.2777777777777778,0.6324380000000001,0.050140225772137906
4.0,2.5,0.1111111111111111,0.3333333333333333,0.5806720000000001,0.048064631837426305
4.0,2.5,0.1111111111111111,0.38888888888888884,0.534214,0.04805178615103302
4.0,2.5,0.1111111111111111,0.4444444444444444,0.498398,0.0443266206087175
4.0,2.5,0.1111111111111111,0.5,0.45970000000000005,0.044604002444490747
4.0,2.5,0.2222222222222222,0.0,0.8957900000000002,0.024535237021708668
4.0,2.5,0.2222222222222222,0.05555555555555555,0.858662,0.029259733765707452
4.0,2.5,0.2222222222222222,0.1111111111111111,0.8184259999999999,0.034008612076807554
4.0,2.5,0.2222222222222222,0.16666666666666666,0.76839,0.040346270497856086
4.0,2.5,0.2222222222222222,0.2222222222222222,0.71331,0.043138239595872034
4.0,2.5,0.2222222222222222,0.2777777777777778,0.6642100000000001,0.04871254174693508
4.0,2.5,0.2222222222222222,0.3333333333333333,0.60852,0.05051781566337561
4.0,2.5,0.2222222222222222,0.38888888888888884,0.55714,0.05022155722017426
4.0,2.5,0.2222222222222222,0.4444444444444444,0.512028,0.04760979522327737
4.0,2.5,0.2222222222222222,0.5,0.477688,0.04572702239545353
4.0,2.5,0.3333333333333333,0.0,0.896042,0.025413774924474015
4.0,2.5,0.3333333333333333,0.05555555555555555,0.865636,0.027984455748273095
4.0,2.5,0.3333333333333333,0.1111111111111111,0.8281320000000001,0.03473626047206529
4.0,2.5,0.3333333333333333,0.16666666666666666,0.78237,0.03973142676201158
4.0,2.5,0.3333333333333333,0.2222222222222222,0.731888,0.04564034990091724
4.0,2.5,0.3333333333333333,0.2777777777777778,0.6832720000000001,0.04633404475552305
4.0,2.5,0.3333333333333333,0.3333333333333333,0.6346320000000001,0.04904241933048955
4.0,2.5,0.3333333333333333,0.38888888888888884,0.581754,0.05200548649181643
4.0,2.5,0.3333333333333333,0.4444444444444444,0.540284,0.05308958798771573
4.0,2.5,0.3333333333333333,0.5,0.48885800000000007,0.05040316253557087
4.0,2.5,0.4444444444444444,0.0,0.8950720000000001,0.023938021508627144
4.0,2.5,0.4444444444444444,0.05555555555555555,0.8689600000000001,0.0296659828942539
4.0,2.5,0.4444444444444444,0.1111111111111111,0.8344779999999999,0.032720433516979536
4.0,2.5,0.4444444444444444,0.16666666666666666,0.800096,0.036366410540927215
4.0,2.5,0.4444444444444444,0.2222222222222222,0.760752,0.04148726168070782
4.0,2.5,0.4444444444444444,0.2777777777777778,0.711436,0.04716123692755603
4.0,2.5,0.4444444444444444,0.3333333333333333,0.665016,0.05244812060226199
4.0,2.5,0.4444444444444444,0.38888888888888884,0.602454,0.056447253865337645
4.0,2.5,0.4444444444444444,0.4444444444444444,0.5419639999999999,0.05586484104452334
4.0,2.5,0.4444444444444444,0.5,0.485452,0.049623267055551
4.0,2.5,0.5555555555555556,0.0,0.8943519999999999,0.023824258363549265
4.0,2.5,0.5555555555555556,0.05555555555555555,0.872482,0.027735395803210064
4.0,2.5,0.5555555555555556,0.1111111111111111,0.848348,0.031706869083752004
4.0,2.5,0.5555555555555556,0.16666666666666666,0.8195,0.03525620512760838
4.0,2.5,0.5555555555555556,0.2222222222222222,0.784978,0.04055330636723261
4.0,2.5,0.5555555555555556,0.2777777777777778,0.7403399999999999,0.04865300226356558
4.0,2.5,0.5555555555555556,0.3333333333333333,0.675742,0.05737685633848
4.0,2.5,0.5555555555555556,0.38888888888888884,0.60572,0.056937415981736954
4.0,2.5,0.5555555555555556,0.4444444444444444,0.5390600000000001,0.058282227446041765
4.0,2.5,0.5555555555555556,0.5,0.492242,0.04912186224789736
4.0,2.5,0.6666666666666666,0.0,0.8951520000000001,0.023982393675628513
4.0,2.5,0.6666666666666666,0.05555555555555555,0.8780220000000001,0.02528898141804698
4.0,2.5,0.6666666666666666,0.1111111111111111,0.856684,0.030376332681453653
4.0,2.5,0.6666666666666666,0.16666666666666666,0.8315779999999999,0.03641890428305547
4.0,2.5,0.6666666666666666,0.2222222222222222,0.8065359999999999,0.039461971547260444
4.0,2.5,0.6666666666666666,0.2777777777777778,0.7568180000000001,0.05014129210888663
4.0,2.5,0.6666666666666666,0.3333333333333333,0.681846,0.05676921499847506
4.0,2.5,0.6666666666666666,0.38888888888888884,0.603186,0.05946555059372468
4.0,2.5,0.6666666666666666,0.4444444444444444,0.5418379999999999,0.057935661191319376
4.0,2.5,0.6666666666666666,0.5,0.485174,0.05236207882234236
4.0,2.5,0.7777777777777777,0.0,0.894734,0.023715228612355255
4.0,2.5,0.7777777777777777,0.05555555555555555,0.882168,0.026950258047329274
4.0,2.5,0.7777777777777777,0.1111111111111111,0.865856,0.029284645206827768
4.0,2.5,0.7777777777777777,0.16666666666666666,0.849952,0.030077083600572575
4.0,2.5,0.7777777777777777,0.2222222222222222,0.824514,0.03497680026981067
4.0,2.5,0.7777777777777777,0.2777777777777778,0.765428,0.050708495531203414
4.0,2.5,0.7777777777777777,0.3333333333333333,0.6809559999999999,0.05635339807810972
4.0,2.5,0.7777777777777777,0.38888888888888884,0.603584,0.06157976192026332
4.0,2.5,0.7777777777777777,0.4444444444444444,0.5376000000000001,0.05626141389430924
4.0,2.5,0.7777777777777777,0.5,0.48488400000000004,0.05233324068085523
4.0,2.5,0.8888888888888888,0.0,0.8934280000000001,0.025175393082009032
4.0,2.5,0.8888888888888888,0.05555555555555555,0.8850939999999999,0.02441666461706113
4.0,2.5,0.8888888888888888,0.1111111111111111,0.873718,0.02914799628404585
4.0,2.5,0.8888888888888888,0.16666666666666666,0.8635400000000001,0.028584586005646978
4.0,2.5,0.8888888888888888,0.2222222222222222,0.830114,0.042246687078850056
4.0,2.5,0.8888888888888888,0.2777777777777778,0.762072,0.05047949261183889
4.0,2.5,0.8888888888888888,0.3333333333333333,0.684932,0.05689433457395583
4.0,2.5,0.8888888888888888,0.38888888888888884,0.6042620000000001,0.057680876580077145
4.0,2.5,0.8888888888888888,0.4444444444444444,0.540992,0.05395526180599169
4.0,2.5,0.8888888888888888,0.5,0.489226,0.05145060985555971
4.0,2.5,1.0,0.0,0.8928740000000001,0.025374353975606147
4.0,2.5,1.0,0.05555555555555555,0.890864,0.024126451777057942
4.0,2.5,1.0,0.1111111111111111,0.882228,0.027493632274242404
4.0,2.5,1.0,0.16666666666666666,0.8777619999999999,0.02719169233910479
4.0,2.5,1.0,0.2222222222222222,0.83316,0.04186540127178162
4.0,2.5,1.0,0.2777777777777778,0.7629239999999999,0.04887625190212523
4.0,2.5,1.0,0.3333333333333333,0.67979,0.059175919755910134
4.0,2.5,1.0,0.38888888888888884,0.60439,0.05886939026540398
4.0,2.5,1.0,0.4444444444444444,0.544376,0.05417165088419438
4.0,2.5,1.0,0.5,0.489068,0.05218960515056177
4.0,3.0,0.0,0.0,0.892968,0.024108700397776326
4.0,3.0,0.0,0.05555555555555555,0.84927,0.030701894283989235
4.0,3.0,0.0,0.1111111111111111,0.7971759999999999,0.03580795222971806
4.0,3.0,0.0,0.16666666666666666,0.739044,0.04146391897969015
4.0,3.0,0.0,0.2222222222222222,0.6759760000000001,0.044812897871385884
4.0,3.0,0.0,0.2777777777777778,0.61332,0.04588564683177454
4.0,3.0,0.0,0.3333333333333333,0.5607300000000001,0.04589607826383426
4.0,3.0,0.0,0.38888888888888884,0.519928,0.04561592310675915
4.0,3.0,0.0,0.4444444444444444,0.482432,0.044532096191200854
4.0,3.0,0.0,0.5,0.44835400000000003,0.04152296952285557
4.0,3.0,0.1111111111111111,0.0,0.8940920000000001,0.024520972496709214
4.0,3.0,0.1111111111111111,0.05555555555555555,0.854486,0.030182109327329894
4.0,3.0,0.1111111111111111,0.1111111111111111,0.8085600000000001,0.03782649981397106
4.0,3.0,0.1111111111111111,0.16666666666666666,0.755854,0.04352697875754208
4.0,3.0,0.1111111111111111,0.2222222222222222,0.6996199999999999,0.04497983961669814
4.0,3.0,0.1111111111111111,0.2777777777777778,0.6347360000000001,0.04774089116657499
4.0,3.0,0.1111111111111111,0.3333333333333333,0.5840319999999999,0.04651738072397066
4.0,3.0,0.1111111111111111,0.38888888888888884,0.5332360000000002,0.04932271042356709
4.0,3.0,0.1111111111111111,0.4444444444444444,0.49915200000000004,0.04659212969051959
4.0,3.0,0.1111111111111111,0.5,0.46055399999999996,0.04191616649966999
4.0,3.0,0.2222222222222222,0.0,0.8923019999999999,0.024394856302672845
4.0,3.0,0.2222222222222222,0.05555555555555555,0.859186,0.029049529330242473
4.0,3.0,0.2222222222222222,0.1111111111111111,0.819222,0.03400985233887709
4.0,3.0,0.2222222222222222,0.16666666666666666,0.765706,0.04008997350899479
4.0,3.0,0.2222222222222222,0.2222222222222222,0.718904,0.045095476358233
4.0,3.0,0.2222222222222222,0.2777777777777778,0.665202,0.04874823049046913
4.0,3.0,0.2222222222222222,0.3333333333333333,0.6082460000000001,0.048846878293685024
4.0,3.0,0.2222222222222222,0.38888888888888884,0.563558,0.04888941588904436
4.0,3.0,0.2222222222222222,0.4444444444444444,0.5194480000000001,0.04961494312364295
4.0,3.0,0.2222222222222222,0.5,0.48279400000000006,0.04696657622783601
4.0,3.0,0.3333333333333333,0.0,0.893528,0.02419719455740476
4.0,3.0,0.3333333333333333,0.05555555555555555,0.86659,0.02721277218402933
4.0,3.0,0.3333333333333333,0.1111111111111111,0.825838,0.03336396355543292
4.0,3.0,0.3333333333333333,0.16666666666666666,0.783692,0.04001884746347162
4.0,3.0,0.3333333333333333,0.2222222222222222,0.741204,0.044273226912463534
4.0,3.0,0.3333333333333333,0.2777777777777778,0.691662,0.04740534029597461
4.0,3.0,0.3333333333333333,0.3333333333333333,0.635272,0.05308934896895889
4.0,3.0,0.3333333333333333,0.38888888888888884,0.585332,0.05494600898889396
4.0,3.0,0.3333333333333333,0.4444444444444444,0.530588,0.05252958185574942
4.0,3.0,0.3333333333333333,0.5,0.481846,0.04955839336283422
4.0,3.0,0.4444444444444444,0.0,0.8966839999999999,0.02314743509555663
4.0,3.0,0.4444444444444444,0.05555555555555555,0.868518,0.028873535254210787
4.0,3.0,0.4444444444444444,0.1111111111111111,0.83847,0.03340108328676569
4.0,3.0,0.4444444444444444,0.16666666666666666,0.804376,0.038047152266512424
4.0,3.0,0.4444444444444444,0.2222222222222222,0.7603860000000001,0.04185911340137891
4.0,3.0,0.4444444444444444,0.2777777777777778,0.716942,0.04498749142561229
4.0,3.0,0.4444444444444444,0.3333333333333333,0.663016,0.05293478939086951
4.0,3.0,0.4444444444444444,0.38888888888888884,0.5882660000000001,0.057089417997511493
4.0,3.0,0.4444444444444444,0.4444444444444444,0.53362,0.05376602245229492
4.0,3.0,0.4444444444444444,0.5,0.48715,0.04639884919276367
4.0,3.0,0.5555555555555556,0.0,0.8952180000000001,0.02456675654322542
4.0,3.0,0.5555555555555556,0.05555555555555555,0.872258,0.02734796625924924
4.0,3.0,0.5555555555555556,0.1111111111111111,0.84804,0.031742614687110274
4.0,3.0,0.5555555555555556,0.16666666666666666,0.817156,0.03601084873274865
4.0,3.0,0.5555555555555556,0.2222222222222222,0.787396,0.03853290481532652
4.0,3.0,0.5555555555555556,0.2777777777777778,0.736958,0.045963175074464256
4.0,3.0,0.5555555555555556,0.3333333333333333,0.658634,0.05306807406501521
4.0,3.0,0.5555555555555556,0.38888888888888884,0.5920160000000001,0.05450781547535905
4.0,3.0,0.5555555555555556,0.4444444444444444,0.53319,0.05164909639399932
4.0,3.0,0.5555555555555556,0.5,0.48613,0.047272724916616396
4.0,3.0,0.6666666666666666,0.0,0.8939159999999999,0.02397052598989988
4.0,3.0,0.6666666666666666,0.05555555555555555,0.87754,0.025656361741205475
4.0,3.0,0.6666666666666666,0.1111111111111111,0.857506,0.028828460316993997
4.0,3.0,0.6666666666666666,0.16666666666666666,0.836598,0.0335769447454183
4.0,3.0,0.6666666666666666,0.2222222222222222,0.8018160000000001,0.03928894738693754
4.0,3.0,0.6666666666666666,0.2777777777777778,0.735938,0.05192863682637251
4.0,3.0,0.6666666666666666,0.3333333333333333,0.658636,0.05265446314395348
4.0,3.0,0.6666666666666666,0.38888888888888884,0.591446,0.052225224097787536
4.0,3.0,0.6666666666666666,0.4444444444444444,0.52882,0.05184441422731234
4.0,3.0,0.6666666666666666,0.5,0.48860000000000003,0.04650903331999841
4.0,3.0,0.7777777777777777,0.0,0.895548,0.02349748837471444
4.0,3.0,0.7777777777777777,0.05555555555555555,0.88358,0.024957671580928455
4.0,3.0,0.7777777777777777,0.1111111111111111,0.8672880000000001,0.029123141498497096
4.0,3.0,0.7777777777777777,0.16666666666666666,0.8511559999999999,0.03291678437190932
4.0,3.0,0.7777777777777777,0.2222222222222222,0.8102919999999999,0.03921185886631112
4.0,3.0,0.7777777777777777,0.2777777777777778,0.735868,0.051149184295628966
4.0,3.0,0.7777777777777777,0.3333333333333333,0.661892,0.054679429551084964
4.0,3.0,0.7777777777777777,0.38888888888888884,0.591146,0.05712838163273971
4.0,3.0,0.7777777777777777,0.4444444444444444,0.5326839999999999,0.0509295177235275
4.0,3.0,0.7777777777777777,0.5,0.48765,0.050993530769703733
4.0,3.0,0.8888888888888888,0.0,0.894034,0.02502833752686579
4.0,3.0,0.8888888888888888,0.05555555555555555,0.885006,0.02577546727853551
4.0,3.0,0.8888888888888888,0.1111111111111111,0.875784,0.02762889893050799
4.0,3.0,0.8888888888888888,0.16666666666666666,0.8646179999999999,0.031455985663592506
4.0,3.0,0.8888888888888888,0.2222222222222222,0.8091680000000001,0.042067268584641236
4.0,3.0,0.8888888888888888,0.2777777777777778,0.738552,0.050169325473209965
4.0,3.0,0.8888888888888888,0.3333333333333333,0.6583519999999999,0.05444082754153186
4.0,3.0,0.8888888888888888,0.38888888888888884,0.589488,0.05574007326452909
4.0,3.0,0.8888888888888888,0.4444444444444444,0.5280659999999999,0.052033610649988044
4.0,3.0,0.8888888888888888,0.5,0.48318800000000006,0.04677915384515776
4.0,3.0,1.0,0.0,0.895104,0.024293569912183698
4.0,3.0,1.0,0.05555555555555555,0.889496,0.024867222230940206
4.0,3.0,1.0,0.1111111111111111,0.8857999999999999,0.025477877550710123
4.0,3.0,1.0,0.16666666666666666,0.8679439999999999,0.03225078433434389
4.0,3.0,1.0,0.2222222222222222,0.809326,0.04163843467861117
4.0,3.0,1.0,0.2777777777777778,0.7387059999999999,0.04674601527283129
4.0,3.0,1.0,0.3333333333333333,0.659636,0.055270762781391695
4.0,3.0,1.0,0.38888888888888884,0.5904079999999999,0.05648662686006358
4.0,3.0,1.0,0.4444444444444444,0.531964,0.0529837074061546
4.0,3.0,1.0,0.5,0.486434,0.05198082007154775
4.5,0.0,0.0,0.0,0.893706,0.026634984678381858
4.5,0.0,0.0,0.05555555555555555,0.852972,0.029710547778501115
4.5,0.0,0.0,0.1111111111111111,0.806636,0.0354535387630296
4.5,0.0,0.0,0.16666666666666666,0.749794,0.04305199778205482
4.5,0.0,0.0,0.2222222222222222,0.6909460000000001,0.04689107195680769
4.5,0.0,0.0,0.2777777777777778,0.635786,0.046773793726392544
4.5,0.0,0.0,0.3333333333333333,0.5827859999999999,0.043756708091514517
4.5,0.0,0.0,0.38888888888888884,0.543924,0.04694590568005095
4.5,0.0,0.0,0.4444444444444444,0.512616,0.04418076985351997
4.5,0.0,0.0,0.5,0.480832,0.0461023060295522
4.5,0.0,0.1111111111111111,0.0,0.893694,0.02356367665954173
4.5,0.0,0.1111111111111111,0.05555555555555555,0.854858,0.030826975863385692
4.5,0.0,0.1111111111111111,0.1111111111111111,0.807268,0.03715892554279509
4.5,0.0,0.1111111111111111,0.16666666666666666,0.7560339999999999,0.0391195286147223
4.5,0.0,0.1111111111111111,0.2222222222222222,0.696702,0.04214976157467089
4.5,0.0,0.1111111111111111,0.2777777777777778,0.6428879999999999,0.045717476212740846
4.5,0.0,0.1111111111111111,0.3333333333333333,0.590806,0.047849592799334505
4.5,0.0,0.1111111111111111,0.38888888888888884,0.5464840000000001,0.04858079797475261
4.5,0.0,0.1111111111111111,0.4444444444444444,0.5054299999999999,0.04564203644648171
4.5,0.0,0.1111111111111111,0.5,0.47485000000000005,0.04531903717269952
4.5,0.0,0.2222222222222222,0.0,0.8947780000000001,0.023371974979210862
4.5,0.0,0.2222222222222222,0.05555555555555555,0.860178,0.029438334652187596
4.5,0.0,0.2222222222222222,0.1111111111111111,0.812618,0.03644404495697
4.5,0.0,0.2222222222222222,0.16666666666666666,0.75988,0.039094787437836516
4.5,0.0,0.2222222222222222,0.2222222222222222,0.705998,0.04832921914169203
4.5,0.0,0.2222222222222222,0.2777777777777778,0.6496000000000001,0.05015782705850066
4.5,0.0,0.2222222222222222,0.3333333333333333,0.5952540000000001,0.052879617925850865
4.5,0.0,0.2222222222222222,0.38888888888888884,0.540048,0.05197345645954966
4.5,0.0,0.2222222222222222,0.4444444444444444,0.503538,0.04884284802923776
4.5,0.0,0.2222222222222222,0.5,0.46455599999999997,0.0508880935005453
4.5,0.0,0.3333333333333333,0.0,0.8955599999999999,0.022876824477981936
4.5,0.0,0.3333333333333333,0.05555555555555555,0.8612860000000001,0.028751513055942163
4.5,0.0,0.3333333333333333,0.1111111111111111,0.8212119999999999,0.03580977150822023
4.5,0.0,0.3333333333333333,0.16666666666666666,0.770788,0.04259487884014713
4.5,0.0,0.3333333333333333,0.2222222222222222,0.713268,0.05003273653770001
4.5,0.0,0.3333333333333333,0.2777777777777778,0.657336,0.05041553884581844
4.5,0.0,0.3333333333333333,0.3333333333333333,0.5966500000000001,0.054652880754352734
4.5,0.0,0.3333333333333333,0.38888888888888884,0.5376920000000001,0.0595295613401165
4.5,0.0,0.3333333333333333,0.4444444444444444,0.49039199999999994,0.05571184753633489
4.5,0.0,0.3333333333333333,0.5,0.44671999999999995,0.05562508336892269
4.5,0.0,0.4444444444444444,0.0,0.8940340000000001,0.024838977305581145
4.5,0.0,0.4444444444444444,0.05555555555555555,0.862192,0.030672801918884274
4.5,0.0,0.4444444444444444,0.1111111111111111,0.8236979999999999,0.03396223878554905
4.5,0.0,0.4444444444444444,0.16666666666666666,0.780888,0.041890249964450774
4.5,0.0,0.4444444444444444,0.2222222222222222,0.7269300000000001,0.05057537778084659
4.5,0.0,0.4444444444444444,0.2777777777777778,0.6657540000000001,0.05540289202640761
4.5,0.0,0.4444444444444444,0.3333333333333333,0.599226,0.059916399038556174
4.5,0.0,0.4444444444444444,0.38888888888888884,0.5335780000000001,0.062491457660716496
4.5,0.0,0.4444444444444444,0.4444444444444444,0.47343999999999997,0.06392269253749004
4.5,0.0,0.4444444444444444,0.5,0.42563799999999996,0.06302001269438146
4.5,0.0,0.5555555555555556,0.0,0.8940779999999999,0.024759523096536746
4.5,0.0,0.5555555555555556,0.05555555555555555,0.8648159999999999,0.029454256916462904
4.5,0.0,0.5555555555555556,0.1111111111111111,0.831814,0.03500036363967979
4.5,0.0,0.5555555555555556,0.16666666666666666,0.787274,0.039974577642739775
4.5,0.0,0.5555555555555556,0.2222222222222222,0.73657,0.04896934851709156
4.5,0.0,0.5555555555555556,0.2777777777777778,0.674844,0.058382469024346316
4.5,0.0,0.5555555555555556,0.3333333333333333,0.601918,0.0690418774199786
4.5,0.0,0.5555555555555556,0.38888888888888884,0.5192100000000001,0.08429254038602382
4.5,0.0,0.5555555555555556,0.4444444444444444,0.44430000000000003,0.08182706971826227
4.5,0.0,0.5555555555555556,0.5,0.386934,0.064631696220296
4.5,0.0,0.6666666666666666,0.0,0.894628,0.023829000367557064
4.5,0.0,0.6666666666666666,0.05555555555555555,0.869416,0.027098109880916738
4.5,0.0,0.6666666666666666,0.1111111111111111,0.836682,0.0333219083359627
4.5,0.0,0.6666666666666666,0.16666666666666666,0.799578,0.041198623388874
4.5,0.0,0.6666666666666666,0.2222222222222222,0.75412,0.04518545175275114
4.5,0.0,0.6666666666666666,0.2777777777777778,0.689162,0.062041001989456224
4.5,0.0,0.6666666666666666,0.3333333333333333,0.597988,0.08772753328455317
4.5,0.0,0.6666666666666666,0.38888888888888884,0.49616199999999994,0.10170620462941403
4.5,0.0,0.6666666666666666,0.4444444444444444,0.416502,0.08905490187010588
4.5,0.0,0.6666666666666666,0.5,0.367998,0.049991842981925154
4.5,0.0,0.7777777777777777,0.0,0.8951120000000001,0.022845553059385085
4.5,0.0,0.7777777777777777,0.05555555555555555,0.8740540000000001,0.027019162724048616
4.5,0.0,0.7777777777777777,0.1111111111111111,0.8450080000000001,0.034040291109766904
4.5,0.0,0.7777777777777777,0.16666666666666666,0.8089679999999999,0.03957736362395611
4.5,0.0,0.7777777777777777,0.2222222222222222,0.7611720000000001,0.0527015875535199
4.5,0.0,0.7777777777777777,0.2777777777777778,0.6986800000000001,0.07227564692395741
4.5,0.0,0.7777777777777777,0.3333333333333333,0.5951400000000001,0.11713322665055864
4.5,0.0,0.7777777777777777,0.38888888888888884,0.46339800000000003,0.12501162910234248
4.5,0.0,0.7777777777777777,0.4444444444444444,0.37628200000000006,0.07036377332970702
4.5,0.0,0.7777777777777777,0.5,0.35782200000000003,0.03587981379656467
4.5,0.0,0.8888888888888888,0.0,0.895278,0.023584511323084437
4.5,0.0,0.8888888888888888,0.05555555555555555,0.8729839999999999,0.02887815159040755
4.5,0.0,0.8888888888888888,0.1111111111111111,0.84756,0.031232055368885514
4.5,0.0,0.8888888888888888,0.16666666666666666,0.821266,0.039970219926364216
4.5,0.0,0.8888888888888888,0.2222222222222222,0.77468,0.051606123512311364
4.5,0.0,0.8888888888888888,0.2777777777777778,0.7237760000000001,0.07378195835539685
4.5,0.0,0.8888888888888888,0.3333333333333333,0.574244,0.15320346951077932
4.5,0.0,0.8888888888888888,0.38888888888888884,0.41088199999999997,0.11551890455947565
4.5,0.0,0.8888888888888888,0.4444444444444444,0.362136,0.044799995347838295
4.5,0.0,0.8888888888888888,0.5,0.35752999999999996,0.03652052295893898
4.5,0.0,1.0,0.0,0.895966,0.023834281822198055
4.5,0.0,1.0,0.05555555555555555,0.87864,0.026574099524368892
4.5,0.0,1.0,0.1111111111111111,0.8578399999999999,0.031020621494674026
4.5,0.0,1.0,0.16666666666666666,0.828574,0.040520913277289926
4.5,0.0,1.0,0.2222222222222222,0.7969060000000001,0.04860207286704907
4.5,0.0,1.0,0.2777777777777778,0.7101839999999999,0.1349718672683601
4.5,0.0,1.0,0.3333333333333333,0.503192,0.18975066208982527
4.5,0.0,1.0,0.38888888888888884,0.37812599999999996,0.09260542994506651
4.5,0.0,1.0,0.4444444444444444,0.357928,0.03415617227103202
4.5,0.0,1.0,0.5,0.361408,0.03520580112518009
4.5,0.5,0.0,0.0,0.89546,0.0241191182203549
4.5,0.5,0.0,0.05555555555555555,0.8538479999999999,0.03114811882944501
4.5,0.5,0.0,0.1111111111111111,0.8043579999999999,0.034971930284381364
4.5,0.5,0.0,0.16666666666666666,0.7480060000000001,0.04095378357096638
4.5,0.5,0.0,0.2222222222222222,0.689812,0.04432473372779672
4.5,0.5,0.0,0.2777777777777778,0.632262,0.04857320318999224
4.5,0.5,0.0,0.3333333333333333,0.587744,0.046199689247582026
4.5,0.5,0.0,0.38888888888888884,0.544494,0.04531959504883932
4.5,0.5,0.0,0.4444444444444444,0.509702,0.04655865776873785
4.5,0.5,0.0,0.5,0.47962600000000005,0.046259767142866434
4.5,0.5,0.1111111111111111,0.0,0.8942640000000001,0.025188155755846087
4.5,0.5,0.1111111111111111,0.05555555555555555,0.8563419999999999,0.028938761892654635
4.5,0.5,0.1111111111111111,0.1111111111111111,0.812404,0.03434670546577509
4.5,0.5,0.1111111111111111,0.16666666666666666,0.7611420000000001,0.04131692161843678
4.5,0.5,0.1111111111111111,0.2222222222222222,0.702518,0.046067625598206305
4.5,0.5,0.1111111111111111,0.2777777777777778,0.6447,0.04785212274604551
4.5,0.5,0.1111111111111111,0.3333333333333333,0.5951020000000001,0.05140978046105729
4.5,0.5,0.1111111111111111,0.38888888888888884,0.549838,0.04902773902994892
4.5,0.5,0.1111111111111111,0.4444444444444444,0.5076,0.04674533401854147
4.5,0.5,0.1111111111111111,0.5,0.47877600000000003,0.044096744434702656
4.5,0.5,0.2222222222222222,0.0,0.8927780000000001,0.024742779275022962
4.5,0.5,0.2222222222222222,0.05555555555555555,0.8585139999999999,0.02884916554608489
4.5,0.5,0.2222222222222222,0.1111111111111111,0.8174739999999999,0.03568287908394498
4.5,0.5,0.2222222222222222,0.16666666666666666,0.767898,0.040580353944396616
4.5,0.5,0.2222222222222222,0.2222222222222222,0.714388,0.0472147001666181
4.5,0.5,0.2222222222222222,0.2777777777777778,0.657466,0.05170523868443922
4.5,0.5,0.2222222222222222,0.3333333333333333,0.6030599999999999,0.0511897370412929
4.5,0.5,0.2222222222222222,0.38888888888888884,0.553638,0.05379970047819119
4.5,0.5,0.2222222222222222,0.4444444444444444,0.5162,0.05220673410751092
4.5,0.5,0.2222222222222222,0.5,0.482606,0.05018689283493101
4.5,0.5,0.3333333333333333,0.0,0.894086,0.023325753697815275
4.5,0.5,0.3333333333333333,0.05555555555555555,0.861172,0.02810983353709101
4.5,0.5,0.3333333333333333,0.1111111111111111,0.8216319999999999,0.035130112804420396
4.5,0.5,0.3333333333333333,0.16666666666666666,0.77674,0.04059532437019617
4.5,0.5,0.3333333333333333,0.2222222222222222,0.725874,0.046498412108988356
4.5,0.5,0.3333333333333333,0.2777777777777778,0.6654100000000001,0.0486839002575654
4.5,0.5,0.3333333333333333,0.3333333333333333,0.6137400000000001,0.05340851372840621
4.5,0.5,0.3333333333333333,0.38888888888888884,0.560508,0.0557488457603134
4.5,0.5,0.3333333333333333,0.4444444444444444,0.512248,0.05589015938277206
4.5,0.5,0.3333333333333333,0.5,0.4760419999999999,0.050732709879360946
4.5,0.5,0.4444444444444444,0.0,0.8950520000000001,0.023104738776013385
4.5,0.5,0.4444444444444444,0.05555555555555555,0.863722,0.028406311853287347
4.5,0.5,0.4444444444444444,0.1111111111111111,0.8309500000000001,0.03413376228098668
4.5,0.5,0.4444444444444444,0.16666666666666666,0.7893140000000001,0.03952076905087684
4.5,0.5,0.4444444444444444,0.2222222222222222,0.742268,0.04401384569912579
4.5,0.5,0.4444444444444444,0.2777777777777778,0.690762,0.04630647833588453
4.5,0.5,0.4444444444444444,0.3333333333333333,0.625944,0.059398393937924024
4.5,0.5,0.4444444444444444,0.38888888888888884,0.5760179999999999,0.059572135723922295
4.5,0.5,0.4444444444444444,0.4444444444444444,0.5233340000000001,0.0577753097510837
4.5,0.5,0.4444444444444444,0.5,0.47377600000000003,0.062225282607563805
4.5,0.5,0.5555555555555556,0.0,0.892598,0.02431705233099063
4.5,0.5,0.5555555555555556,0.05555555555555555,0.868226,0.027444148494226363
4.5,0.5,0.5555555555555556,0.1111111111111111,0.836044,0.03395048357047861
4.5,0.5,0.5555555555555556,0.16666666666666666,0.799012,0.03878655242862655
4.5,0.5,0.5555555555555556,0.2222222222222222,0.755796,0.04411356250399176
4.5,0.5,0.5555555555555556,0.2777777777777778,0.7013499999999999,0.05343693959262686
4.5,0.5,0.5555555555555556,0.3333333333333333,0.6499100000000001,0.05700706544825864
4.5,0.5,0.5555555555555556,0.38888888888888884,0.587482,0.06445188723020506
4.5,0.5,0.5555555555555556,0.4444444444444444,0.5245219999999999,0.06753410417302436
4.5,0.5,0.5555555555555556,0.5,0.468456,0.06216681985578774
4.5,0.5,0.6666666666666666,0.0,0.894692,0.023846560609568256
4.5,0.5,0.6666666666666666,0.05555555555555555,0.8721080000000001,0.027733854209948502
4.5,0.5,0.6666666666666666,0.1111111111111111,0.8459739999999999,0.0312313322839815
4.5,0.5,0.6666666666666666,0.16666666666666666,0.81223,0.036882920160952515
4.5,0.5,0.6666666666666666,0.2222222222222222,0.7746839999999999,0.04359671422231226
4.5,0.5,0.6666666666666666,0.2777777777777778,0.725898,0.05152795217851592
4.5,0.5,0.6666666666666666,0.3333333333333333,0.663628,0.0653578527326874
4.5,0.5,0.6666666666666666,0.38888888888888884,0.597176,0.0738474367315728
4.5,0.5,0.6666666666666666,0.4444444444444444,0.532828,0.07869098396840538
4.5,0.5,0.6666666666666666,0.5,0.473142,0.06707592859135672
4.5,0.5,0.7777777777777777,0.0,0.894832,0.02476777465422855
4.5,0.5,0.7777777777777777,0.05555555555555555,0.8748440000000001,0.02763329263268219
4.5,0.5,0.7777777777777777,0.1111111111111111,0.850896,0.030834765273940357
4.5,0.5,0.7777777777777777,0.16666666666666666,0.821182,0.036314768356711324
4.5,0.5,0.7777777777777777,0.2222222222222222,0.788856,0.04457700621358428
4.5,0.5,0.7777777777777777,0.2777777777777778,0.751626,0.051354851431301626
4.5,0.5,0.7777777777777777,0.3333333333333333,0.692732,0.07635535643891544
4.5,0.5,0.7777777777777777,0.38888888888888884,0.6184299999999999,0.08482206473159364
4.5,0.5,0.7777777777777777,0.4444444444444444,0.539532,0.07618104803794917
4.5,0.5,0.7777777777777777,0.5,0.470186,0.06823412045588906
4.5,0.5,0.8888888888888888,0.0,0.89422,0.02487684293935345
4.5,0.5,0.8888888888888888,0.05555555555555555,0.8787560000000001,0.02789797587847967
4.5,0.5,0.8888888888888888,0.1111111111111111,0.8625060000000001,0.030850631873171552
4.5,0.5,0.8888888888888888,0.16666666666666666,0.835496,0.03499066557461731
4.5,0.5,0.8888888888888888,0.2222222222222222,0.80775,0.04268371233383049
4.5,0.5,0.8888888888888888,0.2777777777777778,0.773002,0.04981293660593213
4.5,0.5,0.8888888888888888,0.3333333333333333,0.716642,0.07399183346044126
4.5,0.5,0.8888888888888888,0.38888888888888884,0.63392,0.09485156423842969
4.5,0.5,0.8888888888888888,0.4444444444444444,0.5377280000000001,0.08617327708383112
4.5,0.5,0.8888888888888888,0.5,0.470786,0.06452735670649352
4.5,0.5,1.0,0.0,0.894928,0.023798898948950674
4.5,0.5,1.0,0.05555555555555555,0.882882,0.026191220591491055
4.5,0.5,1.0,0.1111111111111111,0.86729,0.02924065546227937
4.5,0.5,1.0,0.16666666666666666,0.85076,0.03299004525871926
4.5,0.5,1.0,0.2222222222222222,0.8269059999999999,0.038868376160198156
4.5,0.5,1.0,0.2777777777777778,0.799562,0.04720583584553662
4.5,0.5,1.0,0.3333333333333333,0.7376320000000001,0.07561035926946595
4.5,0.5,1.0,0.38888888888888884,0.629404,0.09587853864314312
4.5,0.5,1.0,0.4444444444444444,0.540204,0.07933709809583747
4.5,0.5,1.0,0.5,0.47497,0.06949944925604654
4.5,1.0,0.0,0.0,0.8934000000000001,0.023516761600022765
4.5,1.0,0.0,0.05555555555555555,0.8513700000000001,0.030074341756123748
4.5,1.0,0.0,0.1111111111111111,0.801944,0.036359164479995494
4.5,1.0,0.0,0.16666666666666666,0.7491140000000001,0.03965569508033632
4.5,1.0,0.0,0.2222222222222222,0.6939860000000001,0.04562122748012801
4.5,1.0,0.0,0.2777777777777778,0.6389539999999999,0.04500162415238705
4.5,1.0,0.0,0.3333333333333333,0.586846,0.04944358016202384
4.5,1.0,0.0,0.38888888888888884,0.548748,0.04593356376943902
4.5,1.0,0.0,0.4444444444444444,0.5149440000000001,0.04560742196041946
4.5,1.0,0.0,0.5,0.48152200000000006,0.04397691957049538
4.5,1.0,0.1111111111111111,0.0,0.8940540000000001,0.02357453289468119
4.5,1.0,0.1111111111111111,0.05555555555555555,0.8568340000000001,0.027920199122464663
4.5,1.0,0.1111111111111111,0.1111111111111111,0.8111459999999999,0.035675736858554165
4.5,1.0,0.1111111111111111,0.16666666666666666,0.759216,0.04006069223221498
4.5,1.0,0.1111111111111111,0.2222222222222222,0.704592,0.04560923086261989
4.5,1.0,0.1111111111111111,0.2777777777777778,0.649248,0.04793531145375334
4.5,1.0,0.1111111111111111,0.3333333333333333,0.60045,0.048448426187029034
4.5,1.0,0.1111111111111111,0.38888888888888884,0.555184,0.04865396757842308
4.5,1.0,0.1111111111111111,0.4444444444444444,0.516652,0.04600830821547017
4.5,1.0,0.1111111111111111,0.5,0.48899800000000004,0.04660173214460763
4.5,1.0,0.2222222222222222,0.0,0.89516,0.023811938535819973
4.5,1.0,0.2222222222222222,0.05555555555555555,0.859806,0.02930074113161174
4.5,1.0,0.2222222222222222,0.1111111111111111,0.819678,0.03472038776645943
4.5,1.0,0.2222222222222222,0.16666666666666666,0.770386,0.03986511581467983
4.5,1.0,0.2222222222222222,0.2222222222222222,0.7198559999999999,0.04425879512471825
4.5,1.0,0.2222222222222222,0.2777777777777778,0.6657139999999999,0.046267326863242704
4.5,1.0,0.2222222222222222,0.3333333333333333,0.6132219999999999,0.05114693278650181
4.5,1.0,0.2222222222222222,0.38888888888888884,0.5696019999999999,0.052453238990181734
4.5,1.0,0.2222222222222222,0.4444444444444444,0.525702,0.052377322993141365
4.5,1.0,0.2222222222222222,0.5,0.495428,0.05089201125539488
4.5,1.0,0.3333333333333333,0.0,0.8966980000000001,0.024091151137424986
4.5,1.0,0.3333333333333333,0.05555555555555555,0.8640059999999999,0.028061662063311784
4.5,1.0,0.3333333333333333,0.1111111111111111,0.826182,0.03615144159586056
4.5,1.0,0.3333333333333333,0.16666666666666666,0.78677,0.041197324416497684
4.5,1.0,0.3333333333333333,0.2222222222222222,0.731902,0.044146009290450546
4.5,1.0,0.3333333333333333,0.2777777777777778,0.6813420000000001,0.051079264074934294
4.5,1.0,0.3333333333333333,0.3333333333333333,0.6277280000000001,0.05288003983760275
4.5,1.0,0.3333333333333333,0.38888888888888884,0.581106,0.05351626617665868
4.5,1.0,0.3333333333333333,0.4444444444444444,0.5350219999999999,0.05373688511295836
4.5,1.0,0.3333333333333333,0.5,0.498186,0.05171789715148464
4.5,1.0,0.4444444444444444,0.0,0.895284,0.023613864002875372
4.5,1.0,0.4444444444444444,0.05555555555555555,0.8670800000000001,0.02825303644099645
4.5,1.0,0.4444444444444444,0.1111111111111111,0.8359439999999999,0.03433643612391045
4.5,1.0,0.4444444444444444,0.16666666666666666,0.7918580000000001,0.03907310136783362
4.5,1.0,0.4444444444444444,0.2222222222222222,0.7521659999999999,0.04503116760769395
4.5,1.0,0.4444444444444444,0.2777777777777778,0.701082,0.05123026797424963
4.5,1.0,0.4444444444444444,0.3333333333333333,0.6522819999999999,0.05234870820279142
4.5,1.0,0.4444444444444444,0.38888888888888884,0.5999200000000001,0.054442608269538124
4.5,1.0,0.4444444444444444,0.4444444444444444,0.549808,0.05895359351538083
4.5,1.0,0.4444444444444444,0.5,0.5113240000000001,0.05721788879009073
4.5,1.0,0.5555555555555556,0.0,0.894408,0.024203494671402686
4.5,1.0,0.5555555555555556,0.05555555555555555,0.872938,0.026991614447842927
4.5,1.0,0.5555555555555556,0.1111111111111111,0.8448979999999999,0.03257191205486438
4.5,1.0,0.5555555555555556,0.16666666666666666,0.8078500000000001,0.03766229409892056
4.5,1.0,0.5555555555555556,0.2222222222222222,0.7706419999999999,0.041562925661930476
4.5,1.0,0.5555555555555556,0.2777777777777778,0.723238,0.04759916719266073
4.5,1.0,0.5555555555555556,0.3333333333333333,0.675066,0.05499376576072137
4.5,1.0,0.5555555555555556,0.38888888888888884,0.6231859999999999,0.06336821336387716
4.5,1.0,0.5555555555555556,0.4444444444444444,0.568314,0.06505659170482647
4.5,1.0,0.5555555555555556,0.5,0.5098779999999999,0.06366689928155961
4.5,1.0,0.6666666666666666,0.0,0.895062,0.02416547322508677
4.5,1.0,0.6666666666666666,0.05555555555555555,0.874964,0.029496351868444598
4.5,1.0,0.6666666666666666,0.1111111111111111,0.849982,0.02927962206957382
4.5,1.0,0.6666666666666666,0.16666666666666666,0.822574,0.03363973524829156
4.5,1.0,0.6666666666666666,0.2222222222222222,0.7873340000000001,0.03888488797754279
4.5,1.0,0.6666666666666666,0.2777777777777778,0.748946,0.04929343535947844
4.5,1.0,0.6666666666666666,0.3333333333333333,0.7022719999999999,0.055646879214675336
4.5,1.0,0.6666666666666666,0.38888888888888884,0.6495380000000001,0.06558600157965427
4.5,1.0,0.6666666666666666,0.4444444444444444,0.5776140000000001,0.06808594860023312
4.5,1.0,0.6666666666666666,0.5,0.510684,0.06592134245281693
4.5,1.0,0.7777777777777777,0.0,0.895678,0.023710814440733297
4.5,1.0,0.7777777777777777,0.05555555555555555,0.8770239999999999,0.02760114255135612
4.5,1.0,0.7777777777777777,0.1111111111111111,0.85866,0.030862101980865708
4.5,1.0,0.7777777777777777,0.16666666666666666,0.83642,0.03463331536347815
4.5,1.0,0.7777777777777777,0.2222222222222222,0.8075180000000001,0.04175591921607232
4.5,1.0,0.7777777777777777,0.2777777777777778,0.7738919999999999,0.04552543758091588
4.5,1.0,0.7777777777777777,0.3333333333333333,0.7332540000000001,0.057759135376482904
4.5,1.0,0.7777777777777777,0.38888888888888884,0.6648099999999999,0.07439803785095507
4.5,1.0,0.7777777777777777,0.4444444444444444,0.5795779999999999,0.07788329430026777
4.5,1.0,0.7777777777777777,0.5,0.51197,0.06295111425202211
4.5,1.0,0.8888888888888888,0.0,0.894806,0.023365535742221766
4.5,1.0,0.8888888888888888,0.05555555555555555,0.8801800000000001,0.0273560286702807
4.5,1.0,0.8888888888888888,0.1111111111111111,0.8678040000000001,0.02927393911010346
4.5,1.0,0.8888888888888888,0.16666666666666666,0.8486379999999999,0.03138644889675635
4.5,1.0,0.8888888888888888,0.2222222222222222,0.8294960000000001,0.036429826358315154
4.5,1.0,0.8888888888888888,0.2777777777777778,0.80325,0.04289843880730635
4.5,1.0,0.8888888888888888,0.3333333333333333,0.753,0.06305883628538775
4.5,1.0,0.8888888888888888,0.38888888888888884,0.663172,0.0767390133396089
4.5,1.0,0.8888888888888888,0.4444444444444444,0.58321,0.07506468753434772
4.5,1.0,0.8888888888888888,0.5,0.51374,0.06401402964963203
4.5,1.0,1.0,0.0,0.893364,0.023615140349094173
4.5,1.0,1.0,0.05555555555555555,0.886284,0.026194496507751207
4.5,1.0,1.0,0.1111111111111111,0.8735740000000001,0.02839452450815278
4.5,1.0,1.0,0.16666666666666666,0.8588680000000001,0.032931680296247705
4.5,1.0,1.0,0.2222222222222222,0.848106,0.0329420266261272
4.5,1.0,1.0,0.2777777777777778,0.826258,0.044454288922523705
4.5,1.0,1.0,0.3333333333333333,0.7553799999999999,0.07277865804019928
4.5,1.0,1.0,0.38888888888888884,0.661168,0.08012815246612935
4.5,1.0,1.0,0.4444444444444444,0.5764239999999999,0.07256097031342436
4.5,1.0,1.0,0.5,0.5176600000000001,0.06508462504181511
4.5,1.5,0.0,0.0,0.89562,0.022985653798861652
4.5,1.5,0.0,0.05555555555555555,0.8531599999999998,0.030714641107405335
4.5,1.5,0.0,0.1111111111111111,0.80359,0.036697183359667616
4.5,1.5,0.0,0.16666666666666666,0.747498,0.03848256503435351
4.5,1.5,0.0,0.2222222222222222,0.6908920000000001,0.046086225886189304
4.5,1.5,0.0,0.2777777777777778,0.637768,0.04861342104204169
4.5,1.5,0.0,0.3333333333333333,0.587272,0.047414832581138516
4.5,1.5,0.0,0.38888888888888884,0.547212,0.045312089191006266
4.5,1.5,0.0,0.4444444444444444,0.512132,0.04486433095884491
4.5,1.5,0.0,0.5,0.481156,0.04373255923765439
4.5,1.5,0.1111111111111111,0.0,0.8951399999999999,0.02444035724215686
4.5,1.5,0.1111111111111111,0.05555555555555555,0.855958,0.02869185740524175
4.5,1.5,0.1111111111111111,0.1111111111111111,0.808368,0.03661745830208603
4.5,1.5,0.1111111111111111,0.16666666666666666,0.762206,0.04007327411875894
4.5,1.5,0.1111111111111111,0.2222222222222222,0.70117,0.0462268638985145
4.5,1.5,0.1111111111111111,0.2777777777777778,0.649806,0.04761069123463426
4.5,1.5,0.1111111111111111,0.3333333333333333,0.60139,0.04628276232223345
4.5,1.5,0.1111111111111111,0.38888888888888884,0.56339,0.04842052244645833
4.5,1.5,0.1111111111111111,0.4444444444444444,0.5206679999999999,0.04533931056119324
4.5,1.5,0.1111111111111111,0.5,0.489814,0.043932397100887415
4.5,1.5,0.2222222222222222,0.0,0.8937920000000001,0.024719847850573674
4.5,1.5,0.2222222222222222,0.05555555555555555,0.8587819999999999,0.028426441937083956
4.5,1.5,0.2222222222222222,0.1111111111111111,0.8196279999999999,0.03544254454646075
4.5,1.5,0.2222222222222222,0.16666666666666666,0.773062,0.0394778819381771
4.5,1.5,0.2222222222222222,0.2222222222222222,0.72238,0.04489515285082565
4.5,1.5,0.2222222222222222,0.2777777777777778,0.6754240000000001,0.04768601615015186
4.5,1.5,0.2222222222222222,0.3333333333333333,0.6198499999999999,0.051280707111385354
4.5,1.5,0.2222222222222222,0.38888888888888884,0.573922,0.050069049676131676
4.5,1.5,0.2222222222222222,0.4444444444444444,0.5322560000000001,0.0477994984084163
4.5,1.5,0.2222222222222222,0.5,0.50359,0.046911953303240855
4.5,1.5,0.3333333333333333,0.0,0.893812,0.02371221614250297
4.5,1.5,0.3333333333333333,0.05555555555555555,0.8664980000000001,0.02723544629834696
4.5,1.5,0.3333333333333333,0.1111111111111111,0.831434,0.03372602160151908
4.5,1.5,0.3333333333333333,0.16666666666666666,0.7875,0.03817444927113302
4.5,1.5,0.3333333333333333,0.2222222222222222,0.741978,0.04277865756526463
4.5,1.5,0.3333333333333333,0.2777777777777778,0.687754,0.047867442673870435
4.5,1.5,0.3333333333333333,0.3333333333333333,0.641328,0.05079997727738434
4.5,1.5,0.3333333333333333,0.38888888888888884,0.597048,0.05016619369635253
4.5,1.5,0.3333333333333333,0.4444444444444444,0.5517880000000001,0.049284408913203445
4.5,1.5,0.3333333333333333,0.5,0.5129020000000001,0.05123305620491708
4.5,1.5,0.4444444444444444,0.0,0.895434,0.02317904614863869
4.5,1.5,0.4444444444444444,0.05555555555555555,0.8681420000000001,0.02938797615155848
4.5,1.5,0.4444444444444444,0.1111111111111111,0.8373699999999998,0.03156640581301431
4.5,1.5,0.4444444444444444,0.16666666666666666,0.798462,0.04089034846017319
4.5,1.5,0.4444444444444444,0.2222222222222222,0.758292,0.04509858646345808
4.5,1.5,0.4444444444444444,0.2777777777777778,0.7152299999999999,0.044787240301089944
4.5,1.5,0.4444444444444444,0.3333333333333333,0.669902,0.04924036579115241
4.5,1.5,0.4444444444444444,0.38888888888888884,0.61402,0.05260972501669882
4.5,1.5,0.4444444444444444,0.4444444444444444,0.5716679999999998,0.0553744203478259
4.5,1.5,0.4444444444444444,0.5,0.526942,0.0563016019021973
4.5,1.5,0.5555555555555556,0.0,0.892792,0.023059406072508337
4.5,1.5,0.5555555555555556,0.05555555555555555,0.870054,0.0274968951426333
4.5,1.5,0.5555555555555556,0.1111111111111111,0.843476,0.03433813680557751
4.5,1.5,0.5555555555555556,0.16666666666666666,0.8163980000000001,0.03483093429651198
4.5,1.5,0.5555555555555556,0.2222222222222222,0.781586,0.0420850199216254
4.5,1.5,0.5555555555555556,0.2777777777777778,0.73805,0.04783756227829193
4.5,1.5,0.5555555555555556,0.3333333333333333,0.6942480000000001,0.051570354846539455
4.5,1.5,0.5555555555555556,0.38888888888888884,0.647158,0.05541156846579674
4.5,1.5,0.5555555555555556,0.4444444444444444,0.58354,0.06063379680202501
4.5,1.5,0.5555555555555556,0.5,0.5356259999999999,0.06200315238608133
4.5,1.5,0.6666666666666666,0.0,0.89434,0.024011445166794872
4.5,1.5,0.6666666666666666,0.05555555555555555,0.876368,0.02686581694720043
4.5,1.5,0.6666666666666666,0.1111111111111111,0.85454,0.031172292563225037
4.5,1.5,0.6666666666666666,0.16666666666666666,0.827294,0.03322473973805246
4.5,1.5,0.6666666666666666,0.2222222222222222,0.801626,0.04031198626305761
4.5,1.5,0.6666666666666666,0.2777777777777778,0.7643679999999999,0.04598296905252826
4.5,1.5,0.6666666666666666,0.3333333333333333,0.720362,0.054161220736457995
4.5,1.5,0.6666666666666666,0.38888888888888884,0.6639499999999999,0.06743653960389348
4.5,1.5,0.6666666666666666,0.4444444444444444,0.5934919999999999,0.06706505333448647
4.5,1.5,0.6666666666666666,0.5,0.526008,0.06436005258494958
4.5,1.5,0.7777777777777777,0.0,0.8946660000000001,0.02454904795528786
4.5,1.5,0.7777777777777777,0.05555555555555555,0.879936,0.026197873217538966
4.5,1.5,0.7777777777777777,0.1111111111111111,0.861228,0.03067242428016484
4.5,1.5,0.7777777777777777,0.16666666666666666,0.84183,0.03614867290933669
4.5,1.5,0.7777777777777777,0.2222222222222222,0.82225,0.03617785475050582
4.5,1.5,0.7777777777777777,0.2777777777777778,0.7948500000000001,0.042069932951183005
4.5,1.5,0.7777777777777777,0.3333333333333333,0.7473620000000001,0.06015390211681832
4.5,1.5,0.7777777777777777,0.38888888888888884,0.667738,0.07148760950420184
4.5,1.5,0.7777777777777777,0.4444444444444444,0.59654,0.06747442475480604
4.5,1.5,0.7777777777777777,0.5,0.5338900000000001,0.058115580883984684
4.5,1.5,0.8888888888888888,0.0,0.892636,0.0238438369630864
4.5,1.5,0.8888888888888888,0.05555555555555555,0.884066,0.025872541831866547
4.5,1.5,0.8888888888888888,0.1111111111111111,0.8708819999999999,0.027659902682997034
4.5,1.5,0.8888888888888888,0.16666666666666666,0.8551439999999999,0.03185952483395336
4.5,1.5,0.8888888888888888,0.2222222222222222,0.8385319999999999,0.03537088031628132
4.5,1.5,0.8888888888888888,0.2777777777777778,0.819198,0.04338085514586327
4.5,1.5,0.8888888888888888,0.3333333333333333,0.75173,0.06894298637817688
4.5,1.5,0.8888888888888888,0.38888888888888884,0.67074,0.07194818609920567
4.5,1.5,0.8888888888888888,0.4444444444444444,0.592596,0.07117612567238724
4.5,1.5,0.8888888888888888,0.5,0.534762,0.060370477429702175
4.5,1.5,1.0,0.0,0.8941939999999999,0.0233257914999298
4.5,1.5,1.0,0.05555555555555555,0.888934,0.025362732115462687
4.5,1.5,1.0,0.1111111111111111,0.8763920000000001,0.028527705761101526
4.5,1.5,1.0,0.16666666666666666,0.8692459999999999,0.029092787156425194
4.5,1.5,1.0,0.2222222222222222,0.856604,0.032344451008203004
4.5,1.5,1.0,0.2777777777777778,0.8282999999999999,0.04664024683951084
4.5,1.5,1.0,0.3333333333333333,0.749814,0.07039430460087294
4.5,1.5,1.0,0.38888888888888884,0.6754940000000001,0.06886295213213492
4.5,1.5,1.0,0.4444444444444444,0.589196,0.06640573037059455
4.5,1.5,1.0,0.5,0.5305439999999999,0.0625584781654794
4.5,2.0,0.0,0.0,0.8949159999999999,0.02287276263465091
4.5,2.0,0.0,0.05555555555555555,0.8548900000000001,0.0291346452717417
4.5,2.0,0.0,0.1111111111111111,0.798982,0.03742810979471994
4.5,2.0,0.0,0.16666666666666666,0.746538,0.04122625090312063
4.5,2.0,0.0,0.2222222222222222,0.689682,0.04575920328601385
4.5,2.0,0.0,0.2777777777777778,0.6370439999999998,0.04525631815189268
4.5,2.0,0.0,0.3333333333333333,0.5846680000000001,0.04856520291183529
4.5,2.0,0.0,0.38888888888888884,0.5438999999999999,0.045004052367080424
4.5,2.0,0.0,0.4444444444444444,0.5130939999999999,0.045603909889332835
4.5,2.0,0.0,0.5,0.48431799999999997,0.04258497194634914
4.5,2.0,0.1111111111111111,0.0,0.89546,0.023560615552451546
4.5,2.0,0.1111111111111111,0.05555555555555555,0.8571759999999999,0.030352521726378867
4.5,2.0,0.1111111111111111,0.1111111111111111,0.8121179999999999,0.035245603713971535
4.5,2.0,0.1111111111111111,0.16666666666666666,0.764654,0.03974067092855509
4.5,2.0,0.1111111111111111,0.2222222222222222,0.707716,0.04544982637408937
4.5,2.0,0.1111111111111111,0.2777777777777778,0.6553880000000001,0.04675469451207905
4.5,2.0,0.1111111111111111,0.3333333333333333,0.607306,0.04781737515520344
4.5,2.0,0.1111111111111111,0.38888888888888884,0.5639860000000001,0.04696578940835019
4.5,2.0,0.1111111111111111,0.4444444444444444,0.52357,0.046758676710268336
4.5,2.0,0.1111111111111111,0.5,0.493002,0.04377797411982506
4.5,2.0,0.2222222222222222,0.0,0.89477,0.023924335888283115
4.5,2.0,0.2222222222222222,0.05555555555555555,0.861814,0.02660419083415018
4.5,2.0,0.2222222222222222,0.1111111111111111,0.8212339999999999,0.03285638946471924
4.5,2.0,0.2222222222222222,0.16666666666666666,0.7770799999999999,0.038874516795868015
4.5,2.0,0.2222222222222222,0.2222222222222222,0.7274639999999999,0.044194332011740244
4.5,2.0,0.2222222222222222,0.2777777777777778,0.672274,0.048032167369424505
4.5,2.0,0.2222222222222222,0.3333333333333333,0.625708,0.045911506933860015
4.5,2.0,0.2222222222222222,0.38888888888888884,0.58127,0.05147820033975976
4.5,2.0,0.2222222222222222,0.4444444444444444,0.542104,0.050850099796348455
4.5,2.0,0.2222222222222222,0.5,0.504762,0.04597029357947987
4.5,2.0,0.3333333333333333,0.0,0.89511,0.024056169657640746
4.5,2.0,0.3333333333333333,0.05555555555555555,0.864908,0.02927226104237708
4.5,2.0,0.3333333333333333,0.1111111111111111,0.8296140000000001,0.03408525507057931
4.5,2.0,0.3333333333333333,0.16666666666666666,0.78961,0.04036464429445695
4.5,2.0,0.3333333333333333,0.2222222222222222,0.7472380000000001,0.04251484894435735
4.5,2.0,0.3333333333333333,0.2777777777777778,0.699588,0.0492645536719556
4.5,2.0,0.3333333333333333,0.3333333333333333,0.64819,0.04907886888205028
4.5,2.0,0.3333333333333333,0.38888888888888884,0.604846,0.0514023607374093
4.5,2.0,0.3333333333333333,0.4444444444444444,0.563702,0.047670222321616926
4.5,2.0,0.3333333333333333,0.5,0.5280159999999999,0.05097777172867446
4.5,2.0,0.4444444444444444,0.0,0.89348,0.024157001499418067
4.5,2.0,0.4444444444444444,0.05555555555555555,0.869668,0.028567218063644078
4.5,2.0,0.4444444444444444,0.1111111111111111,0.840632,0.03042624012552903
4.5,2.0,0.4444444444444444,0.16666666666666666,0.80328,0.03723862282711485
4.5,2.0,0.4444444444444444,0.2222222222222222,0.7656499999999998,0.041078392966832036
4.5,2.0,0.4444444444444444,0.2777777777777778,0.7251979999999999,0.046022591777384894
4.5,2.0,0.4444444444444444,0.3333333333333333,0.675464,0.049930379425547705
4.5,2.0,0.4444444444444444,0.38888888888888884,0.6330500000000001,0.054554485459653405
4.5,2.0,0.4444444444444444,0.4444444444444444,0.57827,0.05353972454363597
4.5,2.0,0.4444444444444444,0.5,0.5309100000000001,0.05706946422996268
4.5,2.0,0.5555555555555556,0.0,0.8943880000000002,0.024427502158907852
4.5,2.0,0.5555555555555556,0.05555555555555555,0.8726320000000001,0.026484929279836047
4.5,2.0,0.5555555555555556,0.1111111111111111,0.8495539999999998,0.03198244577382022
4.5,2.0,0.5555555555555556,0.16666666666666666,0.820922,0.03528435755084044
4.5,2.0,0.5555555555555556,0.2222222222222222,0.78806,0.03875430546900266
4.5,2.0,0.5555555555555556,0.2777777777777778,0.7467,0.04346354978968747
4.5,2.0,0.5555555555555556,0.3333333333333333,0.7078720000000001,0.04796967579201658
4.5,2.0,0.5555555555555556,0.38888888888888884,0.6568120000000001,0.05908345254578018
4.5,2.0,0.5555555555555556,0.4444444444444444,0.590886,0.06239888015412598
4.5,2.0,0.5555555555555556,0.5,0.53231,0.060328442229878335
4.5,2.0,0.6666666666666666,0.0,0.894544,0.022784519583816804
4.5,2.0,0.6666666666666666,0.05555555555555555,0.8759539999999999,0.02606243244153431
4.5,2.0,0.6666666666666666,0.1111111111111111,0.85648,0.030023664681077224
4.5,2.0,0.6666666666666666,0.16666666666666666,0.833722,0.03284915295254048
4.5,2.0,0.6666666666666666,0.2222222222222222,0.8096420000000001,0.036685876616024474
4.5,2.0,0.6666666666666666,0.2777777777777778,0.7763340000000001,0.04182689831729926
4.5,2.0,0.6666666666666666,0.3333333333333333,0.731552,0.05219067953246174
4.5,2.0,0.6666666666666666,0.38888888888888884,0.6652440000000002,0.06642798973052909
4.5,2.0,0.6666666666666666,0.4444444444444444,0.59128,0.06541130542769737
4.5,2.0,0.6666666666666666,0.5,0.5350260000000001,0.0594945082930691
4.5,2.0,0.7777777777777777,0.0,0.894716,0.02307397148998503
4.5,2.0,0.7777777777777777,0.05555555555555555,0.882474,0.02554090836285979
4.5,2.0,0.7777777777777777,0.1111111111111111,0.865648,0.031064418426623885
4.5,2.0,0.7777777777777777,0.16666666666666666,0.847282,0.030732775386644335
4.5,2.0,0.7777777777777777,0.2222222222222222,0.828838,0.03167981972732659
4.5,2.0,0.7777777777777777,0.2777777777777778,0.802538,0.04152509148027117
4.5,2.0,0.7777777777777777,0.3333333333333333,0.738128,0.06224368376258489
4.5,2.0,0.7777777777777777,0.38888888888888884,0.658964,0.06557523103925524
4.5,2.0,0.7777777777777777,0.4444444444444444,0.592892,0.06478452288015725
4.5,2.0,0.7777777777777777,0.5,0.53914,0.06192134450907557
4.5,2.0,0.8888888888888888,0.0,0.89476,0.02399670986131927
4.5,2.0,0.8888888888888888,0.05555555555555555,0.8863540000000001,0.024148602319554166
4.5,2.0,0.8888888888888888,0.1111111111111111,0.874792,0.02675332159625916
4.5,2.0,0.8888888888888888,0.16666666666666666,0.8614179999999999,0.02951150850547186
4.5,2.0,0.8888888888888888,0.2222222222222222,0.847602,0.03090387832280573
4.5,2.0,0.8888888888888888,0.2777777777777778,0.8124959999999999,0.05075168421739128
4.5,2.0,0.8888888888888888,0.3333333333333333,0.741912,0.064785635855693
4.5,2.0,0.8888888888888888,0.38888888888888884,0.6635840000000001,0.059339643836657144
4.5,2.0,0.8888888888888888,0.4444444444444444,0.58877,0.062469592603121724
4.5,2.0,0.8888888888888888,0.5,0.533008,0.05815048489726955
4.5,2.0,1.0,0.0,0.895494,0.024701463288176975
4.5,2.0,1.0,0.05555555555555555,0.8903499999999999,0.025132185609433474
4.5,2.0,1.0,0.1111111111111111,0.881826,0.02666822289213231
4.5,2.0,1.0,0.16666666666666666,0.877082,0.027655830595588064
4.5,2.0,1.0,0.2222222222222222,0.8658879999999999,0.03384716705183568
4.5,2.0,1.0,0.2777777777777778,0.814458,0.05447744321863204
4.5,2.0,1.0,0.3333333333333333,0.7399280000000001,0.06362719273479399
4.5,2.0,1.0,0.38888888888888884,0.6595059999999999,0.06476043384338286
4.5,2.0,1.0,0.4444444444444444,0.5957319999999999,0.06414128455814974
4.5,2.0,1.0,0.5,0.538518,0.058984812385769005
4.5,2.5,0.0,0.0,0.89526,0.023812401410228334
4.5,2.5,0.0,0.05555555555555555,0.8528439999999999,0.029692810408918188
4.5,2.5,0.0,0.1111111111111111,0.8032440000000001,0.035739993820881284
4.5,2.5,0.0,0.16666666666666666,0.747824,0.03997144551944336
4.5,2.5,0.0,0.2222222222222222,0.6914600000000001,0.046143372456326666
4.5,2.5,0.0,0.2777777777777778,0.6353260000000001,0.04574096846802422
4.5,2.5,0.0,0.3333333333333333,0.590908,0.04718049952120198
4.5,2.5,0.0,0.38888888888888884,0.5443600000000001,0.048450648402898824
4.5,2.5,0.0,0.4444444444444444,0.512304,0.044857150063547804
4.5,2.5,0.0,0.5,0.48568600000000006,0.043151912809959156
4.5,2.5,0.1111111111111111,0.0,0.89334,0.023747679983720918
4.5,2.5,0.1111111111111111,0.05555555555555555,0.8594299999999999,0.02899106869586316
4.5,2.5,0.1111111111111111,0.1111111111111111,0.810538,0.03452303921257433
4.5,2.5,0.1111111111111111,0.16666666666666666,0.761586,0.04086939219558904
4.5,2.5,0.1111111111111111,0.2222222222222222,0.709654,0.04464505174474077
4.5,2.5,0.1111111111111111,0.2777777777777778,0.654562,0.0455797892753001
4.5,2.5,0.1111111111111111,0.3333333333333333,0.6041559999999999,0.04878199493727292
4.5,2.5,0.1111111111111111,0.38888888888888884,0.56218,0.05095571184016838
4.5,2.5,0.1111111111111111,0.4444444444444444,0.525756,0.04690693963553734
4.5,2.5,0.1111111111111111,0.5,0.49678200000000006,0.04556541330636165
4.5,2.5,0.2222222222222222,0.0,0.89344,0.023958263643127146
4.5,2.5,0.2222222222222222,0.05555555555555555,0.8632139999999999,0.029793951787674175
4.5,2.5,0.2222222222222222,0.1111111111111111,0.82205,0.034488293445306024
4.5,2.5,0.2222222222222222,0.16666666666666666,0.7746579999999998,0.04111313190734149
4.5,2.5,0.2222222222222222,0.2222222222222222,0.730756,0.04305140312023806
4.5,2.5,0.2222222222222222,0.2777777777777778,0.6768500000000001,0.04530143419230521
4.5,2.5,0.2222222222222222,0.3333333333333333,0.625192,0.051188785094382516
4.5,2.5,0.2222222222222222,0.38888888888888884,0.5852999999999999,0.047890510563200386
4.5,2.5,0.2222222222222222,0.4444444444444444,0.5445519999999999,0.04555829686045837
4.5,2.5,0.2222222222222222,0.5,0.511922,0.04679619304352368
4.5,2.5,0.3333333333333333,0.0,0.89352,0.023996860182057052
4.5,2.5,0.3333333333333333,0.05555555555555555,0.868098,0.02812098817523852
4.5,2.5,0.3333333333333333,0.1111111111111111,0.8330319999999999,0.03231252349088039
4.5,2.5,0.3333333333333333,0.16666666666666666,0.792704,0.03663545683343923
4.5,2.5,0.3333333333333333,0.2222222222222222,0.7475879999999999,0.042053385481562865
4.5,2.5,0.3333333333333333,0.2777777777777778,0.699224,0.042902389841455404
4.5,2.5,0.3333333333333333,0.3333333333333333,0.6556859999999999,0.04928522568622247
4.5,2.5,0.3333333333333333,0.38888888888888884,0.6135640000000001,0.049963893817143015
4.5,2.5,0.3333333333333333,0.4444444444444444,0.568566,0.052280897357035803
4.5,2.5,0.3333333333333333,0.5,0.52583,0.0509940573770665
4.5,2.5,0.4444444444444444,0.0,0.8934920000000001,0.024058086354448
4.5,2.5,0.4444444444444444,0.05555555555555555,0.8703540000000001,0.029092704496313515
4.5,2.5,0.4444444444444444,0.1111111111111111,0.837758,0.032550676322591454
4.5,2.5,0.4444444444444444,0.16666666666666666,0.808112,0.034929638063261687
4.5,2.5,0.4444444444444444,0.2222222222222222,0.7662760000000001,0.04268888034383217
4.5,2.5,0.4444444444444444,0.2777777777777778,0.72774,0.04728454352229939
4.5,2.5,0.4444444444444444,0.3333333333333333,0.6821579999999999,0.050296645425735545
4.5,2.5,0.4444444444444444,0.38888888888888884,0.6356240000000001,0.05338004761112462
4.5,2.5,0.4444444444444444,0.4444444444444444,0.5837819999999999,0.0552608178729194
4.5,2.5,0.4444444444444444,0.5,0.533498,0.053279559108889735
4.5,2.5,0.5555555555555556,0.0,0.894072,0.023691969839372586
4.5,2.5,0.5555555555555556,0.05555555555555555,0.873366,0.02759294811308033
4.5,2.5,0.5555555555555556,0.1111111111111111,0.848662,0.031169967753906312
4.5,2.5,0.5555555555555556,0.16666666666666666,0.820748,0.03348670205363402
4.5,2.5,0.5555555555555556,0.2222222222222222,0.792686,0.03844632158330069
4.5,2.5,0.5555555555555556,0.2777777777777778,0.7617160000000001,0.04325637029551006
4.5,2.5,0.5555555555555556,0.3333333333333333,0.7063019999999999,0.053837754444322934
4.5,2.5,0.5555555555555556,0.38888888888888884,0.6497180000000001,0.05831716951739892
4.5,2.5,0.5555555555555556,0.4444444444444444,0.5863879999999999,0.059770448123950645
4.5,2.5,0.5555555555555556,0.5,0.5280840000000001,0.05662155902032179
4.5,2.5,0.6666666666666666,0.0,0.893802,0.02373135373931715
4.5,2.5,0.6666666666666666,0.05555555555555555,0.877176,0.025726264894283087
4.5,2.5,0.6666666666666666,0.1111111111111111,0.8568600000000001,0.02899789917067486
4.5,2.5,0.6666666666666666,0.16666666666666666,0.8357259999999999,0.03344805628041599
4.5,2.5,0.6666666666666666,0.2222222222222222,0.8112440000000001,0.038081187187839476
4.5,2.5,0.6666666666666666,0.2777777777777778,0.7837419999999999,0.04206102347055741
4.5,2.5,0.6666666666666666,0.3333333333333333,0.72812,0.0547919877705463
4.5,2.5,0.6666666666666666,0.38888888888888884,0.650366,0.06175739628572422
4.5,2.5,0.6666666666666666,0.4444444444444444,0.5879739999999999,0.05819128607919834
4.5,2.5,0.6666666666666666,0.5,0.5336,0.056298695243960535
4.5,2.5,0.7777777777777777,0.0,0.895476,0.023731831443175543
4.5,2.5,0.7777777777777777,0.05555555555555555,0.881188,0.025789199709244325
4.5,2.5,0.7777777777777777,0.1111111111111111,0.867492,0.02767507462521145
4.5,2.5,0.7777777777777777,0.16666666666666666,0.85145,0.03029235470390201
4.5,2.5,0.7777777777777777,0.2222222222222222,0.834172,0.034506286145674005
4.5,2.5,0.7777777777777777,0.2777777777777778,0.7913320000000001,0.047858946221860474
4.5,2.5,0.7777777777777777,0.3333333333333333,0.725352,0.060339653990451214
4.5,2.5,0.7777777777777777,0.38888888888888884,0.651022,0.059438568310530585
4.5,2.5,0.7777777777777777,0.4444444444444444,0.5894380000000001,0.06103714625082737
4.5,2.5,0.7777777777777777,0.5,0.5350360000000001,0.05511989758898723
4.5,2.5,0.8888888888888888,0.0,0.894978,0.024446119149733495
4.5,2.5,0.8888888888888888,0.05555555555555555,0.886902,0.024932783305654717
4.5,2.5,0.8888888888888888,0.1111111111111111,0.876422,0.02540596075103966
4.5,2.5,0.8888888888888888,0.16666666666666666,0.865696,0.028483226157594757
4.5,2.5,0.8888888888888888,0.2222222222222222,0.8514660000000001,0.03605985955244258
4.5,2.5,0.8888888888888888,0.2777777777777778,0.795972,0.05103850579854681
4.5,2.5,0.8888888888888888,0.3333333333333333,0.7259099999999999,0.06027231041536081
4.5,2.5,0.8888888888888888,0.38888888888888884,0.64795,0.0598060283085584
4.5,2.5,0.8888888888888888,0.4444444444444444,0.585202,0.0581845002396366
4.5,2.5,0.8888888888888888,0.5,0.532194,0.055319443649510636
4.5,2.5,1.0,0.0,0.8932100000000001,0.02557855400232195
4.5,2.5,1.0,0.05555555555555555,0.892518,0.02420291797442934
4.5,2.5,1.0,0.1111111111111111,0.88601,0.025186397305260587
4.5,2.5,1.0,0.16666666666666666,0.8810619999999999,0.028290260402960867
4.5,2.5,1.0,0.2222222222222222,0.858976,0.03735787260124138
4.5,2.5,1.0,0.2777777777777778,0.800718,0.05065976015139821
4.5,2.5,1.0,0.3333333333333333,0.7280019999999999,0.05797160866166854
4.5,2.5,1.0,0.38888888888888884,0.651126,0.06029385392926286
4.5,2.5,1.0,0.4444444444444444,0.5824020000000001,0.06080393600143442
4.5,2.5,1.0,0.5,0.534494,0.055090833755969376
4.5,3.0,0.0,0.0,0.89374,0.025426076589625143
4.5,3.0,0.0,0.05555555555555555,0.853914,0.0300543696368521
4.5,3.0,0.0,0.1111111111111111,0.805316,0.036273954064686316
4.5,3.0,0.0,0.16666666666666666,0.7497119999999999,0.04212274572502166
4.5,3.0,0.0,0.2222222222222222,0.69063,0.047593859382296405
4.5,3.0,0.0,0.2777777777777778,0.638356,0.04691933622958075
4.5,3.0,0.0,0.3333333333333333,0.5893699999999998,0.047076421688122344
4.5,3.0,0.0,0.38888888888888884,0.545494,0.04535252658159927
4.5,3.0,0.0,0.4444444444444444,0.512312,0.043481028687364594
4.5,3.0,0.0,0.5,0.48236199999999996,0.04230804767175616
4.5,3.0,0.1111111111111111,0.0,0.894992,0.02395704104498849
4.5,3.0,0.1111111111111111,0.05555555555555555,0.8571479999999999,0.02951108103420842
4.5,3.0,0.1111111111111111,0.1111111111111111,0.811922,0.03582147781073653
4.5,3.0,0.1111111111111111,0.16666666666666666,0.761344,0.04233123587921955
4.5,3.0,0.1111111111111111,0.2222222222222222,0.705524,0.0431658198115129
4.5,3.0,0.1111111111111111,0.2777777777777778,0.6544240000000001,0.04514479292960944
4.5,3.0,0.1111111111111111,0.3333333333333333,0.607866,0.045751441866521886
4.5,3.0,0.1111111111111111,0.38888888888888884,0.5656980000000001,0.04724467074525607
4.5,3.0,0.1111111111111111,0.4444444444444444,0.524948,0.04591197136072962
4.5,3.0,0.1111111111111111,0.5,0.497714,0.04655804449301998
4.5,3.0,0.2222222222222222,0.0,0.89495,0.023911147734308878
4.5,3.0,0.2222222222222222,0.05555555555555555,0.8608279999999999,0.027956063725031042
4.5,3.0,0.2222222222222222,0.1111111111111111,0.8218520000000001,0.03614541572808801
4.5,3.0,0.2222222222222222,0.16666666666666666,0.77724,0.038632464776005924
4.5,3.0,0.2222222222222222,0.2222222222222222,0.726372,0.044027473841975216
4.5,3.0,0.2222222222222222,0.2777777777777778,0.679288,0.04670322728546449
4.5,3.0,0.2222222222222222,0.3333333333333333,0.6322460000000001,0.04766795518903458
4.5,3.0,0.2222222222222222,0.38888888888888884,0.5866860000000002,0.04951770805299497
4.5,3.0,0.2222222222222222,0.4444444444444444,0.5472060000000001,0.0489829175982083
4.5,3.0,0.2222222222222222,0.5,0.510714,0.04619662824191657
4.5,3.0,0.3333333333333333,0.0,0.8948619999999999,0.02379982814306186
4.5,3.0,0.3333333333333333,0.05555555555555555,0.8642860000000001,0.028273361489923345
4.5,3.0,0.3333333333333333,0.1111111111111111,0.8326859999999999,0.03436266855149582
4.5,3.0,0.3333333333333333,0.16666666666666666,0.795726,0.03574754113774525
4.5,3.0,0.3333333333333333,0.2222222222222222,0.7511199999999999,0.04261692156887938
4.5,3.0,0.3333333333333333,0.2777777777777778,0.7017180000000001,0.045821935528206376
4.5,3.0,0.3333333333333333,0.3333333333333333,0.66149,0.04766863221232583
4.5,3.0,0.3333333333333333,0.38888888888888884,0.6157840000000001,0.04835603329380755
4.5,3.0,0.3333333333333333,0.4444444444444444,0.5737579999999999,0.052620121535214656
4.5,3.0,0.3333333333333333,0.5,0.5285299999999999,0.049902601528162414
4.5,3.0,0.4444444444444444,0.0,0.893854,0.02533622965372182
4.5,3.0,0.4444444444444444,0.05555555555555555,0.872264,0.02933645444013706
4.5,3.0,0.4444444444444444,0.1111111111111111,0.843276,0.030229049188316516
4.5,3.0,0.4444444444444444,0.16666666666666666,0.811074,0.036014867281869305
4.5,3.0,0.4444444444444444,0.2222222222222222,0.768926,0.0435148665541151
4.5,3.0,0.4444444444444444,0.2777777777777778,0.732034,0.048773420395479224
4.5,3.0,0.4444444444444444,0.3333333333333333,0.6856019999999999,0.048206798138577374
4.5,3.0,0.4444444444444444,0.38888888888888884,0.6320180000000001,0.05479520695654705
4.5,3.0,0.4444444444444444,0.4444444444444444,0.5735999999999999,0.05734468437136351
4.5,3.0,0.4444444444444444,0.5,0.524398,0.05346910778172709
4.5,3.0,0.5555555555555556,0.0,0.8944780000000001,0.023440401465027943
4.5,3.0,0.5555555555555556,0.05555555555555555,0.873708,0.02652844233092118
4.5,3.0,0.5555555555555556,0.1111111111111111,0.8521219999999999,0.029476989361256138
4.5,3.0,0.5555555555555556,0.16666666666666666,0.822864,0.034124455467037754
4.5,3.0,0.5555555555555556,0.2222222222222222,0.7942899999999999,0.038483865656033865
4.5,3.0,0.5555555555555556,0.2777777777777778,0.757866,0.04457975721677962
4.5,3.0,0.5555555555555556,0.3333333333333333,0.700896,0.053456790409467755
4.5,3.0,0.5555555555555556,0.38888888888888884,0.63752,0.056888894281618536
4.5,3.0,0.5555555555555556,0.4444444444444444,0.5751580000000001,0.054749795581650024
4.5,3.0,0.5555555555555556,0.5,0.527572,0.050014154469455833
4.5,3.0,0.6666666666666666,0.0,0.8954960000000001,0.023874462589299397
4.5,3.0,0.6666666666666666,0.05555555555555555,0.878104,0.026142073368422804
4.5,3.0,0.6666666666666666,0.1111111111111111,0.8614639999999999,0.0304896037342525
4.5,3.0,0.6666666666666666,0.16666666666666666,0.843024,0.03321617154495997
4.5,3.0,0.6666666666666666,0.2222222222222222,0.816296,0.03654821374370724
4.5,3.0,0.6666666666666666,0.2777777777777778,0.76988,0.04766089299879814
4.5,3.0,0.6666666666666666,0.3333333333333333,0.703652,0.054888435728789965
4.5,3.0,0.6666666666666666,0.38888888888888884,0.6354679999999999,0.05734154760873069
4.5,3.0,0.6666666666666666,0.4444444444444444,0.573952,0.05676808016704196
4.5,3.0,0.6666666666666666,0.5,0.532242,0.05166459034766058
4.5,3.0,0.7777777777777777,0.0,0.8937759999999999,0.024546341269922074
4.5,3.0,0.7777777777777777,0.05555555555555555,0.884168,0.025589478674597422
4.5,3.0,0.7777777777777777,0.1111111111111111,0.8702920000000001,0.027114740535520866
4.5,3.0,0.7777777777777777,0.16666666666666666,0.855714,0.03167571476402109
4.5,3.0,0.7777777777777777,0.2222222222222222,0.831474,0.03812968751695036
4.5,3.0,0.7777777777777777,0.2777777777777778,0.7760799999999999,0.046754267431391675
4.5,3.0,0.7777777777777777,0.3333333333333333,0.7037920000000001,0.05198724924602509
4.5,3.0,0.7777777777777777,0.38888888888888884,0.6401279999999999,0.05557633555883562
4.5,3.0,0.7777777777777777,0.4444444444444444,0.574368,0.056701310860566644
4.5,3.0,0.7777777777777777,0.5,0.530458,0.05321386724656148
4.5,3.0,0.8888888888888888,0.0,0.8945879999999999,0.02494415116524734
4.5,3.0,0.8888888888888888,0.05555555555555555,0.886746,0.02449574589871208
4.5,3.0,0.8888888888888888,0.1111111111111111,0.8783479999999999,0.026612842440549865
4.5,3.0,0.8888888888888888,0.16666666666666666,0.8696200000000001,0.02944652433804681
4.5,3.0,0.8888888888888888,0.2222222222222222,0.83767,0.04022069752028222
4.5,3.0,0.8888888888888888,0.2777777777777778,0.771624,0.048597263421143864
4.5,3.0,0.8888888888888888,0.3333333333333333,0.705596,0.05841411817707094
4.5,3.0,0.8888888888888888,0.38888888888888884,0.6372760000000001,0.05568379651558232
4.5,3.0,0.8888888888888888,0.4444444444444444,0.581098,0.05475432831236154
4.5,3.0,0.8888888888888888,0.5,0.528458,0.04657216087252848
4.5,3.0,1.0,0.0,0.892672,0.0250244052419919
4.5,3.0,1.0,0.05555555555555555,0.8901379999999999,0.025174480430186847
4.5,3.0,1.0,0.1111111111111111,0.886948,0.02560547943613455
4.5,3.0,1.0,0.16666666666666666,0.882372,0.027398228809245473
4.5,3.0,1.0,0.2222222222222222,0.840586,0.03911319839360052
4.5,3.0,1.0,0.2777777777777778,0.775586,0.051173000262949436
4.5,3.0,1.0,0.3333333333333333,0.7029460000000001,0.054382920923543195
4.5,3.0,1.0,0.38888888888888884,0.63479,0.05327338930475545
4.5,3.0,1.0,0.4444444444444444,0.573644,0.05719373664154183
4.5,3.0,1.0,0.5,0.526746,0.05145304963394557
5.0,0.0,0.0,0.0,0.895386,0.024305524496337966
5.0,0.0,0.0,0.05555555555555555,0.8542759999999999,0.02988105719612874
5.0,0.0,0.0,0.1111111111111111,0.8086720000000001,0.0345765743674815
5.0,0.0,0.0,0.16666666666666666,0.7561279999999999,0.039615380507392474
5.0,0.0,0.0,0.2222222222222222,0.705306,0.04410981427563328
5.0,0.0,0.0,0.2777777777777778,0.6553119999999999,0.04564367805833998
5.0,0.0,0.0,0.3333333333333333,0.6135619999999999,0.046235891592384004
5.0,0.0,0.0,0.38888888888888884,0.573952,0.045200263535153135
5.0,0.0,0.0,0.4444444444444444,0.543522,0.04537734813149501
5.0,0.0,0.0,0.5,0.515762,0.04390641071419534
5.0,0.0,0.1111111111111111,0.0,0.895412,0.024017158529010377
5.0,0.0,0.1111111111111111,0.05555555555555555,0.8580520000000001,0.029498094364590485
5.0,0.0,0.1111111111111111,0.1111111111111111,0.8140799999999999,0.03402830367358623
5.0,0.0,0.1111111111111111,0.16666666666666666,0.7625940000000001,0.04201160689890899
5.0,0.0,0.1111111111111111,0.2222222222222222,0.7155799999999999,0.046941352570652725
5.0,0.0,0.1111111111111111,0.2777777777777778,0.658854,0.04744363477814409
5.0,0.0,0.1111111111111111,0.3333333333333333,0.613126,0.04777357798518984
5.0,0.0,0.1111111111111111,0.38888888888888884,0.57171,0.04630488294304108
5.0,0.0,0.1111111111111111,0.4444444444444444,0.5413519999999998,0.050507128566887896
5.0,0.0,0.1111111111111111,0.5,0.508164,0.04541830852749801
5.0,0.0,0.2222222222222222,0.0,0.893218,0.024358677433979587
5.0,0.0,0.2222222222222222,0.05555555555555555,0.862106,0.028489965255164524
5.0,0.0,0.2222222222222222,0.1111111111111111,0.8186359999999999,0.03476234089772117
5.0,0.0,0.2222222222222222,0.16666666666666666,0.770704,0.03955428506412255
5.0,0.0,0.2222222222222222,0.2222222222222222,0.720118,0.04696299737287314
5.0,0.0,0.2222222222222222,0.2777777777777778,0.665344,0.05137536881660397
5.0,0.0,0.2222222222222222,0.3333333333333333,0.6194700000000001,0.05233119727673764
5.0,0.0,0.2222222222222222,0.38888888888888884,0.573758,0.05255442294176089
5.0,0.0,0.2222222222222222,0.4444444444444444,0.531396,0.05276646457331715
5.0,0.0,0.2222222222222222,0.5,0.5014120000000001,0.04943405412683477
5.0,0.0,0.3333333333333333,0.0,0.8952619999999999,0.023697859250703068
5.0,0.0,0.3333333333333333,0.05555555555555555,0.865056,0.02622946499010865
5.0,0.0,0.3333333333333333,0.1111111111111111,0.823,0.033928133406849026
5.0,0.0,0.3333333333333333,0.16666666666666666,0.777864,0.040290944695413854
5.0,0.0,0.3333333333333333,0.2222222222222222,0.72394,0.049680828994080585
5.0,0.0,0.3333333333333333,0.2777777777777778,0.6727839999999999,0.053956426270387325
5.0,0.0,0.3333333333333333,0.3333333333333333,0.6158399999999999,0.05312644575422823
5.0,0.0,0.3333333333333333,0.38888888888888884,0.5674199999999999,0.05535293573957916
5.0,0.0,0.3333333333333333,0.4444444444444444,0.523594,0.05705881685736504
5.0,0.0,0.3333333333333333,0.5,0.483706,0.056046355384661795
5.0,0.0,0.4444444444444444,0.0,0.894404,0.024105579061366032
5.0,0.0,0.4444444444444444,0.05555555555555555,0.861948,0.029140137116739264
5.0,0.0,0.4444444444444444,0.1111111111111111,0.829112,0.03411085688038675
5.0,0.0,0.4444444444444444,0.16666666666666666,0.78471,0.041060563070656475
5.0,0.0,0.4444444444444444,0.2222222222222222,0.73788,0.04803932924499069
5.0,0.0,0.4444444444444444,0.2777777777777778,0.6814560000000001,0.05229832016982161
5.0,0.0,0.4444444444444444,0.3333333333333333,0.625436,0.05731946393583757
5.0,0.0,0.4444444444444444,0.38888888888888884,0.5644939999999999,0.06109975715704031
5.0,0.0,0.4444444444444444,0.4444444444444444,0.513904,0.06531731383771035
5.0,0.0,0.4444444444444444,0.5,0.46491000000000005,0.06299560931991352
5.0,0.0,0.5555555555555556,0.0,0.89283,0.024281851589886373
5.0,0.0,0.5555555555555556,0.05555555555555555,0.866544,0.028735265702442718
5.0,0.0,0.5555555555555556,0.1111111111111111,0.833264,0.03214655667738653
5.0,0.0,0.5555555555555556,0.16666666666666666,0.7939839999999999,0.04162635283688689
5.0,0.0,0.5555555555555556,0.2222222222222222,0.7507780000000001,0.045175151406599834
5.0,0.0,0.5555555555555556,0.2777777777777778,0.690502,0.05417323578068694
5.0,0.0,0.5555555555555556,0.3333333333333333,0.6324780000000001,0.06343444943206727
5.0,0.0,0.5555555555555556,0.38888888888888884,0.561522,0.07549901800314278
5.0,0.0,0.5555555555555556,0.4444444444444444,0.491318,0.07898329949551612
5.0,0.0,0.5555555555555556,0.5,0.440998,0.07167518860332804
5.0,0.0,0.6666666666666666,0.0,0.8948240000000001,0.023654938940368155
5.0,0.0,0.6666666666666666,0.05555555555555555,0.872634,0.02670284869178781
5.0,0.0,0.6666666666666666,0.1111111111111111,0.839748,0.031982091932968006
5.0,0.0,0.6666666666666666,0.16666666666666666,0.805508,0.03905555798114317
5.0,0.0,0.6666666666666666,0.2222222222222222,0.75869,0.04953351429160011
5.0,0.0,0.6666666666666666,0.2777777777777778,0.706558,0.05974346155351892
5.0,0.0,0.6666666666666666,0.3333333333333333,0.6328440000000001,0.07366598277384258
5.0,0.0,0.6666666666666666,0.38888888888888884,0.546678,0.09247729676430679
5.0,0.0,0.6666666666666666,0.4444444444444444,0.468944,0.0854108593434557
5.0,0.0,0.6666666666666666,0.5,0.413232,0.0615190650671275
5.0,0.0,0.7777777777777777,0.0,0.893732,0.023026258775284653
5.0,0.0,0.7777777777777777,0.05555555555555555,0.8732059999999999,0.027653299512859157
5.0,0.0,0.7777777777777777,0.1111111111111111,0.848048,0.033034288617267024
5.0,0.0,0.7777777777777777,0.16666666666666666,0.812844,0.040847628100575004
5.0,0.0,0.7777777777777777,0.2222222222222222,0.769708,0.04941508309083116
5.0,0.0,0.7777777777777777,0.2777777777777778,0.7159359999999999,0.06006289208831044
5.0,0.0,0.7777777777777777,0.3333333333333333,0.6291659999999999,0.09314155432611466
5.0,0.0,0.7777777777777777,0.38888888888888884,0.5270640000000001,0.11327130563987829
5.0,0.0,0.7777777777777777,0.4444444444444444,0.43091399999999996,0.08561571529462814
5.0,0.0,0.7777777777777777,0.5,0.40043599999999996,0.049298748840863583
5.0,0.0,0.8888888888888888,0.0,0.895398,0.02411278600447896
5.0,0.0,0.8888888888888888,0.05555555555555555,0.87451,0.030145969198515355
5.0,0.0,0.8888888888888888,0.1111111111111111,0.8538620000000001,0.03267497918176932
5.0,0.0,0.8888888888888888,0.16666666666666666,0.8235119999999999,0.03756861266156403
5.0,0.0,0.8888888888888888,0.2222222222222222,0.7848919999999999,0.04864744066203207
5.0,0.0,0.8888888888888888,0.2777777777777778,0.7298320000000001,0.07738291806345915
5.0,0.0,0.8888888888888888,0.3333333333333333,0.624276,0.13135098776931964
5.0,0.0,0.8888888888888888,0.38888888888888884,0.47272000000000003,0.12987319852606535
5.0,0.0,0.8888888888888888,0.4444444444444444,0.40375,0.057084997098953906
5.0,0.0,0.8888888888888888,0.5,0.39547400000000005,0.03983192800980083
5.0,0.0,1.0,0.0,0.89512,0.023056382925063828
5.0,0.0,1.0,0.05555555555555555,0.877222,0.02712334913199831
5.0,0.0,1.0,0.1111111111111111,0.857424,0.03285622142872102
5.0,0.0,1.0,0.16666666666666666,0.8330960000000001,0.037829524578822285
5.0,0.0,1.0,0.2222222222222222,0.799164,0.044819668778548975
5.0,0.0,1.0,0.2777777777777778,0.741578,0.10276314730918755
5.0,0.0,1.0,0.3333333333333333,0.595424,0.1711887244615297
5.0,0.0,1.0,0.38888888888888884,0.42887000000000003,0.10636912089398652
5.0,0.0,1.0,0.4444444444444444,0.39581399999999994,0.03621655258804633
5.0,0.0,1.0,0.5,0.396418,0.038401831692703274
5.0,0.5,0.0,0.0,0.8950119999999999,0.024841619676186037
5.0,0.5,0.0,0.05555555555555555,0.8546959999999999,0.03268185722359069
5.0,0.5,0.0,0.1111111111111111,0.807952,0.0353613708599963
5.0,0.5,0.0,0.16666666666666666,0.7546,0.0407332099002467
5.0,0.5,0.0,0.2222222222222222,0.703488,0.04641830645713712
5.0,0.5,0.0,0.2777777777777778,0.656184,0.0459496777984303
5.0,0.5,0.0,0.3333333333333333,0.6117100000000001,0.04750135426821671
5.0,0.5,0.0,0.38888888888888884,0.572038,0.045472057045441515
5.0,0.5,0.0,0.4444444444444444,0.540714,0.04417595765197329
5.0,0.5,0.0,0.5,0.5161379999999999,0.04460113764196958
5.0,0.5,0.1111111111111111,0.0,0.894244,0.023466013115633573
5.0,0.5,0.1111111111111111,0.05555555555555555,0.857784,0.02850140354452771
5.0,0.5,0.1111111111111111,0.1111111111111111,0.8148179999999999,0.03437866578741305
5.0,0.5,0.1111111111111111,0.16666666666666666,0.767914,0.040267275932474554
5.0,0.5,0.1111111111111111,0.2222222222222222,0.718236,0.04560671275697246
5.0,0.5,0.1111111111111111,0.2777777777777778,0.666694,0.04822924926815614
5.0,0.5,0.1111111111111111,0.3333333333333333,0.618294,0.048373956250099846
5.0,0.5,0.1111111111111111,0.38888888888888884,0.581078,0.05061061929645933
5.0,0.5,0.1111111111111111,0.4444444444444444,0.5450280000000001,0.04799214214238441
5.0,0.5,0.1111111111111111,0.5,0.5124500000000001,0.04516391322855264
5.0,0.5,0.2222222222222222,0.0,0.894198,0.024278915285797068
5.0,0.5,0.2222222222222222,0.05555555555555555,0.862906,0.02888150700524106
5.0,0.5,0.2222222222222222,0.1111111111111111,0.820828,0.032884970100595094
5.0,0.5,0.2222222222222222,0.16666666666666666,0.774244,0.04163059785007549
5.0,0.5,0.2222222222222222,0.2222222222222222,0.7248600000000002,0.041314867015070325
5.0,0.5,0.2222222222222222,0.2777777777777778,0.6722460000000001,0.04973848930795219
5.0,0.5,0.2222222222222222,0.3333333333333333,0.632938,0.050524683505060904
5.0,0.5,0.2222222222222222,0.38888888888888884,0.589426,0.049916568909565556
5.0,0.5,0.2222222222222222,0.4444444444444444,0.548586,0.0525564741011027
5.0,0.5,0.2222222222222222,0.5,0.5159,0.04799718178099455
5.0,0.5,0.3333333333333333,0.0,0.894048,0.023768457567757768
5.0,0.5,0.3333333333333333,0.05555555555555555,0.86556,0.02852299989562972
5.0,0.5,0.3333333333333333,0.1111111111111111,0.82857,0.03380174871856285
5.0,0.5,0.3333333333333333,0.16666666666666666,0.7873620000000001,0.0392308178622404
5.0,0.5,0.3333333333333333,0.2222222222222222,0.739364,0.04553106257620876
5.0,0.5,0.3333333333333333,0.2777777777777778,0.68808,0.04851289108270506
5.0,0.5,0.3333333333333333,0.3333333333333333,0.63801,0.05351768104438698
5.0,0.5,0.3333333333333333,0.38888888888888884,0.5945819999999999,0.053447024658906696
5.0,0.5,0.3333333333333333,0.4444444444444444,0.5523119999999999,0.0542276676233797
5.0,0.5,0.3333333333333333,0.5,0.516298,0.05471098408509135
5.0,0.5,0.4444444444444444,0.0,0.893682,0.02558292101569701
5.0,0.5,0.4444444444444444,0.05555555555555555,0.8674580000000001,0.02847430082750464
5.0,0.5,0.4444444444444444,0.1111111111111111,0.83321,0.032276515408169254
5.0,0.5,0.4444444444444444,0.16666666666666666,0.7946040000000001,0.0386981430633707
5.0,0.5,0.4444444444444444,0.2222222222222222,0.753068,0.04584874688780889
5.0,0.5,0.4444444444444444,0.2777777777777778,0.7020319999999999,0.0514061100678179
5.0,0.5,0.4444444444444444,0.3333333333333333,0.648884,0.056178845389867865
5.0,0.5,0.4444444444444444,0.38888888888888884,0.59731,0.0571476825009594
5.0,0.5,0.4444444444444444,0.4444444444444444,0.549672,0.05749169510470207
5.0,0.5,0.4444444444444444,0.5,0.514886,0.05762094541658791
5.0,0.5,0.5555555555555556,0.0,0.896098,0.02305887724151545
5.0,0.5,0.5555555555555556,0.05555555555555555,0.870428,0.027622868455746005
5.0,0.5,0.5555555555555556,0.1111111111111111,0.8408640000000001,0.0343276897645201
5.0,0.5,0.5555555555555556,0.16666666666666666,0.807146,0.037099831252418315
5.0,0.5,0.5555555555555556,0.2222222222222222,0.765332,0.04166261300789103
5.0,0.5,0.5555555555555556,0.2777777777777778,0.7240840000000001,0.05103958289449561
5.0,0.5,0.5555555555555556,0.3333333333333333,0.6689700000000001,0.053255322351079944
5.0,0.5,0.5555555555555556,0.38888888888888884,0.6115940000000001,0.05968015252335085
5.0,0.5,0.5555555555555556,0.4444444444444444,0.56099,0.05955205112829594
5.0,0.5,0.5555555555555556,0.5,0.515608,0.06424663100264776
5.0,0.5,0.6666666666666666,0.0,0.893672,0.024554801823374
5.0,0.5,0.6666666666666666,0.05555555555555555,0.8719,0.027725934698578165
5.0,0.5,0.6666666666666666,0.1111111111111111,0.84507,0.03427790906838105
5.0,0.5,0.6666666666666666,0.16666666666666666,0.816932,0.03592426033980273
5.0,0.5,0.6666666666666666,0.2222222222222222,0.7807360000000001,0.043222988761942756
5.0,0.5,0.6666666666666666,0.2777777777777778,0.736994,0.051870135781313935
5.0,0.5,0.6666666666666666,0.3333333333333333,0.6891759999999999,0.05771789787813605
5.0,0.5,0.6666666666666666,0.38888888888888884,0.634114,0.06636932105690935
5.0,0.5,0.6666666666666666,0.4444444444444444,0.563458,0.07357376185071503
5.0,0.5,0.6666666666666666,0.5,0.51606,0.06614325559360562
5.0,0.5,0.7777777777777777,0.0,0.893028,0.025053994117555104
5.0,0.5,0.7777777777777777,0.05555555555555555,0.87651,0.026708211417356822
5.0,0.5,0.7777777777777777,0.1111111111111111,0.8562940000000001,0.03062383389461238
5.0,0.5,0.7777777777777777,0.16666666666666666,0.828702,0.035553865481848836
5.0,0.5,0.7777777777777777,0.2222222222222222,0.7991240000000001,0.04405189852352624
5.0,0.5,0.7777777777777777,0.2777777777777778,0.75913,0.048139005262420105
5.0,0.5,0.7777777777777777,0.3333333333333333,0.712086,0.05974289104203211
5.0,0.5,0.7777777777777777,0.38888888888888884,0.646956,0.07428031498579403
5.0,0.5,0.7777777777777777,0.4444444444444444,0.5772480000000001,0.08203954821268754
5.0,0.5,0.7777777777777777,0.5,0.514276,0.06899315861642909
5.0,0.5,0.8888888888888888,0.0,0.8935720000000001,0.024574552554757406
5.0,0.5,0.8888888888888888,0.05555555555555555,0.879792,0.026048758350893566
5.0,0.5,0.8888888888888888,0.1111111111111111,0.86124,0.029942402959515134
5.0,0.5,0.8888888888888888,0.16666666666666666,0.8370839999999999,0.035446153579862714
5.0,0.5,0.8888888888888888,0.2222222222222222,0.815192,0.037923654136780796
5.0,0.5,0.8888888888888888,0.2777777777777778,0.7810440000000001,0.04923720817977678
5.0,0.5,0.8888888888888888,0.3333333333333333,0.7387100000000001,0.06652401663744575
5.0,0.5,0.8888888888888888,0.38888888888888884,0.662244,0.08378207048449769
5.0,0.5,0.8888888888888888,0.4444444444444444,0.57456,0.08733962915906665
5.0,0.5,0.8888888888888888,0.5,0.516446,0.07104255889499404
5.0,0.5,1.0,0.0,0.895246,0.02455351776159454
5.0,0.5,1.0,0.05555555555555555,0.881016,0.027056456672953165
5.0,0.5,1.0,0.1111111111111111,0.868626,0.028394976199086593
5.0,0.5,1.0,0.16666666666666666,0.8512419999999999,0.033555258107983425
5.0,0.5,1.0,0.2222222222222222,0.8333160000000001,0.0364552068738669
5.0,0.5,1.0,0.2777777777777778,0.8103499999999999,0.045732947696491416
5.0,0.5,1.0,0.3333333333333333,0.758022,0.0686855802470048
5.0,0.5,1.0,0.38888888888888884,0.6714680000000001,0.0949769140602537
5.0,0.5,1.0,0.4444444444444444,0.577534,0.08319940580468412
5.0,0.5,1.0,0.5,0.5124480000000001,0.06937553766604555
5.0,1.0,0.0,0.0,0.89522,0.02238449757003553
5.0,1.0,0.0,0.05555555555555555,0.8559220000000001,0.027488527685356628
5.0,1.0,0.0,0.1111111111111111,0.8077280000000001,0.034125989837142136
5.0,1.0,0.0,0.16666666666666666,0.7585879999999999,0.040791741668832364
5.0,1.0,0.0,0.2222222222222222,0.70672,0.0436161706329357
5.0,1.0,0.0,0.2777777777777778,0.655716,0.04451451930390483
5.0,1.0,0.0,0.3333333333333333,0.6090460000000001,0.04760491929077669
5.0,1.0,0.0,0.38888888888888884,0.575272,0.047525776320115586
5.0,1.0,0.0,0.4444444444444444,0.537734,0.0482162717526298
5.0,1.0,0.0,0.5,0.5145299999999999,0.0435421282652529
5.0,1.0,0.1111111111111111,0.0,0.894534,0.023753511374220257
5.0,1.0,0.1111111111111111,0.05555555555555555,0.858212,0.027862586086126573
5.0,1.0,0.1111111111111111,0.1111111111111111,0.8164060000000001,0.036816138038095185
5.0,1.0,0.1111111111111111,0.16666666666666666,0.767102,0.03925140687776386
5.0,1.0,0.1111111111111111,0.2222222222222222,0.715506,0.04418749861746121
5.0,1.0,0.1111111111111111,0.2777777777777778,0.6721119999999999,0.04786310907599757
5.0,1.0,0.1111111111111111,0.3333333333333333,0.62437,0.04889788447583827
5.0,1.0,0.1111111111111111,0.38888888888888884,0.583554,0.04923396236441061
5.0,1.0,0.1111111111111111,0.4444444444444444,0.547626,0.048121903111974236
5.0,1.0,0.1111111111111111,0.5,0.518984,0.04707853567223692
5.0,1.0,0.2222222222222222,0.0,0.897018,0.0246364686425297
5.0,1.0,0.2222222222222222,0.05555555555555555,0.862176,0.029473894294608925
5.0,1.0,0.2222222222222222,0.1111111111111111,0.819308,0.036283082285277796
5.0,1.0,0.2222222222222222,0.16666666666666666,0.7754460000000001,0.0410621880880837
5.0,1.0,0.2222222222222222,0.2222222222222222,0.7325539999999998,0.04403559186273534
5.0,1.0,0.2222222222222222,0.2777777777777778,0.6832180000000001,0.0473735261296424
5.0,1.0,0.2222222222222222,0.3333333333333333,0.640694,0.049281779102453335
5.0,1.0,0.2222222222222222,0.38888888888888884,0.5934579999999999,0.05009358212326086
5.0,1.0,0.2222222222222222,0.4444444444444444,0.5547000000000001,0.04774336454121588
5.0,1.0,0.2222222222222222,0.5,0.5228079999999999,0.04827446513393945
5.0,1.0,0.3333333333333333,0.0,0.893222,0.0241889836466876
5.0,1.0,0.3333333333333333,0.05555555555555555,0.865172,0.028570666459918792
5.0,1.0,0.3333333333333333,0.1111111111111111,0.83239,0.033313863886587934
5.0,1.0,0.3333333333333333,0.16666666666666666,0.788938,0.039765169349403925
5.0,1.0,0.3333333333333333,0.2222222222222222,0.745036,0.042881001207167015
5.0,1.0,0.3333333333333333,0.2777777777777778,0.698692,0.04847127050251784
5.0,1.0,0.3333333333333333,0.3333333333333333,0.650962,0.04937517972367787
5.0,1.0,0.3333333333333333,0.38888888888888884,0.6045280000000001,0.052522628160992436
5.0,1.0,0.3333333333333333,0.4444444444444444,0.5663879999999999,0.054086635912845765
5.0,1.0,0.3333333333333333,0.5,0.5339480000000001,0.05112836311706116
5.0,1.0,0.4444444444444444,0.0,0.8937719999999999,0.024095002683307967
5.0,1.0,0.4444444444444444,0.05555555555555555,0.86999,0.025937838053426362
5.0,1.0,0.4444444444444444,0.1111111111111111,0.8383120000000002,0.03217024253887464
5.0,1.0,0.4444444444444444,0.16666666666666666,0.8010640000000001,0.038747731254290346
5.0,1.0,0.4444444444444444,0.2222222222222222,0.7607200000000001,0.043031581821589324
5.0,1.0,0.4444444444444444,0.2777777777777778,0.716482,0.045252284079688815
5.0,1.0,0.4444444444444444,0.3333333333333333,0.6767380000000001,0.04961916443228277
5.0,1.0,0.4444444444444444,0.38888888888888884,0.622446,0.05751074730963096
5.0,1.0,0.4444444444444444,0.4444444444444444,0.584026,0.05801379598897231
5.0,1.0,0.4444444444444444,0.5,0.53622,0.05889513455072069
5.0,1.0,0.5555555555555556,0.0,0.893796,0.024248016756701306
5.0,1.0,0.5555555555555556,0.05555555555555555,0.873384,0.026381898208927522
5.0,1.0,0.5555555555555556,0.1111111111111111,0.844356,0.034388812786861074
5.0,1.0,0.5555555555555556,0.16666666666666666,0.815946,0.03634513752958004
5.0,1.0,0.5555555555555556,0.2222222222222222,0.7776839999999999,0.04278927421651309
5.0,1.0,0.5555555555555556,0.2777777777777778,0.737414,0.04735258322706961
5.0,1.0,0.5555555555555556,0.3333333333333333,0.6981120000000001,0.05020386750664983
5.0,1.0,0.5555555555555556,0.38888888888888884,0.643828,0.0568641669504261
5.0,1.0,0.5555555555555556,0.4444444444444444,0.5976379999999999,0.057836953432599904
5.0,1.0,0.5555555555555556,0.5,0.549258,0.06279622734159013
5.0,1.0,0.6666666666666666,0.0,0.894946,0.023477168459542907
5.0,1.0,0.6666666666666666,0.05555555555555555,0.8756820000000001,0.026531428710471636
5.0,1.0,0.6666666666666666,0.1111111111111111,0.8510780000000001,0.030341013004517182
5.0,1.0,0.6666666666666666,0.16666666666666666,0.827688,0.03360382552895369
5.0,1.0,0.6666666666666666,0.2222222222222222,0.7959680000000001,0.03857090101112001
5.0,1.0,0.6666666666666666,0.2777777777777778,0.760158,0.045335677819645905
5.0,1.0,0.6666666666666666,0.3333333333333333,0.72197,0.052477508303610525
5.0,1.0,0.6666666666666666,0.38888888888888884,0.672318,0.0591786541094372
5.0,1.0,0.6666666666666666,0.4444444444444444,0.614604,0.07208845034640912
5.0,1.0,0.6666666666666666,0.5,0.559324,0.07013727610192738
5.0,1.0,0.7777777777777777,0.0,0.89478,0.023854678605731965
5.0,1.0,0.7777777777777777,0.05555555555555555,0.8789440000000001,0.02725513803117125
5.0,1.0,0.7777777777777777,0.1111111111111111,0.859446,0.02959531803680101
5.0,1.0,0.7777777777777777,0.16666666666666666,0.836618,0.03369383660627713
5.0,1.0,0.7777777777777777,0.2222222222222222,0.8130499999999999,0.03923394071729752
5.0,1.0,0.7777777777777777,0.2777777777777778,0.781522,0.044245551795716306
5.0,1.0,0.7777777777777777,0.3333333333333333,0.747314,0.05497056421267404
5.0,1.0,0.7777777777777777,0.38888888888888884,0.697014,0.06515083319599424
5.0,1.0,0.7777777777777777,0.4444444444444444,0.6150440000000001,0.07777652885595862
5.0,1.0,0.7777777777777777,0.5,0.5560120000000001,0.06706859360756713
5.0,1.0,0.8888888888888888,0.0,0.89478,0.024126163049415353
5.0,1.0,0.8888888888888888,0.05555555555555555,0.8817460000000001,0.026185967497642244
5.0,1.0,0.8888888888888888,0.1111111111111111,0.865746,0.030033806669920702
5.0,1.0,0.8888888888888888,0.16666666666666666,0.8517659999999999,0.03271280328859018
5.0,1.0,0.8888888888888888,0.2222222222222222,0.831218,0.03707770203202933
5.0,1.0,0.8888888888888888,0.2777777777777778,0.8065,0.042533612783689854
5.0,1.0,0.8888888888888888,0.3333333333333333,0.7643540000000001,0.06115620038631719
5.0,1.0,0.8888888888888888,0.38888888888888884,0.7015619999999999,0.07881917965929568
5.0,1.0,0.8888888888888888,0.4444444444444444,0.6199819999999999,0.07813639528758076
5.0,1.0,0.8888888888888888,0.5,0.5583159999999999,0.07164044143986968
5.0,1.0,1.0,0.0,0.89359,0.023884867044794193
5.0,1.0,1.0,0.05555555555555555,0.8845060000000001,0.02546446232857406
5.0,1.0,1.0,0.1111111111111111,0.8751579999999999,0.02953875610489463
5.0,1.0,1.0,0.16666666666666666,0.863386,0.030223764754110705
5.0,1.0,1.0,0.2222222222222222,0.848296,0.033810570734413424
5.0,1.0,1.0,0.2777777777777778,0.830166,0.04275416097365404
5.0,1.0,1.0,0.3333333333333333,0.78877,0.06242466481732289
5.0,1.0,1.0,0.38888888888888884,0.710106,0.08268991479023323
5.0,1.0,1.0,0.4444444444444444,0.621102,0.0745915504248945
5.0,1.0,1.0,0.5,0.555244,0.06923921288693571
5.0,1.5,0.0,0.0,0.893956,0.02412654646834019
5.0,1.5,0.0,0.05555555555555555,0.855904,0.029677268481601515
5.0,1.5,0.0,0.1111111111111111,0.8111840000000001,0.03243068983673601
5.0,1.5,0.0,0.16666666666666666,0.7554120000000001,0.042735077274521444
5.0,1.5,0.0,0.2222222222222222,0.7036220000000001,0.04233556088480299
5.0,1.5,0.0,0.2777777777777778,0.6547439999999999,0.04883765655101388
5.0,1.5,0.0,0.3333333333333333,0.612836,0.047580594046940185
5.0,1.5,0.0,0.38888888888888884,0.5744980000000001,0.04846623513226287
5.0,1.5,0.0,0.4444444444444444,0.5420060000000001,0.048317109289569456
5.0,1.5,0.0,0.5,0.5135460000000001,0.04381665988373296
5.0,1.5,0.1111111111111111,0.0,0.894154,0.024356122956063892
5.0,1.5,0.1111111111111111,0.05555555555555555,0.8581300000000001,0.0312599979998384
5.0,1.5,0.1111111111111111,0.1111111111111111,0.814136,0.03441240956201304
5.0,1.5,0.1111111111111111,0.16666666666666666,0.770678,0.03911058157560898
5.0,1.5,0.1111111111111111,0.2222222222222222,0.7192639999999999,0.04572596671546845
5.0,1.5,0.1111111111111111,0.2777777777777778,0.6718,0.047858383275027144
5.0,1.5,0.1111111111111111,0.3333333333333333,0.6257659999999999,0.04747925656123119
5.0,1.5,0.1111111111111111,0.38888888888888884,0.58774,0.04985397916392386
5.0,1.5,0.1111111111111111,0.4444444444444444,0.5529480000000001,0.04602401237865796
5.0,1.5,0.1111111111111111,0.5,0.5223540000000001,0.047261442761979744
5.0,1.5,0.2222222222222222,0.0,0.89441,0.023888977929854324
5.0,1.5,0.2222222222222222,0.05555555555555555,0.862578,0.027658885441893283
5.0,1.5,0.2222222222222222,0.1111111111111111,0.8231900000000001,0.033571057949723995
5.0,1.5,0.2222222222222222,0.16666666666666666,0.7810159999999999,0.04074088097679689
5.0,1.5,0.2222222222222222,0.2222222222222222,0.7383460000000001,0.043602760065972225
5.0,1.5,0.2222222222222222,0.2777777777777778,0.6872639999999999,0.04463140406100746
5.0,1.5,0.2222222222222222,0.3333333333333333,0.642468,0.04993238891667263
5.0,1.5,0.2222222222222222,0.38888888888888884,0.60862,0.05008849483293802
5.0,1.5,0.2222222222222222,0.4444444444444444,0.565902,0.049102734680526824
5.0,1.5,0.2222222222222222,0.5,0.533658,0.0479860224722305
5.0,1.5,0.3333333333333333,0.0,0.8924500000000001,0.024829670256572095
5.0,1.5,0.3333333333333333,0.05555555555555555,0.865578,0.028784318473432033
5.0,1.5,0.3333333333333333,0.1111111111111111,0.8297680000000001,0.034270265218645624
5.0,1.5,0.3333333333333333,0.16666666666666666,0.7929099999999999,0.038340133433040186
5.0,1.5,0.3333333333333333,0.2222222222222222,0.7516300000000001,0.040757716851731685
5.0,1.5,0.3333333333333333,0.2777777777777778,0.703194,0.044142740366385366
5.0,1.5,0.3333333333333333,0.3333333333333333,0.657614,0.04957532076404262
5.0,1.5,0.3333333333333333,0.38888888888888884,0.618154,0.05000375020004136
5.0,1.5,0.3333333333333333,0.4444444444444444,0.5800820000000001,0.04807654297022547
5.0,1.5,0.3333333333333333,0.5,0.546044,0.05191956612581991
5.0,1.5,0.4444444444444444,0.0,0.896336,0.022931874011763265
5.0,1.5,0.4444444444444444,0.05555555555555555,0.869048,0.029057087339396204
5.0,1.5,0.4444444444444444,0.1111111111111111,0.83848,0.03278681977719407
5.0,1.5,0.4444444444444444,0.16666666666666666,0.807662,0.035190346360243555
5.0,1.5,0.4444444444444444,0.2222222222222222,0.763562,0.04479763176355696
5.0,1.5,0.4444444444444444,0.2777777777777778,0.725336,0.04936189113671788
5.0,1.5,0.4444444444444444,0.3333333333333333,0.6870459999999999,0.05207320925624316
5.0,1.5,0.4444444444444444,0.38888888888888884,0.638374,0.05237002351274487
5.0,1.5,0.4444444444444444,0.4444444444444444,0.603086,0.05250169005772896
5.0,1.5,0.4444444444444444,0.5,0.561732,0.05482067848521356
5.0,1.5,0.5555555555555556,0.0,0.8941080000000001,0.024559778122019066
5.0,1.5,0.5555555555555556,0.05555555555555555,0.874262,0.02785564988401676
5.0,1.5,0.5555555555555556,0.1111111111111111,0.848116,0.03169308200370844
5.0,1.5,0.5555555555555556,0.16666666666666666,0.8216420000000001,0.0357228509523011
5.0,1.5,0.5555555555555556,0.2222222222222222,0.7883239999999999,0.03918609605776641
5.0,1.5,0.5555555555555556,0.2777777777777778,0.7507039999999999,0.046513949294355955
5.0,1.5,0.5555555555555556,0.3333333333333333,0.7134459999999999,0.04886596821612561
5.0,1.5,0.5555555555555556,0.38888888888888884,0.673282,0.05351117048554878
5.0,1.5,0.5555555555555556,0.4444444444444444,0.6179020000000001,0.05913196745543226
5.0,1.5,0.5555555555555556,0.5,0.571652,0.06443737460894093
5.0,1.5,0.6666666666666666,0.0,0.895248,0.023636155179371444
5.0,1.5,0.6666666666666666,0.05555555555555555,0.8771700000000001,0.028377237978184946
5.0,1.5,0.6666666666666666,0.1111111111111111,0.856706,0.02996403261413594
5.0,1.5,0.6666666666666666,0.16666666666666666,0.834306,0.036222375473868904
5.0,1.5,0.6666666666666666,0.2222222222222222,0.805032,0.03776415282350384
5.0,1.5,0.6666666666666666,0.2777777777777778,0.773408,0.04256610485544961
5.0,1.5,0.6666666666666666,0.3333333333333333,0.73688,0.048468505155244555
5.0,1.5,0.6666666666666666,0.38888888888888884,0.6968759999999999,0.056538427742759585
5.0,1.5,0.6666666666666666,0.4444444444444444,0.6305340000000001,0.06647283746193237
5.0,1.5,0.6666666666666666,0.5,0.5704940000000001,0.06454038182232533
5.0,1.5,0.7777777777777777,0.0,0.895646,0.023878212287440803
5.0,1.5,0.7777777777777777,0.05555555555555555,0.881826,0.0262560943207088
5.0,1.5,0.7777777777777777,0.1111111111111111,0.862832,0.029375050010617056
5.0,1.5,0.7777777777777777,0.16666666666666666,0.8465839999999999,0.03210352342707675
5.0,1.5,0.7777777777777777,0.2222222222222222,0.82405,0.03594957919766207
5.0,1.5,0.7777777777777777,0.2777777777777778,0.798872,0.04294741642001656
5.0,1.5,0.7777777777777777,0.3333333333333333,0.76324,0.05374684965368101
5.0,1.5,0.7777777777777777,0.38888888888888884,0.716084,0.0678356860701594
5.0,1.5,0.7777777777777777,0.4444444444444444,0.63821,0.07241329484660315
5.0,1.5,0.7777777777777777,0.5,0.574298,0.06411369844781468
5.0,1.5,0.8888888888888888,0.0,0.893836,0.024626449765569398
5.0,1.5,0.8888888888888888,0.05555555555555555,0.88185,0.027035260505888295
5.0,1.5,0.8888888888888888,0.1111111111111111,0.8724200000000001,0.027392486133850414
5.0,1.5,0.8888888888888888,0.16666666666666666,0.860656,0.030039414055430372
5.0,1.5,0.8888888888888888,0.2222222222222222,0.843206,0.03332880409442753
5.0,1.5,0.8888888888888888,0.2777777777777778,0.82604,0.036253427728203676
5.0,1.5,0.8888888888888888,0.3333333333333333,0.7827719999999999,0.05756912735876495
5.0,1.5,0.8888888888888888,0.38888888888888884,0.7120340000000001,0.06998926946096351
5.0,1.5,0.8888888888888888,0.4444444444444444,0.6349119999999999,0.07435936313452088
5.0,1.5,0.8888888888888888,0.5,0.5779939999999999,0.06521493647838476
5.0,1.5,1.0,0.0,0.8947419999999999,0.02386618162275863
5.0,1.5,1.0,0.05555555555555555,0.888124,0.026019659285599385
5.0,1.5,1.0,0.1111111111111111,0.8787059999999999,0.02776128494655405
5.0,1.5,1.0,0.16666666666666666,0.8722219999999999,0.028575405922703804
5.0,1.5,1.0,0.2222222222222222,0.862336,0.030798965185749774
5.0,1.5,1.0,0.2777777777777778,0.845512,0.03903040611116421
5.0,1.5,1.0,0.3333333333333333,0.7898839999999999,0.06314587355238176
5.0,1.5,1.0,0.38888888888888884,0.718366,0.07372828333500689
5.0,1.5,1.0,0.4444444444444444,0.6347,0.07342812389512288
5.0,1.5,1.0,0.5,0.57331,0.06018649956143751
5.0,2.0,0.0,0.0,0.8952740000000001,0.02432550893135722
5.0,2.0,0.0,0.05555555555555555,0.8544099999999999,0.03027624815601844
5.0,2.0,0.0,0.1111111111111111,0.8086380000000001,0.03760051267078963
5.0,2.0,0.0,0.16666666666666666,0.757254,0.03893751075103511
5.0,2.0,0.0,0.2222222222222222,0.701586,0.045631557963369256
5.0,2.0,0.0,0.2777777777777778,0.6541699999999999,0.04560557901918745
5.0,2.0,0.0,0.3333333333333333,0.6109560000000002,0.047774919674446345
5.0,2.0,0.0,0.38888888888888884,0.575558,0.04843447566419741
5.0,2.0,0.0,0.4444444444444444,0.541806,0.04439515992142496
5.0,2.0,0.0,0.5,0.513942,0.04711196993782838
5.0,2.0,0.1111111111111111,0.0,0.895254,0.023477475753058967
5.0,2.0,0.1111111111111111,0.05555555555555555,0.856902,0.027811857089910047
5.0,2.0,0.1111111111111111,0.1111111111111111,0.8168699999999999,0.03632735130594867
5.0,2.0,0.1111111111111111,0.16666666666666666,0.7695960000000001,0.03989204851934958
5.0,2.0,0.1111111111111111,0.2222222222222222,0.7220679999999999,0.04356060638762638
5.0,2.0,0.1111111111111111,0.2777777777777778,0.6744220000000001,0.04582037679744372
5.0,2.0,0.1111111111111111,0.3333333333333333,0.632468,0.04780556159526712
5.0,2.0,0.1111111111111111,0.38888888888888884,0.588102,0.04765742393491516
5.0,2.0,0.1111111111111111,0.4444444444444444,0.5553239999999999,0.04848923009153413
5.0,2.0,0.1111111111111111,0.5,0.5275380000000001,0.04579282171958923
5.0,2.0,0.2222222222222222,0.0,0.8957920000000001,0.023860918315221902
5.0,2.0,0.2222222222222222,0.05555555555555555,0.86365,0.02982620836463834
5.0,2.0,0.2222222222222222,0.1111111111111111,0.827156,0.033632275032291443
5.0,2.0,0.2222222222222222,0.16666666666666666,0.784264,0.039508887714245176
5.0,2.0,0.2222222222222222,0.2222222222222222,0.736034,0.04608697062862179
5.0,2.0,0.2222222222222222,0.2777777777777778,0.68947,0.04764650542230685
5.0,2.0,0.2222222222222222,0.3333333333333333,0.6483479999999999,0.04973588455456332
5.0,2.0,0.2222222222222222,0.38888888888888884,0.6071320000000001,0.04930916104260395
5.0,2.0,0.2222222222222222,0.4444444444444444,0.57357,0.04882680835799998
5.0,2.0,0.2222222222222222,0.5,0.5369799999999999,0.047338752782789484
5.0,2.0,0.3333333333333333,0.0,0.8940060000000001,0.024770893369368694
5.0,2.0,0.3333333333333333,0.05555555555555555,0.865262,0.027000730265489863
5.0,2.0,0.3333333333333333,0.1111111111111111,0.8355899999999999,0.03257662310224144
5.0,2.0,0.3333333333333333,0.16666666666666666,0.795394,0.04001290828794275
5.0,2.0,0.3333333333333333,0.2222222222222222,0.756762,0.04143325699931328
5.0,2.0,0.3333333333333333,0.2777777777777778,0.71132,0.04813876068783992
5.0,2.0,0.3333333333333333,0.3333333333333333,0.669138,0.05018845203266255
5.0,2.0,0.3333333333333333,0.38888888888888884,0.6265940000000001,0.049102293576460745
5.0,2.0,0.3333333333333333,0.4444444444444444,0.587402,0.05078549723551909
5.0,2.0,0.3333333333333333,0.5,0.5581099999999999,0.050322466167730735
5.0,2.0,0.4444444444444444,0.0,0.8958959999999999,0.022539148396087245
5.0,2.0,0.4444444444444444,0.05555555555555555,0.8725620000000001,0.027972541574986163
5.0,2.0,0.4444444444444444,0.1111111111111111,0.84111,0.030948562600775307
5.0,2.0,0.4444444444444444,0.16666666666666666,0.8108779999999999,0.03825276020533227
5.0,2.0,0.4444444444444444,0.2222222222222222,0.774652,0.039376234859918834
5.0,2.0,0.4444444444444444,0.2777777777777778,0.7334999999999999,0.044359412924767846
5.0,2.0,0.4444444444444444,0.3333333333333333,0.69528,0.04747442724757161
5.0,2.0,0.4444444444444444,0.38888888888888884,0.654516,0.05153135652601066
5.0,2.0,0.4444444444444444,0.4444444444444444,0.6130260000000001,0.05218301887508844
5.0,2.0,0.4444444444444444,0.5,0.5725640000000001,0.05460822300752955
5.0,2.0,0.5555555555555556,0.0,0.895218,0.023037620100170072
5.0,2.0,0.5555555555555556,0.05555555555555555,0.8722439999999999,0.028196569952996575
5.0,2.0,0.5555555555555556,0.1111111111111111,0.850438,0.030625839418376117
5.0,2.0,0.5555555555555556,0.16666666666666666,0.82598,0.03189812817646709
5.0,2.0,0.5555555555555556,0.2222222222222222,0.7964779999999999,0.03959182416967124
5.0,2.0,0.5555555555555556,0.2777777777777778,0.7585980000000001,0.04335832428230061
5.0,2.0,0.5555555555555556,0.3333333333333333,0.722996,0.048010603204293116
5.0,2.0,0.5555555555555556,0.38888888888888884,0.681784,0.052188702468356704
5.0,2.0,0.5555555555555556,0.4444444444444444,0.635146,0.06399915990806344
5.0,2.0,0.5555555555555556,0.5,0.577798,0.06266679703720147
5.0,2.0,0.6666666666666666,0.0,0.893376,0.02413585928461662
5.0,2.0,0.6666666666666666,0.05555555555555555,0.8776520000000001,0.025603867130260794
5.0,2.0,0.6666666666666666,0.1111111111111111,0.8576959999999999,0.03126394813368606
5.0,2.0,0.6666666666666666,0.16666666666666666,0.8381799999999999,0.03194941517869334
5.0,2.0,0.6666666666666666,0.2222222222222222,0.81014,0.04046810763392503
5.0,2.0,0.6666666666666666,0.2777777777777778,0.78162,0.0425348566243747
5.0,2.0,0.6666666666666666,0.3333333333333333,0.7532099999999999,0.04598673133543888
5.0,2.0,0.6666666666666666,0.38888888888888884,0.705196,0.06348693381736956
5.0,2.0,0.6666666666666666,0.4444444444444444,0.636522,0.06607451247188127
5.0,2.0,0.6666666666666666,0.5,0.5725540000000001,0.06327918769382537
5.0,2.0,0.7777777777777777,0.0,0.894776,0.023921502891775075
5.0,2.0,0.7777777777777777,0.05555555555555555,0.882562,0.026131587700549387
5.0,2.0,0.7777777777777777,0.1111111111111111,0.868136,0.02825530443044128
5.0,2.0,0.7777777777777777,0.16666666666666666,0.852222,0.029824884970893924
5.0,2.0,0.7777777777777777,0.2222222222222222,0.830748,0.03393741286521363
5.0,2.0,0.7777777777777777,0.2777777777777778,0.811026,0.037520566491187714
5.0,2.0,0.7777777777777777,0.3333333333333333,0.776274,0.05250573901259287
5.0,2.0,0.7777777777777777,0.38888888888888884,0.708542,0.0649307650077294
5.0,2.0,0.7777777777777777,0.4444444444444444,0.638058,0.06634967365698778
5.0,2.0,0.7777777777777777,0.5,0.572414,0.06362070253921412
5.0,2.0,0.8888888888888888,0.0,0.8944939999999999,0.024542261697293462
5.0,2.0,0.8888888888888888,0.05555555555555555,0.8855599999999999,0.02666909975540097
5.0,2.0,0.8888888888888888,0.1111111111111111,0.8739580000000001,0.02804984534088014
5.0,2.0,0.8888888888888888,0.16666666666666666,0.863582,0.029744322575088217
5.0,2.0,0.8888888888888888,0.2222222222222222,0.850838,0.032039488348399925
5.0,2.0,0.8888888888888888,0.2777777777777778,0.8323,0.042452024082455644
5.0,2.0,0.8888888888888888,0.3333333333333333,0.7773819999999999,0.059286607929274544
5.0,2.0,0.8888888888888888,0.38888888888888884,0.7033820000000001,0.0635466161242413
5.0,2.0,0.8888888888888888,0.4444444444444444,0.637486,0.06874936184072558
5.0,2.0,0.8888888888888888,0.5,0.5775399999999999,0.06320501679690144
5.0,2.0,1.0,0.0,0.895428,0.022729057087176867
5.0,2.0,1.0,0.05555555555555555,0.887966,0.024504893871373848
5.0,2.0,1.0,0.1111111111111111,0.883726,0.026361273821934914
5.0,2.0,1.0,0.16666666666666666,0.8764780000000001,0.028069365767490712
5.0,2.0,1.0,0.2222222222222222,0.869034,0.028011392686556693
5.0,2.0,1.0,0.2777777777777778,0.843076,0.044126642123440356
5.0,2.0,1.0,0.3333333333333333,0.782252,0.05770792758201964
5.0,2.0,1.0,0.38888888888888884,0.7127279999999999,0.06621624572864875
5.0,2.0,1.0,0.4444444444444444,0.631482,0.06442769226863651
5.0,2.0,1.0,0.5,0.580212,0.06160575943197503
5.0,2.5,0.0,0.0,0.893816,0.024135434165656312
5.0,2.5,0.0,0.05555555555555555,0.8560679999999999,0.02941833191234694
5.0,2.5,0.0,0.1111111111111111,0.8091119999999999,0.03541123221145327
5.0,2.5,0.0,0.16666666666666666,0.7553499999999999,0.04023622008605714
5.0,2.5,0.0,0.2222222222222222,0.703298,0.04453713404135064
5.0,2.5,0.0,0.2777777777777778,0.659676,0.048178058019695005
5.0,2.5,0.0,0.3333333333333333,0.6139779999999999,0.047690610235236235
5.0,2.5,0.0,0.38888888888888884,0.573922,0.04883639937390567
5.0,2.5,0.0,0.4444444444444444,0.543042,0.046220134548434086
5.0,2.5,0.0,0.5,0.5146320000000001,0.04557379199752933
5.0,2.5,0.1111111111111111,0.0,0.894758,0.024487603423832365
5.0,2.5,0.1111111111111111,0.05555555555555555,0.8587319999999999,0.028338071009457837
5.0,2.5,0.1111111111111111,0.1111111111111111,0.817514,0.03593829330744161
5.0,2.5,0.1111111111111111,0.16666666666666666,0.7726700000000001,0.040832728581946295
5.0,2.5,0.1111111111111111,0.2222222222222222,0.722298,0.04367236823776552
5.0,2.5,0.1111111111111111,0.2777777777777778,0.6741520000000001,0.045235133808372026
5.0,2.5,0.1111111111111111,0.3333333333333333,0.6299600000000001,0.049638315086728106
5.0,2.5,0.1111111111111111,0.38888888888888884,0.5939739999999999,0.045424664272270605
5.0,2.5,0.1111111111111111,0.4444444444444444,0.5580539999999999,0.0483450262915873
5.0,2.5,0.1111111111111111,0.5,0.5268900000000001,0.043721218990096324
5.0,2.5,0.2222222222222222,0.0,0.8922619999999999,0.02526487648827789
5.0,2.5,0.2222222222222222,0.05555555555555555,0.864072,0.027096332565071504
5.0,2.5,0.2222222222222222,0.1111111111111111,0.8251000000000001,0.03144186989294257
5.0,2.5,0.2222222222222222,0.16666666666666666,0.78514,0.04031698548549078
5.0,2.5,0.2222222222222222,0.2222222222222222,0.7382660000000001,0.042272226417028304
5.0,2.5,0.2222222222222222,0.2777777777777778,0.695428,0.048077851195234396
5.0,2.5,0.2222222222222222,0.3333333333333333,0.652468,0.047601141934063444
5.0,2.5,0.2222222222222222,0.38888888888888884,0.607978,0.05081272855068434
5.0,2.5,0.2222222222222222,0.4444444444444444,0.5747080000000001,0.05225368533665855
5.0,2.5,0.2222222222222222,0.5,0.543862,0.04824028613527106
5.0,2.5,0.3333333333333333,0.0,0.893144,0.023467610049659648
5.0,2.5,0.3333333333333333,0.05555555555555555,0.8670979999999999,0.029391497345873107
5.0,2.5,0.3333333333333333,0.1111111111111111,0.83585,0.0321658948201221
5.0,2.5,0.3333333333333333,0.16666666666666666,0.796874,0.037677278014170736
5.0,2.5,0.3333333333333333,0.2222222222222222,0.758616,0.043491465359518956
5.0,2.5,0.3333333333333333,0.2777777777777778,0.7126699999999999,0.045230484116210536
5.0,2.5,0.3333333333333333,0.3333333333333333,0.6749339999999999,0.04587446541546079
5.0,2.5,0.3333333333333333,0.38888888888888884,0.6325619999999998,0.04808428384311667
5.0,2.5,0.3333333333333333,0.4444444444444444,0.5975459999999999,0.04883090002851873
5.0,2.5,0.3333333333333333,0.5,0.5594839999999999,0.0494165329769595
5.0,2.5,0.4444444444444444,0.0,0.894862,0.023373480596402013
5.0,2.5,0.4444444444444444,0.05555555555555555,0.87328,0.027161168202347877
5.0,2.5,0.4444444444444444,0.1111111111111111,0.846148,0.03134682348636574
5.0,2.5,0.4444444444444444,0.16666666666666666,0.81198,0.0340276264044002
5.0,2.5,0.4444444444444444,0.2222222222222222,0.7799100000000001,0.04134926145465831
5.0,2.5,0.4444444444444444,0.2777777777777778,0.7417539999999999,0.04414593084782381
5.0,2.5,0.4444444444444444,0.3333333333333333,0.7014360000000001,0.04609019979381807
5.0,2.5,0.4444444444444444,0.38888888888888884,0.6611279999999999,0.05040751383377089
5.0,2.5,0.4444444444444444,0.4444444444444444,0.62064,0.05331190033599318
5.0,2.5,0.4444444444444444,0.5,0.574136,0.05650677424052925
5.0,2.5,0.5555555555555556,0.0,0.8947160000000001,0.023488012206972102
5.0,2.5,0.5555555555555556,0.05555555555555555,0.874706,0.027778748743662447
5.0,2.5,0.5555555555555556,0.1111111111111111,0.8528579999999999,0.030918047923094206
5.0,2.5,0.5555555555555556,0.16666666666666666,0.826618,0.03217188425119897
5.0,2.5,0.5555555555555556,0.2222222222222222,0.798224,0.036583309049373916
5.0,2.5,0.5555555555555556,0.2777777777777778,0.76713,0.04073420738522607
5.0,2.5,0.5555555555555556,0.3333333333333333,0.729896,0.048147248093717634
5.0,2.5,0.5555555555555556,0.38888888888888884,0.68236,0.05604999200005663
5.0,2.5,0.5555555555555556,0.4444444444444444,0.629402,0.06028569586769738
5.0,2.5,0.5555555555555556,0.5,0.569702,0.0603799027932527
5.0,2.5,0.6666666666666666,0.0,0.894042,0.02436578788462376
5.0,2.5,0.6666666666666666,0.05555555555555555,0.8785240000000001,0.02724801520598026
5.0,2.5,0.6666666666666666,0.1111111111111111,0.860474,0.031369114854159774
5.0,2.5,0.6666666666666666,0.16666666666666666,0.840394,0.03163422533309215
5.0,2.5,0.6666666666666666,0.2222222222222222,0.8152200000000001,0.03647344546994288
5.0,2.5,0.6666666666666666,0.2777777777777778,0.791734,0.038043315203374777
5.0,2.5,0.6666666666666666,0.3333333333333333,0.752662,0.050641018765059685
5.0,2.5,0.6666666666666666,0.38888888888888884,0.689194,0.06420961074655762
5.0,2.5,0.6666666666666666,0.4444444444444444,0.6338899999999998,0.05875029441788676
5.0,2.5,0.6666666666666666,0.5,0.5750559999999999,0.054564048004792844
5.0,2.5,0.7777777777777777,0.0,0.896124,0.021069800592174302
5.0,2.5,0.7777777777777777,0.05555555555555555,0.882052,0.026054153869733258
5.0,2.5,0.7777777777777777,0.1111111111111111,0.86911,0.027689914458615645
5.0,2.5,0.7777777777777777,0.16666666666666666,0.8545419999999999,0.03172022353581899
5.0,2.5,0.7777777777777777,0.2222222222222222,0.8380639999999999,0.03399009498536637
5.0,2.5,0.7777777777777777,0.2777777777777778,0.8161799999999999,0.04050551806838144
5.0,2.5,0.7777777777777777,0.3333333333333333,0.7652100000000001,0.05239374111682075
5.0,2.5,0.7777777777777777,0.38888888888888884,0.693798,0.06240016632602056
5.0,2.5,0.7777777777777777,0.4444444444444444,0.627796,0.058777273838105826
5.0,2.5,0.7777777777777777,0.5,0.575114,0.055652955959356085
5.0,2.5,0.8888888888888888,0.0,0.895968,0.024369051630186805
5.0,2.5,0.8888888888888888,0.05555555555555555,0.8871300000000001,0.026301418768928
5.0,2.5,0.8888888888888888,0.1111111111111111,0.8788279999999999,0.02606701737425247
5.0,2.5,0.8888888888888888,0.16666666666666666,0.866488,0.030292856754368384
5.0,2.5,0.8888888888888888,0.2222222222222222,0.8548199999999999,0.03170416231058048
5.0,2.5,0.8888888888888888,0.2777777777777778,0.8244179999999999,0.04556577394833782
5.0,2.5,0.8888888888888888,0.3333333333333333,0.7641140000000001,0.05805274538291007
5.0,2.5,0.8888888888888888,0.38888888888888884,0.6946079999999999,0.060836736870958266
5.0,2.5,0.8888888888888888,0.4444444444444444,0.6258319999999999,0.06281011061916691
5.0,2.5,0.8888888888888888,0.5,0.574174,0.055029266434586034
5.0,2.5,1.0,0.0,0.8941939999999999,0.024459699872150353
5.0,2.5,1.0,0.05555555555555555,0.891316,0.025129407439023987
5.0,2.5,1.0,0.1111111111111111,0.8872839999999999,0.02537540475209541
5.0,2.5,1.0,0.16666666666666666,0.881696,0.02701739186016764
5.0,2.5,1.0,0.2222222222222222,0.8729560000000001,0.03188610216100496
5.0,2.5,1.0,0.2777777777777778,0.8316760000000001,0.0465328877600195
5.0,2.5,1.0,0.3333333333333333,0.760248,0.056776770772903225
5.0,2.5,1.0,0.38888888888888884,0.694286,0.05911386556641689
5.0,2.5,1.0,0.4444444444444444,0.629874,0.06160018904663493
5.0,2.5,1.0,0.5,0.5742719999999999,0.05961508141287511
5.0,3.0,0.0,0.0,0.895898,0.02377996150413783
5.0,3.0,0.0,0.05555555555555555,0.85668,0.029017332944680587
5.0,3.0,0.0,0.1111111111111111,0.807016,0.03613623387678348
5.0,3.0,0.0,0.16666666666666666,0.7558599999999999,0.041604690848523355
5.0,3.0,0.0,0.2222222222222222,0.703938,0.04391171407798303
5.0,3.0,0.0,0.2777777777777778,0.6547240000000001,0.04618794731262591
5.0,3.0,0.0,0.3333333333333333,0.610694,0.0468315572398251
5.0,3.0,0.0,0.38888888888888884,0.576294,0.045473808929945535
5.0,3.0,0.0,0.4444444444444444,0.5420459999999999,0.04588444888302132
5.0,3.0,0.0,0.5,0.5180699999999999,0.04542166173434674
5.0,3.0,0.1111111111111111,0.0,0.896298,0.024857453247747015
5.0,3.0,0.1111111111111111,0.05555555555555555,0.8618859999999999,0.028241532754875225
5.0,3.0,0.1111111111111111,0.1111111111111111,0.818048,0.03437331443854347
5.0,3.0,0.1111111111111111,0.16666666666666666,0.769794,0.037406176067810416
5.0,3.0,0.1111111111111111,0.2222222222222222,0.7213899999999999,0.04755111056781392
5.0,3.0,0.1111111111111111,0.2777777777777778,0.67316,0.045071290668062404
5.0,3.0,0.1111111111111111,0.3333333333333333,0.6333580000000001,0.04901561891678602
5.0,3.0,0.1111111111111111,0.38888888888888884,0.5925860000000001,0.04906691071847615
5.0,3.0,0.1111111111111111,0.4444444444444444,0.553606,0.05157218382314808
5.0,3.0,0.1111111111111111,0.5,0.525924,0.047704230537997834
5.0,3.0,0.2222222222222222,0.0,0.8938400000000001,0.023707097099936392
5.0,3.0,0.2222222222222222,0.05555555555555555,0.8630059999999999,0.029388592050068874
5.0,3.0,0.2222222222222222,0.1111111111111111,0.826788,0.03239403963088293
5.0,3.0,0.2222222222222222,0.16666666666666666,0.782916,0.03798519044820986
5.0,3.0,0.2222222222222222,0.2222222222222222,0.7451019999999999,0.04262127099797666
5.0,3.0,0.2222222222222222,0.2777777777777778,0.697644,0.04603145722338383
5.0,3.0,0.2222222222222222,0.3333333333333333,0.658406,0.04750691505408357
5.0,3.0,0.2222222222222222,0.38888888888888884,0.6122960000000001,0.048278006543680564
5.0,3.0,0.2222222222222222,0.4444444444444444,0.57624,0.047809265333232286
5.0,3.0,0.2222222222222222,0.5,0.5439980000000001,0.048553691083538346
5.0,3.0,0.3333333333333333,0.0,0.894984,0.024119104593927746
5.0,3.0,0.3333333333333333,0.05555555555555555,0.866502,0.029726171744325694
5.0,3.0,0.3333333333333333,0.1111111111111111,0.838344,0.03078631609200805
5.0,3.0,0.3333333333333333,0.16666666666666666,0.799996,0.038525061254842646
5.0,3.0,0.3333333333333333,0.2222222222222222,0.761124,0.041693901074060555
5.0,3.0,0.3333333333333333,0.2777777777777778,0.721896,0.042711752147893516
5.0,3.0,0.3333333333333333,0.3333333333333333,0.6776680000000002,0.047514809167041386
5.0,3.0,0.3333333333333333,0.38888888888888884,0.637156,0.05005775886358567
5.0,3.0,0.3333333333333333,0.4444444444444444,0.6013200000000001,0.05023601212106367
5.0,3.0,0.3333333333333333,0.5,0.5664839999999999,0.052941508768653375
5.0,3.0,0.4444444444444444,0.0,0.8940779999999999,0.02353388202584549
5.0,3.0,0.4444444444444444,0.05555555555555555,0.8702799999999999,0.02772151808848609
5.0,3.0,0.4444444444444444,0.1111111111111111,0.8460840000000001,0.02990849344182886
5.0,3.0,0.4444444444444444,0.16666666666666666,0.8139079999999999,0.03446585740487687
5.0,3.0,0.4444444444444444,0.2222222222222222,0.7806299999999999,0.04017253745447332
5.0,3.0,0.4444444444444444,0.2777777777777778,0.7438980000000001,0.04406280355713456
5.0,3.0,0.4444444444444444,0.3333333333333333,0.708582,0.046899022512470884
5.0,3.0,0.4444444444444444,0.38888888888888884,0.668312,0.05115181004952498
5.0,3.0,0.4444444444444444,0.4444444444444444,0.618012,0.05159651399574419
5.0,3.0,0.4444444444444444,0.5,0.567972,0.05559742226691315
5.0,3.0,0.5555555555555556,0.0,0.894374,0.023180785613160036
5.0,3.0,0.5555555555555556,0.05555555555555555,0.875226,0.025720303108322202
5.0,3.0,0.5555555555555556,0.1111111111111111,0.8549479999999999,0.03028444470652162
5.0,3.0,0.5555555555555556,0.16666666666666666,0.826228,0.03388279953322063
5.0,3.0,0.5555555555555556,0.2222222222222222,0.7995399999999999,0.03857829661791561
5.0,3.0,0.5555555555555556,0.2777777777777778,0.7672640000000001,0.04148059284974521
5.0,3.0,0.5555555555555556,0.3333333333333333,0.73112,0.05099571281442101
5.0,3.0,0.5555555555555556,0.38888888888888884,0.67781,0.06107948351626122
5.0,3.0,0.5555555555555556,0.4444444444444444,0.616612,0.05762359250190543
5.0,3.0,0.5555555555555556,0.5,0.5691860000000001,0.05430983816070606
5.0,3.0,0.6666666666666666,0.0,0.8949320000000001,0.02368572149641239
5.0,3.0,0.6666666666666666,0.05555555555555555,0.8795060000000001,0.02607446489266613
5.0,3.0,0.6666666666666666,0.1111111111111111,0.861504,0.027570168886404206
5.0,3.0,0.6666666666666666,0.16666666666666666,0.8420120000000001,0.03136461915390236
5.0,3.0,0.6666666666666666,0.2222222222222222,0.822962,0.03533448184443106
5.0,3.0,0.6666666666666666,0.2777777777777778,0.793212,0.041907989873417456
5.0,3.0,0.6666666666666666,0.3333333333333333,0.745454,0.05192097320850059
5.0,3.0,0.6666666666666666,0.38888888888888884,0.6803239999999999,0.05909585148998746
5.0,3.0,0.6666666666666666,0.4444444444444444,0.6263820000000001,0.05905732478890697
5.0,3.0,0.6666666666666666,0.5,0.5685180000000001,0.05568025014772317
5.0,3.0,0.7777777777777777,0.0,0.894606,0.024131793362736315
5.0,3.0,0.7777777777777777,0.05555555555555555,0.883104,0.02517444516526151
5.0,3.0,0.7777777777777777,0.1111111111111111,0.870796,0.028403589770021113
5.0,3.0,0.7777777777777777,0.16666666666666666,0.8568479999999999,0.028730537474386635
5.0,3.0,0.7777777777777777,0.2222222222222222,0.841732,0.034542648496174416
5.0,3.0,0.7777777777777777,0.2777777777777778,0.803266,0.0421380406870786
5.0,3.0,0.7777777777777777,0.3333333333333333,0.74452,0.05458873014567968
5.0,3.0,0.7777777777777777,0.38888888888888884,0.67798,0.058250922223427155
5.0,3.0,0.7777777777777777,0.4444444444444444,0.6232300000000001,0.05631365336319622
5.0,3.0,0.7777777777777777,0.5,0.5721579999999999,0.055927065982570884
5.0,3.0,0.8888888888888888,0.0,0.89651,0.02332960438759655
5.0,3.0,0.8888888888888888,0.05555555555555555,0.88888,0.02520762680019276
5.0,3.0,0.8888888888888888,0.1111111111111111,0.8791880000000001,0.027942695726951235
5.0,3.0,0.8888888888888888,0.16666666666666666,0.8708319999999999,0.026884891123854008
5.0,3.0,0.8888888888888888,0.2222222222222222,0.85824,0.031253735648462386
5.0,3.0,0.8888888888888888,0.2777777777777778,0.80811,0.047745672038382626
5.0,3.0,0.8888888888888888,0.3333333333333333,0.742932,0.05330657142524014
5.0,3.0,0.8888888888888888,0.38888888888888884,0.677886,0.055506169690832524
5.0,3.0,0.8888888888888888,0.4444444444444444,0.619178,0.05382088527126589
5.0,3.0,0.8888888888888888,0.5,0.569328,0.052364955773745975
5.0,3.0,1.0,0.0,0.895476,0.024062906535617937
5.0,3.0,1.0,0.05555555555555555,0.8918680000000001,0.023960525653231382
5.0,3.0,1.0,0.1111111111111111,0.888286,0.02684924520234922
5.0,3.0,1.0,0.16666666666666666,0.8852740000000001,0.02633069568146921
5.0,3.0,1.0,0.2222222222222222,0.864972,0.0360960533318016
5.0,3.0,1.0,0.2777777777777778,0.809178,0.0453037213740845
5.0,3.0,1.0,0.3333333333333333,0.742898,0.05490855575399867
5.0,3.0,1.0,0.38888888888888884,0.674618,0.05627647963688419
5.0,3.0,1.0,0.4444444444444444,0.6173540000000001,0.05846291567325424
5.0,3.0,1.0,0.5,0.5703499999999999,0.055992515782444484
