R0,tau,delay,p,q,prob_dieout,mean_R_inf
1.125,2.5,0.0,0.055,0.36,0.94,0.420642
1.125,2.5,0.25,0.055,0.36,0.94,0.423672
1.125,2.5,0.5,0.055,0.36,0.932,0.424948
1.125,2.5,0.75,0.055,0.36,0.93,0.426984
1.125,2.5,1.0,0.055,0.36,0.924,0.427208
1.125,2.5,1.25,0.055,0.36,0.932,0.4275339999999999
1.125,2.5,1.5,0.055,0.36,0.912,0.428332
1.125,2.5,2.0,0.055,0.36,0.936,0.4278659999999999
1.25,2.5,0.0,0.055,0.36,0.532,0.491634
1.25,2.5,0.25,0.055,0.36,0.502,0.495964
1.25,2.5,0.5,0.055,0.36,0.524,0.496768
1.25,2.5,0.75,0.055,0.36,0.52,0.497664
1.25,2.5,1.0,0.055,0.36,0.484,0.499394
1.25,2.5,1.25,0.055,0.36,0.508,0.498414
1.25,2.5,1.5,0.055,0.36,0.494,0.49877
1.25,2.5,2.0,0.055,0.36,0.506,0.4981699999999999
1.3125,2.5,0.0,0.055,0.36,0.29,0.5305319999999999
1.3125,2.5,0.25,0.055,0.36,0.25,0.534072
1.3125,2.5,0.5,0.055,0.36,0.254,0.53538
1.3125,2.5,0.75,0.055,0.36,0.224,0.538114
1.3125,2.5,1.0,0.055,0.36,0.226,0.5369680000000001
1.3125,2.5,1.25,0.055,0.36,0.224,0.53852
1.3125,2.5,1.5,0.055,0.36,0.226,0.537862
1.3125,2.5,2.0,0.055,0.36,0.228,0.53869
1.375,2.5,0.0,0.055,0.36,0.108,0.565758
1.375,2.5,0.25,0.055,0.36,0.096,0.5695
1.375,2.5,0.5,0.055,0.36,0.084,0.5709780000000001
1.375,2.5,0.75,0.055,0.36,0.078,0.5712860000000001
1.375,2.5,1.0,0.055,0.36,0.096,0.572202
1.375,2.5,1.25,0.055,0.36,0.078,0.572388
1.375,2.5,1.5,0.055,0.36,0.092,0.572152
1.375,2.5,2.0,0.055,0.36,0.086,0.57174
1.4375,2.5,0.0,0.055,0.36,0.032,0.5989580000000001
1.4375,2.5,0.25,0.055,0.36,0.038,0.6012259999999999
1.4375,2.5,0.5,0.055,0.36,0.028,0.60222
1.4375,2.5,0.75,0.055,0.36,0.028,0.605462
1.4375,2.5,1.0,0.055,0.36,0.034,0.604416
1.4375,2.5,1.25,0.055,0.36,0.026,0.60529
1.4375,2.5,1.5,0.055,0.36,0.024,0.60468
1.4375,2.5,2.0,0.055,0.36,0.026,0.6050099999999999
1.5,2.5,0.0,0.055,0.36,0.006,0.631066
1.5,2.5,0.25,0.055,0.36,0.008,0.6332160000000001
1.5,2.5,0.5,0.055,0.36,0.008,0.634722
1.5,2.5,0.75,0.055,0.36,0.004,0.6348239999999999
1.5,2.5,1.0,0.055,0.36,0.006,0.6365419999999999
1.5,2.5,1.25,0.055,0.36,0.006,0.635948
1.5,2.5,1.5,0.055,0.36,0.006,0.63563
1.5,2.5,2.0,0.055,0.36,0.004,0.63528
1.75,2.5,0.0,0.055,0.36,0.0,0.7446299999999999
1.75,2.5,0.25,0.055,0.36,0.0,0.7467
1.75,2.5,0.5,0.055,0.36,0.0,0.7476479999999999
1.75,2.5,0.75,0.055,0.36,0.0,0.74873
1.75,2.5,1.0,0.055,0.36,0.0,0.748484
1.75,2.5,1.25,0.055,0.36,0.0,0.749034
1.75,2.5,1.5,0.055,0.36,0.0,0.749642
1.75,2.5,2.0,0.055,0.36,0.0,0.749498
1.125,3.0,0.0,0.055,0.36,0.836,0.4499539999999999
1.125,3.0,0.25,0.055,0.36,0.816,0.4530699999999999
1.125,3.0,0.5,0.055,0.36,0.804,0.453648
1.125,3.0,0.75,0.055,0.36,0.816,0.454648
1.125,3.0,1.0,0.055,0.36,0.804,0.455038
1.125,3.0,1.25,0.055,0.36,0.812,0.455894
1.125,3.0,1.5,0.055,0.36,0.808,0.455138
1.125,3.0,2.0,0.055,0.36,0.806,0.456178
1.25,3.0,0.0,0.055,0.36,0.306,0.526766
1.25,3.0,0.25,0.055,0.36,0.3,0.5297719999999999
1.25,3.0,0.5,0.055,0.36,0.284,0.531242
1.25,3.0,0.75,0.055,0.36,0.276,0.531358
1.25,3.0,1.0,0.055,0.36,0.262,0.53222
1.25,3.0,1.25,0.055,0.36,0.278,0.53193
1.25,3.0,1.5,0.055,0.36,0.282,0.532664
1.25,3.0,2.0,0.055,0.36,0.272,0.532146
1.3125,3.0,0.0,0.055,0.36,0.11,0.567084
1.3125,3.0,0.25,0.055,0.36,0.1,0.5703959999999999
1.3125,3.0,0.5,0.055,0.36,0.1,0.572822
1.3125,3.0,0.75,0.055,0.36,0.078,0.5737940000000001
1.3125,3.0,1.0,0.055,0.36,0.086,0.573516
1.3125,3.0,1.25,0.055,0.36,0.094,0.574622
1.3125,3.0,1.5,0.055,0.36,0.084,0.574862
1.3125,3.0,2.0,0.055,0.36,0.08,0.57447
1.375,3.0,0.0,0.055,0.36,0.038,0.60449
1.375,3.0,0.25,0.055,0.36,0.036,0.6057
1.375,3.0,0.5,0.055,0.36,0.028,0.608386
1.375,3.0,0.75,0.055,0.36,0.026,0.609112
1.375,3.0,1.0,0.055,0.36,0.026,0.609584
1.375,3.0,1.25,0.055,0.36,0.022,0.6106199999999999
1.375,3.0,1.5,0.055,0.36,0.022,0.609738
1.375,3.0,2.0,0.055,0.36,0.024,0.610128
1.4375,3.0,0.0,0.055,0.36,0.002,0.6381420000000001
1.4375,3.0,0.25,0.055,0.36,0.0,0.642158
1.4375,3.0,0.5,0.055,0.36,0.002,0.64312
1.4375,3.0,0.75,0.055,0.36,0.002,0.643732
1.4375,3.0,1.0,0.055,0.36,0.002,0.643278
1.4375,3.0,1.25,0.055,0.36,0.002,0.6442819999999999
1.4375,3.0,1.5,0.055,0.36,0.002,0.6439640000000001
1.4375,3.0,2.0,0.055,0.36,0.002,0.644414
1.5,3.0,0.0,0.055,0.36,0.0,0.6707919999999999
1.5,3.0,0.25,0.055,0.36,0.0,0.6724600000000001
1.5,3.0,0.5,0.055,0.36,0.0,0.674676
1.5,3.0,0.75,0.055,0.36,0.0,0.674976
1.5,3.0,1.0,0.055,0.36,0.0,0.675714
1.5,3.0,1.25,0.055,0.36,0.0,0.6752159999999999
1.5,3.0,1.5,0.055,0.36,0.0,0.6760660000000001
1.5,3.0,2.0,0.055,0.36,0.0,0.676356
1.75,3.0,0.0,0.055,0.36,0.0,0.780918
1.75,3.0,0.25,0.055,0.36,0.0,0.7835
1.75,3.0,0.5,0.055,0.36,0.0,0.7836040000000001
1.75,3.0,0.75,0.055,0.36,0.0,0.784172
1.75,3.0,1.0,0.055,0.36,0.0,0.7844059999999999
1.75,3.0,1.25,0.055,0.36,0.0,0.7846500000000001
1.75,3.0,1.5,0.055,0.36,0.0,0.7844000000000001
1.75,3.0,2.0,0.055,0.36,0.0,0.7849259999999999
1.125,3.5,0.0,0.055,0.36,0.684,0.473822
1.125,3.5,0.25,0.055,0.36,0.672,0.477536
1.125,3.5,0.5,0.055,0.36,0.662,0.4786459999999999
1.125,3.5,0.75,0.055,0.36,0.652,0.478492
1.125,3.5,1.0,0.055,0.36,0.66,0.479316
1.125,3.5,1.25,0.055,0.36,0.64,0.47959
1.125,3.5,1.5,0.055,0.36,0.642,0.479956
1.125,3.5,2.0,0.055,0.36,0.634,0.480468
1.25,3.5,0.0,0.055,0.36,0.166,0.5540900000000001
1.25,3.5,0.25,0.055,0.36,0.174,0.5561399999999999
1.25,3.5,0.5,0.055,0.36,0.166,0.5581079999999999
1.25,3.5,0.75,0.055,0.36,0.156,0.55999
1.25,3.5,1.0,0.055,0.36,0.154,0.559674
1.25,3.5,1.25,0.055,0.36,0.154,0.56007
1.25,3.5,1.5,0.055,0.36,0.156,0.5598240000000001
1.25,3.5,2.0,0.055,0.36,0.156,0.559606
1.3125,3.5,0.0,0.055,0.36,0.046,0.5977100000000001
1.3125,3.5,0.25,0.055,0.36,0.048,0.5994940000000001
1.3125,3.5,0.5,0.055,0.36,0.042,0.601028
1.3125,3.5,0.75,0.055,0.36,0.042,0.601358
1.3125,3.5,1.0,0.055,0.36,0.042,0.602048
1.3125,3.5,1.25,0.055,0.36,0.042,0.6022640000000001
1.3125,3.5,1.5,0.055,0.36,0.05,0.602722
1.3125,3.5,2.0,0.055,0.36,0.044,0.602942
1.375,3.5,0.0,0.055,0.36,0.008,0.633852
1.375,3.5,0.25,0.055,0.36,0.004,0.636856
1.375,3.5,0.5,0.055,0.36,0.006,0.6377760000000001
1.375,3.5,0.75,0.055,0.36,0.002,0.6381979999999999
1.375,3.5,1.0,0.055,0.36,0.004,0.638126
1.375,3.5,1.25,0.055,0.36,0.004,0.6385820000000001
1.375,3.5,1.5,0.055,0.36,0.004,0.639734
1.375,3.5,2.0,0.055,0.36,0.004,0.638888
1.4375,3.5,0.0,0.055,0.36,0.0,0.6695880000000001
1.4375,3.5,0.25,0.055,0.36,0.002,0.6706340000000001
1.4375,3.5,0.5,0.055,0.36,0.0,0.672236
1.4375,3.5,0.75,0.055,0.36,0.002,0.67306
1.4375,3.5,1.0,0.055,0.36,0.002,0.673886
1.4375,3.5,1.25,0.055,0.36,0.0,0.6735260000000001
1.4375,3.5,1.5,0.055,0.36,0.0,0.673404
1.4375,3.5,2.0,0.055,0.36,0.002,0.672674
1.5,3.5,0.0,0.055,0.36,0.0,0.7004819999999999
1.5,3.5,0.25,0.055,0.36,0.0,0.7022759999999999
1.5,3.5,0.5,0.055,0.36,0.0,0.7031900000000001
1.5,3.5,0.75,0.055,0.36,0.0,0.703714
1.5,3.5,1.0,0.055,0.36,0.0,0.704236
1.5,3.5,1.25,0.055,0.36,0.0,0.7040339999999998
1.5,3.5,1.5,0.055,0.36,0.0,0.7040639999999999
1.5,3.5,2.0,0.055,0.36,0.0,0.70453
1.75,3.5,0.0,0.055,0.36,0.0,0.8056420000000001
1.75,3.5,0.25,0.055,0.36,0.0,0.806784
1.75,3.5,0.5,0.055,0.36,0.0,0.8071680000000001
1.75,3.5,0.75,0.055,0.36,0.0,0.807798
1.75,3.5,1.0,0.055,0.36,0.0,0.8082999999999999
1.75,3.5,1.25,0.055,0.36,0.0,0.8079740000000001
1.75,3.5,1.5,0.055,0.36,0.0,0.807604
1.75,3.5,2.0,0.055,0.36,0.0,0.808248
1.125,4.0,0.0,0.055,0.36,0.542,0.493514
1.125,4.0,0.25,0.055,0.36,0.514,0.4956899999999999
1.125,4.0,0.5,0.055,0.36,0.506,0.497374
1.125,4.0,0.75,0.055,0.36,0.494,0.4985499999999999
1.125,4.0,1.0,0.055,0.36,0.502,0.498442
1.125,4.0,1.25,0.055,0.36,0.502,0.498902
1.125,4.0,1.5,0.055,0.36,0.49,0.499596
1.125,4.0,2.0,0.055,0.36,0.484,0.499696
1.25,4.0,0.0,0.055,0.36,0.112,0.5758
1.25,4.0,0.25,0.055,0.36,0.1,0.578068
1.25,4.0,0.5,0.055,0.36,0.102,0.57948
1.25,4.0,0.75,0.055,0.36,0.106,0.579678
1.25,4.0,1.0,0.055,0.36,0.098,0.5804400000000001
1.25,4.0,1.25,0.055,0.36,0.102,0.580722
1.25,4.0,1.5,0.055,0.36,0.104,0.5810360000000001
1.25,4.0,2.0,0.055,0.36,0.09,0.58123
1.3125,4.0,0.0,0.055,0.36,0.026,0.6205499999999999
1.3125,4.0,0.25,0.055,0.36,0.028,0.623184
1.3125,4.0,0.5,0.055,0.36,0.024,0.623606
1.3125,4.0,0.75,0.055,0.36,0.026,0.6244760000000001
1.3125,4.0,1.0,0.055,0.36,0.026,0.624122
1.3125,4.0,1.25,0.055,0.36,0.026,0.6248159999999999
1.3125,4.0,1.5,0.055,0.36,0.024,0.62541
1.3125,4.0,2.0,0.055,0.36,0.022,0.626254
1.375,4.0,0.0,0.055,0.36,0.004,0.6557280000000001
1.375,4.0,0.25,0.055,0.36,0.004,0.6584159999999999
1.375,4.0,0.5,0.055,0.36,0.004,0.658648
1.375,4.0,0.75,0.055,0.36,0.002,0.659906
1.375,4.0,1.0,0.055,0.36,0.002,0.6597540000000001
1.375,4.0,1.25,0.055,0.36,0.004,0.65957
1.375,4.0,1.5,0.055,0.36,0.004,0.6607639999999999
1.375,4.0,2.0,0.055,0.36,0.004,0.6607260000000001
1.4375,4.0,0.0,0.055,0.36,0.0,0.6907920000000001
1.4375,4.0,0.25,0.055,0.36,0.0,0.692624
1.4375,4.0,0.5,0.055,0.36,0.0,0.6938979999999999
1.4375,4.0,0.75,0.055,0.36,0.0,0.693822
1.4375,4.0,1.0,0.055,0.36,0.0,0.6946559999999999
1.4375,4.0,1.25,0.055,0.36,0.0,0.6943879999999999
1.4375,4.0,1.5,0.055,0.36,0.0,0.694662
1.4375,4.0,2.0,0.055,0.36,0.0,0.6946180000000001
1.5,4.0,0.0,0.055,0.36,0.0,0.721574
1.5,4.0,0.25,0.055,0.36,0.0,0.723288
1.5,4.0,0.5,0.055,0.36,0.0,0.7238640000000001
1.5,4.0,0.75,0.055,0.36,0.0,0.725008
1.5,4.0,1.0,0.055,0.36,0.0,0.724352
1.5,4.0,1.25,0.055,0.36,0.0,0.725152
1.5,4.0,1.5,0.055,0.36,0.0,0.7247380000000001
1.5,4.0,2.0,0.055,0.36,0.0,0.724784
1.75,4.0,0.0,0.055,0.36,0.0,0.82067
1.75,4.0,0.25,0.055,0.36,0.0,0.8219759999999999
1.75,4.0,0.5,0.055,0.36,0.0,0.8224360000000001
1.75,4.0,0.75,0.055,0.36,0.0,0.8224920000000001
1.75,4.0,1.0,0.055,0.36,0.0,0.82321
1.75,4.0,1.25,0.055,0.36,0.0,0.822494
1.75,4.0,1.5,0.055,0.36,0.0,0.82331
1.75,4.0,2.0,0.055,0.36,0.0,0.822632
1.125,4.5,0.0,0.055,0.36,0.434,0.5086660000000001
1.125,4.5,0.25,0.055,0.36,0.394,0.510774
1.125,4.5,0.5,0.055,0.36,0.382,0.512602
1.125,4.5,0.75,0.055,0.36,0.384,0.512738
1.125,4.5,1.0,0.055,0.36,0.376,0.5139239999999999
1.125,4.5,1.25,0.055,0.36,0.382,0.51389
1.125,4.5,1.5,0.055,0.36,0.37,0.5143340000000001
1.125,4.5,2.0,0.055,0.36,0.366,0.5149459999999999
1.25,4.5,0.0,0.055,0.36,0.068,0.592376
1.25,4.5,0.25,0.055,0.36,0.064,0.595212
1.25,4.5,0.5,0.055,0.36,0.07,0.59617
1.25,4.5,0.75,0.055,0.36,0.062,0.597424
1.25,4.5,1.0,0.055,0.36,0.066,0.597538
1.25,4.5,1.25,0.055,0.36,0.066,0.597844
1.25,4.5,1.5,0.055,0.36,0.064,0.597392
1.25,4.5,2.0,0.055,0.36,0.054,0.597492
1.3125,4.5,0.0,0.055,0.36,0.014,0.637548
1.3125,4.5,0.25,0.055,0.36,0.01,0.639818
1.3125,4.5,0.5,0.055,0.36,0.008,0.6415460000000001
1.3125,4.5,0.75,0.055,0.36,0.01,0.641606
1.3125,4.5,1.0,0.055,0.36,0.008,0.6412640000000001
1.3125,4.5,1.25,0.055,0.36,0.016,0.641654
1.3125,4.5,1.5,0.055,0.36,0.014,0.64175
1.3125,4.5,2.0,0.055,0.36,0.016,0.642394
1.375,4.5,0.0,0.055,0.36,0.002,0.6722180000000001
1.375,4.5,0.25,0.055,0.36,0.002,0.6743060000000001
1.375,4.5,0.5,0.055,0.36,0.002,0.6749959999999999
1.375,4.5,0.75,0.055,0.36,0.0,0.6754819999999999
1.375,4.5,1.0,0.055,0.36,0.0,0.6758540000000001
1.375,4.5,1.25,0.055,0.36,0.002,0.67647
1.375,4.5,1.5,0.055,0.36,0.002,0.6759700000000001
1.375,4.5,2.0,0.055,0.36,0.0,0.676256
1.4375,4.5,0.0,0.055,0.36,0.0,0.7074179999999999
1.4375,4.5,0.25,0.055,0.36,0.0,0.7085260000000001
1.4375,4.5,0.5,0.055,0.36,0.0,0.70975
1.4375,4.5,0.75,0.055,0.36,0.0,0.710238
1.4375,4.5,1.0,0.055,0.36,0.0,0.710658
1.4375,4.5,1.25,0.055,0.36,0.0,0.7106480000000001
1.4375,4.5,1.5,0.055,0.36,0.0,0.710472
1.4375,4.5,2.0,0.055,0.36,0.0,0.711332
1.5,4.5,0.0,0.055,0.36,0.0,0.735698
1.5,4.5,0.25,0.055,0.36,0.0,0.736692
1.5,4.5,0.5,0.055,0.36,0.0,0.737606
1.5,4.5,0.75,0.055,0.36,0.0,0.7385740000000001
1.5,4.5,1.0,0.055,0.36,0.0,0.7393040000000001
1.5,4.5,1.25,0.055,0.36,0.0,0.7389819999999999
1.5,4.5,1.5,0.055,0.36,0.0,0.738568
1.5,4.5,2.0,0.055,0.36,0.0,0.7394359999999999
1.75,4.5,0.0,0.055,0.36,0.0,0.8306939999999999
1.75,4.5,0.25,0.055,0.36,0.0,0.831414
1.75,4.5,0.5,0.055,0.36,0.0,0.831898
1.75,4.5,0.75,0.055,0.36,0.0,0.832166
1.75,4.5,1.0,0.055,0.36,0.0,0.832298
1.75,4.5,1.25,0.055,0.36,0.0,0.832476
1.75,4.5,1.5,0.055,0.36,0.0,0.8324579999999999
1.75,4.5,2.0,0.055,0.36,0.0,0.8323780000000001
1.125,5.0,0.0,0.055,0.36,0.334,0.5205620000000001
1.125,5.0,0.25,0.055,0.36,0.306,0.5227719999999999
1.125,5.0,0.5,0.055,0.36,0.306,0.524534
1.125,5.0,0.75,0.055,0.36,0.294,0.5252239999999999
1.125,5.0,1.0,0.055,0.36,0.29,0.525558
1.125,5.0,1.25,0.055,0.36,0.298,0.525584
1.125,5.0,1.5,0.055,0.36,0.282,0.5260319999999999
1.125,5.0,2.0,0.055,0.36,0.298,0.526222
1.25,5.0,0.0,0.055,0.36,0.042,0.60525
1.25,5.0,0.25,0.055,0.36,0.042,0.607032
1.25,5.0,0.5,0.055,0.36,0.04,0.608182
1.25,5.0,0.75,0.055,0.36,0.036,0.609152
1.25,5.0,1.0,0.055,0.36,0.038,0.6094639999999999
1.25,5.0,1.25,0.055,0.36,0.036,0.6099079999999999
1.25,5.0,1.5,0.055,0.36,0.036,0.609972
1.25,5.0,2.0,0.055,0.36,0.034,0.609964
1.3125,5.0,0.0,0.055,0.36,0.006,0.6499739999999999
1.3125,5.0,0.25,0.055,0.36,0.006,0.65168
1.3125,5.0,0.5,0.055,0.36,0.006,0.6529360000000001
1.3125,5.0,0.75,0.055,0.36,0.006,0.6535039999999999
1.3125,5.0,1.0,0.055,0.36,0.006,0.653808
1.3125,5.0,1.25,0.055,0.36,0.006,0.6543140000000001
1.3125,5.0,1.5,0.055,0.36,0.006,0.6545420000000001
1.3125,5.0,2.0,0.055,0.36,0.004,0.654432
1.375,5.0,0.0,0.055,0.36,0.0,0.6841240000000001
1.375,5.0,0.25,0.055,0.36,0.0,0.68621
1.375,5.0,0.5,0.055,0.36,0.0,0.68669
1.375,5.0,0.75,0.055,0.36,0.0,0.6875760000000001
1.375,5.0,1.0,0.055,0.36,0.0,0.6875920000000001
1.375,5.0,1.25,0.055,0.36,0.0,0.6880759999999999
1.375,5.0,1.5,0.055,0.36,0.0,0.6877300000000001
1.375,5.0,2.0,0.055,0.36,0.0,0.6879200000000001
1.4375,5.0,0.0,0.055,0.36,0.0,0.7191279999999999
1.4375,5.0,0.25,0.055,0.36,0.0,0.7202919999999999
1.4375,5.0,0.5,0.055,0.36,0.0,0.7213160000000001
1.4375,5.0,0.75,0.055,0.36,0.0,0.722326
1.4375,5.0,1.0,0.055,0.36,0.0,0.722256
1.4375,5.0,1.25,0.055,0.36,0.0,0.722212
1.4375,5.0,1.5,0.055,0.36,0.0,0.7222759999999999
1.4375,5.0,2.0,0.055,0.36,0.0,0.7222360000000001
1.5,5.0,0.0,0.055,0.36,0.0,0.746762
1.5,5.0,0.25,0.055,0.36,0.0,0.747774
1.5,5.0,0.5,0.055,0.36,0.0,0.7483540000000001
1.5,5.0,0.75,0.055,0.36,0.0,0.7488040000000001
1.5,5.0,1.0,0.055,0.36,0.0,0.749096
1.5,5.0,1.25,0.055,0.36,0.0,0.749336
1.5,5.0,1.5,0.055,0.36,0.0,0.7497039999999999
1.5,5.0,2.0,0.055,0.36,0.0,0.749558
1.75,5.0,0.0,0.055,0.36,0.0,0.8370319999999999
1.75,5.0,0.25,0.055,0.36,0.0,0.837846
1.75,5.0,0.5,0.055,0.36,0.0,0.838246
1.75,5.0,0.75,0.055,0.36,0.0,0.8385
1.75,5.0,1.0,0.055,0.36,0.0,0.838712
1.75,5.0,1.25,0.055,0.36,0.0,0.83851
1.75,5.0,1.5,0.055,0.36,0.0,0.8388219999999998
1.75,5.0,2.0,0.055,0.36,0.0,0.838712
1.125,5.5,0.0,0.055,0.36,0.282,0.53047
1.125,5.5,0.25,0.055,0.36,0.274,0.532318
1.125,5.5,0.5,0.055,0.36,0.266,0.533538
1.125,5.5,0.75,0.055,0.36,0.262,0.53442
1.125,5.5,1.0,0.055,0.36,0.25,0.534924
1.125,5.5,1.25,0.055,0.36,0.246,0.5354000000000001
1.125,5.5,1.5,0.055,0.36,0.256,0.5352480000000001
1.125,5.5,2.0,0.055,0.36,0.256,0.535366
1.25,5.5,0.0,0.055,0.36,0.034,0.614956
1.25,5.5,0.25,0.055,0.36,0.03,0.616762
1.25,5.5,0.5,0.055,0.36,0.028,0.6174700000000001
1.25,5.5,0.75,0.055,0.36,0.03,0.6180180000000001
1.25,5.5,1.0,0.055,0.36,0.03,0.61854
1.25,5.5,1.25,0.055,0.36,0.03,0.6190919999999999
1.25,5.5,1.5,0.055,0.36,0.03,0.619036
1.25,5.5,2.0,0.055,0.36,0.026,0.619454
1.3125,5.5,0.0,0.055,0.36,0.006,0.660096
1.3125,5.5,0.25,0.055,0.36,0.004,0.6616859999999999
1.3125,5.5,0.5,0.055,0.36,0.004,0.662764
1.3125,5.5,0.75,0.055,0.36,0.004,0.662798
1.3125,5.5,1.0,0.055,0.36,0.004,0.6634880000000001
1.3125,5.5,1.25,0.055,0.36,0.004,0.6634500000000001
1.3125,5.5,1.5,0.055,0.36,0.004,0.663902
1.3125,5.5,2.0,0.055,0.36,0.004,0.66372
1.375,5.5,0.0,0.055,0.36,0.0,0.693222
1.375,5.5,0.25,0.055,0.36,0.0,0.69469
1.375,5.5,0.5,0.055,0.36,0.0,0.695522
1.375,5.5,0.75,0.055,0.36,0.0,0.696406
1.375,5.5,1.0,0.055,0.36,0.0,0.696182
1.375,5.5,1.25,0.055,0.36,0.0,0.696748
1.375,5.5,1.5,0.055,0.36,0.0,0.696788
1.375,5.5,2.0,0.055,0.36,0.0,0.6965180000000001
1.4375,5.5,0.0,0.055,0.36,0.0,0.727588
1.4375,5.5,0.25,0.055,0.36,0.0,0.729066
1.4375,5.5,0.5,0.055,0.36,0.0,0.729574
1.4375,5.5,0.75,0.055,0.36,0.0,0.730082
1.4375,5.5,1.0,0.055,0.36,0.0,0.730294
1.4375,5.5,1.25,0.055,0.36,0.0,0.7307260000000001
1.4375,5.5,1.5,0.055,0.36,0.0,0.730472
1.4375,5.5,2.0,0.055,0.36,0.0,0.730842
1.5,5.5,0.0,0.055,0.36,0.0,0.7541059999999999
1.5,5.5,0.25,0.055,0.36,0.0,0.755296
1.5,5.5,0.5,0.055,0.36,0.0,0.755798
1.5,5.5,0.75,0.055,0.36,0.0,0.7563600000000001
1.5,5.5,1.0,0.055,0.36,0.0,0.756502
1.5,5.5,1.25,0.055,0.36,0.0,0.756684
1.5,5.5,1.5,0.055,0.36,0.0,0.75648
1.5,5.5,2.0,0.055,0.36,0.0,0.75675
1.75,5.5,0.0,0.055,0.36,0.0,0.84124
1.75,5.5,0.25,0.055,0.36,0.0,0.841792
1.75,5.5,0.5,0.055,0.36,0.0,0.8422640000000001
1.75,5.5,0.75,0.055,0.36,0.0,0.8424559999999999
1.75,5.5,1.0,0.055,0.36,0.0,0.842382
1.75,5.5,1.25,0.055,0.36,0.0,0.842392
1.75,5.5,1.5,0.055,0.36,0.0,0.8424839999999999
1.75,5.5,2.0,0.055,0.36,0.0,0.842718
1.125,6.0,0.0,0.055,0.36,0.256,0.537328
1.125,6.0,0.25,0.055,0.36,0.228,0.539726
1.125,6.0,0.5,0.055,0.36,0.224,0.5410219999999999
1.125,6.0,0.75,0.055,0.36,0.224,0.541318
1.125,6.0,1.0,0.055,0.36,0.216,0.541696
1.125,6.0,1.25,0.055,0.36,0.226,0.542196
1.125,6.0,1.5,0.055,0.36,0.21,0.542066
1.125,6.0,2.0,0.055,0.36,0.216,0.5423340000000001
1.25,6.0,0.0,0.055,0.36,0.026,0.622912
1.25,6.0,0.25,0.055,0.36,0.024,0.6244879999999999
1.25,6.0,0.5,0.055,0.36,0.024,0.6256120000000001
1.25,6.0,0.75,0.055,0.36,0.024,0.6264120000000001
1.25,6.0,1.0,0.055,0.36,0.022,0.6266919999999999
1.25,6.0,1.25,0.055,0.36,0.024,0.626966
1.25,6.0,1.5,0.055,0.36,0.026,0.62688
1.25,6.0,2.0,0.055,0.36,0.024,0.6267440000000001
1.3125,6.0,0.0,0.055,0.36,0.004,0.66726
1.3125,6.0,0.25,0.055,0.36,0.004,0.669144
1.3125,6.0,0.5,0.055,0.36,0.004,0.669772
1.3125,6.0,0.75,0.055,0.36,0.004,0.670806
1.3125,6.0,1.0,0.055,0.36,0.004,0.6710640000000001
1.3125,6.0,1.25,0.055,0.36,0.004,0.6711999999999999
1.3125,6.0,1.5,0.055,0.36,0.004,0.6709579999999999
1.3125,6.0,2.0,0.055,0.36,0.004,0.671106
1.375,6.0,0.0,0.055,0.36,0.0,0.699562
1.375,6.0,0.25,0.055,0.36,0.0,0.7014680000000001
1.375,6.0,0.5,0.055,0.36,0.0,0.7024579999999999
1.375,6.0,0.75,0.055,0.36,0.0,0.7026279999999999
1.375,6.0,1.0,0.055,0.36,0.0,0.702952
1.375,6.0,1.25,0.055,0.36,0.0,0.702942
1.375,6.0,1.5,0.055,0.36,0.0,0.703142
1.375,6.0,2.0,0.055,0.36,0.0,0.703054
1.4375,6.0,0.0,0.055,0.36,0.0,0.7339
1.4375,6.0,0.25,0.055,0.36,0.0,0.7351420000000001
1.4375,6.0,0.5,0.055,0.36,0.0,0.736128
1.4375,6.0,0.75,0.055,0.36,0.0,0.7364080000000002
1.4375,6.0,1.0,0.055,0.36,0.0,0.736386
1.4375,6.0,1.25,0.055,0.36,0.0,0.736598
1.4375,6.0,1.5,0.055,0.36,0.0,0.736672
1.4375,6.0,2.0,0.055,0.36,0.0,0.73677
1.5,6.0,0.0,0.055,0.36,0.0,0.759784
1.5,6.0,0.25,0.055,0.36,0.0,0.760648
1.5,6.0,0.5,0.055,0.36,0.0,0.7612239999999999
1.5,6.0,0.75,0.055,0.36,0.0,0.761678
1.5,6.0,1.0,0.055,0.36,0.0,0.761992
1.5,6.0,1.25,0.055,0.36,0.0,0.762038
1.5,6.0,1.5,0.055,0.36,0.0,0.762164
1.5,6.0,2.0,0.055,0.36,0.0,0.762086
1.75,6.0,0.0,0.055,0.36,0.0,0.8436419999999999
1.75,6.0,0.25,0.055,0.36,0.0,0.84421
1.75,6.0,0.5,0.055,0.36,0.0,0.844624
1.75,6.0,0.75,0.055,0.36,0.0,0.8446779999999999
1.75,6.0,1.0,0.055,0.36,0.0,0.84478
1.75,6.0,1.25,0.055,0.36,0.0,0.844814
1.75,6.0,1.5,0.055,0.36,0.0,0.8448779999999999
1.75,6.0,2.0,0.055,0.36,0.0,0.8447819999999999
1.125,2.5,0.0,0.275,0.47,0.998,0.3753999999999999
1.125,2.5,0.25,0.275,0.47,0.978,0.3935
1.125,2.5,0.5,0.275,0.47,0.97,0.405232
1.125,2.5,0.75,0.275,0.47,0.956,0.412998
1.125,2.5,1.0,0.275,0.47,0.95,0.416648
1.125,2.5,1.25,0.275,0.47,0.942,0.419226
1.125,2.5,1.5,0.275,0.47,0.95,0.420082
1.125,2.5,2.0,0.275,0.47,0.94,0.420742
1.25,2.5,0.0,0.275,0.47,0.83,0.446606
1.25,2.5,0.25,0.275,0.47,0.718,0.4670839999999999
1.25,2.5,0.5,0.275,0.47,0.644,0.47762
1.25,2.5,0.75,0.275,0.47,0.598,0.484574
1.25,2.5,1.0,0.275,0.47,0.574,0.48875
1.25,2.5,1.25,0.275,0.47,0.548,0.490334
1.25,2.5,1.5,0.275,0.47,0.56,0.491404
1.25,2.5,2.0,0.275,0.47,0.54,0.491654
1.3125,2.5,0.0,0.275,0.47,0.59,0.486652
1.3125,2.5,0.25,0.275,0.47,0.442,0.50573
1.3125,2.5,0.5,0.275,0.47,0.36,0.5179400000000001
1.3125,2.5,0.75,0.275,0.47,0.304,0.524364
1.3125,2.5,1.0,0.275,0.47,0.272,0.5277719999999999
1.3125,2.5,1.25,0.275,0.47,0.27,0.5296600000000001
1.3125,2.5,1.5,0.275,0.47,0.264,0.531926
1.3125,2.5,2.0,0.275,0.47,0.272,0.5307360000000001
1.375,2.5,0.0,0.275,0.47,0.35,0.522848
1.375,2.5,0.25,0.275,0.47,0.214,0.543286
1.375,2.5,0.5,0.275,0.47,0.162,0.552914
1.375,2.5,0.75,0.275,0.47,0.132,0.559104
1.375,2.5,1.0,0.275,0.47,0.118,0.5624819999999999
1.375,2.5,1.25,0.275,0.47,0.13,0.5642539999999999
1.375,2.5,1.5,0.275,0.47,0.09,0.566056
1.375,2.5,2.0,0.275,0.47,0.112,0.564258
1.4375,2.5,0.0,0.275,0.47,0.134,0.5574499999999999
1.4375,2.5,0.25,0.275,0.47,0.074,0.577568
1.4375,2.5,0.5,0.275,0.47,0.062,0.58649
1.4375,2.5,0.75,0.275,0.47,0.032,0.592532
1.4375,2.5,1.0,0.275,0.47,0.042,0.594884
1.4375,2.5,1.25,0.275,0.47,0.032,0.597032
1.4375,2.5,1.5,0.275,0.47,0.04,0.596992
1.4375,2.5,2.0,0.275,0.47,0.032,0.5991380000000001
1.5,2.5,0.0,0.275,0.47,0.048,0.591456
1.5,2.5,0.25,0.275,0.47,0.03,0.6095539999999999
1.5,2.5,0.5,0.275,0.47,0.014,0.6196280000000001
1.5,2.5,0.75,0.275,0.47,0.016,0.623842
1.5,2.5,1.0,0.275,0.47,0.01,0.626616
1.5,2.5,1.25,0.275,0.47,0.012,0.6280619999999999
1.5,2.5,1.5,0.275,0.47,0.008,0.6296320000000001
1.5,2.5,2.0,0.275,0.47,0.01,0.63044
1.75,2.5,0.0,0.275,0.47,0.0,0.715524
1.75,2.5,0.25,0.275,0.47,0.0,0.729826
1.75,2.5,0.5,0.275,0.47,0.0,0.737056
1.75,2.5,0.75,0.275,0.47,0.0,0.740084
1.75,2.5,1.0,0.275,0.47,0.0,0.7420059999999999
1.75,2.5,1.25,0.275,0.47,0.0,0.743346
1.75,2.5,1.5,0.275,0.47,0.0,0.7438140000000001
1.75,2.5,2.0,0.275,0.47,0.0,0.74522
1.125,3.0,0.0,0.275,0.47,0.952,0.4113719999999999
1.125,3.0,0.25,0.275,0.47,0.922,0.427358
1.125,3.0,0.5,0.275,0.47,0.902,0.43701
1.125,3.0,0.75,0.275,0.47,0.864,0.4426940000000001
1.125,3.0,1.0,0.275,0.47,0.864,0.446692
1.125,3.0,1.25,0.275,0.47,0.844,0.449038
1.125,3.0,1.5,0.275,0.47,0.832,0.449808
1.125,3.0,2.0,0.275,0.47,0.822,0.451522
1.25,3.0,0.0,0.275,0.47,0.574,0.48777
1.25,3.0,0.25,0.275,0.47,0.452,0.504602
1.25,3.0,0.5,0.275,0.47,0.396,0.514838
1.25,3.0,0.75,0.275,0.47,0.35,0.520228
1.25,3.0,1.0,0.275,0.47,0.338,0.5237820000000001
1.25,3.0,1.25,0.275,0.47,0.328,0.525636
1.25,3.0,1.5,0.275,0.47,0.32,0.5262760000000001
1.25,3.0,2.0,0.275,0.47,0.322,0.5266900000000001
1.3125,3.0,0.0,0.275,0.47,0.286,0.5305460000000001
1.3125,3.0,0.25,0.275,0.47,0.192,0.547652
1.3125,3.0,0.5,0.275,0.47,0.144,0.557556
1.3125,3.0,0.75,0.275,0.47,0.12,0.5635640000000001
1.3125,3.0,1.0,0.275,0.47,0.112,0.565304
1.3125,3.0,1.25,0.275,0.47,0.114,0.567922
1.3125,3.0,1.5,0.275,0.47,0.104,0.5682919999999999
1.3125,3.0,2.0,0.275,0.47,0.096,0.5707180000000001
1.375,3.0,0.0,0.275,0.47,0.12,0.5679379999999999
1.375,3.0,0.25,0.275,0.47,0.072,0.58436
1.375,3.0,0.5,0.275,0.47,0.052,0.59334
1.375,3.0,0.75,0.275,0.47,0.038,0.598876
1.375,3.0,1.0,0.275,0.47,0.046,0.601692
1.375,3.0,1.25,0.275,0.47,0.032,0.604584
1.375,3.0,1.5,0.275,0.47,0.04,0.60381
1.375,3.0,2.0,0.275,0.47,0.026,0.60525
1.4375,3.0,0.0,0.275,0.47,0.036,0.604088
1.4375,3.0,0.25,0.275,0.47,0.016,0.620504
1.4375,3.0,0.5,0.275,0.47,0.008,0.6295299999999999
1.4375,3.0,0.75,0.275,0.47,0.002,0.634102
1.4375,3.0,1.0,0.275,0.47,0.004,0.636892
1.4375,3.0,1.25,0.275,0.47,0.004,0.63825
1.4375,3.0,1.5,0.275,0.47,0.002,0.6387460000000001
1.4375,3.0,2.0,0.275,0.47,0.002,0.640144
1.5,3.0,0.0,0.275,0.47,0.006,0.639582
1.5,3.0,0.25,0.275,0.47,0.0,0.6540260000000001
1.5,3.0,0.5,0.275,0.47,0.002,0.66211
1.5,3.0,0.75,0.275,0.47,0.002,0.6665840000000001
1.5,3.0,1.0,0.275,0.47,0.0,0.668098
1.5,3.0,1.25,0.275,0.47,0.0,0.670452
1.5,3.0,1.5,0.275,0.47,0.0,0.6708160000000001
1.5,3.0,2.0,0.275,0.47,0.002,0.671706
1.75,3.0,0.0,0.275,0.47,0.0,0.75927
1.75,3.0,0.25,0.275,0.47,0.0,0.7702640000000001
1.75,3.0,0.5,0.275,0.47,0.0,0.775666
1.75,3.0,0.75,0.275,0.47,0.0,0.777686
1.75,3.0,1.0,0.275,0.47,0.0,0.780222
1.75,3.0,1.25,0.275,0.47,0.0,0.7804439999999999
1.75,3.0,1.5,0.275,0.47,0.0,0.780906
1.75,3.0,2.0,0.275,0.47,0.0,0.7810779999999999
1.125,3.5,0.0,0.275,0.47,0.866,0.442184
1.125,3.5,0.25,0.275,0.47,0.808,0.454918
1.125,3.5,0.5,0.275,0.47,0.762,0.46345
1.125,3.5,0.75,0.275,0.47,0.736,0.469034
1.125,3.5,1.0,0.275,0.47,0.694,0.471964
1.125,3.5,1.25,0.275,0.47,0.678,0.474696
1.125,3.5,1.5,0.275,0.47,0.68,0.476462
1.125,3.5,2.0,0.275,0.47,0.662,0.47658
1.25,3.5,0.0,0.275,0.47,0.356,0.5212019999999999
1.25,3.5,0.25,0.275,0.47,0.274,0.535806
1.25,3.5,0.5,0.275,0.47,0.22,0.544614
1.25,3.5,0.75,0.275,0.47,0.196,0.5496559999999999
1.25,3.5,1.0,0.275,0.47,0.174,0.5526939999999999
1.25,3.5,1.25,0.275,0.47,0.166,0.554594
1.25,3.5,1.5,0.275,0.47,0.162,0.5553920000000001
1.25,3.5,2.0,0.275,0.47,0.168,0.5558840000000002
1.3125,3.5,0.0,0.275,0.47,0.132,0.56528
1.3125,3.5,0.25,0.275,0.47,0.094,0.5794480000000001
1.3125,3.5,0.5,0.275,0.47,0.072,0.5884980000000001
1.3125,3.5,0.75,0.275,0.47,0.06,0.593406
1.3125,3.5,1.0,0.275,0.47,0.06,0.595952
1.3125,3.5,1.25,0.275,0.47,0.044,0.597354
1.3125,3.5,1.5,0.275,0.47,0.054,0.5990240000000001
1.3125,3.5,2.0,0.275,0.47,0.052,0.598284
1.375,3.5,0.0,0.275,0.47,0.044,0.604028
1.375,3.5,0.25,0.275,0.47,0.024,0.61783
1.375,3.5,0.5,0.275,0.47,0.018,0.625568
1.375,3.5,0.75,0.275,0.47,0.01,0.629868
1.375,3.5,1.0,0.275,0.47,0.012,0.632664
1.375,3.5,1.25,0.275,0.47,0.006,0.634216
1.375,3.5,1.5,0.275,0.47,0.006,0.635312
1.375,3.5,2.0,0.275,0.47,0.004,0.63635
1.4375,3.5,0.0,0.275,0.47,0.004,0.6407320000000001
1.4375,3.5,0.25,0.275,0.47,0.002,0.6548240000000001
1.4375,3.5,0.5,0.275,0.47,0.0,0.661564
1.4375,3.5,0.75,0.275,0.47,0.002,0.666276
1.4375,3.5,1.0,0.275,0.47,0.002,0.667856
1.4375,3.5,1.25,0.275,0.47,0.0,0.669208
1.4375,3.5,1.5,0.275,0.47,0.0,0.669272
1.4375,3.5,2.0,0.275,0.47,0.0,0.669744
1.5,3.5,0.0,0.275,0.47,0.0,0.6740060000000001
1.5,3.5,0.25,0.275,0.47,0.0,0.686918
1.5,3.5,0.5,0.275,0.47,0.0,0.6931959999999999
1.5,3.5,0.75,0.275,0.47,0.0,0.6964620000000001
1.5,3.5,1.0,0.275,0.47,0.0,0.699196
1.5,3.5,1.25,0.275,0.47,0.0,0.700528
1.5,3.5,1.5,0.275,0.47,0.0,0.700456
1.5,3.5,2.0,0.275,0.47,0.0,0.7012360000000001
1.75,3.5,0.0,0.275,0.47,0.0,0.7886
1.75,3.5,0.25,0.275,0.47,0.0,0.797192
1.75,3.5,0.5,0.275,0.47,0.0,0.801202
1.75,3.5,0.75,0.275,0.47,0.0,0.804076
1.75,3.5,1.0,0.275,0.47,0.0,0.804426
1.75,3.5,1.25,0.275,0.47,0.0,0.8052940000000001
1.75,3.5,1.5,0.275,0.47,0.0,0.8059359999999999
1.75,3.5,2.0,0.275,0.47,0.0,0.806594
1.125,4.0,0.0,0.275,0.47,0.738,0.46817
1.125,4.0,0.25,0.275,0.47,0.666,0.47815
1.125,4.0,0.5,0.275,0.47,0.608,0.484914
1.125,4.0,0.75,0.275,0.47,0.574,0.4895479999999999
1.125,4.0,1.0,0.275,0.47,0.554,0.4918079999999999
1.125,4.0,1.25,0.275,0.47,0.542,0.493884
1.125,4.0,1.5,0.275,0.47,0.528,0.49524
1.125,4.0,2.0,0.275,0.47,0.514,0.49581
1.25,4.0,0.0,0.275,0.47,0.196,0.549378
1.25,4.0,0.25,0.275,0.47,0.164,0.56042
1.25,4.0,0.5,0.275,0.47,0.138,0.56697
1.25,4.0,0.75,0.275,0.47,0.126,0.5718439999999999
1.25,4.0,1.0,0.275,0.47,0.114,0.57449
1.25,4.0,1.25,0.275,0.47,0.116,0.575762
1.25,4.0,1.5,0.275,0.47,0.116,0.577528
1.25,4.0,2.0,0.275,0.47,0.104,0.5778800000000001
1.3125,4.0,0.0,0.275,0.47,0.06,0.5936039999999999
1.3125,4.0,0.25,0.275,0.47,0.042,0.6052860000000001
1.3125,4.0,0.5,0.275,0.47,0.04,0.6129479999999999
1.3125,4.0,0.75,0.275,0.47,0.036,0.616488
1.3125,4.0,1.0,0.275,0.47,0.03,0.619328
1.3125,4.0,1.25,0.275,0.47,0.03,0.6207480000000001
1.3125,4.0,1.5,0.275,0.47,0.024,0.6217239999999999
1.3125,4.0,2.0,0.275,0.47,0.024,0.622738
1.375,4.0,0.0,0.275,0.47,0.014,0.630726
1.375,4.0,0.25,0.275,0.47,0.006,0.6423899999999999
1.375,4.0,0.5,0.275,0.47,0.004,0.6489839999999999
1.375,4.0,0.75,0.275,0.47,0.004,0.6530659999999999
1.375,4.0,1.0,0.275,0.47,0.004,0.655264
1.375,4.0,1.25,0.275,0.47,0.0,0.6568999999999999
1.375,4.0,1.5,0.275,0.47,0.004,0.6570239999999999
1.375,4.0,2.0,0.275,0.47,0.002,0.658394
1.4375,4.0,0.0,0.275,0.47,0.0,0.66752
1.4375,4.0,0.25,0.275,0.47,0.0,0.6784080000000001
1.4375,4.0,0.5,0.275,0.47,0.0,0.6848920000000001
1.4375,4.0,0.75,0.275,0.47,0.0,0.68844
1.4375,4.0,1.0,0.275,0.47,0.0,0.690102
1.4375,4.0,1.25,0.275,0.47,0.0,0.690966
1.4375,4.0,1.5,0.275,0.47,0.0,0.6917300000000001
1.4375,4.0,2.0,0.275,0.47,0.0,0.6919000000000001
1.5,4.0,0.0,0.275,0.47,0.0,0.699846
1.5,4.0,0.25,0.275,0.47,0.0,0.71027
1.5,4.0,0.5,0.275,0.47,0.0,0.716124
1.5,4.0,0.75,0.275,0.47,0.0,0.719076
1.5,4.0,1.0,0.275,0.47,0.0,0.720492
1.5,4.0,1.25,0.275,0.47,0.0,0.72097
1.5,4.0,1.5,0.275,0.47,0.0,0.721866
1.5,4.0,2.0,0.275,0.47,0.0,0.7221900000000001
1.75,4.0,0.0,0.275,0.47,0.0,0.8079700000000001
1.75,4.0,0.25,0.275,0.47,0.0,0.81436
1.75,4.0,0.5,0.275,0.47,0.0,0.8184260000000001
1.75,4.0,0.75,0.275,0.47,0.0,0.81998
1.75,4.0,1.0,0.275,0.47,0.0,0.821004
1.75,4.0,1.25,0.275,0.47,0.0,0.8215999999999999
1.75,4.0,1.5,0.275,0.47,0.0,0.8218179999999999
1.75,4.0,2.0,0.275,0.47,0.0,0.8215260000000001
1.125,4.5,0.0,0.275,0.47,0.568,0.48954
1.125,4.5,0.25,0.275,0.47,0.524,0.496798
1.125,4.5,0.5,0.275,0.47,0.474,0.501928
1.125,4.5,0.75,0.275,0.47,0.456,0.505482
1.125,4.5,1.0,0.275,0.47,0.412,0.507864
1.125,4.5,1.25,0.275,0.47,0.414,0.5090779999999999
1.125,4.5,1.5,0.275,0.47,0.392,0.510206
1.125,4.5,2.0,0.275,0.47,0.406,0.51149
1.25,4.5,0.0,0.275,0.47,0.12,0.572774
1.25,4.5,0.25,0.275,0.47,0.098,0.5809599999999999
1.25,4.5,0.5,0.275,0.47,0.078,0.5862200000000001
1.25,4.5,0.75,0.275,0.47,0.074,0.5905219999999999
1.25,4.5,1.0,0.275,0.47,0.064,0.592116
1.25,4.5,1.25,0.275,0.47,0.064,0.593766
1.25,4.5,1.5,0.275,0.47,0.066,0.5948779999999999
1.25,4.5,2.0,0.275,0.47,0.066,0.595464
1.3125,4.5,0.0,0.275,0.47,0.03,0.617218
1.3125,4.5,0.25,0.275,0.47,0.022,0.625602
1.3125,4.5,0.5,0.275,0.47,0.02,0.631504
1.3125,4.5,0.75,0.275,0.47,0.018,0.634682
1.3125,4.5,1.0,0.275,0.47,0.016,0.6374299999999999
1.3125,4.5,1.25,0.275,0.47,0.012,0.638694
1.3125,4.5,1.5,0.275,0.47,0.01,0.638846
1.3125,4.5,2.0,0.275,0.47,0.014,0.64001
1.375,4.5,0.0,0.275,0.47,0.002,0.65347
1.375,4.5,0.25,0.275,0.47,0.002,0.6618959999999999
1.375,4.5,0.5,0.275,0.47,0.002,0.667096
1.375,4.5,0.75,0.275,0.47,0.002,0.6698139999999999
1.375,4.5,1.0,0.275,0.47,0.002,0.672194
1.375,4.5,1.25,0.275,0.47,0.0,0.672774
1.375,4.5,1.5,0.275,0.47,0.002,0.674282
1.375,4.5,2.0,0.275,0.47,0.002,0.674902
1.4375,4.5,0.0,0.275,0.47,0.0,0.689764
1.4375,4.5,0.25,0.275,0.47,0.0,0.697656
1.4375,4.5,0.5,0.275,0.47,0.0,0.702528
1.4375,4.5,0.75,0.275,0.47,0.0,0.7055800000000001
1.4375,4.5,1.0,0.275,0.47,0.0,0.7067319999999999
1.4375,4.5,1.25,0.275,0.47,0.0,0.708502
1.4375,4.5,1.5,0.275,0.47,0.0,0.708722
1.4375,4.5,2.0,0.275,0.47,0.0,0.708846
1.5,4.5,0.0,0.275,0.47,0.0,0.719894
1.5,4.5,0.25,0.275,0.47,0.0,0.726954
1.5,4.5,0.5,0.275,0.47,0.0,0.7314039999999999
1.5,4.5,0.75,0.275,0.47,0.0,0.734168
1.5,4.5,1.0,0.275,0.47,0.0,0.73602
1.5,4.5,1.25,0.275,0.47,0.0,0.7363560000000001
1.5,4.5,1.5,0.275,0.47,0.0,0.736848
1.5,4.5,2.0,0.275,0.47,0.0,0.737344
1.75,4.5,0.0,0.275,0.47,0.0,0.8219120000000001
1.75,4.5,0.25,0.275,0.47,0.0,0.82591
1.75,4.5,0.5,0.275,0.47,0.0,0.828626
1.75,4.5,0.75,0.275,0.47,0.0,0.829828
1.75,4.5,1.0,0.275,0.47,0.0,0.831168
1.75,4.5,1.25,0.275,0.47,0.0,0.831412
1.75,4.5,1.5,0.275,0.47,0.0,0.8313659999999999
1.75,4.5,2.0,0.275,0.47,0.0,0.831758
1.125,5.0,0.0,0.275,0.47,0.436,0.506448
1.125,5.0,0.25,0.275,0.47,0.384,0.512164
1.125,5.0,0.5,0.275,0.47,0.358,0.516336
1.125,5.0,0.75,0.275,0.47,0.346,0.518554
1.125,5.0,1.0,0.275,0.47,0.338,0.5204139999999999
1.125,5.0,1.25,0.275,0.47,0.324,0.5219739999999999
1.125,5.0,1.5,0.275,0.47,0.312,0.522774
1.125,5.0,2.0,0.275,0.47,0.318,0.52426
1.25,5.0,0.0,0.275,0.47,0.072,0.590632
1.25,5.0,0.25,0.275,0.47,0.06,0.596406
1.25,5.0,0.5,0.275,0.47,0.042,0.6006379999999999
1.25,5.0,0.75,0.275,0.47,0.048,0.6031620000000001
1.25,5.0,1.0,0.275,0.47,0.046,0.60524
1.25,5.0,1.25,0.275,0.47,0.04,0.6064980000000001
1.25,5.0,1.5,0.275,0.47,0.036,0.607352
1.25,5.0,2.0,0.275,0.47,0.04,0.6082620000000001
1.3125,5.0,0.0,0.275,0.47,0.014,0.63566
1.3125,5.0,0.25,0.275,0.47,0.01,0.6417480000000001
1.3125,5.0,0.5,0.275,0.47,0.008,0.645476
1.3125,5.0,0.75,0.275,0.47,0.008,0.648162
1.3125,5.0,1.0,0.275,0.47,0.006,0.6501220000000001
1.3125,5.0,1.25,0.275,0.47,0.008,0.6513340000000001
1.3125,5.0,1.5,0.275,0.47,0.004,0.6515519999999999
1.3125,5.0,2.0,0.275,0.47,0.006,0.65228
1.375,5.0,0.0,0.275,0.47,0.002,0.6710699999999999
1.375,5.0,0.25,0.275,0.47,0.0,0.6767239999999999
1.375,5.0,0.5,0.275,0.47,0.0,0.680288
1.375,5.0,0.75,0.275,0.47,0.0,0.682898
1.375,5.0,1.0,0.275,0.47,0.0,0.6843539999999999
1.375,5.0,1.25,0.275,0.47,0.0,0.6855519999999999
1.375,5.0,1.5,0.275,0.47,0.0,0.6861220000000001
1.375,5.0,2.0,0.275,0.47,0.0,0.6868759999999999
1.4375,5.0,0.0,0.275,0.47,0.0,0.7067100000000001
1.4375,5.0,0.25,0.275,0.47,0.0,0.7118399999999999
1.4375,5.0,0.5,0.275,0.47,0.0,0.7149460000000001
1.4375,5.0,0.75,0.275,0.47,0.0,0.7176500000000001
1.4375,5.0,1.0,0.275,0.47,0.0,0.719248
1.4375,5.0,1.25,0.275,0.47,0.0,0.7198260000000001
1.4375,5.0,1.5,0.275,0.47,0.0,0.720446
1.4375,5.0,2.0,0.275,0.47,0.0,0.7210079999999999
1.5,5.0,0.0,0.275,0.47,0.0,0.73587
1.5,5.0,0.25,0.275,0.47,0.0,0.740342
1.5,5.0,0.5,0.275,0.47,0.0,0.7430740000000001
1.5,5.0,0.75,0.275,0.47,0.0,0.74521
1.5,5.0,1.0,0.275,0.47,0.0,0.746532
1.5,5.0,1.25,0.275,0.47,0.0,0.747758
1.5,5.0,1.5,0.275,0.47,0.0,0.7478619999999999
1.5,5.0,2.0,0.275,0.47,0.0,0.748484
1.75,5.0,0.0,0.275,0.47,0.0,0.831818
1.75,5.0,0.25,0.275,0.47,0.0,0.833952
1.75,5.0,0.5,0.275,0.47,0.0,0.8353799999999999
1.75,5.0,0.75,0.275,0.47,0.0,0.83675
1.75,5.0,1.0,0.275,0.47,0.0,0.837462
1.75,5.0,1.25,0.275,0.47,0.0,0.8379639999999999
1.75,5.0,1.5,0.275,0.47,0.0,0.8382539999999999
1.75,5.0,2.0,0.275,0.47,0.0,0.838296
1.125,5.5,0.0,0.275,0.47,0.342,0.519958
1.125,5.5,0.25,0.275,0.47,0.318,0.5244560000000001
1.125,5.5,0.5,0.275,0.47,0.298,0.527282
1.125,5.5,0.75,0.275,0.47,0.29,0.5291
1.125,5.5,1.0,0.275,0.47,0.286,0.530872
1.125,5.5,1.25,0.275,0.47,0.282,0.5317459999999999
1.125,5.5,1.5,0.275,0.47,0.28,0.532492
1.125,5.5,2.0,0.275,0.47,0.262,0.5332959999999999
1.25,5.5,0.0,0.275,0.47,0.046,0.6045139999999999
1.25,5.5,0.25,0.275,0.47,0.04,0.6085139999999999
1.25,5.5,0.5,0.275,0.47,0.036,0.6114200000000001
1.25,5.5,0.75,0.275,0.47,0.036,0.613824
1.25,5.5,1.0,0.275,0.47,0.032,0.6148579999999999
1.25,5.5,1.25,0.275,0.47,0.032,0.616042
1.25,5.5,1.5,0.275,0.47,0.03,0.6171279999999999
1.25,5.5,2.0,0.275,0.47,0.036,0.617306
1.3125,5.5,0.0,0.275,0.47,0.006,0.6498619999999999
1.3125,5.5,0.25,0.275,0.47,0.006,0.6540779999999999
1.3125,5.5,0.5,0.275,0.47,0.004,0.656982
1.3125,5.5,0.75,0.275,0.47,0.004,0.658998
1.3125,5.5,1.0,0.275,0.47,0.004,0.6603420000000001
1.3125,5.5,1.25,0.275,0.47,0.004,0.661008
1.3125,5.5,1.5,0.275,0.47,0.004,0.6616600000000001
1.3125,5.5,2.0,0.275,0.47,0.004,0.662802
1.375,5.5,0.0,0.275,0.47,0.0,0.6842919999999999
1.375,5.5,0.25,0.275,0.47,0.0,0.688232
1.375,5.5,0.5,0.275,0.47,0.0,0.690666
1.375,5.5,0.75,0.275,0.47,0.0,0.692396
1.375,5.5,1.0,0.275,0.47,0.0,0.6937660000000001
1.375,5.5,1.25,0.275,0.47,0.0,0.693898
1.375,5.5,1.5,0.275,0.47,0.0,0.694944
1.375,5.5,2.0,0.275,0.47,0.0,0.695472
1.4375,5.5,0.0,0.275,0.47,0.0,0.719566
1.4375,5.5,0.25,0.275,0.47,0.0,0.723116
1.4375,5.5,0.5,0.275,0.47,0.0,0.725138
1.4375,5.5,0.75,0.275,0.47,0.0,0.7267459999999999
1.4375,5.5,1.0,0.275,0.47,0.0,0.728122
1.4375,5.5,1.25,0.275,0.47,0.0,0.728778
1.4375,5.5,1.5,0.275,0.47,0.0,0.728618
1.4375,5.5,2.0,0.275,0.47,0.0,0.729472
1.5,5.5,0.0,0.275,0.47,0.0,0.747316
1.5,5.5,0.25,0.275,0.47,0.0,0.7502300000000001
1.5,5.5,0.5,0.275,0.47,0.0,0.751822
1.5,5.5,0.75,0.275,0.47,0.0,0.753396
1.5,5.5,1.0,0.275,0.47,0.0,0.754222
1.5,5.5,1.25,0.275,0.47,0.0,0.754952
1.5,5.5,1.5,0.275,0.47,0.0,0.7552380000000001
1.5,5.5,2.0,0.275,0.47,0.0,0.756242
1.75,5.5,0.0,0.275,0.47,0.0,0.838216
1.75,5.5,0.25,0.275,0.47,0.0,0.83933
1.75,5.5,0.5,0.275,0.47,0.0,0.840314
1.75,5.5,0.75,0.275,0.47,0.0,0.840858
1.75,5.5,1.0,0.275,0.47,0.0,0.841298
1.75,5.5,1.25,0.275,0.47,0.0,0.8416439999999998
1.75,5.5,1.5,0.275,0.47,0.0,0.841992
1.75,5.5,2.0,0.275,0.47,0.0,0.842106
1.125,6.0,0.0,0.275,0.47,0.29,0.5303439999999999
1.125,6.0,0.25,0.275,0.47,0.272,0.5335939999999999
1.125,6.0,0.5,0.275,0.47,0.262,0.535496
1.125,6.0,0.75,0.275,0.47,0.262,0.537162
1.125,6.0,1.0,0.275,0.47,0.246,0.538308
1.125,6.0,1.25,0.275,0.47,0.242,0.538716
1.125,6.0,1.5,0.275,0.47,0.25,0.5393519999999999
1.125,6.0,2.0,0.275,0.47,0.236,0.5402239999999999
1.25,6.0,0.0,0.275,0.47,0.034,0.6155440000000001
1.25,6.0,0.25,0.275,0.47,0.028,0.61881
1.25,6.0,0.5,0.275,0.47,0.03,0.620736
1.25,6.0,0.75,0.275,0.47,0.026,0.622562
1.25,6.0,1.0,0.275,0.47,0.026,0.623586
1.25,6.0,1.25,0.275,0.47,0.026,0.624306
1.25,6.0,1.5,0.275,0.47,0.026,0.62476
1.25,6.0,2.0,0.275,0.47,0.026,0.62567
1.3125,6.0,0.0,0.275,0.47,0.004,0.66074
1.3125,6.0,0.25,0.275,0.47,0.004,0.663916
1.3125,6.0,0.5,0.275,0.47,0.004,0.665982
1.3125,6.0,0.75,0.275,0.47,0.004,0.667074
1.3125,6.0,1.0,0.275,0.47,0.004,0.667976
1.3125,6.0,1.25,0.275,0.47,0.004,0.668922
1.3125,6.0,1.5,0.275,0.47,0.004,0.6692619999999999
1.3125,6.0,2.0,0.275,0.47,0.004,0.67031
1.375,6.0,0.0,0.275,0.47,0.0,0.6941099999999999
1.375,6.0,0.25,0.275,0.47,0.0,0.69663
1.375,6.0,0.5,0.275,0.47,0.0,0.698282
1.375,6.0,0.75,0.275,0.47,0.0,0.69954
1.375,6.0,1.0,0.275,0.47,0.0,0.700546
1.375,6.0,1.25,0.275,0.47,0.0,0.7010219999999999
1.375,6.0,1.5,0.275,0.47,0.0,0.7016720000000001
1.375,6.0,2.0,0.275,0.47,0.0,0.701838
1.4375,6.0,0.0,0.275,0.47,0.0,0.728712
1.4375,6.0,0.25,0.275,0.47,0.0,0.731186
1.4375,6.0,0.5,0.275,0.47,0.0,0.73245
1.4375,6.0,0.75,0.275,0.47,0.0,0.733442
1.4375,6.0,1.0,0.275,0.47,0.0,0.734368
1.4375,6.0,1.25,0.275,0.47,0.0,0.73505
1.4375,6.0,1.5,0.275,0.47,0.0,0.735628
1.4375,6.0,2.0,0.275,0.47,0.0,0.735738
1.5,6.0,0.0,0.275,0.47,0.0,0.7553600000000001
1.5,6.0,0.25,0.275,0.47,0.0,0.757466
1.5,6.0,0.5,0.275,0.47,0.0,0.7586759999999999
1.5,6.0,0.75,0.275,0.47,0.0,0.7593880000000001
1.5,6.0,1.0,0.275,0.47,0.0,0.760068
1.5,6.0,1.25,0.275,0.47,0.0,0.7607419999999999
1.5,6.0,1.5,0.275,0.47,0.0,0.760652
1.5,6.0,2.0,0.275,0.47,0.0,0.7613520000000001
1.75,6.0,0.0,0.275,0.47,0.0,0.8422
1.75,6.0,0.25,0.275,0.47,0.0,0.842926
1.75,6.0,0.5,0.275,0.47,0.0,0.843464
1.75,6.0,0.75,0.275,0.47,0.0,0.84389
1.75,6.0,1.0,0.275,0.47,0.0,0.8441
1.75,6.0,1.25,0.275,0.47,0.0,0.8443820000000001
1.75,6.0,1.5,0.275,0.47,0.0,0.844436
1.75,6.0,2.0,0.275,0.47,0.0,0.84456
1.125,2.5,0.0,0.5,0.305,0.968,0.380324
1.125,2.5,0.25,0.5,0.305,0.932,0.420118
1.125,2.5,0.5,0.5,0.305,0.848,0.442928
1.125,2.5,0.75,0.5,0.305,0.782,0.456348
1.125,2.5,1.0,0.5,0.305,0.736,0.464442
1.125,2.5,1.25,0.5,0.305,0.686,0.468518
1.125,2.5,1.5,0.5,0.305,0.67,0.471154
1.125,2.5,2.0,0.5,0.305,0.702,0.4679379999999999
1.25,2.5,0.0,0.5,0.305,0.698,0.460202
1.25,2.5,0.25,0.5,0.305,0.458,0.504716
1.25,2.5,0.5,0.5,0.305,0.308,0.527448
1.25,2.5,0.75,0.5,0.305,0.272,0.5361079999999999
1.25,2.5,1.0,0.5,0.305,0.216,0.543326
1.25,2.5,1.25,0.5,0.305,0.216,0.5475260000000001
1.25,2.5,1.5,0.5,0.305,0.208,0.5500499999999999
1.25,2.5,2.0,0.5,0.305,0.23,0.5489100000000001
1.3125,2.5,0.0,0.5,0.305,0.438,0.506506
1.3125,2.5,0.25,0.5,0.305,0.21,0.547442
1.3125,2.5,0.5,0.5,0.305,0.136,0.5679679999999999
1.3125,2.5,0.75,0.5,0.305,0.092,0.580172
1.3125,2.5,1.0,0.5,0.305,0.078,0.5863619999999999
1.3125,2.5,1.25,0.5,0.305,0.054,0.588938
1.3125,2.5,1.5,0.5,0.305,0.056,0.59091
1.3125,2.5,2.0,0.5,0.305,0.072,0.589418
1.375,2.5,0.0,0.5,0.305,0.228,0.54663
1.375,2.5,0.25,0.5,0.305,0.074,0.5859260000000001
1.375,2.5,0.5,0.5,0.305,0.032,0.60684
1.375,2.5,0.75,0.5,0.305,0.024,0.616174
1.375,2.5,1.0,0.5,0.305,0.018,0.621394
1.375,2.5,1.25,0.5,0.305,0.008,0.624166
1.375,2.5,1.5,0.5,0.305,0.022,0.6255080000000001
1.375,2.5,2.0,0.5,0.305,0.018,0.625364
1.4375,2.5,0.0,0.5,0.305,0.07,0.5851959999999999
1.4375,2.5,0.25,0.5,0.305,0.024,0.620316
1.4375,2.5,0.5,0.5,0.305,0.004,0.64127
1.4375,2.5,0.75,0.5,0.305,0.002,0.650258
1.4375,2.5,1.0,0.5,0.305,0.004,0.656464
1.4375,2.5,1.25,0.5,0.305,0.002,0.65698
1.4375,2.5,1.5,0.5,0.305,0.004,0.659288
1.4375,2.5,2.0,0.5,0.305,0.004,0.6610560000000001
1.5,2.5,0.0,0.5,0.305,0.026,0.621316
1.5,2.5,0.25,0.5,0.305,0.006,0.656512
1.5,2.5,0.5,0.5,0.305,0.002,0.673834
1.5,2.5,0.75,0.5,0.305,0.0,0.6802619999999999
1.5,2.5,1.0,0.5,0.305,0.0,0.683844
1.5,2.5,1.25,0.5,0.305,0.0,0.6888900000000001
1.5,2.5,1.5,0.5,0.305,0.0,0.6898920000000001
1.5,2.5,2.0,0.5,0.305,0.002,0.691546
1.75,2.5,0.0,0.5,0.305,0.0,0.743954
1.75,2.5,0.25,0.5,0.305,0.0,0.76723
1.75,2.5,0.5,0.5,0.305,0.0,0.780976
1.75,2.5,0.75,0.5,0.305,0.0,0.7858780000000001
1.75,2.5,1.0,0.5,0.305,0.0,0.7886040000000001
1.75,2.5,1.25,0.5,0.305,0.0,0.789846
1.75,2.5,1.5,0.5,0.305,0.0,0.7923579999999999
1.75,2.5,2.0,0.5,0.305,0.0,0.791888
1.125,3.0,0.0,0.5,0.305,0.946,0.4129379999999999
1.125,3.0,0.25,0.5,0.305,0.832,0.4456299999999999
1.125,3.0,0.5,0.5,0.305,0.732,0.4644979999999999
1.125,3.0,0.75,0.5,0.305,0.65,0.47644
1.125,3.0,1.0,0.5,0.305,0.604,0.483182
1.125,3.0,1.25,0.5,0.305,0.576,0.488402
1.125,3.0,1.5,0.5,0.305,0.564,0.490234
1.125,3.0,2.0,0.5,0.305,0.532,0.491672
1.25,3.0,0.0,0.5,0.305,0.528,0.494476
1.25,3.0,0.25,0.5,0.305,0.304,0.530634
1.25,3.0,0.5,0.5,0.305,0.2,0.5496939999999999
1.25,3.0,0.75,0.5,0.305,0.158,0.5603239999999999
1.25,3.0,1.0,0.5,0.305,0.12,0.567356
1.25,3.0,1.25,0.5,0.305,0.136,0.569836
1.25,3.0,1.5,0.5,0.305,0.114,0.571076
1.25,3.0,2.0,0.5,0.305,0.104,0.574564
1.3125,3.0,0.0,0.5,0.305,0.254,0.540898
1.3125,3.0,0.25,0.5,0.305,0.106,0.575642
1.3125,3.0,0.5,0.5,0.305,0.058,0.5950680000000002
1.3125,3.0,0.75,0.5,0.305,0.048,0.6056300000000001
1.3125,3.0,1.0,0.5,0.305,0.038,0.6107400000000001
1.3125,3.0,1.25,0.5,0.305,0.03,0.615116
1.3125,3.0,1.5,0.5,0.305,0.024,0.614348
1.3125,3.0,2.0,0.5,0.305,0.036,0.6143040000000001
1.375,3.0,0.0,0.5,0.305,0.102,0.5803440000000001
1.375,3.0,0.25,0.5,0.305,0.032,0.615604
1.375,3.0,0.5,0.5,0.305,0.012,0.631278
1.375,3.0,0.75,0.5,0.305,0.01,0.640088
1.375,3.0,1.0,0.5,0.305,0.008,0.645608
1.375,3.0,1.25,0.5,0.305,0.006,0.648698
1.375,3.0,1.5,0.5,0.305,0.004,0.648778
1.375,3.0,2.0,0.5,0.305,0.002,0.6504300000000001
1.4375,3.0,0.0,0.5,0.305,0.03,0.6194580000000001
1.4375,3.0,0.25,0.5,0.305,0.004,0.652462
1.4375,3.0,0.5,0.5,0.305,0.002,0.666424
1.4375,3.0,0.75,0.5,0.305,0.002,0.67493
1.4375,3.0,1.0,0.5,0.305,0.0,0.679704
1.4375,3.0,1.25,0.5,0.305,0.0,0.681812
1.4375,3.0,1.5,0.5,0.305,0.002,0.6838679999999999
1.4375,3.0,2.0,0.5,0.305,0.0,0.6853100000000001
1.5,3.0,0.0,0.5,0.305,0.006,0.654256
1.5,3.0,0.25,0.5,0.305,0.0,0.683586
1.5,3.0,0.5,0.5,0.305,0.0,0.697884
1.5,3.0,0.75,0.5,0.305,0.0,0.705478
1.5,3.0,1.0,0.5,0.305,0.0,0.709806
1.5,3.0,1.25,0.5,0.305,0.0,0.7102
1.5,3.0,1.5,0.5,0.305,0.0,0.7117180000000001
1.5,3.0,2.0,0.5,0.305,0.0,0.7140219999999999
1.75,3.0,0.0,0.5,0.305,0.0,0.7733240000000001
1.75,3.0,0.25,0.5,0.305,0.0,0.79139
1.75,3.0,0.5,0.5,0.305,0.0,0.8017880000000001
1.75,3.0,0.75,0.5,0.305,0.0,0.805658
1.75,3.0,1.0,0.5,0.305,0.0,0.807924
1.75,3.0,1.25,0.5,0.305,0.0,0.809002
1.75,3.0,1.5,0.5,0.305,0.0,0.810026
1.75,3.0,2.0,0.5,0.305,0.0,0.811374
1.125,3.5,0.0,0.5,0.305,0.864,0.442708
1.125,3.5,0.25,0.5,0.305,0.73,0.468474
1.125,3.5,0.5,0.5,0.305,0.61,0.484326
1.125,3.5,0.75,0.5,0.305,0.538,0.493692
1.125,3.5,1.0,0.5,0.305,0.454,0.501378
1.125,3.5,1.25,0.5,0.305,0.458,0.505652
1.125,3.5,1.5,0.5,0.305,0.442,0.5068919999999999
1.125,3.5,2.0,0.5,0.305,0.42,0.509332
1.25,3.5,0.0,0.5,0.305,0.346,0.52346
1.25,3.5,0.25,0.5,0.305,0.196,0.552202
1.25,3.5,0.5,0.5,0.305,0.13,0.5688820000000001
1.25,3.5,0.75,0.5,0.305,0.108,0.5794499999999999
1.25,3.5,1.0,0.5,0.305,0.088,0.585876
1.25,3.5,1.25,0.5,0.305,0.078,0.58827
1.25,3.5,1.5,0.5,0.305,0.07,0.590946
1.25,3.5,2.0,0.5,0.305,0.066,0.592218
1.3125,3.5,0.0,0.5,0.305,0.128,0.5687300000000001
1.3125,3.5,0.25,0.5,0.305,0.064,0.597268
1.3125,3.5,0.5,0.5,0.305,0.038,0.6136320000000001
1.3125,3.5,0.75,0.5,0.305,0.026,0.621556
1.3125,3.5,1.0,0.5,0.305,0.022,0.628658
1.3125,3.5,1.25,0.5,0.305,0.016,0.632042
1.3125,3.5,1.5,0.5,0.305,0.022,0.632796
1.3125,3.5,2.0,0.5,0.305,0.022,0.635346
1.375,3.5,0.0,0.5,0.305,0.046,0.6086020000000001
1.375,3.5,0.25,0.5,0.305,0.014,0.6376539999999999
1.375,3.5,0.5,0.5,0.305,0.006,0.6517200000000001
1.375,3.5,0.75,0.5,0.305,0.004,0.6613100000000001
1.375,3.5,1.0,0.5,0.305,0.004,0.6640260000000001
1.375,3.5,1.25,0.5,0.305,0.004,0.667208
1.375,3.5,1.5,0.5,0.305,0.0,0.6682039999999999
1.375,3.5,2.0,0.5,0.305,0.0,0.6698019999999999
1.4375,3.5,0.0,0.5,0.305,0.004,0.647476
1.4375,3.5,0.25,0.5,0.305,0.002,0.673376
1.4375,3.5,0.5,0.5,0.305,0.0,0.68648
1.4375,3.5,0.75,0.5,0.305,0.0,0.6941459999999999
1.4375,3.5,1.0,0.5,0.305,0.0,0.697586
1.4375,3.5,1.25,0.5,0.305,0.0,0.7002320000000001
1.4375,3.5,1.5,0.5,0.305,0.0,0.700684
1.4375,3.5,2.0,0.5,0.305,0.0,0.701654
1.5,3.5,0.0,0.5,0.305,0.002,0.681406
1.5,3.5,0.25,0.5,0.305,0.0,0.704454
1.5,3.5,0.5,0.5,0.305,0.0,0.7172580000000001
1.5,3.5,0.75,0.5,0.305,0.0,0.724422
1.5,3.5,1.0,0.5,0.305,0.0,0.72821
1.5,3.5,1.25,0.5,0.305,0.0,0.729292
1.5,3.5,1.5,0.5,0.305,0.0,0.730468
1.5,3.5,2.0,0.5,0.305,0.0,0.7310979999999999
1.75,3.5,0.0,0.5,0.305,0.0,0.794224
1.75,3.5,0.25,0.5,0.305,0.0,0.8088800000000002
1.75,3.5,0.5,0.5,0.305,0.0,0.817028
1.75,3.5,0.75,0.5,0.305,0.0,0.820498
1.75,3.5,1.0,0.5,0.305,0.0,0.823364
1.75,3.5,1.25,0.5,0.305,0.0,0.823338
1.75,3.5,1.5,0.5,0.305,0.0,0.824904
1.75,3.5,2.0,0.5,0.305,0.0,0.825316
1.125,4.0,0.0,0.5,0.305,0.738,0.468276
1.125,4.0,0.25,0.5,0.305,0.584,0.48697
1.125,4.0,0.5,0.5,0.305,0.5,0.499396
1.125,4.0,0.75,0.5,0.305,0.422,0.507896
1.125,4.0,1.0,0.5,0.305,0.382,0.5141760000000001
1.125,4.0,1.25,0.5,0.305,0.376,0.516798
1.125,4.0,1.5,0.5,0.305,0.348,0.5187360000000001
1.125,4.0,2.0,0.5,0.305,0.334,0.5222899999999999
1.25,4.0,0.0,0.5,0.305,0.196,0.549586
1.25,4.0,0.25,0.5,0.305,0.134,0.571618
1.25,4.0,0.5,0.5,0.305,0.098,0.584422
1.25,4.0,0.75,0.5,0.305,0.086,0.5933740000000001
1.25,4.0,1.0,0.5,0.305,0.064,0.5975199999999999
1.25,4.0,1.25,0.5,0.305,0.058,0.600998
1.25,4.0,1.5,0.5,0.305,0.046,0.603584
1.25,4.0,2.0,0.5,0.305,0.042,0.603604
1.3125,4.0,0.0,0.5,0.305,0.06,0.5943539999999999
1.3125,4.0,0.25,0.5,0.305,0.034,0.6176820000000001
1.3125,4.0,0.5,0.5,0.305,0.02,0.630798
1.3125,4.0,0.75,0.5,0.305,0.016,0.6399079999999999
1.3125,4.0,1.0,0.5,0.305,0.014,0.6443600000000002
1.3125,4.0,1.25,0.5,0.305,0.01,0.647594
1.3125,4.0,1.5,0.5,0.305,0.01,0.6484719999999999
1.3125,4.0,2.0,0.5,0.305,0.01,0.6487059999999999
1.375,4.0,0.0,0.5,0.305,0.014,0.632356
1.375,4.0,0.25,0.5,0.305,0.008,0.653716
1.375,4.0,0.5,0.5,0.305,0.004,0.6664
1.375,4.0,0.75,0.5,0.305,0.0,0.673874
1.375,4.0,1.0,0.5,0.305,0.0,0.6773519999999998
1.375,4.0,1.25,0.5,0.305,0.0,0.680816
1.375,4.0,1.5,0.5,0.305,0.0,0.681266
1.375,4.0,2.0,0.5,0.305,0.0,0.681186
1.4375,4.0,0.0,0.5,0.305,0.0,0.668986
1.4375,4.0,0.25,0.5,0.305,0.0,0.6898099999999999
1.4375,4.0,0.5,0.5,0.305,0.0,0.701178
1.4375,4.0,0.75,0.5,0.305,0.0,0.707788
1.4375,4.0,1.0,0.5,0.305,0.0,0.71078
1.4375,4.0,1.25,0.5,0.305,0.0,0.71321
1.4375,4.0,1.5,0.5,0.305,0.0,0.714564
1.4375,4.0,2.0,0.5,0.305,0.0,0.715956
1.5,4.0,0.0,0.5,0.305,0.0,0.7016779999999999
1.5,4.0,0.25,0.5,0.305,0.0,0.7205900000000001
1.5,4.0,0.5,0.5,0.305,0.0,0.731634
1.5,4.0,0.75,0.5,0.305,0.0,0.737072
1.5,4.0,1.0,0.5,0.305,0.0,0.7402219999999999
1.5,4.0,1.25,0.5,0.305,0.0,0.742028
1.5,4.0,1.5,0.5,0.305,0.0,0.7423759999999999
1.5,4.0,2.0,0.5,0.305,0.0,0.7433540000000001
1.75,4.0,0.0,0.5,0.305,0.0,0.808634
1.75,4.0,0.25,0.5,0.305,0.0,0.820318
1.75,4.0,0.5,0.5,0.305,0.0,0.8264940000000001
1.75,4.0,0.75,0.5,0.305,0.0,0.82999
1.75,4.0,1.0,0.5,0.305,0.0,0.831392
1.75,4.0,1.25,0.5,0.305,0.0,0.8322200000000001
1.75,4.0,1.5,0.5,0.305,0.0,0.8330360000000001
1.75,4.0,2.0,0.5,0.305,0.0,0.8331859999999999
1.125,4.5,0.0,0.5,0.305,0.568,0.4895299999999999
1.125,4.5,0.25,0.5,0.305,0.478,0.503474
1.125,4.5,0.5,0.5,0.305,0.376,0.5131100000000001
1.125,4.5,0.75,0.5,0.305,0.338,0.519022
1.125,4.5,1.0,0.5,0.305,0.318,0.523726
1.125,4.5,1.25,0.5,0.305,0.302,0.5266200000000001
1.125,4.5,1.5,0.5,0.305,0.288,0.528866
1.125,4.5,2.0,0.5,0.305,0.256,0.5310920000000001
1.25,4.5,0.0,0.5,0.305,0.12,0.5727620000000001
1.25,4.5,0.25,0.5,0.305,0.076,0.587918
1.25,4.5,0.5,0.5,0.305,0.068,0.5989
1.25,4.5,0.75,0.5,0.305,0.05,0.6053620000000001
1.25,4.5,1.0,0.5,0.305,0.048,0.6098600000000002
1.25,4.5,1.25,0.5,0.305,0.046,0.612212
1.25,4.5,1.5,0.5,0.305,0.032,0.6145
1.25,4.5,2.0,0.5,0.305,0.03,0.6173299999999999
1.3125,4.5,0.0,0.5,0.305,0.03,0.61726
1.3125,4.5,0.25,0.5,0.305,0.012,0.633462
1.3125,4.5,0.5,0.5,0.305,0.014,0.643576
1.3125,4.5,0.75,0.5,0.305,0.012,0.650748
1.3125,4.5,1.0,0.5,0.305,0.008,0.6542279999999999
1.3125,4.5,1.25,0.5,0.305,0.006,0.6567719999999999
1.3125,4.5,1.5,0.5,0.305,0.004,0.658464
1.3125,4.5,2.0,0.5,0.305,0.006,0.659038
1.375,4.5,0.0,0.5,0.305,0.002,0.653624
1.375,4.5,0.25,0.5,0.305,0.002,0.668846
1.375,4.5,0.5,0.5,0.305,0.002,0.6784680000000001
1.375,4.5,0.75,0.5,0.305,0.0,0.683894
1.375,4.5,1.0,0.5,0.305,0.0,0.6892079999999999
1.375,4.5,1.25,0.5,0.305,0.0,0.6901099999999999
1.375,4.5,1.5,0.5,0.305,0.0,0.691384
1.375,4.5,2.0,0.5,0.305,0.0,0.692346
1.4375,4.5,0.0,0.5,0.305,0.0,0.68996
1.4375,4.5,0.25,0.5,0.305,0.0,0.703874
1.4375,4.5,0.5,0.5,0.305,0.0,0.713828
1.4375,4.5,0.75,0.5,0.305,0.0,0.71803
1.4375,4.5,1.0,0.5,0.305,0.0,0.72203
1.4375,4.5,1.25,0.5,0.305,0.0,0.724286
1.4375,4.5,1.5,0.5,0.305,0.0,0.7251259999999999
1.4375,4.5,2.0,0.5,0.305,0.0,0.7263379999999999
1.5,4.5,0.0,0.5,0.305,0.0,0.719994
1.5,4.5,0.25,0.5,0.305,0.0,0.7325060000000001
1.5,4.5,0.5,0.5,0.305,0.0,0.740876
1.5,4.5,0.75,0.5,0.305,0.0,0.74576
1.5,4.5,1.0,0.5,0.305,0.0,0.747884
1.5,4.5,1.25,0.5,0.305,0.0,0.750146
1.5,4.5,1.5,0.5,0.305,0.0,0.751058
1.5,4.5,2.0,0.5,0.305,0.0,0.752426
1.75,4.5,0.0,0.5,0.305,0.0,0.821946
1.75,4.5,0.25,0.5,0.305,0.0,0.8285119999999999
1.75,4.5,0.5,0.5,0.305,0.0,0.833076
1.75,4.5,0.75,0.5,0.305,0.0,0.83596
1.75,4.5,1.0,0.5,0.305,0.0,0.8369939999999999
1.75,4.5,1.25,0.5,0.305,0.0,0.838486
1.75,4.5,1.5,0.5,0.305,0.0,0.8387279999999999
1.75,4.5,2.0,0.5,0.305,0.0,0.8391179999999999
1.125,5.0,0.0,0.5,0.305,0.436,0.506448
1.125,5.0,0.25,0.5,0.305,0.358,0.516712
1.125,5.0,0.5,0.5,0.305,0.302,0.523732
1.125,5.0,0.75,0.5,0.305,0.292,0.52876
1.125,5.0,1.0,0.5,0.305,0.272,0.531388
1.125,5.0,1.25,0.5,0.305,0.252,0.534362
1.125,5.0,1.5,0.5,0.305,0.246,0.536134
1.125,5.0,2.0,0.5,0.305,0.24,0.539134
1.25,5.0,0.0,0.5,0.305,0.072,0.590642
1.25,5.0,0.25,0.5,0.305,0.05,0.60099
1.25,5.0,0.5,0.5,0.305,0.04,0.609082
1.25,5.0,0.75,0.5,0.305,0.036,0.6135020000000001
1.25,5.0,1.0,0.5,0.305,0.03,0.616548
1.25,5.0,1.25,0.5,0.305,0.024,0.619942
1.25,5.0,1.5,0.5,0.305,0.026,0.6211800000000001
1.25,5.0,2.0,0.5,0.305,0.024,0.623668
1.3125,5.0,0.0,0.5,0.305,0.014,0.6356539999999999
1.3125,5.0,0.25,0.5,0.305,0.008,0.646476
1.3125,5.0,0.5,0.5,0.305,0.006,0.653064
1.3125,5.0,0.75,0.5,0.305,0.006,0.6593060000000001
1.3125,5.0,1.0,0.5,0.305,0.004,0.6611600000000001
1.3125,5.0,1.25,0.5,0.305,0.006,0.6649839999999999
1.3125,5.0,1.5,0.5,0.305,0.004,0.665876
1.3125,5.0,2.0,0.5,0.305,0.006,0.667468
1.375,5.0,0.0,0.5,0.305,0.002,0.6710659999999999
1.375,5.0,0.25,0.5,0.305,0.0,0.68082
1.375,5.0,0.5,0.5,0.305,0.0,0.6871079999999999
1.375,5.0,0.75,0.5,0.305,0.0,0.692182
1.375,5.0,1.0,0.5,0.305,0.0,0.6947440000000001
1.375,5.0,1.25,0.5,0.305,0.0,0.697658
1.375,5.0,1.5,0.5,0.305,0.0,0.699546
1.375,5.0,2.0,0.5,0.305,0.0,0.699736
1.4375,5.0,0.0,0.5,0.305,0.0,0.706722
1.4375,5.0,0.25,0.5,0.305,0.0,0.7156959999999999
1.4375,5.0,0.5,0.5,0.305,0.0,0.721632
1.4375,5.0,0.75,0.5,0.305,0.0,0.725788
1.4375,5.0,1.0,0.5,0.305,0.0,0.729178
1.4375,5.0,1.25,0.5,0.305,0.0,0.730182
1.4375,5.0,1.5,0.5,0.305,0.0,0.7316180000000001
1.4375,5.0,2.0,0.5,0.305,0.0,0.733
1.5,5.0,0.0,0.5,0.305,0.0,0.7358299999999999
1.5,5.0,0.25,0.5,0.305,0.0,0.743358
1.5,5.0,0.5,0.5,0.305,0.0,0.7487360000000001
1.5,5.0,0.75,0.5,0.305,0.0,0.75249
1.5,5.0,1.0,0.5,0.305,0.0,0.75473
1.5,5.0,1.25,0.5,0.305,0.0,0.7564740000000001
1.5,5.0,1.5,0.5,0.305,0.0,0.757976
1.5,5.0,2.0,0.5,0.305,0.0,0.7584979999999999
1.75,5.0,0.0,0.5,0.305,0.0,0.831812
1.75,5.0,0.25,0.5,0.305,0.0,0.8354879999999999
1.75,5.0,0.5,0.5,0.305,0.0,0.837978
1.75,5.0,0.75,0.5,0.305,0.0,0.840168
1.75,5.0,1.0,0.5,0.305,0.0,0.84172
1.75,5.0,1.25,0.5,0.305,0.0,0.8423860000000001
1.75,5.0,1.5,0.5,0.305,0.0,0.84246
1.75,5.0,2.0,0.5,0.305,0.0,0.842692
1.125,5.5,0.0,0.5,0.305,0.342,0.519958
1.125,5.5,0.25,0.5,0.305,0.308,0.527452
1.125,5.5,0.5,0.5,0.305,0.274,0.5327459999999999
1.125,5.5,0.75,0.5,0.305,0.254,0.536688
1.125,5.5,1.0,0.5,0.305,0.248,0.5393
1.125,5.5,1.25,0.5,0.305,0.236,0.540632
1.125,5.5,1.5,0.5,0.305,0.232,0.54175
1.125,5.5,2.0,0.5,0.305,0.216,0.544526
1.25,5.5,0.0,0.5,0.305,0.046,0.6045139999999999
1.25,5.5,0.25,0.5,0.305,0.04,0.6117940000000001
1.25,5.5,0.5,0.5,0.305,0.036,0.616836
1.25,5.5,0.75,0.5,0.305,0.028,0.620498
1.25,5.5,1.0,0.5,0.305,0.028,0.6238879999999999
1.25,5.5,1.25,0.5,0.305,0.02,0.6252719999999999
1.25,5.5,1.5,0.5,0.305,0.024,0.6255799999999999
1.25,5.5,2.0,0.5,0.305,0.028,0.628526
1.3125,5.5,0.0,0.5,0.305,0.006,0.6498619999999999
1.3125,5.5,0.25,0.5,0.305,0.006,0.65727
1.3125,5.5,0.5,0.5,0.305,0.004,0.66185
1.3125,5.5,0.75,0.5,0.305,0.004,0.665088
1.3125,5.5,1.0,0.5,0.305,0.004,0.668172
1.3125,5.5,1.25,0.5,0.305,0.004,0.669818
1.3125,5.5,1.5,0.5,0.305,0.004,0.6706400000000001
1.3125,5.5,2.0,0.5,0.305,0.006,0.673462
1.375,5.5,0.0,0.5,0.305,0.0,0.6842919999999999
1.375,5.5,0.25,0.5,0.305,0.0,0.690894
1.375,5.5,0.5,0.5,0.305,0.0,0.695592
1.375,5.5,0.75,0.5,0.305,0.0,0.697342
1.375,5.5,1.0,0.5,0.305,0.0,0.700748
1.375,5.5,1.25,0.5,0.305,0.0,0.70205
1.375,5.5,1.5,0.5,0.305,0.0,0.703612
1.375,5.5,2.0,0.5,0.305,0.0,0.7048840000000001
1.4375,5.5,0.0,0.5,0.305,0.0,0.719566
1.4375,5.5,0.25,0.5,0.305,0.0,0.7253899999999999
1.4375,5.5,0.5,0.5,0.305,0.0,0.729348
1.4375,5.5,0.75,0.5,0.305,0.0,0.732052
1.4375,5.5,1.0,0.5,0.305,0.0,0.7343379999999999
1.4375,5.5,1.25,0.5,0.305,0.0,0.7353879999999999
1.4375,5.5,1.5,0.5,0.305,0.0,0.7362259999999999
1.4375,5.5,2.0,0.5,0.305,0.0,0.7373379999999999
1.5,5.5,0.0,0.5,0.305,0.0,0.747298
1.5,5.5,0.25,0.5,0.305,0.0,0.75221
1.5,5.5,0.5,0.5,0.305,0.0,0.7555619999999998
1.5,5.5,0.75,0.5,0.305,0.0,0.757966
1.5,5.5,1.0,0.5,0.305,0.0,0.7595340000000002
1.5,5.5,1.25,0.5,0.305,0.0,0.7608039999999999
1.5,5.5,1.5,0.5,0.305,0.0,0.761846
1.5,5.5,2.0,0.5,0.305,0.0,0.7626000000000001
1.75,5.5,0.0,0.5,0.305,0.0,0.838216
1.75,5.5,0.25,0.5,0.305,0.0,0.8401620000000001
1.75,5.5,0.5,0.5,0.305,0.0,0.841902
1.75,5.5,0.75,0.5,0.305,0.0,0.8430519999999999
1.75,5.5,1.0,0.5,0.305,0.0,0.8437060000000001
1.75,5.5,1.25,0.5,0.305,0.0,0.84397
1.75,5.5,1.5,0.5,0.305,0.0,0.844478
1.75,5.5,2.0,0.5,0.305,0.0,0.8447319999999999
1.125,6.0,0.0,0.5,0.305,0.29,0.5303439999999999
1.125,6.0,0.25,0.5,0.305,0.258,0.536102
1.125,6.0,0.5,0.5,0.305,0.24,0.539578
1.125,6.0,0.75,0.5,0.305,0.234,0.5419560000000001
1.125,6.0,1.0,0.5,0.305,0.21,0.543948
1.125,6.0,1.25,0.5,0.305,0.202,0.54528
1.125,6.0,1.5,0.5,0.305,0.19,0.547074
1.125,6.0,2.0,0.5,0.305,0.2,0.5481600000000001
1.25,6.0,0.0,0.5,0.305,0.034,0.6155440000000001
1.25,6.0,0.25,0.5,0.305,0.026,0.6210979999999999
1.25,6.0,0.5,0.5,0.305,0.024,0.6253320000000001
1.25,6.0,0.75,0.5,0.305,0.02,0.6276479999999999
1.25,6.0,1.0,0.5,0.305,0.02,0.629554
1.25,6.0,1.25,0.5,0.305,0.022,0.630794
1.25,6.0,1.5,0.5,0.305,0.02,0.6323520000000001
1.25,6.0,2.0,0.5,0.305,0.016,0.633906
1.3125,6.0,0.0,0.5,0.305,0.004,0.66074
1.3125,6.0,0.25,0.5,0.305,0.004,0.666046
1.3125,6.0,0.5,0.5,0.305,0.004,0.66986
1.3125,6.0,0.75,0.5,0.305,0.004,0.672126
1.3125,6.0,1.0,0.5,0.305,0.004,0.672962
1.3125,6.0,1.25,0.5,0.305,0.004,0.6744220000000001
1.3125,6.0,1.5,0.5,0.305,0.004,0.675948
1.3125,6.0,2.0,0.5,0.305,0.004,0.678616
1.375,6.0,0.0,0.5,0.305,0.0,0.6941099999999999
1.375,6.0,0.25,0.5,0.305,0.0,0.69853
1.375,6.0,0.5,0.5,0.305,0.0,0.7018759999999999
1.375,6.0,0.75,0.5,0.305,0.0,0.7040719999999999
1.375,6.0,1.0,0.5,0.305,0.0,0.705136
1.375,6.0,1.25,0.5,0.305,0.0,0.706244
1.375,6.0,1.5,0.5,0.305,0.0,0.7072419999999999
1.375,6.0,2.0,0.5,0.305,0.0,0.70873
1.4375,6.0,0.0,0.5,0.305,0.0,0.728712
1.4375,6.0,0.25,0.5,0.305,0.0,0.7328060000000001
1.4375,6.0,0.5,0.5,0.305,0.0,0.735484
1.4375,6.0,0.75,0.5,0.305,0.0,0.7372420000000001
1.4375,6.0,1.0,0.5,0.305,0.0,0.73853
1.4375,6.0,1.25,0.5,0.305,0.0,0.73937
1.4375,6.0,1.5,0.5,0.305,0.0,0.73973
1.4375,6.0,2.0,0.5,0.305,0.0,0.7416860000000001
1.5,6.0,0.0,0.5,0.305,0.0,0.7553600000000001
1.5,6.0,0.25,0.5,0.305,0.0,0.7587280000000001
1.5,6.0,0.5,0.5,0.305,0.0,0.760858
1.5,6.0,0.75,0.5,0.305,0.0,0.7624460000000001
1.5,6.0,1.0,0.5,0.305,0.0,0.7634879999999999
1.5,6.0,1.25,0.5,0.305,0.0,0.7642659999999999
1.5,6.0,1.5,0.5,0.305,0.0,0.7649320000000001
1.5,6.0,2.0,0.5,0.305,0.0,0.766212
1.75,6.0,0.0,0.5,0.305,0.0,0.8422
1.75,6.0,0.25,0.5,0.305,0.0,0.8433519999999999
1.75,6.0,0.5,0.5,0.305,0.0,0.84437
1.75,6.0,0.75,0.5,0.305,0.0,0.8448340000000001
1.75,6.0,1.0,0.5,0.305,0.0,0.8455139999999999
1.75,6.0,1.25,0.5,0.305,0.0,0.845376
1.75,6.0,1.5,0.5,0.305,0.0,0.845882
1.75,6.0,2.0,0.5,0.305,0.0,0.846342
1.125,2.5,0.0,0.615,0.415,1.0,0.368048
1.125,2.5,0.25,0.615,0.415,0.972,0.396914
1.125,2.5,0.5,0.615,0.415,0.932,0.4159259999999999
1.125,2.5,0.75,0.615,0.415,0.908,0.426618
1.125,2.5,1.0,0.615,0.415,0.888,0.432912
1.125,2.5,1.25,0.615,0.415,0.882,0.435938
1.125,2.5,1.5,0.615,0.415,0.876,0.436154
1.125,2.5,2.0,0.615,0.415,0.898,0.432442
1.25,2.5,0.0,0.615,0.415,0.922,0.430274
1.25,2.5,0.25,0.615,0.415,0.69,0.470976
1.25,2.5,0.5,0.615,0.415,0.484,0.496114
1.25,2.5,0.75,0.615,0.415,0.446,0.507478
1.25,2.5,1.0,0.615,0.415,0.404,0.515592
1.25,2.5,1.25,0.615,0.415,0.376,0.5172640000000001
1.25,2.5,1.5,0.615,0.415,0.378,0.5145259999999999
1.25,2.5,2.0,0.615,0.415,0.448,0.506974
1.3125,2.5,0.0,0.615,0.415,0.762,0.466184
1.3125,2.5,0.25,0.615,0.415,0.422,0.511512
1.3125,2.5,0.5,0.615,0.415,0.238,0.5388599999999999
1.3125,2.5,0.75,0.615,0.415,0.19,0.5529019999999999
1.3125,2.5,1.0,0.615,0.415,0.144,0.558326
1.3125,2.5,1.25,0.615,0.415,0.152,0.561048
1.3125,2.5,1.5,0.615,0.415,0.152,0.559608
1.3125,2.5,2.0,0.615,0.415,0.184,0.5492859999999999
1.375,2.5,0.0,0.615,0.415,0.508,0.499198
1.375,2.5,0.25,0.615,0.415,0.212,0.5502539999999999
1.375,2.5,0.5,0.615,0.415,0.102,0.578194
1.375,2.5,0.75,0.615,0.415,0.068,0.592048
1.375,2.5,1.0,0.615,0.415,0.064,0.597926
1.375,2.5,1.25,0.615,0.415,0.06,0.6001799999999999
1.375,2.5,1.5,0.615,0.415,0.052,0.597158
1.375,2.5,2.0,0.615,0.415,0.068,0.583868
1.4375,2.5,0.0,0.615,0.415,0.266,0.531686
1.4375,2.5,0.25,0.615,0.415,0.062,0.584572
1.4375,2.5,0.5,0.615,0.415,0.028,0.613584
1.4375,2.5,0.75,0.615,0.415,0.02,0.6291880000000001
1.4375,2.5,1.0,0.615,0.415,0.02,0.635248
1.4375,2.5,1.25,0.615,0.415,0.008,0.638044
1.4375,2.5,1.5,0.615,0.415,0.016,0.633966
1.4375,2.5,2.0,0.615,0.415,0.016,0.619274
1.5,2.5,0.0,0.615,0.415,0.116,0.56698
1.5,2.5,0.25,0.615,0.415,0.016,0.6239340000000001
1.5,2.5,0.5,0.615,0.415,0.002,0.648486
1.5,2.5,0.75,0.615,0.415,0.004,0.66344
1.5,2.5,1.0,0.615,0.415,0.002,0.6702299999999999
1.5,2.5,1.25,0.615,0.415,0.002,0.67174
1.5,2.5,1.5,0.615,0.415,0.002,0.6686700000000001
1.5,2.5,2.0,0.615,0.415,0.004,0.6526179999999999
1.75,2.5,0.0,0.615,0.415,0.002,0.701452
1.75,2.5,0.25,0.615,0.415,0.0,0.7466499999999999
1.75,2.5,0.5,0.615,0.415,0.0,0.765402
1.75,2.5,0.75,0.615,0.415,0.0,0.775374
1.75,2.5,1.0,0.615,0.415,0.0,0.7807280000000001
1.75,2.5,1.25,0.615,0.415,0.0,0.7833620000000001
1.75,2.5,1.5,0.615,0.415,0.0,0.782504
1.75,2.5,2.0,0.615,0.415,0.0,0.76747
1.125,3.0,0.0,0.615,0.415,0.97,0.407836
1.125,3.0,0.25,0.615,0.415,0.922,0.430058
1.125,3.0,0.5,0.615,0.415,0.868,0.443486
1.125,3.0,0.75,0.615,0.415,0.794,0.454968
1.125,3.0,1.0,0.615,0.415,0.766,0.4592759999999999
1.125,3.0,1.25,0.615,0.415,0.736,0.463302
1.125,3.0,1.5,0.615,0.415,0.714,0.4644819999999999
1.125,3.0,2.0,0.615,0.415,0.748,0.465138
1.25,3.0,0.0,0.615,0.415,0.644,0.478222
1.25,3.0,0.25,0.615,0.415,0.456,0.507106
1.25,3.0,0.5,0.615,0.415,0.326,0.524956
1.25,3.0,0.75,0.615,0.415,0.264,0.537046
1.25,3.0,1.0,0.615,0.415,0.224,0.54441
1.25,3.0,1.25,0.615,0.415,0.204,0.548382
1.25,3.0,1.5,0.615,0.415,0.21,0.5504680000000001
1.25,3.0,2.0,0.615,0.415,0.208,0.547692
1.3125,3.0,0.0,0.615,0.415,0.368,0.51758
1.3125,3.0,0.25,0.615,0.415,0.182,0.550056
1.3125,3.0,0.5,0.615,0.415,0.112,0.570024
1.3125,3.0,0.75,0.615,0.415,0.082,0.582646
1.3125,3.0,1.0,0.615,0.415,0.07,0.58899
1.3125,3.0,1.25,0.615,0.415,0.068,0.594604
1.3125,3.0,1.5,0.615,0.415,0.064,0.5960500000000001
1.3125,3.0,2.0,0.615,0.415,0.058,0.590994
1.375,3.0,0.0,0.615,0.415,0.164,0.552534
1.375,3.0,0.25,0.615,0.415,0.062,0.587446
1.375,3.0,0.5,0.615,0.415,0.038,0.607694
1.375,3.0,0.75,0.615,0.415,0.022,0.6221660000000001
1.375,3.0,1.0,0.615,0.415,0.024,0.629606
1.375,3.0,1.25,0.615,0.415,0.024,0.632586
1.375,3.0,1.5,0.615,0.415,0.018,0.63557
1.375,3.0,2.0,0.615,0.415,0.016,0.6303000000000001
1.4375,3.0,0.0,0.615,0.415,0.058,0.586874
1.4375,3.0,0.25,0.615,0.415,0.01,0.6247079999999999
1.4375,3.0,0.5,0.615,0.415,0.008,0.646914
1.4375,3.0,0.75,0.615,0.415,0.002,0.6581319999999999
1.4375,3.0,1.0,0.615,0.415,0.002,0.6669339999999999
1.4375,3.0,1.25,0.615,0.415,0.002,0.6695699999999999
1.4375,3.0,1.5,0.615,0.415,0.002,0.670544
1.4375,3.0,2.0,0.615,0.415,0.002,0.66624
1.5,3.0,0.0,0.615,0.415,0.008,0.6210800000000001
1.5,3.0,0.25,0.615,0.415,0.004,0.659706
1.5,3.0,0.5,0.615,0.415,0.0,0.680844
1.5,3.0,0.75,0.615,0.415,0.0,0.691692
1.5,3.0,1.0,0.615,0.415,0.0,0.6987639999999999
1.5,3.0,1.25,0.615,0.415,0.0,0.7013520000000001
1.5,3.0,1.5,0.615,0.415,0.0,0.704166
1.5,3.0,2.0,0.615,0.415,0.0,0.6983339999999999
1.75,3.0,0.0,0.615,0.415,0.0,0.7452759999999999
1.75,3.0,0.25,0.615,0.415,0.0,0.775032
1.75,3.0,0.5,0.615,0.415,0.0,0.791702
1.75,3.0,0.75,0.615,0.415,0.0,0.798864
1.75,3.0,1.0,0.615,0.415,0.0,0.8023620000000001
1.75,3.0,1.25,0.615,0.415,0.0,0.805936
1.75,3.0,1.5,0.615,0.415,0.0,0.806874
1.75,3.0,2.0,0.615,0.415,0.0,0.8065800000000001
1.125,3.5,0.0,0.615,0.415,0.884,0.440922
1.125,3.5,0.25,0.615,0.415,0.804,0.457834
1.125,3.5,0.5,0.615,0.415,0.738,0.468444
1.125,3.5,0.75,0.615,0.415,0.662,0.476956
1.125,3.5,1.0,0.615,0.415,0.624,0.480686
1.125,3.5,1.25,0.615,0.415,0.588,0.485152
1.125,3.5,1.5,0.615,0.415,0.564,0.48644
1.125,3.5,2.0,0.615,0.415,0.548,0.4898299999999999
1.25,3.5,0.0,0.615,0.415,0.368,0.517134
1.25,3.5,0.25,0.615,0.415,0.258,0.536878
1.25,3.5,0.5,0.615,0.415,0.19,0.550964
1.25,3.5,0.75,0.615,0.415,0.164,0.560414
1.25,3.5,1.0,0.615,0.415,0.146,0.56614
1.25,3.5,1.25,0.615,0.415,0.134,0.5695139999999999
1.25,3.5,1.5,0.615,0.415,0.128,0.5729879999999999
1.25,3.5,2.0,0.615,0.415,0.11,0.5730419999999999
1.3125,3.5,0.0,0.615,0.415,0.136,0.559184
1.3125,3.5,0.25,0.615,0.415,0.086,0.580918
1.3125,3.5,0.5,0.615,0.415,0.056,0.595936
1.3125,3.5,0.75,0.615,0.415,0.044,0.604932
1.3125,3.5,1.0,0.615,0.415,0.038,0.612648
1.3125,3.5,1.25,0.615,0.415,0.036,0.615998
1.3125,3.5,1.5,0.615,0.415,0.034,0.618126
1.3125,3.5,2.0,0.615,0.415,0.032,0.61927
1.375,3.5,0.0,0.615,0.415,0.048,0.5957819999999999
1.375,3.5,0.25,0.615,0.415,0.016,0.619734
1.375,3.5,0.5,0.615,0.415,0.012,0.63437
1.375,3.5,0.75,0.615,0.415,0.004,0.6433260000000001
1.375,3.5,1.0,0.615,0.415,0.006,0.6501220000000001
1.375,3.5,1.25,0.615,0.415,0.004,0.6536300000000002
1.375,3.5,1.5,0.615,0.415,0.002,0.6567159999999999
1.375,3.5,2.0,0.615,0.415,0.002,0.657312
1.4375,3.5,0.0,0.615,0.415,0.006,0.631658
1.4375,3.5,0.25,0.615,0.415,0.0,0.655624
1.4375,3.5,0.5,0.615,0.415,0.0,0.6693779999999999
1.4375,3.5,0.75,0.615,0.415,0.002,0.6807639999999999
1.4375,3.5,1.0,0.615,0.415,0.0,0.687542
1.4375,3.5,1.25,0.615,0.415,0.0,0.6906479999999999
1.4375,3.5,1.5,0.615,0.415,0.002,0.693258
1.4375,3.5,2.0,0.615,0.415,0.0,0.6938980000000001
1.5,3.5,0.0,0.615,0.415,0.002,0.664636
1.5,3.5,0.25,0.615,0.415,0.0,0.6889280000000001
1.5,3.5,0.5,0.615,0.415,0.0,0.70223
1.5,3.5,0.75,0.615,0.415,0.0,0.7118180000000001
1.5,3.5,1.0,0.615,0.415,0.0,0.7178220000000001
1.5,3.5,1.25,0.615,0.415,0.0,0.722472
1.5,3.5,1.5,0.615,0.415,0.0,0.7240019999999999
1.5,3.5,2.0,0.615,0.415,0.0,0.725206
1.75,3.5,0.0,0.615,0.415,0.0,0.7803140000000001
1.75,3.5,0.25,0.615,0.415,0.0,0.797938
1.75,3.5,0.5,0.615,0.415,0.0,0.809096
1.75,3.5,0.75,0.615,0.415,0.0,0.8156559999999999
1.75,3.5,1.0,0.615,0.415,0.0,0.8184859999999999
1.75,3.5,1.25,0.615,0.415,0.0,0.821534
1.75,3.5,1.5,0.615,0.415,0.0,0.8212379999999999
1.75,3.5,2.0,0.615,0.415,0.0,0.822584
1.125,4.0,0.0,0.615,0.415,0.738,0.467922
1.125,4.0,0.25,0.615,0.415,0.634,0.47988
1.125,4.0,0.5,0.615,0.415,0.564,0.489218
1.125,4.0,0.75,0.615,0.415,0.53,0.49454
1.125,4.0,1.0,0.615,0.415,0.502,0.49803
1.125,4.0,1.25,0.615,0.415,0.492,0.500906
1.125,4.0,1.5,0.615,0.415,0.454,0.50333
1.125,4.0,2.0,0.615,0.415,0.424,0.505892
1.25,4.0,0.0,0.615,0.415,0.198,0.548106
1.25,4.0,0.25,0.615,0.415,0.148,0.5621580000000002
1.25,4.0,0.5,0.615,0.415,0.126,0.57147
1.25,4.0,0.75,0.615,0.415,0.112,0.5788599999999999
1.25,4.0,1.0,0.615,0.415,0.098,0.5835260000000001
1.25,4.0,1.25,0.615,0.415,0.098,0.585476
1.25,4.0,1.5,0.615,0.415,0.084,0.5892080000000001
1.25,4.0,2.0,0.615,0.415,0.076,0.59187
1.3125,4.0,0.0,0.615,0.415,0.06,0.5919139999999999
1.3125,4.0,0.25,0.615,0.415,0.044,0.607192
1.3125,4.0,0.5,0.615,0.415,0.032,0.6169960000000001
1.3125,4.0,0.75,0.615,0.415,0.022,0.6238119999999999
1.3125,4.0,1.0,0.615,0.415,0.022,0.629108
1.3125,4.0,1.25,0.615,0.415,0.018,0.6326499999999999
1.3125,4.0,1.5,0.615,0.415,0.02,0.6357439999999999
1.3125,4.0,2.0,0.615,0.415,0.022,0.6389659999999999
1.375,4.0,0.0,0.615,0.415,0.014,0.628512
1.375,4.0,0.25,0.615,0.415,0.006,0.643956
1.375,4.0,0.5,0.615,0.415,0.004,0.653236
1.375,4.0,0.75,0.615,0.415,0.002,0.659934
1.375,4.0,1.0,0.615,0.415,0.004,0.6664439999999999
1.375,4.0,1.25,0.615,0.415,0.004,0.669596
1.375,4.0,1.5,0.615,0.415,0.004,0.6717960000000001
1.375,4.0,2.0,0.615,0.415,0.002,0.674158
1.4375,4.0,0.0,0.615,0.415,0.0,0.664674
1.4375,4.0,0.25,0.615,0.415,0.0,0.6789979999999999
1.4375,4.0,0.5,0.615,0.415,0.0,0.6895260000000001
1.4375,4.0,0.75,0.615,0.415,0.0,0.6962860000000001
1.4375,4.0,1.0,0.615,0.415,0.0,0.7011000000000001
1.4375,4.0,1.25,0.615,0.415,0.0,0.704922
1.4375,4.0,1.5,0.615,0.415,0.0,0.707198
1.4375,4.0,2.0,0.615,0.415,0.0,0.710258
1.5,4.0,0.0,0.615,0.415,0.0,0.6966479999999999
1.5,4.0,0.25,0.615,0.415,0.0,0.710562
1.5,4.0,0.5,0.615,0.415,0.0,0.720742
1.5,4.0,0.75,0.615,0.415,0.0,0.7271199999999999
1.5,4.0,1.0,0.615,0.415,0.0,0.7319959999999999
1.5,4.0,1.25,0.615,0.415,0.0,0.7345039999999999
1.5,4.0,1.5,0.615,0.415,0.0,0.737822
1.5,4.0,2.0,0.615,0.415,0.0,0.738832
1.75,4.0,0.0,0.615,0.415,0.0,0.8056639999999999
1.75,4.0,0.25,0.615,0.415,0.0,0.814312
1.75,4.0,0.5,0.615,0.415,0.0,0.8210519999999999
1.75,4.0,0.75,0.615,0.415,0.0,0.825334
1.75,4.0,1.0,0.615,0.415,0.0,0.828156
1.75,4.0,1.25,0.615,0.415,0.0,0.829598
1.75,4.0,1.5,0.615,0.415,0.0,0.83125
1.75,4.0,2.0,0.615,0.415,0.0,0.831586
1.125,4.5,0.0,0.615,0.415,0.568,0.4895199999999999
1.125,4.5,0.25,0.615,0.415,0.5,0.498408
1.125,4.5,0.5,0.615,0.415,0.462,0.504662
1.125,4.5,0.75,0.615,0.415,0.42,0.50888
1.125,4.5,1.0,0.615,0.415,0.402,0.5121220000000001
1.125,4.5,1.25,0.615,0.415,0.378,0.5139239999999999
1.125,4.5,1.5,0.615,0.415,0.366,0.516602
1.125,4.5,2.0,0.615,0.415,0.352,0.518532
1.25,4.5,0.0,0.615,0.415,0.12,0.572576
1.25,4.5,0.25,0.615,0.415,0.09,0.5821400000000001
1.25,4.5,0.5,0.615,0.415,0.074,0.589624
1.25,4.5,0.75,0.615,0.415,0.07,0.5943720000000001
1.25,4.5,1.0,0.615,0.415,0.062,0.59767
1.25,4.5,1.25,0.615,0.415,0.046,0.6000059999999999
1.25,4.5,1.5,0.615,0.415,0.052,0.602502
1.25,4.5,2.0,0.615,0.415,0.05,0.605476
1.3125,4.5,0.0,0.615,0.415,0.03,0.6168980000000001
1.3125,4.5,0.25,0.615,0.415,0.022,0.627976
1.3125,4.5,0.5,0.615,0.415,0.016,0.634586
1.3125,4.5,0.75,0.615,0.415,0.014,0.639574
1.3125,4.5,1.0,0.615,0.415,0.012,0.642688
1.3125,4.5,1.25,0.615,0.415,0.01,0.645128
1.3125,4.5,1.5,0.615,0.415,0.008,0.64741
1.3125,4.5,2.0,0.615,0.415,0.01,0.6505719999999999
1.375,4.5,0.0,0.615,0.415,0.002,0.653086
1.375,4.5,0.25,0.615,0.415,0.002,0.663154
1.375,4.5,0.5,0.615,0.415,0.002,0.669658
1.375,4.5,0.75,0.615,0.415,0.002,0.6743020000000001
1.375,4.5,1.0,0.615,0.415,0.002,0.678282
1.375,4.5,1.25,0.615,0.415,0.0,0.680562
1.375,4.5,1.5,0.615,0.415,0.0,0.682798
1.375,4.5,2.0,0.615,0.415,0.0,0.6849059999999999
1.4375,4.5,0.0,0.615,0.415,0.0,0.689342
1.4375,4.5,0.25,0.615,0.415,0.0,0.698944
1.4375,4.5,0.5,0.615,0.415,0.0,0.7051900000000001
1.4375,4.5,0.75,0.615,0.415,0.0,0.7092539999999999
1.4375,4.5,1.0,0.615,0.415,0.0,0.7127259999999999
1.4375,4.5,1.25,0.615,0.415,0.0,0.7156980000000001
1.4375,4.5,1.5,0.615,0.415,0.0,0.7180799999999999
1.4375,4.5,2.0,0.615,0.415,0.0,0.721116
1.5,4.5,0.0,0.615,0.415,0.0,0.719504
1.5,4.5,0.25,0.615,0.415,0.0,0.7278199999999999
1.5,4.5,0.5,0.615,0.415,0.0,0.733054
1.5,4.5,0.75,0.615,0.415,0.0,0.7373979999999999
1.5,4.5,1.0,0.615,0.415,0.0,0.741182
1.5,4.5,1.25,0.615,0.415,0.0,0.7434639999999999
1.5,4.5,1.5,0.615,0.415,0.0,0.745816
1.5,4.5,2.0,0.615,0.415,0.0,0.747008
1.75,4.5,0.0,0.615,0.415,0.0,0.82176
1.75,4.5,0.25,0.615,0.415,0.0,0.8265060000000001
1.75,4.5,0.5,0.615,0.415,0.0,0.82937
1.75,4.5,0.75,0.615,0.415,0.0,0.8320879999999999
1.75,4.5,1.0,0.615,0.415,0.0,0.834656
1.75,4.5,1.25,0.615,0.415,0.0,0.8358399999999999
1.75,4.5,1.5,0.615,0.415,0.0,0.8372539999999999
1.75,4.5,2.0,0.615,0.415,0.0,0.8380420000000001
1.125,5.0,0.0,0.615,0.415,0.436,0.506448
1.125,5.0,0.25,0.615,0.415,0.376,0.513712
1.125,5.0,0.5,0.615,0.415,0.362,0.51825
1.125,5.0,0.75,0.615,0.415,0.32,0.5211120000000001
1.125,5.0,1.0,0.615,0.415,0.32,0.523308
1.125,5.0,1.25,0.615,0.415,0.294,0.5252439999999999
1.125,5.0,1.5,0.615,0.415,0.278,0.526578
1.125,5.0,2.0,0.615,0.415,0.29,0.5277280000000001
1.25,5.0,0.0,0.615,0.415,0.072,0.59063
1.25,5.0,0.25,0.615,0.415,0.058,0.5975139999999999
1.25,5.0,0.5,0.615,0.415,0.048,0.602424
1.25,5.0,0.75,0.615,0.415,0.04,0.6056759999999999
1.25,5.0,1.0,0.615,0.415,0.038,0.608158
1.25,5.0,1.25,0.615,0.415,0.038,0.6103599999999999
1.25,5.0,1.5,0.615,0.415,0.038,0.611232
1.25,5.0,2.0,0.615,0.415,0.034,0.6143160000000001
1.3125,5.0,0.0,0.615,0.415,0.014,0.635652
1.3125,5.0,0.25,0.615,0.415,0.006,0.642772
1.3125,5.0,0.5,0.615,0.415,0.008,0.6473920000000001
1.3125,5.0,0.75,0.615,0.415,0.006,0.6505700000000001
1.3125,5.0,1.0,0.615,0.415,0.006,0.6534679999999999
1.3125,5.0,1.25,0.615,0.415,0.004,0.655768
1.3125,5.0,1.5,0.615,0.415,0.004,0.656776
1.3125,5.0,2.0,0.615,0.415,0.006,0.659114
1.375,5.0,0.0,0.615,0.415,0.002,0.6710539999999998
1.375,5.0,0.25,0.615,0.415,0.0,0.677718
1.375,5.0,0.5,0.615,0.415,0.0,0.6821160000000001
1.375,5.0,0.75,0.615,0.415,0.0,0.68536
1.375,5.0,1.0,0.615,0.415,0.0,0.6876939999999999
1.375,5.0,1.25,0.615,0.415,0.0,0.689228
1.375,5.0,1.5,0.615,0.415,0.0,0.691126
1.375,5.0,2.0,0.615,0.415,0.0,0.693074
1.4375,5.0,0.0,0.615,0.415,0.0,0.706692
1.4375,5.0,0.25,0.615,0.415,0.0,0.713028
1.4375,5.0,0.5,0.615,0.415,0.0,0.7173519999999999
1.4375,5.0,0.75,0.615,0.415,0.0,0.7199480000000001
1.4375,5.0,1.0,0.615,0.415,0.0,0.7223099999999999
1.4375,5.0,1.25,0.615,0.415,0.0,0.724204
1.4375,5.0,1.5,0.615,0.415,0.0,0.7251040000000001
1.4375,5.0,2.0,0.615,0.415,0.0,0.727816
1.5,5.0,0.0,0.615,0.415,0.0,0.7358239999999999
1.5,5.0,0.25,0.615,0.415,0.0,0.741178
1.5,5.0,0.5,0.615,0.415,0.0,0.74466
1.5,5.0,0.75,0.615,0.415,0.0,0.7471380000000001
1.5,5.0,1.0,0.615,0.415,0.0,0.7493
1.5,5.0,1.25,0.615,0.415,0.0,0.7509959999999999
1.5,5.0,1.5,0.615,0.415,0.0,0.7524580000000001
1.5,5.0,2.0,0.615,0.415,0.0,0.7547039999999999
1.75,5.0,0.0,0.615,0.415,0.0,0.831812
1.75,5.0,0.25,0.615,0.415,0.0,0.834444
1.75,5.0,0.5,0.615,0.415,0.0,0.8366359999999999
1.75,5.0,0.75,0.615,0.415,0.0,0.8376359999999999
1.75,5.0,1.0,0.615,0.415,0.0,0.8387680000000001
1.75,5.0,1.25,0.615,0.415,0.0,0.83983
1.75,5.0,1.5,0.615,0.415,0.0,0.84094
1.75,5.0,2.0,0.615,0.415,0.0,0.841928
1.125,5.5,0.0,0.615,0.415,0.342,0.519958
1.125,5.5,0.25,0.615,0.415,0.312,0.524956
1.125,5.5,0.5,0.615,0.415,0.292,0.5291699999999999
1.125,5.5,0.75,0.615,0.415,0.292,0.5310060000000001
1.125,5.5,1.0,0.615,0.415,0.268,0.5331099999999999
1.125,5.5,1.25,0.615,0.415,0.264,0.5342659999999999
1.125,5.5,1.5,0.615,0.415,0.258,0.534904
1.125,5.5,2.0,0.615,0.415,0.248,0.536408
1.25,5.5,0.0,0.615,0.415,0.046,0.6045139999999999
1.25,5.5,0.25,0.615,0.415,0.038,0.6097480000000001
1.25,5.5,0.5,0.615,0.415,0.032,0.6130119999999999
1.25,5.5,0.75,0.615,0.415,0.036,0.615474
1.25,5.5,1.0,0.615,0.415,0.032,0.6169640000000001
1.25,5.5,1.25,0.615,0.415,0.032,0.618328
1.25,5.5,1.5,0.615,0.415,0.028,0.6193679999999999
1.25,5.5,2.0,0.615,0.415,0.026,0.620918
1.3125,5.5,0.0,0.615,0.415,0.006,0.6498619999999999
1.3125,5.5,0.25,0.615,0.415,0.006,0.655046
1.3125,5.5,0.5,0.615,0.415,0.004,0.65839
1.3125,5.5,0.75,0.615,0.415,0.004,0.660716
1.3125,5.5,1.0,0.615,0.415,0.004,0.6622619999999999
1.3125,5.5,1.25,0.615,0.415,0.004,0.663178
1.3125,5.5,1.5,0.615,0.415,0.004,0.664164
1.3125,5.5,2.0,0.615,0.415,0.004,0.666556
1.375,5.5,0.0,0.615,0.415,0.0,0.6842919999999999
1.375,5.5,0.25,0.615,0.415,0.0,0.68899
1.375,5.5,0.5,0.615,0.415,0.0,0.6918820000000001
1.375,5.5,0.75,0.615,0.415,0.0,0.6939919999999999
1.375,5.5,1.0,0.615,0.415,0.0,0.695154
1.375,5.5,1.25,0.615,0.415,0.0,0.6967960000000001
1.375,5.5,1.5,0.615,0.415,0.0,0.6973280000000001
1.375,5.5,2.0,0.615,0.415,0.0,0.699464
1.4375,5.5,0.0,0.615,0.415,0.0,0.719566
1.4375,5.5,0.25,0.615,0.415,0.0,0.7236999999999999
1.4375,5.5,0.5,0.615,0.415,0.0,0.726022
1.4375,5.5,0.75,0.615,0.415,0.0,0.7283499999999999
1.4375,5.5,1.0,0.615,0.415,0.0,0.729772
1.4375,5.5,1.25,0.615,0.415,0.0,0.73046
1.4375,5.5,1.5,0.615,0.415,0.0,0.7317520000000001
1.4375,5.5,2.0,0.615,0.415,0.0,0.7325260000000001
1.5,5.5,0.0,0.615,0.415,0.0,0.747298
1.5,5.5,0.25,0.615,0.415,0.0,0.750528
1.5,5.5,0.5,0.615,0.415,0.0,0.753116
1.5,5.5,0.75,0.615,0.415,0.0,0.7548480000000001
1.5,5.5,1.0,0.615,0.415,0.0,0.756004
1.5,5.5,1.25,0.615,0.415,0.0,0.7567180000000001
1.5,5.5,1.5,0.615,0.415,0.0,0.757072
1.5,5.5,2.0,0.615,0.415,0.0,0.759042
1.75,5.5,0.0,0.615,0.415,0.0,0.838216
1.75,5.5,0.25,0.615,0.415,0.0,0.839692
1.75,5.5,0.5,0.615,0.415,0.0,0.841084
1.75,5.5,0.75,0.615,0.415,0.0,0.84141
1.75,5.5,1.0,0.615,0.415,0.0,0.8419840000000001
1.75,5.5,1.25,0.615,0.415,0.0,0.842312
1.75,5.5,1.5,0.615,0.415,0.0,0.84301
1.75,5.5,2.0,0.615,0.415,0.0,0.8436220000000001
1.125,6.0,0.0,0.615,0.415,0.29,0.5303439999999999
1.125,6.0,0.25,0.615,0.415,0.268,0.534128
1.125,6.0,0.5,0.615,0.415,0.25,0.536956
1.125,6.0,0.75,0.615,0.415,0.248,0.53875
1.125,6.0,1.0,0.615,0.415,0.234,0.540034
1.125,6.0,1.25,0.615,0.415,0.24,0.540316
1.125,6.0,1.5,0.615,0.415,0.22,0.5411659999999999
1.125,6.0,2.0,0.615,0.415,0.212,0.54235
1.25,6.0,0.0,0.615,0.415,0.034,0.6155440000000001
1.25,6.0,0.25,0.615,0.415,0.03,0.619676
1.25,6.0,0.5,0.615,0.415,0.028,0.6219020000000001
1.25,6.0,0.75,0.615,0.415,0.026,0.624106
1.25,6.0,1.0,0.615,0.415,0.024,0.6249480000000001
1.25,6.0,1.25,0.615,0.415,0.026,0.62626
1.25,6.0,1.5,0.615,0.415,0.024,0.627008
1.25,6.0,2.0,0.615,0.415,0.022,0.627732
1.3125,6.0,0.0,0.615,0.415,0.004,0.66074
1.3125,6.0,0.25,0.615,0.415,0.004,0.6642939999999999
1.3125,6.0,0.5,0.615,0.415,0.004,0.66687
1.3125,6.0,0.75,0.615,0.415,0.004,0.668434
1.3125,6.0,1.0,0.615,0.415,0.004,0.66944
1.3125,6.0,1.25,0.615,0.415,0.004,0.6704199999999999
1.3125,6.0,1.5,0.615,0.415,0.004,0.670882
1.3125,6.0,2.0,0.615,0.415,0.004,0.6723779999999999
1.375,6.0,0.0,0.615,0.415,0.0,0.6941099999999999
1.375,6.0,0.25,0.615,0.415,0.0,0.697174
1.375,6.0,0.5,0.615,0.415,0.0,0.699234
1.375,6.0,0.75,0.615,0.415,0.0,0.700856
1.375,6.0,1.0,0.615,0.415,0.0,0.701702
1.375,6.0,1.25,0.615,0.415,0.0,0.70223
1.375,6.0,1.5,0.615,0.415,0.0,0.702858
1.375,6.0,2.0,0.615,0.415,0.0,0.704338
1.4375,6.0,0.0,0.615,0.415,0.0,0.728712
1.4375,6.0,0.25,0.615,0.415,0.0,0.7314400000000001
1.4375,6.0,0.5,0.615,0.415,0.0,0.733692
1.4375,6.0,0.75,0.615,0.415,0.0,0.7348279999999999
1.4375,6.0,1.0,0.615,0.415,0.0,0.735446
1.4375,6.0,1.25,0.615,0.415,0.0,0.73626
1.4375,6.0,1.5,0.615,0.415,0.0,0.737036
1.4375,6.0,2.0,0.615,0.415,0.0,0.737764
1.5,6.0,0.0,0.615,0.415,0.0,0.7553600000000001
1.5,6.0,0.25,0.615,0.415,0.0,0.75775
1.5,6.0,0.5,0.615,0.415,0.0,0.7594059999999999
1.5,6.0,0.75,0.615,0.415,0.0,0.760152
1.5,6.0,1.0,0.615,0.415,0.0,0.7610699999999999
1.5,6.0,1.25,0.615,0.415,0.0,0.7616320000000001
1.5,6.0,1.5,0.615,0.415,0.0,0.762306
1.5,6.0,2.0,0.615,0.415,0.0,0.7627940000000001
1.75,6.0,0.0,0.615,0.415,0.0,0.8422
1.75,6.0,0.25,0.615,0.415,0.0,0.843064
1.75,6.0,0.5,0.615,0.415,0.0,0.8437039999999999
1.75,6.0,0.75,0.615,0.415,0.0,0.844252
1.75,6.0,1.0,0.615,0.415,0.0,0.8444680000000001
1.75,6.0,1.25,0.615,0.415,0.0,0.844668
1.75,6.0,1.5,0.615,0.415,0.0,0.844836
1.75,6.0,2.0,0.615,0.415,0.0,0.845212
1.125,2.5,0.0,0.84,0.44,1.0,0.368048
1.125,2.5,0.25,0.84,0.44,0.982,0.39449
1.125,2.5,0.5,0.84,0.44,0.944,0.409786
1.125,2.5,0.75,0.84,0.44,0.93,0.420904
1.125,2.5,1.0,0.84,0.44,0.924,0.426182
1.125,2.5,1.25,0.84,0.44,0.908,0.42904
1.125,2.5,1.5,0.84,0.44,0.91,0.429794
1.125,2.5,2.0,0.84,0.44,0.92,0.426776
1.25,2.5,0.0,0.84,0.44,0.928,0.430132
1.25,2.5,0.25,0.84,0.44,0.726,0.46652
1.25,2.5,0.5,0.84,0.44,0.56,0.487904
1.25,2.5,0.75,0.84,0.44,0.5,0.499088
1.25,2.5,1.0,0.84,0.44,0.478,0.505556
1.25,2.5,1.25,0.84,0.44,0.436,0.507788
1.25,2.5,1.5,0.84,0.44,0.444,0.507576
1.25,2.5,2.0,0.84,0.44,0.478,0.500606
1.3125,2.5,0.0,0.84,0.44,0.762,0.465456
1.3125,2.5,0.25,0.84,0.44,0.434,0.5063820000000001
1.3125,2.5,0.5,0.84,0.44,0.294,0.530242
1.3125,2.5,0.75,0.84,0.44,0.224,0.5452400000000001
1.3125,2.5,1.0,0.84,0.44,0.19,0.550098
1.3125,2.5,1.25,0.84,0.44,0.172,0.5518019999999999
1.3125,2.5,1.5,0.84,0.44,0.188,0.548638
1.3125,2.5,2.0,0.84,0.44,0.218,0.54161
1.375,2.5,0.0,0.84,0.44,0.514,0.4972259999999999
1.375,2.5,0.25,0.84,0.44,0.22,0.545206
1.375,2.5,0.5,0.84,0.44,0.118,0.570098
1.375,2.5,0.75,0.84,0.44,0.096,0.5832200000000001
1.375,2.5,1.0,0.84,0.44,0.078,0.588738
1.375,2.5,1.25,0.84,0.44,0.076,0.591444
1.375,2.5,1.5,0.84,0.44,0.072,0.5893799999999999
1.375,2.5,2.0,0.84,0.44,0.08,0.5754000000000001
1.4375,2.5,0.0,0.84,0.44,0.266,0.5283019999999999
1.4375,2.5,0.25,0.84,0.44,0.084,0.5806899999999999
1.4375,2.5,0.5,0.84,0.44,0.044,0.607942
1.4375,2.5,0.75,0.84,0.44,0.026,0.6229819999999999
1.4375,2.5,1.0,0.84,0.44,0.018,0.627644
1.4375,2.5,1.25,0.84,0.44,0.02,0.628498
1.4375,2.5,1.5,0.84,0.44,0.024,0.62514
1.4375,2.5,2.0,0.84,0.44,0.024,0.61122
1.5,2.5,0.0,0.84,0.44,0.118,0.559958
1.5,2.5,0.25,0.84,0.44,0.022,0.616456
1.5,2.5,0.5,0.84,0.44,0.008,0.6447240000000001
1.5,2.5,0.75,0.84,0.44,0.004,0.6608160000000001
1.5,2.5,1.0,0.84,0.44,0.004,0.66458
1.5,2.5,1.25,0.84,0.44,0.004,0.662818
1.5,2.5,1.5,0.84,0.44,0.004,0.6597280000000001
1.5,2.5,2.0,0.84,0.44,0.004,0.643822
1.75,2.5,0.0,0.84,0.44,0.002,0.681356
1.75,2.5,0.25,0.84,0.44,0.0,0.744528
1.75,2.5,0.5,0.84,0.44,0.0,0.775186
1.75,2.5,0.75,0.84,0.44,0.0,0.787996
1.75,2.5,1.0,0.84,0.44,0.0,0.793454
1.75,2.5,1.25,0.84,0.44,0.0,0.791198
1.75,2.5,1.5,0.84,0.44,0.0,0.78279
1.75,2.5,2.0,0.84,0.44,0.0,0.7597959999999999
1.125,3.0,0.0,0.84,0.44,0.97,0.407836
1.125,3.0,0.25,0.84,0.44,0.928,0.42794
1.125,3.0,0.5,0.84,0.44,0.886,0.440418
1.125,3.0,0.75,0.84,0.44,0.838,0.449242
1.125,3.0,1.0,0.84,0.44,0.802,0.454084
1.125,3.0,1.25,0.84,0.44,0.772,0.458298
1.125,3.0,1.5,0.84,0.44,0.764,0.4599439999999999
1.125,3.0,2.0,0.84,0.44,0.792,0.4591699999999999
1.25,3.0,0.0,0.84,0.44,0.644,0.478172
1.25,3.0,0.25,0.84,0.44,0.448,0.504542
1.25,3.0,0.5,0.84,0.44,0.376,0.520856
1.25,3.0,0.75,0.84,0.44,0.284,0.531806
1.25,3.0,1.0,0.84,0.44,0.254,0.5378
1.25,3.0,1.25,0.84,0.44,0.238,0.541456
1.25,3.0,1.5,0.84,0.44,0.24,0.5423479999999999
1.25,3.0,2.0,0.84,0.44,0.244,0.5407339999999999
1.3125,3.0,0.0,0.84,0.44,0.368,0.51752
1.3125,3.0,0.25,0.84,0.44,0.188,0.547442
1.3125,3.0,0.5,0.84,0.44,0.138,0.565552
1.3125,3.0,0.75,0.84,0.44,0.104,0.576434
1.3125,3.0,1.0,0.84,0.44,0.088,0.583992
1.3125,3.0,1.25,0.84,0.44,0.076,0.5865520000000001
1.3125,3.0,1.5,0.84,0.44,0.078,0.5884360000000001
1.3125,3.0,2.0,0.84,0.44,0.082,0.5842159999999998
1.375,3.0,0.0,0.84,0.44,0.164,0.55229
1.375,3.0,0.25,0.84,0.44,0.084,0.58282
1.375,3.0,0.5,0.84,0.44,0.046,0.602698
1.375,3.0,0.75,0.84,0.44,0.038,0.615842
1.375,3.0,1.0,0.84,0.44,0.024,0.623088
1.375,3.0,1.25,0.84,0.44,0.026,0.625616
1.375,3.0,1.5,0.84,0.44,0.022,0.6273779999999999
1.375,3.0,2.0,0.84,0.44,0.022,0.621924
1.4375,3.0,0.0,0.84,0.44,0.058,0.586394
1.4375,3.0,0.25,0.84,0.44,0.014,0.620776
1.4375,3.0,0.5,0.84,0.44,0.006,0.6409239999999999
1.4375,3.0,0.75,0.84,0.44,0.004,0.6535719999999999
1.4375,3.0,1.0,0.84,0.44,0.004,0.661906
1.4375,3.0,1.25,0.84,0.44,0.002,0.66444
1.4375,3.0,1.5,0.84,0.44,0.0,0.6637260000000001
1.4375,3.0,2.0,0.84,0.44,0.0,0.66008
1.5,3.0,0.0,0.84,0.44,0.008,0.619934
1.5,3.0,0.25,0.84,0.44,0.006,0.6536859999999999
1.5,3.0,0.5,0.84,0.44,0.0,0.6759559999999999
1.5,3.0,0.75,0.84,0.44,0.0,0.689202
1.5,3.0,1.0,0.84,0.44,0.0,0.695788
1.5,3.0,1.25,0.84,0.44,0.0,0.6996
1.5,3.0,1.5,0.84,0.44,0.0,0.6990060000000001
1.5,3.0,2.0,0.84,0.44,0.0,0.6916859999999999
1.75,3.0,0.0,0.84,0.44,0.0,0.7406860000000001
1.75,3.0,0.25,0.84,0.44,0.0,0.77223
1.75,3.0,0.5,0.84,0.44,0.0,0.792286
1.75,3.0,0.75,0.84,0.44,0.0,0.8043920000000001
1.75,3.0,1.0,0.84,0.44,0.0,0.81248
1.75,3.0,1.25,0.84,0.44,0.0,0.8150299999999999
1.75,3.0,1.5,0.84,0.44,0.0,0.814384
1.75,3.0,2.0,0.84,0.44,0.0,0.8061520000000001
1.125,3.5,0.0,0.84,0.44,0.884,0.440922
1.125,3.5,0.25,0.84,0.44,0.81,0.456352
1.125,3.5,0.5,0.84,0.44,0.75,0.465624
1.125,3.5,0.75,0.84,0.44,0.684,0.474114
1.125,3.5,1.0,0.84,0.44,0.634,0.478114
1.125,3.5,1.25,0.84,0.44,0.624,0.4804880000000001
1.125,3.5,1.5,0.84,0.44,0.61,0.482798
1.125,3.5,2.0,0.84,0.44,0.588,0.484624
1.25,3.5,0.0,0.84,0.44,0.368,0.517134
1.25,3.5,0.25,0.84,0.44,0.262,0.5357580000000001
1.25,3.5,0.5,0.84,0.44,0.2,0.548052
1.25,3.5,0.75,0.84,0.44,0.176,0.555424
1.25,3.5,1.0,0.84,0.44,0.162,0.5618080000000001
1.25,3.5,1.25,0.84,0.44,0.154,0.56538
1.25,3.5,1.5,0.84,0.44,0.142,0.5666740000000001
1.25,3.5,2.0,0.84,0.44,0.136,0.568382
1.3125,3.5,0.0,0.84,0.44,0.136,0.559184
1.3125,3.5,0.25,0.84,0.44,0.096,0.57843
1.3125,3.5,0.5,0.84,0.44,0.062,0.592216
1.3125,3.5,0.75,0.84,0.44,0.046,0.60154
1.3125,3.5,1.0,0.84,0.44,0.05,0.6070679999999999
1.3125,3.5,1.25,0.84,0.44,0.044,0.6106179999999999
1.3125,3.5,1.5,0.84,0.44,0.036,0.6136659999999999
1.3125,3.5,2.0,0.84,0.44,0.04,0.61428
1.375,3.5,0.0,0.84,0.44,0.048,0.5957819999999999
1.375,3.5,0.25,0.84,0.44,0.02,0.6168899999999998
1.375,3.5,0.5,0.84,0.44,0.014,0.630738
1.375,3.5,0.75,0.84,0.44,0.014,0.6397180000000001
1.375,3.5,1.0,0.84,0.44,0.006,0.6453779999999999
1.375,3.5,1.25,0.84,0.44,0.008,0.649374
1.375,3.5,1.5,0.84,0.44,0.006,0.6522199999999999
1.375,3.5,2.0,0.84,0.44,0.004,0.65196
1.4375,3.5,0.0,0.84,0.44,0.006,0.63163
1.4375,3.5,0.25,0.84,0.44,0.004,0.653096
1.4375,3.5,0.5,0.84,0.44,0.002,0.667182
1.4375,3.5,0.75,0.84,0.44,0.0,0.6764819999999999
1.4375,3.5,1.0,0.84,0.44,0.0,0.6816180000000001
1.4375,3.5,1.25,0.84,0.44,0.0,0.687046
1.4375,3.5,1.5,0.84,0.44,0.002,0.689096
1.4375,3.5,2.0,0.84,0.44,0.0,0.68877
1.5,3.5,0.0,0.84,0.44,0.002,0.6645840000000001
1.5,3.5,0.25,0.84,0.44,0.0,0.6854159999999999
1.5,3.5,0.5,0.84,0.44,0.0,0.699472
1.5,3.5,0.75,0.84,0.44,0.0,0.707818
1.5,3.5,1.0,0.84,0.44,0.0,0.7156959999999999
1.5,3.5,1.25,0.84,0.44,0.0,0.7189719999999999
1.5,3.5,1.5,0.84,0.44,0.0,0.721684
1.5,3.5,2.0,0.84,0.44,0.0,0.721816
1.75,3.5,0.0,0.84,0.44,0.0,0.780188
1.75,3.5,0.25,0.84,0.44,0.0,0.7957280000000001
1.75,3.5,0.5,0.84,0.44,0.0,0.806536
1.75,3.5,0.75,0.84,0.44,0.0,0.8148380000000001
1.75,3.5,1.0,0.84,0.44,0.0,0.820678
1.75,3.5,1.25,0.84,0.44,0.0,0.824002
1.75,3.5,1.5,0.84,0.44,0.0,0.8282639999999999
1.75,3.5,2.0,0.84,0.44,0.0,0.8278540000000001
1.125,4.0,0.0,0.84,0.44,0.738,0.467922
1.125,4.0,0.25,0.84,0.44,0.646,0.478976
1.125,4.0,0.5,0.84,0.44,0.584,0.4870799999999999
1.125,4.0,0.75,0.84,0.44,0.548,0.491722
1.125,4.0,1.0,0.84,0.44,0.52,0.4956259999999999
1.125,4.0,1.25,0.84,0.44,0.488,0.498324
1.125,4.0,1.5,0.84,0.44,0.476,0.500296
1.125,4.0,2.0,0.84,0.44,0.478,0.501908
1.25,4.0,0.0,0.84,0.44,0.198,0.548106
1.25,4.0,0.25,0.84,0.44,0.156,0.5609379999999999
1.25,4.0,0.5,0.84,0.44,0.132,0.5696199999999999
1.25,4.0,0.75,0.84,0.44,0.122,0.5756699999999999
1.25,4.0,1.0,0.84,0.44,0.106,0.579794
1.25,4.0,1.25,0.84,0.44,0.098,0.583192
1.25,4.0,1.5,0.84,0.44,0.1,0.585012
1.25,4.0,2.0,0.84,0.44,0.09,0.5885940000000001
1.3125,4.0,0.0,0.84,0.44,0.06,0.5919139999999999
1.3125,4.0,0.25,0.84,0.44,0.044,0.605874
1.3125,4.0,0.5,0.84,0.44,0.032,0.615182
1.3125,4.0,0.75,0.84,0.44,0.03,0.621216
1.3125,4.0,1.0,0.84,0.44,0.026,0.6264279999999999
1.3125,4.0,1.25,0.84,0.44,0.02,0.629248
1.3125,4.0,1.5,0.84,0.44,0.024,0.631914
1.3125,4.0,2.0,0.84,0.44,0.02,0.634144
1.375,4.0,0.0,0.84,0.44,0.014,0.628512
1.375,4.0,0.25,0.84,0.44,0.006,0.642234
1.375,4.0,0.5,0.84,0.44,0.002,0.650738
1.375,4.0,0.75,0.84,0.44,0.002,0.6575920000000001
1.375,4.0,1.0,0.84,0.44,0.004,0.662124
1.375,4.0,1.25,0.84,0.44,0.004,0.6658099999999999
1.375,4.0,1.5,0.84,0.44,0.004,0.668208
1.375,4.0,2.0,0.84,0.44,0.002,0.672094
1.4375,4.0,0.0,0.84,0.44,0.0,0.664674
1.4375,4.0,0.25,0.84,0.44,0.0,0.67807
1.4375,4.0,0.5,0.84,0.44,0.0,0.6877219999999999
1.4375,4.0,0.75,0.84,0.44,0.0,0.6934859999999999
1.4375,4.0,1.0,0.84,0.44,0.0,0.6977459999999999
1.4375,4.0,1.25,0.84,0.44,0.0,0.700676
1.4375,4.0,1.5,0.84,0.44,0.0,0.7045119999999999
1.4375,4.0,2.0,0.84,0.44,0.0,0.7070719999999999
1.5,4.0,0.0,0.84,0.44,0.0,0.6966479999999999
1.5,4.0,0.25,0.84,0.44,0.0,0.709472
1.5,4.0,0.5,0.84,0.44,0.0,0.7183160000000001
1.5,4.0,0.75,0.84,0.44,0.0,0.724146
1.5,4.0,1.0,0.84,0.44,0.0,0.72859
1.5,4.0,1.25,0.84,0.44,0.0,0.7316079999999999
1.5,4.0,1.5,0.84,0.44,0.0,0.7345999999999999
1.5,4.0,2.0,0.84,0.44,0.0,0.73743
1.75,4.0,0.0,0.84,0.44,0.0,0.8056639999999999
1.75,4.0,0.25,0.84,0.44,0.0,0.81352
1.75,4.0,0.5,0.84,0.44,0.0,0.819768
1.75,4.0,0.75,0.84,0.44,0.0,0.8235560000000001
1.75,4.0,1.0,0.84,0.44,0.0,0.8271379999999999
1.75,4.0,1.25,0.84,0.44,0.0,0.830058
1.75,4.0,1.5,0.84,0.44,0.0,0.831528
1.75,4.0,2.0,0.84,0.44,0.0,0.835884
1.125,4.5,0.0,0.84,0.44,0.568,0.4895199999999999
1.125,4.5,0.25,0.84,0.44,0.506,0.497834
1.125,4.5,0.5,0.84,0.44,0.462,0.5032719999999999
1.125,4.5,0.75,0.84,0.44,0.43,0.507742
1.125,4.5,1.0,0.84,0.44,0.404,0.509804
1.125,4.5,1.25,0.84,0.44,0.394,0.5127200000000001
1.125,4.5,1.5,0.84,0.44,0.384,0.513222
1.125,4.5,2.0,0.84,0.44,0.37,0.5154759999999999
1.25,4.5,0.0,0.84,0.44,0.12,0.572576
1.25,4.5,0.25,0.84,0.44,0.088,0.58143
1.25,4.5,0.5,0.84,0.44,0.084,0.5887319999999999
1.25,4.5,0.75,0.84,0.44,0.068,0.5926980000000001
1.25,4.5,1.0,0.84,0.44,0.07,0.595144
1.25,4.5,1.25,0.84,0.44,0.064,0.59804
1.25,4.5,1.5,0.84,0.44,0.052,0.6003019999999999
1.25,4.5,2.0,0.84,0.44,0.056,0.6016659999999999
1.3125,4.5,0.0,0.84,0.44,0.03,0.6168980000000001
1.3125,4.5,0.25,0.84,0.44,0.022,0.626322
1.3125,4.5,0.5,0.84,0.44,0.014,0.6325360000000001
1.3125,4.5,0.75,0.84,0.44,0.016,0.6370880000000001
1.3125,4.5,1.0,0.84,0.44,0.014,0.64046
1.3125,4.5,1.25,0.84,0.44,0.016,0.6432380000000001
1.3125,4.5,1.5,0.84,0.44,0.01,0.645568
1.3125,4.5,2.0,0.84,0.44,0.014,0.646864
1.375,4.5,0.0,0.84,0.44,0.002,0.653086
1.375,4.5,0.25,0.84,0.44,0.002,0.662278
1.375,4.5,0.5,0.84,0.44,0.002,0.668162
1.375,4.5,0.75,0.84,0.44,0.002,0.672718
1.375,4.5,1.0,0.84,0.44,0.0,0.6754799999999999
1.375,4.5,1.25,0.84,0.44,0.0,0.67857
1.375,4.5,1.5,0.84,0.44,0.002,0.6797799999999999
1.375,4.5,2.0,0.84,0.44,0.002,0.682836
1.4375,4.5,0.0,0.84,0.44,0.0,0.689342
1.4375,4.5,0.25,0.84,0.44,0.0,0.697982
1.4375,4.5,0.5,0.84,0.44,0.0,0.7036600000000001
1.4375,4.5,0.75,0.84,0.44,0.0,0.70861
1.4375,4.5,1.0,0.84,0.44,0.0,0.7111120000000001
1.4375,4.5,1.25,0.84,0.44,0.0,0.713268
1.4375,4.5,1.5,0.84,0.44,0.0,0.715596
1.4375,4.5,2.0,0.84,0.44,0.0,0.71901
1.5,4.5,0.0,0.84,0.44,0.0,0.719504
1.5,4.5,0.25,0.84,0.44,0.0,0.727322
1.5,4.5,0.5,0.84,0.44,0.0,0.7320699999999999
1.5,4.5,0.75,0.84,0.44,0.0,0.736174
1.5,4.5,1.0,0.84,0.44,0.0,0.738628
1.5,4.5,1.25,0.84,0.44,0.0,0.741102
1.5,4.5,1.5,0.84,0.44,0.0,0.7433399999999999
1.5,4.5,2.0,0.84,0.44,0.0,0.746466
1.75,4.5,0.0,0.84,0.44,0.0,0.82176
1.75,4.5,0.25,0.84,0.44,0.0,0.826254
1.75,4.5,0.5,0.84,0.44,0.0,0.8293740000000001
1.75,4.5,0.75,0.84,0.44,0.0,0.8316140000000001
1.75,4.5,1.0,0.84,0.44,0.0,0.833122
1.75,4.5,1.25,0.84,0.44,0.0,0.8350520000000001
1.75,4.5,1.5,0.84,0.44,0.0,0.835822
1.75,4.5,2.0,0.84,0.44,0.0,0.83944
1.125,5.0,0.0,0.84,0.44,0.436,0.506448
1.125,5.0,0.25,0.84,0.44,0.386,0.51244
1.125,5.0,0.5,0.84,0.44,0.356,0.517654
1.125,5.0,0.75,0.84,0.44,0.342,0.5201140000000001
1.125,5.0,1.0,0.84,0.44,0.316,0.521826
1.125,5.0,1.25,0.84,0.44,0.31,0.523618
1.125,5.0,1.5,0.84,0.44,0.308,0.524424
1.125,5.0,2.0,0.84,0.44,0.3,0.526254
1.25,5.0,0.0,0.84,0.44,0.072,0.59063
1.25,5.0,0.25,0.84,0.44,0.058,0.596692
1.25,5.0,0.5,0.84,0.44,0.046,0.60148
1.25,5.0,0.75,0.84,0.44,0.044,0.6041340000000001
1.25,5.0,1.0,0.84,0.44,0.04,0.606654
1.25,5.0,1.25,0.84,0.44,0.04,0.6088120000000001
1.25,5.0,1.5,0.84,0.44,0.036,0.6095280000000001
1.25,5.0,2.0,0.84,0.44,0.034,0.61145
1.3125,5.0,0.0,0.84,0.44,0.014,0.635652
1.3125,5.0,0.25,0.84,0.44,0.008,0.6421960000000001
1.3125,5.0,0.5,0.84,0.44,0.006,0.6469020000000001
1.3125,5.0,0.75,0.84,0.44,0.006,0.649744
1.3125,5.0,1.0,0.84,0.44,0.008,0.652258
1.3125,5.0,1.25,0.84,0.44,0.006,0.6530499999999999
1.3125,5.0,1.5,0.84,0.44,0.006,0.6547000000000001
1.3125,5.0,2.0,0.84,0.44,0.004,0.65716
1.375,5.0,0.0,0.84,0.44,0.002,0.6710539999999998
1.375,5.0,0.25,0.84,0.44,0.0,0.677
1.375,5.0,0.5,0.84,0.44,0.0,0.681228
1.375,5.0,0.75,0.84,0.44,0.0,0.684168
1.375,5.0,1.0,0.84,0.44,0.0,0.6858240000000001
1.375,5.0,1.25,0.84,0.44,0.0,0.6884380000000001
1.375,5.0,1.5,0.84,0.44,0.0,0.6891179999999999
1.375,5.0,2.0,0.84,0.44,0.0,0.6913779999999999
1.4375,5.0,0.0,0.84,0.44,0.0,0.706692
1.4375,5.0,0.25,0.84,0.44,0.0,0.712384
1.4375,5.0,0.5,0.84,0.44,0.0,0.71579
1.4375,5.0,0.75,0.84,0.44,0.0,0.7190039999999999
1.4375,5.0,1.0,0.84,0.44,0.0,0.7208340000000001
1.4375,5.0,1.25,0.84,0.44,0.0,0.72271
1.4375,5.0,1.5,0.84,0.44,0.0,0.7245199999999999
1.4375,5.0,2.0,0.84,0.44,0.0,0.7265260000000001
1.5,5.0,0.0,0.84,0.44,0.0,0.7358239999999999
1.5,5.0,0.25,0.84,0.44,0.0,0.7406840000000001
1.5,5.0,0.5,0.84,0.44,0.0,0.744482
1.5,5.0,0.75,0.84,0.44,0.0,0.7460160000000001
1.5,5.0,1.0,0.84,0.44,0.0,0.747928
1.5,5.0,1.25,0.84,0.44,0.0,0.7494400000000001
1.5,5.0,1.5,0.84,0.44,0.0,0.7508279999999999
1.5,5.0,2.0,0.84,0.44,0.0,0.752914
1.75,5.0,0.0,0.84,0.44,0.0,0.831812
1.75,5.0,0.25,0.84,0.44,0.0,0.834414
1.75,5.0,0.5,0.84,0.44,0.0,0.83588
1.75,5.0,0.75,0.84,0.44,0.0,0.837518
1.75,5.0,1.0,0.84,0.44,0.0,0.8381
1.75,5.0,1.25,0.84,0.44,0.0,0.839054
1.75,5.0,1.5,0.84,0.44,0.0,0.8398399999999999
1.75,5.0,2.0,0.84,0.44,0.0,0.84105
1.125,5.5,0.0,0.84,0.44,0.342,0.519958
1.125,5.5,0.25,0.84,0.44,0.312,0.524888
1.125,5.5,0.5,0.84,0.44,0.302,0.527608
1.125,5.5,0.75,0.84,0.44,0.29,0.529884
1.125,5.5,1.0,0.84,0.44,0.274,0.5318860000000001
1.125,5.5,1.25,0.84,0.44,0.268,0.533168
1.125,5.5,1.5,0.84,0.44,0.268,0.5340340000000001
1.125,5.5,2.0,0.84,0.44,0.268,0.535014
1.25,5.5,0.0,0.84,0.44,0.046,0.6045139999999999
1.25,5.5,0.25,0.84,0.44,0.036,0.609048
1.25,5.5,0.5,0.84,0.44,0.038,0.612218
1.25,5.5,0.75,0.84,0.44,0.032,0.614642
1.25,5.5,1.0,0.84,0.44,0.032,0.6159359999999999
1.25,5.5,1.25,0.84,0.44,0.03,0.6170160000000001
1.25,5.5,1.5,0.84,0.44,0.022,0.618104
1.25,5.5,2.0,0.84,0.44,0.03,0.6199439999999999
1.3125,5.5,0.0,0.84,0.44,0.006,0.6498619999999999
1.3125,5.5,0.25,0.84,0.44,0.006,0.65465
1.3125,5.5,0.5,0.84,0.44,0.006,0.6574180000000001
1.3125,5.5,0.75,0.84,0.44,0.004,0.660116
1.3125,5.5,1.0,0.84,0.44,0.004,0.661304
1.3125,5.5,1.25,0.84,0.44,0.004,0.6619680000000001
1.3125,5.5,1.5,0.84,0.44,0.004,0.6631779999999999
1.3125,5.5,2.0,0.84,0.44,0.004,0.6648660000000001
1.375,5.5,0.0,0.84,0.44,0.0,0.6842919999999999
1.375,5.5,0.25,0.84,0.44,0.0,0.6885540000000001
1.375,5.5,0.5,0.84,0.44,0.0,0.691184
1.375,5.5,0.75,0.84,0.44,0.0,0.693284
1.375,5.5,1.0,0.84,0.44,0.0,0.6943019999999999
1.375,5.5,1.25,0.84,0.44,0.0,0.6955920000000001
1.375,5.5,1.5,0.84,0.44,0.0,0.696198
1.375,5.5,2.0,0.84,0.44,0.0,0.69789
1.4375,5.5,0.0,0.84,0.44,0.0,0.719566
1.4375,5.5,0.25,0.84,0.44,0.0,0.723422
1.4375,5.5,0.5,0.84,0.44,0.0,0.725774
1.4375,5.5,0.75,0.84,0.44,0.0,0.7276520000000001
1.4375,5.5,1.0,0.84,0.44,0.0,0.7287039999999999
1.4375,5.5,1.25,0.84,0.44,0.0,0.72949
1.4375,5.5,1.5,0.84,0.44,0.0,0.730518
1.4375,5.5,2.0,0.84,0.44,0.0,0.732058
1.5,5.5,0.0,0.84,0.44,0.0,0.747298
1.5,5.5,0.25,0.84,0.44,0.0,0.750274
1.5,5.5,0.5,0.84,0.44,0.0,0.752668
1.5,5.5,0.75,0.84,0.44,0.0,0.754154
1.5,5.5,1.0,0.84,0.44,0.0,0.755204
1.5,5.5,1.25,0.84,0.44,0.0,0.755776
1.5,5.5,1.5,0.84,0.44,0.0,0.756502
1.5,5.5,2.0,0.84,0.44,0.0,0.7582960000000001
1.75,5.5,0.0,0.84,0.44,0.0,0.838216
1.75,5.5,0.25,0.84,0.44,0.0,0.839548
1.75,5.5,0.5,0.84,0.44,0.0,0.840638
1.75,5.5,0.75,0.84,0.44,0.0,0.841362
1.75,5.5,1.0,0.84,0.44,0.0,0.841936
1.75,5.5,1.25,0.84,0.44,0.0,0.8421279999999999
1.75,5.5,1.5,0.84,0.44,0.0,0.842494
1.75,5.5,2.0,0.84,0.44,0.0,0.84336
1.125,6.0,0.0,0.84,0.44,0.29,0.5303439999999999
1.125,6.0,0.25,0.84,0.44,0.27,0.534004
1.125,6.0,0.5,0.84,0.44,0.268,0.5359539999999999
1.125,6.0,0.75,0.84,0.44,0.252,0.5379700000000001
1.125,6.0,1.0,0.84,0.44,0.25,0.5389180000000001
1.125,6.0,1.25,0.84,0.44,0.24,0.53996
1.125,6.0,1.5,0.84,0.44,0.222,0.5406320000000001
1.125,6.0,2.0,0.84,0.44,0.22,0.54152
1.25,6.0,0.0,0.84,0.44,0.034,0.6155440000000001
1.25,6.0,0.25,0.84,0.44,0.03,0.618952
1.25,6.0,0.5,0.84,0.44,0.03,0.6214000000000001
1.25,6.0,0.75,0.84,0.44,0.024,0.6233520000000001
1.25,6.0,1.0,0.84,0.44,0.026,0.62403
1.25,6.0,1.25,0.84,0.44,0.03,0.6255219999999999
1.25,6.0,1.5,0.84,0.44,0.026,0.62572
1.25,6.0,2.0,0.84,0.44,0.022,0.627288
1.3125,6.0,0.0,0.84,0.44,0.004,0.66074
1.3125,6.0,0.25,0.84,0.44,0.004,0.663944
1.3125,6.0,0.5,0.84,0.44,0.004,0.6663040000000001
1.3125,6.0,0.75,0.84,0.44,0.004,0.6678959999999999
1.3125,6.0,1.0,0.84,0.44,0.004,0.669076
1.3125,6.0,1.25,0.84,0.44,0.004,0.669528
1.3125,6.0,1.5,0.84,0.44,0.004,0.670098
1.3125,6.0,2.0,0.84,0.44,0.004,0.671002
1.375,6.0,0.0,0.84,0.44,0.0,0.6941099999999999
1.375,6.0,0.25,0.84,0.44,0.0,0.6967620000000001
1.375,6.0,0.5,0.84,0.44,0.0,0.698616
1.375,6.0,0.75,0.84,0.44,0.0,0.7000719999999999
1.375,6.0,1.0,0.84,0.44,0.0,0.701056
1.375,6.0,1.25,0.84,0.44,0.0,0.7017
1.375,6.0,1.5,0.84,0.44,0.0,0.7022439999999999
1.375,6.0,2.0,0.84,0.44,0.0,0.702902
1.4375,6.0,0.0,0.84,0.44,0.0,0.728712
1.4375,6.0,0.25,0.84,0.44,0.0,0.731182
1.4375,6.0,0.5,0.84,0.44,0.0,0.73306
1.4375,6.0,0.75,0.84,0.44,0.0,0.7342719999999999
1.4375,6.0,1.0,0.84,0.44,0.0,0.7351060000000001
1.4375,6.0,1.25,0.84,0.44,0.0,0.7356400000000001
1.4375,6.0,1.5,0.84,0.44,0.0,0.7358320000000002
1.4375,6.0,2.0,0.84,0.44,0.0,0.7369880000000001
1.5,6.0,0.0,0.84,0.44,0.0,0.7553600000000001
1.5,6.0,0.25,0.84,0.44,0.0,0.757614
1.5,6.0,0.5,0.84,0.44,0.0,0.7592939999999999
1.5,6.0,0.75,0.84,0.44,0.0,0.76001
1.5,6.0,1.0,0.84,0.44,0.0,0.76077
1.5,6.0,1.25,0.84,0.44,0.0,0.761124
1.5,6.0,1.5,0.84,0.44,0.0,0.7615060000000001
1.5,6.0,2.0,0.84,0.44,0.0,0.762202
1.75,6.0,0.0,0.84,0.44,0.0,0.8422
1.75,6.0,0.25,0.84,0.44,0.0,0.8430819999999999
1.75,6.0,0.5,0.84,0.44,0.0,0.8435139999999999
1.75,6.0,0.75,0.84,0.44,0.0,0.844076
1.75,6.0,1.0,0.84,0.44,0.0,0.84429
1.75,6.0,1.25,0.84,0.44,0.0,0.8445
1.75,6.0,1.5,0.84,0.44,0.0,0.844828
1.75,6.0,2.0,0.84,0.44,0.0,0.8451120000000001
1.125,2.5,0.0,0.945,0.25,0.996,0.368446
1.125,2.5,0.25,0.945,0.25,0.858,0.43237
1.125,2.5,0.5,0.945,0.25,0.652,0.471288
1.125,2.5,0.75,0.945,0.25,0.562,0.492294
1.125,2.5,1.0,0.945,0.25,0.48,0.503798
1.125,2.5,1.25,0.945,0.25,0.47,0.507672
1.125,2.5,1.5,0.945,0.25,0.446,0.50684
1.125,2.5,2.0,0.945,0.25,0.518,0.49618
1.25,2.5,0.0,0.945,0.25,0.862,0.4360739999999999
1.25,2.5,0.25,0.945,0.25,0.358,0.52519
1.25,2.5,0.5,0.945,0.25,0.166,0.567918
1.25,2.5,0.75,0.945,0.25,0.104,0.593276
1.25,2.5,1.0,0.945,0.25,0.092,0.60115
1.25,2.5,1.25,0.945,0.25,0.078,0.6087919999999999
1.25,2.5,1.5,0.945,0.25,0.084,0.603068
1.25,2.5,2.0,0.945,0.25,0.102,0.5817299999999999
1.3125,2.5,0.0,0.945,0.25,0.66,0.480406
1.3125,2.5,0.25,0.945,0.25,0.138,0.576126
1.3125,2.5,0.5,0.945,0.25,0.056,0.623188
1.3125,2.5,0.75,0.945,0.25,0.038,0.641408
1.3125,2.5,1.0,0.945,0.25,0.022,0.649996
1.3125,2.5,1.25,0.945,0.25,0.016,0.6564180000000001
1.3125,2.5,1.5,0.945,0.25,0.024,0.650608
1.3125,2.5,2.0,0.945,0.25,0.03,0.625268
1.375,2.5,0.0,0.945,0.25,0.422,0.521716
1.375,2.5,0.25,0.945,0.25,0.044,0.62222
1.375,2.5,0.5,0.945,0.25,0.01,0.660944
1.375,2.5,0.75,0.945,0.25,0.014,0.682104
1.375,2.5,1.0,0.945,0.25,0.008,0.691998
1.375,2.5,1.25,0.945,0.25,0.002,0.6916859999999999
1.375,2.5,1.5,0.945,0.25,0.004,0.690326
1.375,2.5,2.0,0.945,0.25,0.01,0.66461
1.4375,2.5,0.0,0.945,0.25,0.216,0.5639219999999999
1.4375,2.5,0.25,0.945,0.25,0.018,0.6563420000000001
1.4375,2.5,0.5,0.945,0.25,0.006,0.69863
1.4375,2.5,0.75,0.945,0.25,0.0,0.715798
1.4375,2.5,1.0,0.945,0.25,0.0,0.723056
1.4375,2.5,1.25,0.945,0.25,0.002,0.728038
1.4375,2.5,1.5,0.945,0.25,0.0,0.72701
1.4375,2.5,2.0,0.945,0.25,0.0,0.6987000000000001
1.5,2.5,0.0,0.945,0.25,0.09,0.605326
1.5,2.5,0.25,0.945,0.25,0.0,0.6930299999999999
1.5,2.5,0.5,0.945,0.25,0.0,0.7287619999999999
1.5,2.5,0.75,0.945,0.25,0.0,0.7452300000000001
1.5,2.5,1.0,0.945,0.25,0.0,0.756342
1.5,2.5,1.25,0.945,0.25,0.0,0.7572840000000001
1.5,2.5,1.5,0.945,0.25,0.0,0.757206
1.5,2.5,2.0,0.945,0.25,0.0,0.7290840000000001
1.75,2.5,0.0,0.945,0.25,0.002,0.74722
1.75,2.5,0.25,0.945,0.25,0.0,0.7996299999999998
1.75,2.5,0.5,0.945,0.25,0.0,0.8228820000000001
1.75,2.5,0.75,0.945,0.25,0.0,0.832656
1.75,2.5,1.0,0.945,0.25,0.0,0.837206
1.75,2.5,1.25,0.945,0.25,0.0,0.83886
1.75,2.5,1.5,0.945,0.25,0.0,0.838626
1.75,2.5,2.0,0.945,0.25,0.0,0.828194
1.125,3.0,0.0,0.945,0.25,0.97,0.407838
1.125,3.0,0.25,0.945,0.25,0.77,0.4543439999999999
1.125,3.0,0.5,0.945,0.25,0.608,0.48306
1.125,3.0,0.75,0.945,0.25,0.51,0.500564
1.125,3.0,1.0,0.945,0.25,0.436,0.5120180000000001
1.125,3.0,1.25,0.945,0.25,0.386,0.5190899999999999
1.125,3.0,1.5,0.945,0.25,0.356,0.523274
1.125,3.0,2.0,0.945,0.25,0.36,0.5232680000000001
1.25,3.0,0.0,0.945,0.25,0.644,0.479232
1.25,3.0,0.25,0.945,0.25,0.244,0.54543
1.25,3.0,0.5,0.945,0.25,0.138,0.579804
1.25,3.0,0.75,0.945,0.25,0.082,0.598812
1.25,3.0,1.0,0.945,0.25,0.06,0.6116039999999999
1.25,3.0,1.25,0.945,0.25,0.048,0.6187619999999999
1.25,3.0,1.5,0.945,0.25,0.044,0.622072
1.25,3.0,2.0,0.945,0.25,0.048,0.614102
1.3125,3.0,0.0,0.945,0.25,0.366,0.5203
1.3125,3.0,0.25,0.945,0.25,0.088,0.5928220000000001
1.3125,3.0,0.5,0.945,0.25,0.03,0.628308
1.3125,3.0,0.75,0.945,0.25,0.01,0.65077
1.3125,3.0,1.0,0.945,0.25,0.02,0.659246
1.3125,3.0,1.25,0.945,0.25,0.02,0.665078
1.3125,3.0,1.5,0.945,0.25,0.016,0.668972
1.3125,3.0,2.0,0.945,0.25,0.01,0.6626700000000001
1.375,3.0,0.0,0.945,0.25,0.164,0.558436
1.375,3.0,0.25,0.945,0.25,0.022,0.632862
1.375,3.0,0.5,0.945,0.25,0.006,0.6667580000000001
1.375,3.0,0.75,0.945,0.25,0.004,0.6860879999999999
1.375,3.0,1.0,0.945,0.25,0.002,0.698096
1.375,3.0,1.25,0.945,0.25,0.004,0.701386
1.375,3.0,1.5,0.945,0.25,0.002,0.7034020000000001
1.375,3.0,2.0,0.945,0.25,0.002,0.700038
1.4375,3.0,0.0,0.945,0.25,0.056,0.5976780000000002
1.4375,3.0,0.25,0.945,0.25,0.002,0.67202
1.4375,3.0,0.5,0.945,0.25,0.0,0.7045640000000001
1.4375,3.0,0.75,0.945,0.25,0.0,0.721038
1.4375,3.0,1.0,0.945,0.25,0.0,0.730202
1.4375,3.0,1.25,0.945,0.25,0.0,0.7349600000000001
1.4375,3.0,1.5,0.945,0.25,0.0,0.7358300000000001
1.4375,3.0,2.0,0.945,0.25,0.0,0.732644
1.5,3.0,0.0,0.945,0.25,0.008,0.6353920000000001
1.5,3.0,0.25,0.945,0.25,0.0,0.705472
1.5,3.0,0.5,0.945,0.25,0.0,0.736106
1.5,3.0,0.75,0.945,0.25,0.0,0.7507039999999999
1.5,3.0,1.0,0.945,0.25,0.0,0.757718
1.5,3.0,1.25,0.945,0.25,0.0,0.7619839999999999
1.5,3.0,1.5,0.945,0.25,0.0,0.7627320000000001
1.5,3.0,2.0,0.945,0.25,0.0,0.76228
1.75,3.0,0.0,0.945,0.25,0.0,0.76373
1.75,3.0,0.25,0.945,0.25,0.0,0.8073020000000002
1.75,3.0,0.5,0.945,0.25,0.0,0.826408
1.75,3.0,0.75,0.945,0.25,0.0,0.83523
1.75,3.0,1.0,0.945,0.25,0.0,0.8389580000000001
1.75,3.0,1.25,0.945,0.25,0.0,0.841738
1.75,3.0,1.5,0.945,0.25,0.0,0.843198
1.75,3.0,2.0,0.945,0.25,0.0,0.845154
1.125,3.5,0.0,0.945,0.25,0.884,0.440922
1.125,3.5,0.25,0.945,0.25,0.69,0.475088
1.125,3.5,0.5,0.945,0.25,0.53,0.497148
1.125,3.5,0.75,0.945,0.25,0.42,0.510876
1.125,3.5,1.0,0.945,0.25,0.356,0.521042
1.125,3.5,1.25,0.945,0.25,0.322,0.5278820000000001
1.125,3.5,1.5,0.945,0.25,0.314,0.53028
1.125,3.5,2.0,0.945,0.25,0.29,0.536892
1.25,3.5,0.0,0.945,0.25,0.368,0.517236
1.25,3.5,0.25,0.945,0.25,0.174,0.5602419999999999
1.25,3.5,0.5,0.945,0.25,0.104,0.587916
1.25,3.5,0.75,0.945,0.25,0.064,0.6049880000000001
1.25,3.5,1.0,0.945,0.25,0.054,0.616768
1.25,3.5,1.25,0.945,0.25,0.044,0.6208019999999999
1.25,3.5,1.5,0.945,0.25,0.038,0.626626
1.25,3.5,2.0,0.945,0.25,0.046,0.63107
1.3125,3.5,0.0,0.945,0.25,0.136,0.559504
1.3125,3.5,0.25,0.945,0.25,0.05,0.6060099999999999
1.3125,3.5,0.5,0.945,0.25,0.026,0.6324079999999999
1.3125,3.5,0.75,0.945,0.25,0.012,0.651132
1.3125,3.5,1.0,0.945,0.25,0.014,0.6607220000000001
1.3125,3.5,1.25,0.945,0.25,0.006,0.670262
1.3125,3.5,1.5,0.945,0.25,0.004,0.6735019999999999
1.3125,3.5,2.0,0.945,0.25,0.012,0.675438
1.375,3.5,0.0,0.945,0.25,0.048,0.5962620000000001
1.375,3.5,0.25,0.945,0.25,0.01,0.645154
1.375,3.5,0.5,0.945,0.25,0.004,0.672456
1.375,3.5,0.75,0.945,0.25,0.002,0.689804
1.375,3.5,1.0,0.945,0.25,0.002,0.699194
1.375,3.5,1.25,0.945,0.25,0.002,0.7072620000000001
1.375,3.5,1.5,0.945,0.25,0.002,0.7109179999999999
1.375,3.5,2.0,0.945,0.25,0.002,0.7132580000000001
1.4375,3.5,0.0,0.945,0.25,0.006,0.63302
1.4375,3.5,0.25,0.945,0.25,0.002,0.6819860000000001
1.4375,3.5,0.5,0.945,0.25,0.0,0.709726
1.4375,3.5,0.75,0.945,0.25,0.0,0.7252439999999999
1.4375,3.5,1.0,0.945,0.25,0.0,0.732484
1.4375,3.5,1.25,0.945,0.25,0.0,0.738656
1.4375,3.5,1.5,0.945,0.25,0.0,0.7414339999999999
1.4375,3.5,2.0,0.945,0.25,0.0,0.740782
1.5,3.5,0.0,0.945,0.25,0.002,0.666344
1.5,3.5,0.25,0.945,0.25,0.0,0.71331
1.5,3.5,0.5,0.945,0.25,0.0,0.73755
1.5,3.5,0.75,0.945,0.25,0.0,0.752014
1.5,3.5,1.0,0.945,0.25,0.0,0.7603139999999999
1.5,3.5,1.25,0.945,0.25,0.0,0.7647079999999999
1.5,3.5,1.5,0.945,0.25,0.0,0.7667860000000001
1.5,3.5,2.0,0.945,0.25,0.0,0.7681140000000001
1.75,3.5,0.0,0.945,0.25,0.0,0.7828959999999999
1.75,3.5,0.25,0.945,0.25,0.0,0.814532
1.75,3.5,0.5,0.945,0.25,0.0,0.8309460000000001
1.75,3.5,0.75,0.945,0.25,0.0,0.838726
1.75,3.5,1.0,0.945,0.25,0.0,0.84178
1.75,3.5,1.25,0.945,0.25,0.0,0.843832
1.75,3.5,1.5,0.945,0.25,0.0,0.8453320000000001
1.75,3.5,2.0,0.945,0.25,0.0,0.846966
1.125,4.0,0.0,0.945,0.25,0.738,0.467922
1.125,4.0,0.25,0.945,0.25,0.564,0.490926
1.125,4.0,0.5,0.945,0.25,0.428,0.5081359999999999
1.125,4.0,0.75,0.945,0.25,0.376,0.5187299999999999
1.125,4.0,1.0,0.945,0.25,0.324,0.526552
1.125,4.0,1.25,0.945,0.25,0.292,0.53235
1.125,4.0,1.5,0.945,0.25,0.282,0.5371520000000001
1.125,4.0,2.0,0.945,0.25,0.26,0.543042
1.25,4.0,0.0,0.945,0.25,0.198,0.548106
1.25,4.0,0.25,0.945,0.25,0.116,0.5767899999999999
1.25,4.0,0.5,0.945,0.25,0.074,0.59636
1.25,4.0,0.75,0.945,0.25,0.064,0.6083959999999999
1.25,4.0,1.0,0.945,0.25,0.054,0.615884
1.25,4.0,1.25,0.945,0.25,0.044,0.6244959999999999
1.25,4.0,1.5,0.945,0.25,0.038,0.628448
1.25,4.0,2.0,0.945,0.25,0.022,0.6321979999999999
1.3125,4.0,0.0,0.945,0.25,0.06,0.591918
1.3125,4.0,0.25,0.945,0.25,0.03,0.6227419999999999
1.3125,4.0,0.5,0.945,0.25,0.018,0.6420399999999999
1.3125,4.0,0.75,0.945,0.25,0.01,0.655062
1.3125,4.0,1.0,0.945,0.25,0.012,0.665878
1.3125,4.0,1.25,0.945,0.25,0.004,0.6712160000000001
1.3125,4.0,1.5,0.945,0.25,0.006,0.677436
1.3125,4.0,2.0,0.945,0.25,0.004,0.680644
1.375,4.0,0.0,0.945,0.25,0.014,0.6285499999999999
1.375,4.0,0.25,0.945,0.25,0.006,0.657702
1.375,4.0,0.5,0.945,0.25,0.002,0.67745
1.375,4.0,0.75,0.945,0.25,0.0,0.6910740000000001
1.375,4.0,1.0,0.945,0.25,0.0,0.7011199999999999
1.375,4.0,1.25,0.945,0.25,0.0,0.7069000000000001
1.375,4.0,1.5,0.945,0.25,0.0,0.710328
1.375,4.0,2.0,0.945,0.25,0.0,0.713452
1.4375,4.0,0.0,0.945,0.25,0.0,0.664778
1.4375,4.0,0.25,0.945,0.25,0.0,0.693508
1.4375,4.0,0.5,0.945,0.25,0.0,0.7126
1.4375,4.0,0.75,0.945,0.25,0.0,0.7259479999999999
1.4375,4.0,1.0,0.945,0.25,0.0,0.732306
1.4375,4.0,1.25,0.945,0.25,0.0,0.7391960000000001
1.4375,4.0,1.5,0.945,0.25,0.0,0.739478
1.4375,4.0,2.0,0.945,0.25,0.0,0.744694
1.5,4.0,0.0,0.945,0.25,0.0,0.696654
1.5,4.0,0.25,0.945,0.25,0.0,0.724118
1.5,4.0,0.5,0.945,0.25,0.0,0.7428599999999999
1.5,4.0,0.75,0.945,0.25,0.0,0.752938
1.5,4.0,1.0,0.945,0.25,0.0,0.7600979999999999
1.5,4.0,1.25,0.945,0.25,0.0,0.765376
1.5,4.0,1.5,0.945,0.25,0.0,0.768236
1.5,4.0,2.0,0.945,0.25,0.0,0.769804
1.75,4.0,0.0,0.945,0.25,0.0,0.805674
1.75,4.0,0.25,0.945,0.25,0.0,0.8214280000000002
1.75,4.0,0.5,0.945,0.25,0.0,0.8329139999999999
1.75,4.0,0.75,0.945,0.25,0.0,0.839352
1.75,4.0,1.0,0.945,0.25,0.0,0.843842
1.75,4.0,1.25,0.945,0.25,0.0,0.845014
1.75,4.0,1.5,0.945,0.25,0.0,0.846798
1.75,4.0,2.0,0.945,0.25,0.0,0.846676
1.125,4.5,0.0,0.945,0.25,0.568,0.4895199999999999
1.125,4.5,0.25,0.945,0.25,0.45,0.5070180000000001
1.125,4.5,0.5,0.945,0.25,0.356,0.5175299999999999
1.125,4.5,0.75,0.945,0.25,0.296,0.5259259999999999
1.125,4.5,1.0,0.945,0.25,0.294,0.53206
1.125,4.5,1.25,0.945,0.25,0.256,0.536588
1.125,4.5,1.5,0.945,0.25,0.238,0.538528
1.125,4.5,2.0,0.945,0.25,0.224,0.5454300000000001
1.25,4.5,0.0,0.945,0.25,0.12,0.572576
1.25,4.5,0.25,0.945,0.25,0.078,0.591274
1.25,4.5,0.5,0.945,0.25,0.044,0.6052820000000001
1.25,4.5,0.75,0.945,0.25,0.036,0.6147
1.25,4.5,1.0,0.945,0.25,0.034,0.6200999999999999
1.25,4.5,1.25,0.945,0.25,0.034,0.62522
1.25,4.5,1.5,0.945,0.25,0.03,0.6299300000000001
1.25,4.5,2.0,0.945,0.25,0.024,0.6354920000000001
1.3125,4.5,0.0,0.945,0.25,0.03,0.6168980000000001
1.3125,4.5,0.25,0.945,0.25,0.016,0.636966
1.3125,4.5,0.5,0.945,0.25,0.012,0.6496579999999998
1.3125,4.5,0.75,0.945,0.25,0.006,0.6586960000000001
1.3125,4.5,1.0,0.945,0.25,0.006,0.66717
1.3125,4.5,1.25,0.945,0.25,0.006,0.670774
1.3125,4.5,1.5,0.945,0.25,0.006,0.67603
1.3125,4.5,2.0,0.945,0.25,0.006,0.6812760000000001
1.375,4.5,0.0,0.945,0.25,0.002,0.653086
1.375,4.5,0.25,0.945,0.25,0.002,0.671458
1.375,4.5,0.5,0.945,0.25,0.0,0.684018
1.375,4.5,0.75,0.945,0.25,0.0,0.692896
1.375,4.5,1.0,0.945,0.25,0.0,0.698746
1.375,4.5,1.25,0.945,0.25,0.0,0.7042860000000001
1.375,4.5,1.5,0.945,0.25,0.0,0.7092180000000001
1.375,4.5,2.0,0.945,0.25,0.0,0.713722
1.4375,4.5,0.0,0.945,0.25,0.0,0.689342
1.4375,4.5,0.25,0.945,0.25,0.0,0.707148
1.4375,4.5,0.5,0.945,0.25,0.0,0.719262
1.4375,4.5,0.75,0.945,0.25,0.0,0.7268960000000001
1.4375,4.5,1.0,0.945,0.25,0.0,0.732902
1.4375,4.5,1.25,0.945,0.25,0.0,0.738584
1.4375,4.5,1.5,0.945,0.25,0.0,0.7427760000000001
1.4375,4.5,2.0,0.945,0.25,0.0,0.74474
1.5,4.5,0.0,0.945,0.25,0.0,0.719504
1.5,4.5,0.25,0.945,0.25,0.0,0.734172
1.5,4.5,0.5,0.945,0.25,0.0,0.745114
1.5,4.5,0.75,0.945,0.25,0.0,0.752198
1.5,4.5,1.0,0.945,0.25,0.0,0.759102
1.5,4.5,1.25,0.945,0.25,0.0,0.762968
1.5,4.5,1.5,0.945,0.25,0.0,0.765758
1.5,4.5,2.0,0.945,0.25,0.0,0.769926
1.75,4.5,0.0,0.945,0.25,0.0,0.82176
1.75,4.5,0.25,0.945,0.25,0.0,0.829576
1.75,4.5,0.5,0.945,0.25,0.0,0.8354539999999999
1.75,4.5,0.75,0.945,0.25,0.0,0.839888
1.75,4.5,1.0,0.945,0.25,0.0,0.843738
1.75,4.5,1.25,0.945,0.25,0.0,0.846056
1.75,4.5,1.5,0.945,0.25,0.0,0.8470059999999999
1.75,4.5,2.0,0.945,0.25,0.0,0.848326
1.125,5.0,0.0,0.945,0.25,0.436,0.506448
1.125,5.0,0.25,0.945,0.25,0.33,0.519494
1.125,5.0,0.5,0.945,0.25,0.292,0.527208
1.125,5.0,0.75,0.945,0.25,0.256,0.533922
1.125,5.0,1.0,0.945,0.25,0.242,0.53704
1.125,5.0,1.25,0.945,0.25,0.23,0.541498
1.125,5.0,1.5,0.945,0.25,0.222,0.543164
1.125,5.0,2.0,0.945,0.25,0.2,0.547864
1.25,5.0,0.0,0.945,0.25,0.072,0.59063
1.25,5.0,0.25,0.945,0.25,0.038,0.603994
1.25,5.0,0.5,0.945,0.25,0.028,0.612266
1.25,5.0,0.75,0.945,0.25,0.032,0.6184200000000001
1.25,5.0,1.0,0.945,0.25,0.024,0.6229
1.25,5.0,1.25,0.945,0.25,0.022,0.6278299999999999
1.25,5.0,1.5,0.945,0.25,0.022,0.63089
1.25,5.0,2.0,0.945,0.25,0.022,0.635232
1.3125,5.0,0.0,0.945,0.25,0.014,0.635652
1.3125,5.0,0.25,0.945,0.25,0.006,0.64807
1.3125,5.0,0.5,0.945,0.25,0.006,0.657242
1.3125,5.0,0.75,0.945,0.25,0.006,0.6635079999999999
1.3125,5.0,1.0,0.945,0.25,0.002,0.668242
1.3125,5.0,1.25,0.945,0.25,0.004,0.672126
1.3125,5.0,1.5,0.945,0.25,0.006,0.6763060000000001
1.3125,5.0,2.0,0.945,0.25,0.004,0.6806199999999999
1.375,5.0,0.0,0.945,0.25,0.002,0.6710539999999998
1.375,5.0,0.25,0.945,0.25,0.0,0.682964
1.375,5.0,0.5,0.945,0.25,0.0,0.691198
1.375,5.0,0.75,0.945,0.25,0.0,0.697062
1.375,5.0,1.0,0.945,0.25,0.0,0.701376
1.375,5.0,1.25,0.945,0.25,0.0,0.705864
1.375,5.0,1.5,0.945,0.25,0.0,0.7073740000000001
1.375,5.0,2.0,0.945,0.25,0.0,0.7125199999999999
1.4375,5.0,0.0,0.945,0.25,0.0,0.706692
1.4375,5.0,0.25,0.945,0.25,0.0,0.717906
1.4375,5.0,0.5,0.945,0.25,0.0,0.724854
1.4375,5.0,0.75,0.945,0.25,0.0,0.730896
1.4375,5.0,1.0,0.945,0.25,0.0,0.7348399999999999
1.4375,5.0,1.25,0.945,0.25,0.0,0.738514
1.4375,5.0,1.5,0.945,0.25,0.0,0.740872
1.4375,5.0,2.0,0.945,0.25,0.0,0.745742
1.5,5.0,0.0,0.945,0.25,0.0,0.7358239999999999
1.5,5.0,0.25,0.945,0.25,0.0,0.7452960000000001
1.5,5.0,0.5,0.945,0.25,0.0,0.751744
1.5,5.0,0.75,0.945,0.25,0.0,0.756702
1.5,5.0,1.0,0.945,0.25,0.0,0.760134
1.5,5.0,1.25,0.945,0.25,0.0,0.7632920000000001
1.5,5.0,1.5,0.945,0.25,0.0,0.766072
1.5,5.0,2.0,0.945,0.25,0.0,0.7685700000000001
1.75,5.0,0.0,0.945,0.25,0.0,0.831812
1.75,5.0,0.25,0.945,0.25,0.0,0.836076
1.75,5.0,0.5,0.945,0.25,0.0,0.839032
1.75,5.0,0.75,0.945,0.25,0.0,0.8413820000000001
1.75,5.0,1.0,0.945,0.25,0.0,0.84354
1.75,5.0,1.25,0.945,0.25,0.0,0.8453039999999999
1.75,5.0,1.5,0.945,0.25,0.0,0.847196
1.75,5.0,2.0,0.945,0.25,0.0,0.848314
1.125,5.5,0.0,0.945,0.25,0.342,0.519958
1.125,5.5,0.25,0.945,0.25,0.294,0.5293859999999999
1.125,5.5,0.5,0.945,0.25,0.26,0.535456
1.125,5.5,0.75,0.945,0.25,0.236,0.540022
1.125,5.5,1.0,0.945,0.25,0.222,0.5425460000000001
1.125,5.5,1.25,0.945,0.25,0.212,0.54538
1.125,5.5,1.5,0.945,0.25,0.21,0.54747
1.125,5.5,2.0,0.945,0.25,0.208,0.550238
1.25,5.5,0.0,0.945,0.25,0.046,0.6045139999999999
1.25,5.5,0.25,0.945,0.25,0.03,0.613832
1.25,5.5,0.5,0.945,0.25,0.028,0.6197099999999999
1.25,5.5,0.75,0.945,0.25,0.026,0.623934
1.25,5.5,1.0,0.945,0.25,0.022,0.6267760000000001
1.25,5.5,1.25,0.945,0.25,0.024,0.630212
1.25,5.5,1.5,0.945,0.25,0.024,0.6316940000000001
1.25,5.5,2.0,0.945,0.25,0.022,0.6353919999999998
1.3125,5.5,0.0,0.945,0.25,0.006,0.6498619999999999
1.3125,5.5,0.25,0.945,0.25,0.004,0.6588919999999999
1.3125,5.5,0.5,0.945,0.25,0.004,0.6649459999999999
1.3125,5.5,0.75,0.945,0.25,0.004,0.6691800000000001
1.3125,5.5,1.0,0.945,0.25,0.004,0.6712539999999999
1.3125,5.5,1.25,0.945,0.25,0.004,0.674398
1.3125,5.5,1.5,0.945,0.25,0.004,0.6763120000000001
1.3125,5.5,2.0,0.945,0.25,0.004,0.680498
1.375,5.5,0.0,0.945,0.25,0.0,0.6842919999999999
1.375,5.5,0.25,0.945,0.25,0.0,0.6926359999999999
1.375,5.5,0.5,0.945,0.25,0.0,0.697594
1.375,5.5,0.75,0.945,0.25,0.0,0.70164
1.375,5.5,1.0,0.945,0.25,0.0,0.704514
1.375,5.5,1.25,0.945,0.25,0.0,0.705954
1.375,5.5,1.5,0.945,0.25,0.0,0.70869
1.375,5.5,2.0,0.945,0.25,0.0,0.712192
1.4375,5.5,0.0,0.945,0.25,0.0,0.719566
1.4375,5.5,0.25,0.945,0.25,0.0,0.7265499999999999
1.4375,5.5,0.5,0.945,0.25,0.0,0.731182
1.4375,5.5,0.75,0.945,0.25,0.0,0.734926
1.4375,5.5,1.0,0.945,0.25,0.0,0.737218
1.4375,5.5,1.25,0.945,0.25,0.0,0.740068
1.4375,5.5,1.5,0.945,0.25,0.0,0.74158
1.4375,5.5,2.0,0.945,0.25,0.0,0.744486
1.5,5.5,0.0,0.945,0.25,0.0,0.747298
1.5,5.5,0.25,0.945,0.25,0.0,0.7531899999999999
1.5,5.5,0.5,0.945,0.25,0.0,0.756626
1.5,5.5,0.75,0.945,0.25,0.0,0.760204
1.5,5.5,1.0,0.945,0.25,0.0,0.762378
1.5,5.5,1.25,0.945,0.25,0.0,0.763926
1.5,5.5,1.5,0.945,0.25,0.0,0.765722
1.5,5.5,2.0,0.945,0.25,0.0,0.7685660000000001
1.75,5.5,0.0,0.945,0.25,0.0,0.838216
1.75,5.5,0.25,0.945,0.25,0.0,0.840796
1.75,5.5,0.5,0.945,0.25,0.0,0.842634
1.75,5.5,0.75,0.945,0.25,0.0,0.84374
1.75,5.5,1.0,0.945,0.25,0.0,0.844634
1.75,5.5,1.25,0.945,0.25,0.0,0.845286
1.75,5.5,1.5,0.945,0.25,0.0,0.846244
1.75,5.5,2.0,0.945,0.25,0.0,0.847894
1.125,6.0,0.0,0.945,0.25,0.29,0.5303439999999999
1.125,6.0,0.25,0.945,0.25,0.256,0.537278
1.125,6.0,0.5,0.945,0.25,0.226,0.541726
1.125,6.0,0.75,0.945,0.25,0.216,0.5444199999999999
1.125,6.0,1.0,0.945,0.25,0.202,0.546942
1.125,6.0,1.25,0.945,0.25,0.186,0.548972
1.125,6.0,1.5,0.945,0.25,0.19,0.549968
1.125,6.0,2.0,0.945,0.25,0.174,0.552424
1.25,6.0,0.0,0.945,0.25,0.034,0.6155440000000001
1.25,6.0,0.25,0.945,0.25,0.022,0.6225740000000001
1.25,6.0,0.5,0.945,0.25,0.022,0.62729
1.25,6.0,0.75,0.945,0.25,0.018,0.6302840000000001
1.25,6.0,1.0,0.945,0.25,0.024,0.631512
1.25,6.0,1.25,0.945,0.25,0.02,0.634046
1.25,6.0,1.5,0.945,0.25,0.016,0.635518
1.25,6.0,2.0,0.945,0.25,0.016,0.638346
1.3125,6.0,0.0,0.945,0.25,0.004,0.66074
1.3125,6.0,0.25,0.945,0.25,0.004,0.6672680000000001
1.3125,6.0,0.5,0.945,0.25,0.004,0.671344
1.3125,6.0,0.75,0.945,0.25,0.002,0.6738959999999999
1.3125,6.0,1.0,0.945,0.25,0.004,0.675686
1.3125,6.0,1.25,0.945,0.25,0.004,0.677702
1.3125,6.0,1.5,0.945,0.25,0.004,0.679494
1.3125,6.0,2.0,0.945,0.25,0.002,0.6812480000000001
1.375,6.0,0.0,0.945,0.25,0.0,0.6941099999999999
1.375,6.0,0.25,0.945,0.25,0.0,0.6995459999999999
1.375,6.0,0.5,0.945,0.25,0.0,0.7026100000000001
1.375,6.0,0.75,0.945,0.25,0.0,0.706106
1.375,6.0,1.0,0.945,0.25,0.0,0.708006
1.375,6.0,1.25,0.945,0.25,0.0,0.708982
1.375,6.0,1.5,0.945,0.25,0.0,0.710034
1.375,6.0,2.0,0.945,0.25,0.0,0.7126520000000001
1.4375,6.0,0.0,0.945,0.25,0.0,0.728712
1.4375,6.0,0.25,0.945,0.25,0.0,0.733364
1.4375,6.0,0.5,0.945,0.25,0.0,0.736868
1.4375,6.0,0.75,0.945,0.25,0.0,0.738904
1.4375,6.0,1.0,0.945,0.25,0.0,0.7402139999999999
1.4375,6.0,1.25,0.945,0.25,0.0,0.742276
1.4375,6.0,1.5,0.945,0.25,0.0,0.742782
1.4375,6.0,2.0,0.945,0.25,0.0,0.745316
1.5,6.0,0.0,0.945,0.25,0.0,0.7553600000000001
1.5,6.0,0.25,0.945,0.25,0.0,0.7593479999999999
1.5,6.0,0.5,0.945,0.25,0.0,0.7619779999999999
1.5,6.0,0.75,0.945,0.25,0.0,0.764226
1.5,6.0,1.0,0.945,0.25,0.0,0.7656660000000001
1.5,6.0,1.25,0.945,0.25,0.0,0.7663980000000001
1.5,6.0,1.5,0.945,0.25,0.0,0.7667660000000001
1.5,6.0,2.0,0.945,0.25,0.0,0.768702
1.75,6.0,0.0,0.945,0.25,0.0,0.8422
1.75,6.0,0.25,0.945,0.25,0.0,0.843738
1.75,6.0,0.5,0.945,0.25,0.0,0.844692
1.75,6.0,0.75,0.945,0.25,0.0,0.8455440000000001
1.75,6.0,1.0,0.945,0.25,0.0,0.84605
1.75,6.0,1.25,0.945,0.25,0.0,0.846224
1.75,6.0,1.5,0.945,0.25,0.0,0.846582
1.75,6.0,2.0,0.945,0.25,0.0,0.8472540000000001
